# 3ds Max Wavefront OBJ Exporter v0.99 - (c)2007 guruware
# File Created: 22.04.2025 15:14:01

mtllib ala_der.mtl

#
# object alader
#

v  -1.4803 0.4385 -0.5621
v  -1.5209 0.5122 -0.4973
v  -1.5510 0.6613 -0.6931
v  -1.5976 0.7110 -0.6390
v  -1.6234 0.8570 -0.8297
v  -1.5701 0.8048 -0.8829
v  -1.4992 0.5966 -0.7558
v  -1.6369 0.9857 -1.0068
v  -1.6438 1.0876 -1.1541
v  -1.5730 1.0031 -1.2031
v  -1.5094 0.8353 -1.1137
v  -1.5748 0.9186 -1.0577
v  -1.5098 0.7376 -0.9451
v  -1.1798 0.6792 -0.9986
v  -1.4027 0.6596 -1.0159
v  -1.3952 0.7595 -1.1679
v  -1.5028 0.9024 -1.2525
v  -1.3845 0.8213 -1.2931
v  -1.1731 0.7795 -1.2991
v  -1.3654 0.4015 -0.6143
v  -1.3877 0.5398 -0.8206
v  -1.1795 0.5506 -0.8088
v  -0.3243 0.1086 -0.5092
v  -0.3675 0.0021 -0.3005
v  -0.4742 0.0780 -0.2973
v  -0.5049 -0.0168 -0.1165
v  -0.6650 0.0617 -0.1364
v  -0.6399 0.1690 -0.3086
v  -0.4347 0.1900 -0.5020
v  -0.2203 0.3336 -0.8691
v  -0.2744 0.2266 -0.7019
v  -0.3966 0.3078 -0.6996
v  -0.6107 0.2885 -0.5091
v  -0.5899 0.4025 -0.7153
v  -0.3579 0.4131 -0.8830
v  -1.1666 0.4381 -0.5894
v  -0.8768 0.5284 -0.7452
v  -0.8644 0.6525 -0.9420
v  -0.5682 0.5095 -0.9126
v  -0.8825 0.4053 -0.5356
v  0.8090 -0.2629 -0.2678
v  0.7368 -0.3445 -0.0644
v  0.7246 -0.3912 -0.0989
v  0.7739 -0.2154 -0.2386
v  0.6847 -0.4076 0.1140
v  0.6811 -0.3168 -0.0562
v  -0.9403 0.8153 -0.1210
v  -0.9126 0.9246 -0.3253
v  -1.0233 1.0297 -0.2812
v  -1.0070 1.1299 -0.4873
v  -1.1055 1.2395 -0.4098
v  -1.1379 1.1209 -0.2213
v  -1.0431 0.9253 -0.0745
v  -0.4867 1.0392 -0.8549
v  -0.6405 1.1246 -0.8480
v  -0.6835 1.0309 -0.7224
v  -0.8153 1.2090 -0.8430
v  -0.8478 1.1253 -0.7058
v  -0.8812 1.0317 -0.5261
v  -0.7250 0.9335 -0.5448
v  -0.5290 0.9486 -0.7254
v  -1.0411 1.4506 -0.6864
v  -1.0772 1.3446 -0.5787
v  -0.9888 1.2234 -0.6700
v  -0.9463 1.3255 -0.7904
v  -1.4527 1.1753 -0.4033
v  -1.4745 1.0218 -0.2435
v  -1.3155 1.1142 -0.2016
v  -1.3497 0.9773 -0.0352
v  -1.1732 0.9934 -0.0373
v  -1.2808 1.2471 -0.3785
v  -1.9459 2.0913 -2.0188
v  -1.9978 2.3015 -2.1494
v  -1.9274 2.2842 -2.1967
v  -2.0143 2.4934 -2.3464
v  -1.9380 2.4879 -2.3865
v  -1.8453 2.2750 -2.2324
v  -1.8614 2.0555 -2.0704
v  -1.3722 0.8656 -1.3848
v  -1.4925 0.9531 -1.3518
v  -1.4815 0.9937 -1.4320
v  -1.3542 0.9083 -1.4530
v  -1.1689 0.8018 -1.3897
v  -1.1196 0.9534 -1.5298
v  -1.1382 0.8855 -1.5006
v  -1.3311 0.9578 -1.5198
v  -1.4660 1.0391 -1.5121
v  -1.4501 1.0900 -1.5730
v  -1.3086 1.0203 -1.5659
v  -1.5716 1.0593 -1.3043
v  -1.6496 1.1528 -1.2550
v  -1.5737 1.0991 -1.3854
v  -1.5772 1.1380 -1.4688
v  -1.5813 1.1819 -1.5393
v  -1.6540 1.2001 -1.3317
v  -1.6613 1.2456 -1.4087
v  -1.1683 0.7713 -1.1574
v  -0.8505 0.7160 -1.1326
v  -0.8655 0.6760 -1.2999
v  -0.5443 0.5671 -1.2728
v  -0.5373 0.6001 -1.0982
v  -0.8723 0.6800 -1.4052
v  -0.8661 0.7249 -1.4634
v  -0.5629 0.6053 -1.4668
v  -0.5607 0.5586 -1.3935
v  -0.8524 0.7897 -1.4907
v  -1.1562 0.8374 -1.4492
v  -0.8402 0.8602 -1.4973
v  -0.5403 0.7572 -1.4979
v  -0.5527 0.6805 -1.4976
v  -0.3141 0.4949 -1.0480
v  -0.3055 0.4878 -1.2078
v  -0.1461 0.4050 -1.1537
v  -0.1649 0.4075 -1.0086
v  1.5134 0.0130 -0.9466
v  1.4581 -0.0794 -1.0407
v  1.5218 -0.0526 -1.0955
v  1.3817 -0.0897 -1.1075
v  1.3920 -0.0751 -1.1697
v  1.4143 -0.0473 -1.2135
v  1.5484 -0.0191 -1.1436
v  1.5769 0.0565 -1.0023
v  1.4387 -0.0083 -1.2449
v  1.4598 0.0372 -1.2636
v  1.5258 0.0764 -1.2277
v  1.5678 0.1581 -1.1712
v  1.6056 0.1224 -1.1058
v  1.5597 0.0205 -1.1858
v  1.6040 0.0900 -1.0528
v  1.3524 0.0841 -0.8855
v  1.2200 0.0419 -0.8360
v  1.2151 -0.0023 -0.8925
v  1.4836 0.1165 -0.8955
v  1.3717 0.0020 -0.9248
v  1.4018 0.2008 -0.8926
v  1.3014 0.1570 -0.8718
v  -0.9182 1.3967 -0.8541
v  -1.0164 1.5203 -0.7434
v  -0.7973 1.2753 -0.9248
v  -0.7592 1.3524 -0.9346
v  -0.8946 1.4578 -0.8839
v  -1.0084 1.5715 -0.7890
v  0.5605 -0.0929 -0.8552
v  0.4499 -0.0394 -0.8641
v  0.5146 0.0822 -1.0216
v  0.3414 0.0165 -0.8697
v  0.3963 0.1389 -1.0299
v  0.5494 0.1130 -1.1994
v  0.6433 0.0247 -1.0086
v  0.7052 0.0678 -1.1719
v  0.5765 0.1249 -1.3202
v  0.4343 0.1755 -1.3393
v  0.4650 0.2238 -1.4126
v  0.6099 0.1715 -1.3897
v  0.7418 0.0791 -1.2855
v  0.4073 0.8746 -0.9960
v  0.2491 1.0119 -0.9749
v  0.1957 0.9202 -0.9307
v  0.0638 1.0188 -0.9287
v  0.0226 0.9223 -0.9218
v  0.1368 0.8265 -0.9368
v  0.3530 0.8054 -0.9489
v  0.4118 0.8762 -1.1563
v  0.2494 1.0155 -1.1826
v  0.2691 1.0471 -1.0797
v  0.1199 1.1536 -1.0925
v  0.1002 1.1104 -0.9852
v  0.4228 0.8937 -1.0766
v  0.1830 0.9044 -1.3200
v  0.0480 1.0179 -1.3493
v  0.0810 1.0766 -1.2832
v  0.1078 1.1289 -1.2051
v  0.3853 0.8330 -1.2223
v  0.2213 0.9660 -1.2559
v  0.3527 0.7785 -1.2898
v  -0.8906 1.5101 -0.9312
v  -0.7423 1.4088 -0.9717
v  -0.7394 1.4472 -1.0246
v  -0.8990 1.5508 -0.9890
v  -1.0145 1.6277 -0.8504
v  -0.7602 1.4666 -1.1486
v  -0.9216 1.5946 -1.1243
v  -0.9129 1.5802 -1.0525
v  -1.0478 1.7155 -1.0072
v  -1.0308 1.6765 -0.9275
v  -0.7476 1.4667 -1.0844
v  -1.8318 1.6964 -1.7704
v  -1.8994 1.8770 -1.8947
v  -1.8066 1.8195 -1.9569
v  -1.7654 2.0339 -2.1094
v  -1.6926 1.7864 -1.9943
v  -1.7302 1.6238 -1.8244
v  -1.6035 1.5783 -1.8483
v  -1.5820 1.7727 -2.0093
v  -1.6701 2.0252 -2.1413
v  -1.4926 1.9684 -2.2058
v  -1.3964 1.7255 -2.0372
v  -1.4801 1.5543 -1.8483
v  -1.2939 1.5003 -1.8616
v  -1.0494 1.6000 -2.1091
v  -1.1315 1.8288 -2.3164
v  -0.7469 1.6091 -2.4862
v  -0.6881 1.3933 -2.2425
v  -0.9715 1.3819 -1.9054
v  -0.6390 1.1931 -2.0020
v  -0.3637 1.2348 -2.3474
v  -0.4048 1.4290 -2.6238
v  -0.1314 1.3065 -2.7180
v  -0.1071 1.1258 -2.4215
v  -0.3362 1.0636 -2.0724
v  1.8216 0.5868 -2.7063
v  1.9049 0.5216 -2.6883
v  2.0152 0.6762 -3.1196
v  2.0050 0.7481 -3.1153
v  1.9740 0.8042 -3.1188
v  1.7748 0.6138 -2.7157
v  1.6904 0.4852 -2.2661
v  1.7340 0.4279 -2.2685
v  0.5771 0.9922 -2.0783
v  0.6864 1.0878 -2.4138
v  0.4270 1.2516 -2.3520
v  0.4935 1.3965 -2.6539
v  0.2190 1.5110 -2.6044
v  0.1791 1.3643 -2.3235
v  0.3384 1.1266 -2.0625
v  -1.1415 1.9893 -1.6702
v  -0.9672 1.8470 -1.7519
v  -0.9792 1.9959 -1.9318
v  -0.7659 1.8877 -2.0039
v  -0.7791 2.0564 -2.1998
v  -1.0083 2.1728 -2.1063
v  -1.1753 2.1289 -1.8311
v  0.6542 1.0123 -2.9261
v  0.9079 0.9256 -2.9814
v  0.8445 0.7327 -2.6244
v  1.1009 0.6231 -2.6752
v  1.0425 0.5447 -2.2495
v  0.8105 0.6422 -2.2215
v  0.6204 0.8231 -2.5811
v  -1.5388 2.3127 -1.4413
v  -1.2780 2.2252 -1.5094
v  -1.3232 2.3535 -1.6383
v  -1.2249 2.3017 -1.9897
v  -1.3845 2.5140 -1.7790
v  -1.5764 2.4503 -1.5306
v  1.4820 0.3065 -1.1191
v  1.5434 0.2347 -1.1359
v  1.4730 0.2547 -1.2277
v  1.4822 0.1981 -1.2518
v  1.4263 0.2860 -1.3275
v  1.4345 0.3188 -1.2093
v  0.7758 0.1115 -1.3551
v  0.6430 0.2325 -1.4301
v  0.4946 0.2918 -1.4446
v  0.6707 0.2959 -1.4463
v  0.8131 0.1645 -1.4034
v  -1.0511 1.7219 -1.2838
v  -1.0421 1.7509 -1.1983
v  -0.9280 1.5736 -1.2090
v  -1.0536 1.7449 -1.0956
v  -0.9236 1.5612 -1.2908
v  -0.7777 1.4362 -1.2130
v  -1.0812 1.7646 -1.3926
v  -0.9359 1.6123 -1.4233
v  -0.9569 1.7060 -1.5738
v  -0.7898 1.5813 -1.6140
v  -0.7765 1.7320 -1.8105
v  -1.1100 1.8595 -1.5158
v  -1.4711 1.2215 -1.6453
v  -1.4485 1.1381 -1.6054
v  -1.5911 1.2329 -1.5834
v  -1.6732 1.2968 -1.4780
v  -1.6932 1.3598 -1.5319
v  -1.6136 1.3170 -1.6288
v  -1.5234 1.3840 -1.7218
v  -1.6606 1.4539 -1.7093
v  -1.7241 1.4431 -1.5886
v  -1.7689 1.5555 -1.6665
v  -1.1262 1.1543 -1.5894
v  -1.1095 1.0362 -1.5476
v  -1.3010 1.0848 -1.5938
v  -1.3226 1.1861 -1.6311
v  -1.1953 1.3097 -1.7055
v  -1.3873 1.3553 -1.7122
v  -0.8291 0.9417 -1.5035
v  -0.8400 1.0459 -1.5697
v  -0.5481 0.8860 -1.5995
v  -0.5337 0.8169 -1.5159
v  -0.5899 1.0133 -1.7766
v  -0.8969 1.1899 -1.7198
v  -0.0802 0.7212 -1.6661
v  -0.0890 0.6455 -1.6049
v  -0.2806 0.7275 -1.5509
v  -0.2906 0.6712 -1.5242
v  -0.2835 0.7962 -1.6281
v  -0.1045 0.9601 -2.1314
v  -0.0971 0.8114 -1.8701
v  -0.3096 0.9050 -1.8219
v  1.4366 0.3838 -1.5338
v  1.3948 0.3551 -1.3816
v  1.4292 0.3074 -1.4068
v  1.4365 0.2377 -1.3526
v  1.4450 0.2577 -1.4246
v  1.4749 0.3369 -1.5526
v  1.6379 0.5163 -2.2615
v  1.5297 0.4493 -1.8434
v  1.5770 0.4041 -1.8567
v  1.4913 0.2854 -1.5613
v  1.5863 0.3459 -1.8697
v  0.1799 0.8985 -1.4161
v  0.3558 0.7818 -1.3838
v  0.3888 0.8168 -1.5266
v  0.2026 0.9333 -1.5588
v  0.0320 0.9933 -1.4451
v  0.2561 1.0089 -1.7887
v  0.4692 0.8935 -1.7709
v  0.0747 1.1083 -1.8052
v  0.0533 1.0417 -1.5832
v  -0.9197 1.5758 -1.3444
v  -1.0637 1.7221 -1.3318
v  -0.7752 1.4459 -1.3439
v  -0.7871 1.4806 -1.4424
v  -1.2373 2.1057 -1.3858
v  -1.4986 2.1997 -1.3404
v  -1.4618 2.1091 -1.2523
v  -1.2038 2.0118 -1.2859
v  -3.2067 3.9199 -2.5857
v  -3.1775 3.9461 -2.5817
v  -3.1955 3.9245 -2.5381
v  -3.1587 3.9733 -2.5326
v  -3.1901 3.9748 -2.4883
v  -3.2295 3.9238 -2.4987
v  -3.2307 3.8964 -2.5539
v  -3.3228 4.0341 -2.5610
v  -3.3442 3.9922 -2.5432
v  -3.3275 4.0424 -2.4989
v  -3.3202 3.9908 -2.4631
v  -3.2671 4.0558 -2.4325
v  -3.2761 4.1113 -2.4682
v  -3.3053 4.0765 -2.5421
v  -3.2773 4.0474 -2.6291
v  -3.3080 4.0355 -2.5986
v  -3.2810 4.0978 -2.5867
v  -3.2616 4.1519 -2.5174
v  -3.2328 4.1707 -2.5687
v  -3.2472 4.0944 -2.6246
v  -3.1356 3.9944 -2.5806
v  -3.1696 3.9717 -2.6267
v  -3.2195 3.9276 -2.6147
v  -3.2399 3.9598 -2.6403
v  -3.1831 4.0124 -2.6568
v  -3.1204 4.0291 -2.6284
v  -3.0858 4.0583 -2.5847
v  -3.1059 4.0348 -2.5352
v  -3.0456 4.0903 -2.5454
v  -3.0696 4.1000 -2.4930
v  -3.1377 4.0447 -2.4896
v  -3.1644 4.0747 -2.4437
v  -3.1933 4.1290 -2.4083
v  -3.2264 3.9999 -2.4412
v  -3.0891 4.1333 -2.4445
v  -3.2075 4.1978 -2.4323
v  -3.1018 4.1868 -2.4062
v  -3.1963 4.2482 -2.4897
v  -3.1065 4.2628 -2.4095
v  -3.1992 4.1672 -2.6168
v  -3.1646 4.2616 -2.5524
v  -3.0954 4.3224 -2.4657
v  -3.0684 4.3323 -2.5371
v  -3.1291 4.2485 -2.6068
v  -3.0940 4.2080 -2.6509
v  -3.0158 4.2665 -2.6445
v  -3.0016 4.2062 -2.6692
v  -3.0665 4.1491 -2.6620
v  -3.1608 4.1319 -2.6554
v  -3.0211 4.1035 -2.5972
v  -3.0679 4.0980 -2.6269
v  -3.1266 4.0770 -2.6657
v  -3.0023 4.1393 -2.6534
v  -2.9608 4.1085 -2.6243
v  -2.9790 4.0968 -2.5615
v  -2.9202 4.0902 -2.5825
v  -2.9294 4.0950 -2.5139
v  -2.9967 4.1117 -2.5021
v  -3.0068 4.1484 -2.4502
v  -2.9303 4.1393 -2.4590
v  -2.9243 4.2025 -2.4372
v  -3.0077 4.2049 -2.4174
v  -2.9972 4.2754 -2.4196
v  -2.9084 4.2645 -2.4482
v  -2.9808 4.3313 -2.4681
v  -3.0402 4.3124 -2.5985
v  -2.9610 4.3448 -2.5360
v  -2.8884 4.3152 -2.4870
v  -2.8706 4.3408 -2.5467
v  -2.9433 4.3282 -2.5978
v  -2.9335 4.2868 -2.6471
v  -2.9330 4.2276 -2.6715
v  -2.8593 4.3290 -2.6103
v  -2.8588 4.2873 -2.6592
v  -2.8678 4.2281 -2.6844
v  -2.9037 4.1154 -2.6408
v  -2.9461 4.1592 -2.6732
v  -2.8870 4.1636 -2.6836
v  -2.8303 4.1056 -2.0832
v  -2.7892 4.1204 -2.0296
v  -2.8716 4.1314 -1.9805
v  -2.8396 4.1823 -1.9462
v  -2.8951 4.1949 -1.9248
v  -2.9433 4.1551 -1.9374
v  -2.9100 4.1194 -2.0378
v  -2.8032 4.0651 -2.2025
v  -2.8190 4.1369 -2.2440
v  -2.7654 4.1063 -2.3062
v  -2.7459 4.0943 -2.1424
v  -2.7372 4.0505 -2.2535
v  -2.8817 4.0819 -2.1463
v  -2.7300 4.2535 -2.3046
v  -2.7658 4.1822 -2.3271
v  -2.8291 4.2020 -2.2722
v  -2.8974 4.1523 -2.1867
v  -2.9046 4.2171 -2.2114
v  -2.8883 4.2876 -2.2052
v  -2.8012 4.2710 -2.2523
v  -2.7658 4.3166 -2.2165
v  -2.8530 4.3413 -2.1709
v  -2.8084 4.3579 -2.1163
v  -2.7260 4.3368 -2.1697
v  -2.6940 4.3076 -2.2779
v  -2.6490 4.3372 -2.2365
v  -2.6866 4.3271 -2.1174
v  -2.7662 4.3555 -2.0561
v  -2.7408 4.3058 -2.0083
v  -2.6569 4.2888 -2.0712
v  -2.5981 4.3313 -2.1806
v  -2.6444 4.2237 -2.0414
v  -2.6675 4.1539 -2.0564
v  -2.5919 4.1461 -2.1363
v  -2.5529 4.2092 -2.1066
v  -2.5632 4.2819 -2.1330
v  -2.7373 4.2368 -1.9861
v  -2.7552 4.1678 -1.9941
v  -2.7053 4.1151 -2.0957
v  -2.6723 4.0758 -2.2027
v  -2.6322 4.1123 -2.1728
v  -2.8726 4.0873 -2.5301
v  -2.8709 4.1290 -2.4682
v  -2.8241 4.1231 -2.4707
v  -2.8635 4.1966 -2.4493
v  -2.8131 4.1942 -2.4528
v  -2.7929 4.2617 -2.4634
v  -2.8462 4.2595 -2.4620
v  -2.8241 4.3153 -2.4965
v  -2.8056 4.3483 -2.5591
v  -2.7692 4.3184 -2.5039
v  -2.7500 4.3510 -2.5715
v  -2.7963 4.3313 -2.6283
v  -2.7981 4.2829 -2.6752
v  -2.7403 4.3284 -2.6447
v  -2.7418 4.2737 -2.6939
v  -2.8100 4.2221 -2.7014
v  -2.8299 4.1568 -2.6990
v  -2.7545 4.2075 -2.7224
v  -2.7770 4.1356 -2.7183
v  -2.7964 4.0842 -2.6730
v  -2.8471 4.1095 -2.6582
v  -2.8245 4.0841 -2.5393
v  -2.8634 4.0891 -2.6010
v  -2.8114 4.0746 -2.6103
v  -2.7757 4.1298 -2.4673
v  -2.7738 4.0797 -2.5331
v  -2.7415 4.0638 -2.5007
v  -2.7592 4.2036 -2.4525
v  -2.7366 4.1394 -2.4574
v  -2.7397 4.1607 -2.3692
v  -2.6858 4.2373 -2.3525
v  -2.6651 4.2232 -2.3922
v  -2.7315 4.1458 -2.3910
v  -2.7353 4.0754 -2.3390
v  -2.6425 4.3074 -2.5096
v  -2.6763 4.2720 -2.4675
v  -2.6351 4.2752 -2.4379
v  -2.7089 4.2148 -2.4536
v  -2.6633 4.2123 -2.4350
v  -2.6222 4.2826 -2.3931
v  -2.5490 4.3104 -2.4044
v  -2.5917 4.3081 -2.4747
v  -2.7335 4.2683 -2.4690
v  -2.7059 4.3185 -2.5114
v  -2.6447 4.2956 -2.3398
v  -2.5911 4.3259 -2.3100
v  -2.6869 4.3523 -2.5800
v  -2.6211 4.3382 -2.5765
v  -2.6791 4.3264 -2.6577
v  -2.6809 4.2598 -2.7144
v  -2.6114 4.3219 -2.6625
v  -2.6160 4.2478 -2.7350
v  -2.6963 4.1831 -2.7513
v  -2.7393 4.0492 -2.4446
v  -2.7200 4.0329 -2.3723
v  -2.7163 4.1399 -2.4262
v  -2.4120 4.2558 -2.3079
v  -2.4729 4.2918 -2.3574
v  -2.5302 4.3153 -2.2606
v  -2.4819 4.2706 -2.2100
v  -2.3021 4.1851 -2.3884
v  -2.3003 4.1106 -2.3724
v  -2.1630 4.1176 -2.4563
v  -2.3424 4.2398 -2.4318
v  -2.2002 4.1806 -2.5064
v  -2.3825 4.1905 -2.2613
v  -2.4341 4.0983 -2.2800
v  -2.4622 4.1948 -2.1726
v  -2.5279 4.1313 -2.2154
v  -2.5726 4.0819 -2.2350
v  -2.5189 4.0389 -2.2774
v  -2.6236 4.0433 -2.2546
v  -2.5841 3.9797 -2.2866
v  -2.6916 4.0321 -2.2902
v  -2.6704 3.9839 -2.3112
v  -2.6475 3.9243 -2.3294
v  -2.5810 3.9087 -2.2944
v  -2.7004 3.9438 -2.3960
v  -2.6801 3.8618 -2.4130
v  -2.6225 3.8521 -2.3421
v  -2.5633 3.8430 -2.2959
v  -2.5914 3.7738 -2.3484
v  -2.6476 3.7743 -2.4165
v  -2.6041 3.6902 -2.4118
v  -2.5537 3.6982 -2.3489
v  -2.5386 3.7710 -2.2987
v  -2.4316 3.7511 -2.2211
v  -2.4324 3.7539 -2.2642
v  -2.4014 3.6941 -2.2604
v  -2.4198 3.7036 -2.2026
v  -2.4463 3.7513 -2.1342
v  -2.4643 3.8045 -2.2564
v  -2.5011 3.8258 -2.2871
v  -2.4746 3.7637 -2.2899
v  -2.5039 3.7018 -2.3028
v  -2.4401 3.6983 -2.2938
v  -2.3486 3.5396 -2.1072
v  -2.2965 3.4178 -2.0839
v  -2.2620 3.4512 -2.0356
v  -2.2395 3.2751 -2.0505
v  -2.1818 3.3201 -2.0191
v  -2.1288 3.3942 -2.0246
v  -2.3174 3.5646 -2.0497
v  -2.2100 3.5048 -2.0188
v  -2.4140 3.7506 -2.0270
v  -2.3700 3.6624 -2.0460
v  -2.3076 3.6860 -2.0044
v  -2.4012 3.6449 -2.1179
v  -2.2633 3.5999 -2.0219
v  -2.3368 3.7672 -1.9718
v  -2.2429 3.7237 -2.0036
v  -2.2042 3.6507 -2.0282
v  -2.1550 3.7189 -2.0711
v  -2.1879 3.7777 -2.0363
v  -2.2670 3.7922 -1.9616
v  -2.3399 3.9905 -2.3054
v  -2.2489 4.0060 -2.3367
v  -2.2785 4.0478 -2.3589
v  -2.1549 4.0490 -2.4252
v  -2.3881 4.0294 -2.3230
v  -2.4640 3.9944 -2.2999
v  -2.5115 3.9421 -2.2963
v  -2.4580 3.9199 -2.2741
v  -2.4096 3.9575 -2.2994
v  -2.3777 3.9565 -2.2505
v  -2.3669 3.9651 -2.2751
v  -2.2933 3.9885 -2.2431
v  -2.3051 3.9886 -2.2758
v  -2.5184 3.8856 -2.2907
v  -2.4845 3.8629 -2.2573
v  -2.5021 3.8523 -2.1987
v  -2.4608 3.7880 -2.2041
v  -2.4810 3.8457 -2.1132
v  -2.4924 3.9491 -2.1030
v  -2.4695 3.9241 -2.2048
v  -2.3899 4.0091 -2.1371
v  -2.3876 3.9706 -2.2036
v  -2.2896 3.9996 -2.2007
v  -2.4310 3.8402 -1.9972
v  -2.3460 3.8457 -1.9153
v  -2.4268 3.9261 -1.9574
v  -2.4181 4.0962 -1.9309
v  -2.4537 4.0377 -1.9982
v  -2.4187 4.0048 -1.9034
v  -2.3502 3.9215 -1.8538
v  -2.3598 3.9971 -1.8103
v  -2.4039 4.0813 -1.8518
v  -2.2143 3.9460 -1.8577
v  -2.2135 3.8863 -1.9240
v  -2.1637 3.9418 -1.9591
v  -2.2096 3.8332 -1.9880
v  -2.1730 3.8932 -2.0369
v  -2.1543 4.0136 -2.0015
v  -2.1591 4.0463 -1.9384
v  -2.1684 4.0030 -1.8902
v  -2.2747 3.8623 -1.9053
v  -2.2738 3.9221 -1.8303
v  -2.1926 4.0752 -2.0333
v  -2.1615 3.9590 -2.0881
v  -2.1950 4.0263 -2.1289
v  -2.2748 4.0971 -2.0461
v  -2.2599 4.1379 -1.9366
v  -2.1930 4.1014 -1.9319
v  -2.2481 4.0836 -1.7850
v  -2.3137 4.0894 -1.7464
v  -2.2839 3.9950 -1.7610
v  -2.3681 4.0533 -1.7966
v  -2.2234 4.0229 -1.8037
v  -2.2860 4.0382 -2.1412
v  -2.3749 4.0726 -2.0417
v  -2.3548 4.1322 -1.9362
v  -2.3437 4.1529 -1.8260
v  -2.2489 4.1280 -1.8388
v  -2.1957 4.0721 -1.8548
v  -1.4108 1.4388 -0.6422
v  -1.4301 1.3182 -0.5419
v  -1.2506 1.3698 -0.5333
v  -1.2253 1.4862 -0.6324
v  -1.2089 1.5609 -0.6833
v  -1.2023 1.6191 -0.7230
v  -1.3925 1.5754 -0.7405
v  -1.3982 1.5155 -0.6973
v  -1.5250 1.4806 -0.7182
v  -1.5094 1.5464 -0.7669
v  -1.6103 1.5441 -0.7806
v  -1.6298 1.4655 -0.7269
v  -1.5489 1.3972 -0.6571
v  -1.2050 1.6897 -0.7805
v  -1.3940 1.6479 -0.8012
v  -1.2122 1.7595 -0.8566
v  -1.3990 1.7245 -0.8715
v  -1.5047 1.6212 -0.8291
v  -1.5063 1.6962 -0.8983
v  -1.6064 1.6293 -0.8342
v  -1.2186 1.8191 -0.9390
v  -1.4037 1.7989 -0.9416
v  -1.2153 1.8798 -1.0323
v  -1.4063 1.8729 -1.0102
v  -1.5167 1.8264 -1.0302
v  -1.5097 1.7644 -0.9659
v  -1.6056 1.7472 -0.9776
v  -1.6045 1.6933 -0.9075
v  -1.4097 1.9909 -1.1296
v  -1.1802 1.9376 -1.1908
v  -1.1834 1.9632 -1.2369
v  -1.4302 2.0450 -1.1869
v  -1.1958 1.9210 -1.1235
v  -1.4052 1.9373 -1.0732
v  -1.5286 1.8824 -1.0901
v  -1.5566 1.9381 -1.1531
v  -1.6273 1.8506 -1.0962
v  -1.6131 1.7997 -1.0393
v  -1.5790 1.2725 -0.5548
v  -1.6591 1.3746 -0.6604
v  -1.6940 1.2584 -0.5622
v  -1.6052 1.1265 -0.4216
v  -1.7537 1.1183 -0.4375
v  -1.7366 0.9571 -0.2766
v  -1.6311 0.8485 -0.1196
v  -1.6188 0.9779 -0.2674
v  -1.4915 0.8689 -0.1000
v  -1.7595 0.8363 -0.3788
v  -1.8009 0.8967 -0.3166
v  -1.8280 1.0302 -0.4652
v  -1.7830 0.7738 -0.1796
v  -1.7487 1.3627 -0.6615
v  -1.7579 1.2754 -0.5828
v  -1.8291 1.3284 -0.6587
v  -1.8115 1.2228 -0.5527
v  -1.7939 0.9754 -0.5433
v  -1.8506 1.1505 -0.5958
v  -1.8911 1.2648 -0.7061
v  -1.8274 1.1016 -0.6823
v  -1.8447 1.4350 -0.7565
v  -1.7469 1.4681 -0.7232
v  -1.7418 1.5570 -0.7934
v  -1.7179 0.9371 -0.7114
v  -1.7498 0.9585 -0.6261
v  -1.7906 1.0926 -0.7800
v  -1.8819 1.2074 -0.7953
v  -1.8546 1.1894 -0.8937
v  -1.7458 1.0843 -0.8750
v  -1.8195 1.2058 -1.0280
v  -1.7235 1.1511 -1.0955
v  -1.6965 1.0429 -0.9491
v  -1.6736 0.9025 -0.7757
v  -1.9201 1.4595 -0.9047
v  -1.9252 1.3771 -0.9679
v  -1.9150 1.3034 -0.8844
v  -1.9149 1.3727 -0.8106
v  -1.8539 1.5251 -0.8462
v  -1.8923 1.2642 -0.9442
v  -1.8951 1.3016 -1.0197
v  -1.7415 1.2206 -1.2028
v  -1.8312 1.2798 -1.1499
v  -1.8353 1.3441 -1.2333
v  -1.7397 1.2825 -1.2806
v  -1.7424 1.6313 -0.8592
v  -1.7477 1.6968 -0.9198
v  -1.8630 1.5931 -0.9155
v  -1.9073 1.4101 -1.1695
v  -1.8995 1.3517 -1.0952
v  -1.9317 1.4339 -1.0369
v  -1.9386 1.4861 -1.0978
v  -1.9195 1.5190 -0.9778
v  -1.9256 1.5699 -1.0355
v  -1.8722 1.6497 -0.9734
v  -1.7544 1.7546 -0.9790
v  -1.7602 1.8049 -1.0386
v  -1.8803 1.7047 -1.0315
v  -1.9338 1.6262 -1.0922
v  -1.9375 1.6854 -1.1487
v  -1.9444 1.6099 -1.2109
v  -1.9444 1.5461 -1.1569
v  -1.9115 1.4758 -1.2375
v  -1.9123 1.5446 -1.2855
v  -1.8361 1.5079 -1.3683
v  -1.8293 1.4155 -1.3043
v  -1.7398 1.3424 -1.3547
v  -1.7491 1.4041 -1.4225
v  -1.9291 1.7234 -1.3086
v  -1.9390 1.6716 -1.2566
v  -1.9333 1.7448 -1.2034
v  -1.8844 1.7593 -1.0892
v  -1.8805 1.8129 -1.1461
v  -1.9226 1.8054 -1.2592
v  -1.7634 1.8485 -1.1012
v  -1.6633 1.9046 -1.1576
v  -1.7759 1.8918 -1.1628
v  -1.9174 1.6085 -1.3035
v  -1.8980 1.6289 -1.3500
v  -1.6122 1.9987 -1.2266
v  -1.6728 2.0791 -1.3018
v  -1.7378 1.9682 -1.2311
v  -1.7696 1.4742 -1.4788
v  -1.8373 1.5788 -1.4320
v  -1.7993 1.5575 -1.5363
v  -1.8072 1.9363 -1.2253
v  -1.8539 2.0268 -1.3243
v  -1.8758 1.8674 -1.2055
v  -1.8555 1.6630 -1.4860
v  -1.8903 1.6866 -1.3950
v  -1.9220 1.7879 -1.3600
v  -1.8980 1.7688 -1.4499
v  -1.9271 1.8676 -1.4194
v  -1.9168 1.8741 -1.3185
v  -1.8768 1.9291 -1.2726
v  -1.9210 1.9569 -1.3835
v  -1.7128 2.1813 -1.3805
v  -1.7426 2.2966 -1.4660
v  -1.8674 2.1343 -1.4151
v  -1.8367 1.6587 -1.6086
v  -1.8809 1.7611 -1.5545
v  -1.8873 1.7869 -1.7012
v  -1.9159 1.8838 -1.6415
v  -1.9166 1.8650 -1.5195
v  -1.9415 1.9643 -1.4911
v  -1.9416 1.9828 -1.6049
v  -1.9586 2.0794 -1.5760
v  -1.9316 2.0558 -1.4579
v  -1.9454 2.1693 -1.5414
v  -1.9032 2.3701 -1.5869
v  -1.8842 2.2470 -1.4988
v  -1.7742 2.4196 -1.5577
v  -1.6256 2.6171 -1.6408
v  -1.8147 2.5728 -1.6698
v  -1.9324 2.5185 -1.6957
v  -1.9412 1.9578 -1.8163
v  -1.9502 2.0454 -1.7500
v  -1.9883 2.1514 -1.9446
v  -1.9906 2.2245 -1.8763
v  -1.9608 2.1305 -1.7090
v  -1.9756 2.2136 -1.6744
v  -1.9882 2.2964 -1.8318
v  -1.9939 2.3684 -1.7922
v  -1.9610 2.2956 -1.6333
v  -1.9836 2.4442 -1.7450
v  -2.0362 2.3420 -2.0809
v  -2.0976 2.5270 -2.2251
v  -2.0399 2.4015 -2.0156
v  -2.7599 4.0470 -2.6014
v  -2.7211 4.0106 -2.5642
v  -2.7517 4.0372 -2.6740
v  -2.5957 3.7220 -2.5974
v  -2.6310 3.7022 -2.5014
v  -2.6780 3.7958 -2.5172
v  -2.7038 3.8932 -2.5181
v  -2.6321 3.8193 -2.6201
v  -2.7316 4.0936 -2.7468
v  -2.6376 4.1619 -2.7907
v  -2.6829 4.0568 -2.7800
v  -2.7278 3.9706 -2.4854
v  -2.5953 3.8341 -2.8149
v  -2.6770 3.7655 -2.8797
v  -2.6565 3.7292 -2.8287
v  -2.5922 3.8222 -2.7487
v  -2.6861 3.9518 -2.6615
v  -2.6168 3.9434 -2.7736
v  -2.5908 3.9367 -2.8593
v  -2.6076 3.8444 -2.8976
v  -2.6961 3.7984 -2.9423
v  -2.6117 3.8597 -2.9683
v  -2.5827 3.9380 -2.9328
v  -2.5774 3.9420 -2.9884
v  -2.6003 3.8862 -3.0340
v  -2.6643 3.8168 -3.0935
v  -2.6861 3.8061 -3.0063
v  -2.7915 3.3387 -3.0441
v  -2.8197 3.4000 -3.0635
v  -2.6959 3.4131 -3.1639
v  -2.7184 3.4740 -3.1693
v  -2.5712 3.5103 -3.2415
v  -2.5502 3.4562 -3.2369
v  -2.5303 3.4079 -3.2245
v  -2.6693 3.3607 -3.1456
v  -2.5620 3.0395 -2.8647
v  -2.4832 3.1108 -2.9846
v  -2.4515 3.0560 -2.9443
v  -2.3730 3.1298 -3.0352
v  -2.3543 3.0673 -2.9787
v  -2.4168 3.0010 -2.8928
v  -2.5096 2.9951 -2.8192
v  -2.4575 2.9525 -2.7704
v  -2.3700 2.9447 -2.8248
v  -2.3230 3.0001 -2.9105
v  -2.2935 2.9575 -2.8582
v  -2.3103 2.9031 -2.7825
v  -2.3968 2.9074 -2.7086
v  -2.6092 3.0239 -2.6538
v  -2.5977 3.0232 -2.7505
v  -2.5344 2.9725 -2.7015
v  -2.4709 2.9317 -2.6510
v  -2.5335 2.9796 -2.6013
v  -2.5155 3.0074 -2.5291
v  -2.4692 3.0398 -2.4991
v  -2.5434 3.0834 -2.5126
v  -2.5910 3.0452 -2.5677
v  -2.4610 2.9471 -2.5520
v  -2.4362 2.9922 -2.5065
v  -2.4014 2.8920 -2.5932
v  -2.3063 2.8397 -2.6332
v  -2.3072 2.8301 -2.5089
v  -2.3851 2.9141 -2.5015
v  -2.2922 2.8546 -2.4309
v  -2.1885 2.7034 -2.3780
v  -2.1706 2.6941 -2.4513
v  -2.0673 2.5043 -2.2916
v  -2.1946 2.7302 -2.3078
v  -2.5608 3.2970 -2.6217
v  -2.6502 3.2609 -2.5853
v  -2.5604 3.1982 -2.5438
v  -2.6340 3.1462 -2.5511
v  -2.4636 3.1318 -2.5200
v  -2.4746 3.2424 -2.5841
v  -2.1031 2.5722 -2.1619
v  -2.0346 2.4705 -1.9708
v  -2.0219 2.5459 -1.9345
v  -2.0914 2.6422 -2.1213
v  -1.9701 2.7027 -1.8511
v  -1.8821 2.7987 -1.7807
v  -1.9654 3.0003 -1.9031
v  -1.6913 2.8374 -1.7831
v  -2.0739 2.7227 -2.0879
v  -2.0063 2.6237 -1.8948
v  -2.0585 2.8020 -2.0470
v  -2.0706 3.1673 -1.9880
v  -1.8062 3.0856 -1.9642
v  -1.9999 3.2662 -2.0046
v  -2.1465 3.1195 -2.0366
v  -2.0503 2.9190 -2.0106
v  -2.1850 2.7970 -2.2684
v  -2.2521 2.9186 -2.4214
v  -2.1576 2.8744 -2.2401
v  -2.1298 3.0254 -2.5085
v  -2.3447 2.9766 -2.4897
v  -2.3492 3.0168 -2.4958
v  -2.4205 3.0183 -2.4950
v  -2.3720 3.1797 -2.5626
v  -2.3941 3.0634 -2.5010
v  -2.2607 3.0943 -2.5549
v  -2.1954 3.1883 -2.3915
v  -2.2493 3.3017 -2.3568
v  -2.2503 3.3010 -2.4463
v  -2.2689 3.3061 -2.5268
v  -2.2955 3.2443 -2.5605
v  -2.1412 3.1989 -2.5264
v  -2.2133 3.1903 -2.2958
v  -2.1886 3.0585 -2.2823
v  -2.1794 3.0838 -2.2089
v  -2.2464 3.3094 -2.2789
v  -2.2153 3.1808 -2.2043
v  -2.1376 3.0143 -2.1341
v  -2.2000 3.1375 -2.1121
v  -2.2708 3.2784 -2.1213
v  -2.1382 2.9363 -2.1825
v  -2.9850 4.1369 -1.9990
v  -3.0310 4.1301 -2.0625
v  -2.9589 4.0990 -2.0997
v  -3.0152 4.1745 -2.1065
v  -2.9696 4.1671 -2.1384
v  -2.9104 4.3183 -1.9370
v  -2.9042 4.2504 -1.9146
v  -2.8242 4.2498 -1.9425
v  -2.8260 4.3167 -1.9653
v  -2.9420 4.3751 -2.0463
v  -2.8875 4.3727 -2.0739
v  -2.9387 4.3563 -2.1286
v  -2.9741 4.2940 -2.1588
v  -3.0004 4.3552 -2.0726
v  -2.9773 4.2263 -2.1560
v  -3.0332 4.2252 -2.1028
v  -2.8486 4.3643 -2.0149
v  -2.9299 4.3596 -1.9936
v  -3.0480 4.2572 -1.9670
v  -2.9991 4.2931 -1.9403
v  -3.0139 4.3362 -1.9994
v  -3.0453 4.2940 -2.1024
v  -3.0733 4.2004 -2.0381
v  -3.0492 4.1922 -1.9621
v  -3.0796 4.2816 -2.0196
v  -2.9814 4.2234 -1.9227
v  -3.2740 3.8920 -2.5793
v  -3.3118 3.9237 -2.5999
v  -3.2514 3.9020 -2.5172
v  -3.3001 3.8955 -2.5083
v  -3.3392 3.9420 -2.5200
v  -3.2751 3.9430 -2.4644
v  -3.3197 3.9790 -2.6026
v  -3.2667 4.0064 -2.6481
v  -3.2151 4.0618 -2.6586
v  -2.3853 3.3020 -2.5969
v  -2.3252 3.3585 -2.5357
v  -2.3881 3.4343 -2.5567
v  -2.4495 3.3687 -2.6484
v  -2.5872 3.6169 -2.4877
v  -2.5553 3.6393 -2.5838
v  -2.5047 3.5679 -2.5764
v  -2.5233 3.5504 -2.4778
v  -2.5556 3.6147 -2.4038
v  -2.3771 3.4308 -2.3785
v  -2.3887 3.4285 -2.4571
v  -2.3271 3.3644 -2.4401
v  -2.3053 3.3797 -2.3635
v  -2.5016 3.5468 -2.3950
v  -2.4573 3.4879 -2.4679
v  -2.4509 3.4985 -2.5654
v  -2.4421 3.4860 -2.3875
v  -2.3879 3.6208 -2.1918
v  -2.3717 3.6098 -2.2526
v  -2.3455 3.5175 -2.1781
v  -2.2970 3.4060 -2.2237
v  -2.3277 3.5073 -2.2605
v  -2.3476 3.4594 -2.3167
v  -2.2868 3.3995 -2.2960
v  -2.4347 3.5911 -2.3056
v  -2.4596 3.5720 -2.3348
v  -2.4042 3.5164 -2.3282
v  -2.3847 3.5617 -2.2932
v  -2.2627 3.3047 -2.2012
v  -2.3148 3.4036 -2.1498
v  -2.3982 3.6294 -2.2937
v  -2.4624 3.6400 -2.3004
v  -2.5091 3.6323 -2.3436
v  -2.4540 3.4255 -3.3147
v  -2.4330 3.3860 -3.2977
v  -2.3585 3.4102 -3.3763
v  -2.3361 3.3700 -3.3617
v  -2.4107 3.3537 -3.2807
v  -2.5109 3.3689 -3.2102
v  -2.5868 3.7674 -2.7206
v  -2.6397 3.6724 -2.7999
v  -2.5735 3.6756 -2.6967
v  -2.5503 3.5902 -2.6858
v  -2.6284 3.5932 -2.7702
v  -2.6126 3.5067 -2.7547
v  -2.6074 3.4243 -2.7182
v  -2.5161 3.5076 -2.6830
v  -2.4847 3.4308 -2.6706
v  -2.5987 3.3559 -2.6671
v  -2.7409 3.4622 -2.7119
v  -2.7650 3.5384 -2.7456
v  -2.8689 3.4743 -2.7752
v  -2.8286 3.4050 -2.7386
v  -2.7214 3.3918 -2.6729
v  -2.7610 3.2809 -2.6582
v  -2.6986 3.3259 -2.6294
v  -2.7116 3.2166 -2.6104
v  -2.7331 3.2495 -3.0016
v  -2.6156 3.2845 -3.1026
v  -2.5889 3.2510 -3.0809
v  -2.4672 3.3088 -3.1704
v  -2.5581 3.2130 -3.0552
v  -2.7019 3.2108 -2.9789
v  -2.7657 3.1602 -2.7696
v  -2.7548 3.1814 -2.6799
v  -2.8043 3.2430 -2.7230
v  -2.7964 3.3429 -2.6980
v  -2.8396 3.2984 -2.7587
v  -2.8128 3.2156 -2.8082
v  -2.6426 3.3193 -3.1249
v  -2.7630 3.2904 -3.0236
v  -2.4897 3.3373 -3.1917
v  -2.9050 3.4187 -2.8348
v  -2.8690 3.3544 -2.7960
v  -2.9013 3.3763 -2.8970
v  -2.8714 3.3155 -2.8663
v  -2.8446 3.2646 -2.8378
v  -2.7324 3.1537 -2.8564
v  -2.6691 3.0872 -2.8063
v  -2.6143 3.1041 -2.9090
v  -2.6930 3.0893 -2.7139
v  -2.8064 3.2482 -2.9148
v  -2.6634 3.1669 -2.9489
v  -2.7767 3.2024 -2.8909
v  -2.6795 3.1074 -2.6216
v  -2.8677 3.3457 -2.9644
v  -2.8360 3.2930 -2.9390
v  -1.4164 2.7508 -2.2843
v  -1.5445 2.9716 -2.0727
v  -1.4602 2.7373 -1.9265
v  -1.3117 2.5238 -2.1427
v  -1.0786 2.3884 -2.2749
v  -0.8259 2.2585 -2.3937
v  -0.8830 2.4667 -2.5695
v  -1.1657 2.6079 -2.4283
v  -1.2489 2.7924 -2.5613
v  -0.9258 2.6553 -2.7092
v  -0.9534 2.7998 -2.8092
v  -1.3118 2.9290 -2.6632
v  -1.5104 2.9461 -2.4026
v  0.5339 1.6144 -2.9397
v  0.2438 1.7097 -2.8823
v  0.7864 1.2398 -2.7422
v  0.8564 1.4897 -3.0288
v  0.5710 1.8615 -3.1817
v  0.2768 1.9381 -3.1156
v  2.1681 0.9749 -3.4827
v  2.1511 1.0373 -3.4681
v  2.1500 0.9131 -3.4998
v  2.3238 1.1518 -3.8235
v  2.3448 1.2193 -3.7837
v  2.2963 1.2813 -3.7637
v  0.7060 1.5002 -3.4771
v  1.0181 1.4211 -3.5580
v  0.9651 1.1646 -3.2888
v  1.2718 1.0338 -3.3975
v  1.1882 0.8005 -3.0615
v  0.6801 1.2453 -3.2244
v  -0.2247 1.7951 -3.1750
v  -0.1774 1.5421 -2.9706
v  -0.4617 1.6686 -2.8688
v  -0.8151 1.8495 -2.7115
v  -0.5177 1.9147 -3.0771
v  -1.6420 2.4314 -2.4775
v  -1.5688 2.2136 -2.3376
v  -1.7529 2.2693 -2.2614
v  -1.8409 2.4802 -2.4081
v  -0.8802 2.0831 -2.9142
v  -1.2142 2.0592 -2.5051
v  -1.2844 2.2810 -2.6771
v  -0.9574 2.4379 -3.2135
v  -0.9268 2.2833 -3.0882
v  -1.3341 2.4763 -2.8381
v  -1.7062 2.6179 -2.6365
v  -1.3702 2.6275 -2.9601
v  -2.1186 2.6818 -2.5180
v  -2.0309 2.6731 -2.5648
v  -2.2088 2.8150 -2.6879
v  -2.0994 2.8423 -2.7372
v  -1.7526 2.7605 -2.7619
v  -1.9162 2.6726 -2.5698
v  -1.9600 2.8260 -2.6877
v  -1.0990 2.9834 -3.6360
v  -1.0719 2.9461 -3.5868
v  -1.4987 3.0824 -3.3380
v  -1.0506 2.9044 -3.5383
v  -1.4967 3.0167 -3.3170
v  -1.9062 3.0849 -3.1758
v  -1.8943 3.1580 -3.1703
v  -1.9002 3.1989 -3.2006
v  -1.5204 3.1189 -3.3840
v  -0.4566 2.7764 -4.0496
v  -0.4219 2.7165 -3.9875
v  -0.7093 2.8122 -3.8147
v  -0.7006 2.7735 -3.7830
v  -0.7361 2.8646 -3.8657
v  0.9115 2.1886 -4.4691
v  0.8951 2.2344 -4.5273
v  1.3259 2.0705 -4.7232
v  0.5568 2.3145 -4.3520
v  0.5288 2.3487 -4.4134
v  0.8304 2.2928 -4.6565
v  1.2695 2.1491 -4.8484
v  1.0132 2.3204 -3.7717
v  1.0415 2.4124 -3.8044
v  0.7079 2.5113 -3.6817
v  0.7189 2.5889 -3.7529
v  0.4935 2.7200 -3.6273
v  0.4795 2.6267 -3.5153
v  0.6695 2.4132 -3.6444
v  -1.5821 3.0828 -2.4977
v  -1.3366 3.0100 -2.7257
v  -0.9626 2.8787 -2.8644
v  -0.9654 2.9423 -2.9142
v  -1.6052 3.1526 -2.5647
v  -1.3235 3.0867 -2.7504
v  -1.3367 3.3862 -2.9256
v  -1.0243 3.2337 -3.1587
v  -1.0525 3.2727 -3.2120
v  -1.3881 3.4337 -3.0449
v  -1.3694 3.3958 -2.9770
v  -1.6305 3.5051 -2.8555
v  -1.6026 3.5151 -2.7800
v  -1.2651 3.2102 -2.7312
v  -1.5753 3.3203 -2.5886
v  -1.6021 3.2295 -2.5771
v  -0.9082 3.0825 -2.9040
v  -0.9184 3.1948 -2.9933
v  -1.5498 3.4122 -2.6140
v  -1.2979 3.3649 -2.8641
v  -1.5623 3.4717 -2.6674
v  -1.2547 3.3225 -2.7821
v  -0.9876 3.1978 -3.0963
v  -1.5816 3.5087 -2.7239
v  -1.6387 3.1601 -2.2075
v  -1.6826 3.2922 -2.3080
v  -1.8250 3.2922 -2.1023
v  -1.7114 3.3750 -2.3624
v  -1.8389 3.4530 -2.2128
v  -1.6964 3.2983 -2.3957
v  -1.8348 3.6122 -2.3373
v  -1.8434 3.5530 -2.2710
v  -1.7427 3.4448 -2.4107
v  -1.7570 3.5000 -2.4770
v  -1.7450 3.5591 -2.5211
v  -1.7377 3.6147 -2.5848
v  -1.8393 3.6987 -2.4894
v  -1.8462 3.6523 -2.4081
v  -2.1559 3.5739 -2.0407
v  -2.0884 3.4883 -2.0574
v  -2.0552 3.5868 -2.1130
v  -2.1146 3.6527 -2.0943
v  -1.9825 3.3944 -2.0727
v  -1.9804 3.5218 -2.1528
v  -2.1520 3.9920 -2.3945
v  -2.2247 3.9782 -2.2995
v  -2.2074 3.9706 -2.2481
v  -2.1410 3.9481 -2.3383
v  -1.9576 3.6130 -2.2186
v  -1.9353 3.6760 -2.2797
v  -2.0319 3.6693 -2.1888
v  -2.0542 3.8136 -2.2349
v  -2.0388 3.8291 -2.2800
v  -2.0551 3.8675 -2.3163
v  -1.9975 3.7757 -2.3023
v  -2.0021 3.8090 -2.3614
v  -2.0767 3.7450 -2.1619
v  -2.0051 3.7391 -2.2504
v  -2.1146 3.8098 -2.1411
v  -2.1585 3.8516 -2.1023
v  -2.1123 3.9117 -2.2497
v  -2.1426 3.9340 -2.1623
v  -2.2012 3.9872 -2.1939
v  -1.9298 3.7224 -2.3392
v  -1.9337 3.7523 -2.4176
v  2.7760 2.0108 -4.5545
v  2.7231 1.8969 -4.4555
v  2.8151 1.8461 -4.5551
v  2.7730 1.7605 -4.5190
v  2.8400 1.7456 -4.5965
v  2.9012 1.7890 -4.6364
v  2.8568 1.9330 -4.6275
v  2.7496 1.6948 -4.5405
v  2.6442 1.7747 -4.3842
v  2.6737 1.6862 -4.4285
v  2.6649 1.6205 -4.4879
v  2.7372 1.6356 -4.5786
v  2.8432 1.6954 -4.6263
v  2.9262 1.7233 -4.6783
v  2.9047 1.6569 -4.7115
v  2.9559 1.7005 -4.7781
v  2.9674 1.7762 -4.7362
v  2.9403 1.9064 -4.7553
v  2.9690 1.8266 -4.8059
v  2.9245 1.8900 -4.8676
v  2.9330 1.8514 -4.6902
v  2.9532 1.7486 -4.8579
v  2.9032 1.8104 -4.9319
v  2.8245 1.6332 -4.6519
v  2.7929 1.5809 -4.6997
v  2.8634 1.5959 -4.7613
v  2.7727 1.5660 -4.7890
v  2.7866 1.5792 -4.8451
v  2.8984 1.6265 -4.8240
v  2.8910 1.6653 -4.8924
v  2.7813 1.6020 -4.9025
v  2.8376 1.7076 -4.9595
v  2.6310 1.5806 -4.8826
v  2.6484 1.6362 -4.9394
v  2.6390 1.5486 -4.8280
v  2.4800 1.5512 -4.8780
v  2.5026 1.6327 -4.9482
v  -1.0890 2.7028 -3.5319
v  -1.0627 2.8087 -3.5295
v  -0.7095 2.6946 -3.7600
v  -0.4215 2.6101 -3.9141
v  -0.4461 2.5174 -3.8916
v  -0.7361 2.5909 -3.7513
v  -0.9985 2.5817 -3.3078
v  -0.9809 2.5270 -3.2771
v  -1.4008 2.7173 -3.0175
v  -1.7785 2.8449 -2.8109
v  -1.4294 2.7726 -3.0543
v  -1.9628 2.8866 -2.7415
v  -2.0191 2.9082 -2.7765
v  -1.8187 2.8889 -2.8473
v  -1.5207 2.9177 -3.3234
v  -1.5307 2.8292 -3.2919
v  -1.9309 2.9109 -3.1110
v  -1.9343 2.9848 -3.1749
v  -2.1241 3.0206 -3.0668
v  -2.2086 3.0325 -3.0081
v  -2.2246 3.0859 -3.0756
v  -2.1244 3.0916 -3.1169
v  -2.1015 2.9806 -2.9996
v  -1.5186 2.7976 -3.2312
v  -1.0798 2.6483 -3.4704
v  -1.0474 2.6483 -3.3981
v  -1.4993 2.7869 -3.1696
v  -1.9069 2.8917 -3.0454
v  -1.8928 2.8864 -2.9843
v  -1.8634 2.8895 -2.9161
v  -2.0563 2.9445 -2.8423
v  -2.1519 2.9374 -2.8281
v  -2.1713 2.9906 -2.9276
v  -2.0759 2.9608 -2.9163
v  -2.2380 2.9050 -2.8010
v  -2.2467 2.9750 -2.8823
v  -2.0680 2.9593 -2.9655
v  -2.2953 3.0890 -3.0318
v  -2.2719 3.0300 -2.9625
v  -1.4664 2.7902 -3.1105
v  -1.0169 2.6317 -3.3448
v  -2.3876 3.1883 -3.0768
v  -2.5198 3.1654 -3.0211
v  -2.4110 3.2353 -3.1101
v  -2.3865 3.3252 -3.2606
v  -2.3108 3.3327 -3.3433
v  -2.3582 3.3022 -3.2459
v  -2.4266 3.2806 -3.1570
v  -2.3017 3.1517 -3.0913
v  -2.2178 3.1613 -3.1117
v  -2.3019 3.2141 -3.1317
v  -2.1137 3.1682 -3.1256
v  -2.1986 3.2284 -3.1636
v  -2.1028 3.2141 -3.1572
v  -2.2224 3.2500 -3.2147
v  -2.3174 3.2484 -3.1724
v  -2.3294 3.2704 -3.2082
v  -2.2810 3.3052 -3.3182
v  -2.2524 3.2839 -3.2926
v  -2.3227 3.2852 -3.2449
v  -2.2377 3.2656 -3.2552
v  -2.1037 3.2470 -3.2258
v  -2.0772 3.2352 -3.1982
v  -1.9179 3.2714 -3.3119
v  -1.9035 3.2336 -3.2564
v  -2.2112 3.3444 -3.4274
v  -2.2396 3.3940 -3.4531
v  -2.0396 3.3666 -3.5643
v  -2.0017 3.3321 -3.5169
v  -2.1787 3.3087 -3.3906
v  -2.1507 3.2895 -3.3484
v  -2.1307 3.2735 -3.3065
v  -1.9732 3.3199 -3.4684
v  -1.9502 3.3187 -3.4161
v  -2.1183 3.2596 -3.2638
v  -1.9312 3.3032 -3.3622
v  -1.7059 3.3714 -3.7622
v  -2.0742 3.4221 -3.6017
v  -1.8073 3.4311 -3.8721
v  -1.7589 3.3785 -3.8240
v  -1.4436 3.4007 -4.1525
v  -1.3828 3.3854 -4.0915
v  -1.5479 3.1671 -3.4523
v  -1.1461 3.0556 -3.7198
v  -1.5818 3.2244 -3.5336
v  -1.2027 3.1537 -3.8200
v  -1.6183 3.2811 -3.6079
v  -1.2614 3.2592 -3.9183
v  -1.6505 3.3347 -3.6692
v  -1.3127 3.3447 -3.9998
v  -1.6753 3.3676 -3.7155
v  -1.3450 3.3840 -4.0469
v  -0.8791 3.4858 -4.7216
v  -1.0988 3.4344 -4.4323
v  -1.1662 3.4749 -4.4914
v  -1.5001 3.4637 -4.2007
v  -1.2220 3.5542 -4.5352
v  -0.9627 3.5264 -4.7920
v  -0.8002 2.9662 -3.9685
v  -0.8761 3.1049 -4.0957
v  -0.5402 2.8938 -4.1747
v  -0.6342 3.0600 -4.3302
v  -0.9420 3.2626 -4.2229
v  -1.0028 3.3850 -4.3310
v  -0.6995 3.2627 -4.4813
v  -0.7635 3.4163 -4.6124
v  -1.0488 3.4316 -4.3879
v  -0.8182 3.4747 -4.6767
v  -0.0770 3.5350 -5.5340
v  -0.1749 3.5453 -5.6194
v  0.1714 3.5153 -5.8853
v  0.0693 3.5660 -5.9724
v  0.4855 3.5307 -6.2954
v  0.5918 3.4803 -6.2007
v  0.2649 3.5151 -5.7921
v  0.2866 3.4716 -5.7273
v  -0.0365 3.5138 -5.4659
v  0.6945 3.4346 -6.0251
v  0.7243 3.3172 -5.9016
v  0.2997 3.3411 -5.6420
v  -0.8649 3.7755 -4.1099
v  -0.5295 3.7298 -4.4568
v  -0.5575 3.8479 -4.4879
v  -0.5825 3.9811 -4.5063
v  -0.9124 3.9762 -4.1855
v  -1.2451 3.9936 -3.7908
v  -1.2307 3.8997 -3.7492
v  -0.8898 3.8721 -4.1510
v  -1.2377 3.8119 -3.7263
v  -1.4876 3.8990 -3.4149
v  -1.5090 3.9695 -3.4489
v  -1.6915 3.9506 -3.1710
v  -1.6637 3.8951 -3.1497
v  -1.4781 3.8315 -3.3887
v  -1.0885 3.3069 -3.2927
v  -1.1174 3.3830 -3.4227
v  -1.4028 3.5002 -3.1551
v  -1.4258 3.5707 -3.2669
v  -1.6451 3.6196 -3.0374
v  -1.6312 3.5540 -2.9553
v  -1.2040 3.6853 -3.6762
v  -1.2216 3.7509 -3.7006
v  -1.4841 3.7722 -3.3808
v  -1.6495 3.8402 -3.1305
v  -1.6555 3.7897 -3.1190
v  -1.6698 3.7367 -3.1106
v  -1.4769 3.7139 -3.3643
v  -1.6637 3.6777 -3.0870
v  -1.4515 3.6461 -3.3296
v  -1.1399 3.4895 -3.5480
v  -1.1732 3.5943 -3.6294
v  -1.8946 3.8768 -2.8441
v  -1.8855 3.9100 -2.8735
v  -1.9596 3.9485 -2.8030
v  -1.9327 3.9681 -2.8881
v  -1.9961 4.0107 -2.8801
v  -2.0199 4.0052 -2.7749
v  -1.9678 3.9142 -2.7492
v  -1.8472 3.7031 -2.7490
v  -1.8263 3.7269 -2.6034
v  -1.7379 3.6376 -2.6711
v  -1.7588 3.6062 -2.7674
v  -1.7655 3.5798 -2.8633
v  -1.8079 3.6298 -2.9029
v  -1.7864 3.8991 -2.9753
v  -1.8116 3.9385 -2.9954
v  -1.8776 3.9390 -2.9147
v  -1.7827 3.8573 -2.9560
v  -1.8923 3.8062 -2.5241
v  -1.8942 3.8105 -2.6325
v  -1.9584 3.8970 -2.5620
v  -1.9854 3.8533 -2.4526
v  -1.9013 3.8064 -2.6957
v  -1.8908 3.7423 -2.7974
v  -1.8954 3.7982 -2.7998
v  -1.9383 3.8422 -2.6850
v  -2.0961 4.0560 -2.5660
v  -2.0535 4.0112 -2.5120
v  -2.0019 3.9377 -2.6106
v  -2.0503 3.9638 -2.4622
v  -1.8941 3.8423 -2.8150
v  -1.9647 3.8760 -2.7085
v  -2.0540 3.9673 -2.6778
v  -2.0702 3.8981 -2.3920
v  -1.7948 3.8127 -2.9438
v  -1.8065 3.7651 -2.9322
v  -1.8201 3.6996 -2.9260
v  -1.8317 4.0089 -3.2167
v  -1.9353 3.9990 -3.0125
v  -1.8641 3.9759 -3.0095
v  -1.7428 3.9960 -3.2009
v  -1.5661 4.0318 -3.5005
v  -1.6407 4.0339 -3.5703
v  -1.3235 4.0360 -3.8713
v  -1.8284 4.0523 -3.4680
v  -1.8447 4.0223 -3.3449
v  -1.6868 4.0481 -3.6329
v  -1.4109 4.0368 -3.9562
v  -1.7170 4.0888 -3.6839
v  -1.4585 4.0764 -4.0111
v  -0.9851 4.0415 -4.2566
v  -0.6526 4.0898 -4.5701
v  -0.7591 4.0782 -4.6650
v  -1.0826 4.0275 -4.3464
v  -1.1425 4.0759 -4.3952
v  -0.8299 4.1092 -4.7103
v  -0.9218 4.1741 -4.7414
v  -1.2125 4.1328 -4.4355
v  -1.5015 4.1217 -4.0582
v  0.1367 4.0554 -5.6254
v  0.4596 4.0974 -5.8503
v  0.3715 4.1295 -5.9507
v  0.7101 4.1858 -6.2059
v  0.5084 4.2289 -6.2856
v  0.2015 4.1868 -6.0406
v  0.0640 4.0853 -5.7293
v  0.3687 3.7539 -6.3579
v  0.4224 3.6485 -6.3367
v  0.0060 3.6589 -6.0285
v  -0.2699 3.6143 -5.6920
v  -0.3237 3.7008 -5.7381
v  -0.0271 3.7674 -6.0410
v  -1.5518 3.6317 -4.2330
v  -1.2925 3.7009 -4.5761
v  -1.2566 3.6299 -4.5568
v  -1.0604 3.6990 -4.8575
v  -1.0236 3.6229 -4.8386
v  -1.5284 3.5503 -4.2197
v  -2.2627 3.4471 -3.4731
v  -2.3772 3.4559 -3.3919
v  -2.2775 3.5022 -3.4881
v  -2.1001 3.4862 -3.6289
v  -2.1133 3.5518 -3.6442
v  -1.8573 3.5841 -3.9161
v  -1.8415 3.5049 -3.9038
v  -2.2853 3.5550 -3.5042
v  -2.3922 3.5095 -3.4131
v  -2.4072 3.5730 -3.4549
v  -2.2803 3.6070 -3.5202
v  -2.1096 3.6602 -3.6490
v  -2.1181 3.6051 -3.6546
v  -2.4748 3.4745 -3.3352
v  -2.5024 3.5269 -3.3553
v  -1.8649 3.6494 -3.9205
v  -1.8782 3.7086 -3.9247
v  -1.6061 3.7757 -4.2571
v  -1.5696 3.7074 -4.2391
v  -2.3228 3.6639 -3.5384
v  -2.2610 3.6593 -3.5426
v  -2.1803 3.7804 -3.6975
v  -2.1238 3.7161 -3.6592
v  -1.9526 4.0207 -3.2348
v  -1.8948 4.0702 -3.4186
v  -1.9426 4.1139 -3.4249
v  -2.0269 4.0495 -3.2132
v  -1.9751 3.9889 -3.1128
v  -2.1628 4.0611 -3.0429
v  -2.1326 4.0634 -2.9557
v  -2.1105 4.0485 -2.9846
v  -2.0687 4.0421 -2.9786
v  -2.0669 4.0064 -3.0763
v  -2.1244 4.0379 -3.0602
v  -2.0071 4.0188 -2.9942
v  -2.0459 4.0433 -2.8880
v  1.9211 3.6274 -7.0178
v  2.0011 3.6871 -7.0573
v  2.0707 3.6798 -6.9460
v  1.9204 3.7585 -7.1163
v  1.9924 3.7861 -7.1105
v  2.0604 3.7600 -7.0638
v  2.0994 3.7348 -6.9851
v  2.0020 4.0603 -6.9186
v  2.0697 3.9857 -6.9751
v  2.0093 4.0071 -7.0441
v  1.9130 4.1170 -6.8533
v  1.9278 4.0431 -7.0312
v  2.0351 3.9662 -6.8174
v  2.0767 3.9498 -6.8848
v  1.7556 3.9074 -7.0895
v  1.7627 4.0009 -7.0535
v  1.8907 3.9796 -7.0868
v  1.8085 4.0840 -6.9837
v  2.0070 3.9532 -7.0847
v  1.9986 3.9040 -7.1091
v  1.8824 3.9144 -7.1217
v  2.1018 3.9229 -7.0074
v  2.1086 3.8790 -7.0247
v  2.0945 3.8914 -6.8782
v  1.8874 3.8386 -7.1304
v  1.9932 3.8446 -7.1169
v  1.8234 3.7145 -7.0889
v  1.7741 3.8147 -7.0982
v  2.0976 3.8284 -7.0486
v  2.1154 3.7837 -6.9326
v  2.1046 3.8361 -6.8853
v  2.0109 3.6151 -6.8905
v  2.0810 3.7282 -6.8416
v  2.0526 3.8008 -6.7825
v  2.0283 3.6737 -6.7659
v  1.9703 3.9994 -6.7303
v  1.9736 3.8719 -6.6913
v  2.0361 3.8766 -6.7800
v  -2.2724 4.3734 -3.4121
v  -2.2045 4.3602 -3.3878
v  -2.1064 4.5122 -3.6987
v  -2.0470 4.4786 -3.6785
v  -1.9254 4.6490 -4.0517
v  -1.9827 4.7032 -4.0678
v  -2.1754 4.5255 -3.7202
v  -2.2598 4.5121 -3.7216
v  -2.1518 4.7341 -4.1012
v  -2.2566 4.7049 -4.1289
v  -2.3525 4.4751 -3.7440
v  -2.3511 4.3600 -3.4159
v  -2.3591 4.1267 -3.0196
v  -2.3015 4.1127 -3.0070
v  -2.2665 4.2227 -3.1622
v  -2.2144 4.1885 -3.1537
v  -2.1476 4.3244 -3.3676
v  -2.3303 4.2383 -3.1796
v  -2.3985 4.2279 -3.1891
v  -2.4394 4.3230 -3.4418
v  -2.4811 4.1999 -3.2204
v  -2.4134 4.1261 -3.0307
v  -2.0891 4.0628 -2.9136
v  -2.1747 4.0890 -2.9161
v  -2.2033 4.0776 -3.0197
v  -2.2487 4.0924 -3.0037
v  -2.2325 4.1159 -2.8860
v  -2.1320 4.0935 -2.8493
v  -2.4882 4.0984 -2.9268
v  -2.4953 4.0994 -3.0454
v  -2.5608 4.0073 -3.0031
v  -2.5704 4.0425 -2.9332
v  -2.6016 4.0562 -2.8774
v  -2.6359 4.0512 -2.8241
v  -2.5832 4.1565 -2.8236
v  -2.5109 4.1426 -2.8466
v  -2.1676 4.1131 -2.6219
v  -2.1104 4.0832 -2.7121
v  -2.2032 4.1428 -2.7805
v  -2.2219 4.2010 -2.6701
v  -2.2688 4.2304 -2.5562
v  -2.0778 4.0612 -2.7961
v  -2.5494 4.2463 -2.7536
v  -2.5397 4.3179 -2.6574
v  -2.4502 4.3032 -2.6536
v  -2.4901 4.2446 -2.7690
v  -2.3056 4.1165 -2.8839
v  -2.3742 4.1148 -2.8972
v  -2.3836 4.1659 -2.8123
v  -2.3017 4.1790 -2.7993
v  -2.4130 4.2797 -2.4754
v  -2.3534 4.2752 -2.5982
v  -2.4902 4.3125 -2.5173
v  -2.5583 4.3241 -2.5531
v  -2.3946 4.2563 -2.7479
v  -2.4457 4.2292 -2.7859
v  -2.4413 4.1461 -2.8286
v  -2.3128 4.2434 -2.7102
v  -2.4290 4.1091 -2.9121
v  -2.5862 3.9417 -3.0913
v  -2.5729 4.0224 -3.1736
v  -2.6323 3.8682 -3.1797
v  -2.4670 3.6188 -3.4696
v  -2.5418 3.5747 -3.3679
v  -2.5833 3.6225 -3.3792
v  -2.5931 3.5673 -3.2320
v  -2.6109 3.6385 -3.2235
v  -2.6422 3.7136 -3.3371
v  -2.6144 3.6771 -3.4016
v  -2.6461 3.7821 -3.4545
v  -2.5230 3.6636 -3.4902
v  -2.6384 3.7847 -3.2601
v  -2.6624 3.7245 -3.1655
v  -2.6288 3.9358 -3.2845
v  -2.6651 3.8586 -3.3793
v  -2.4626 3.7038 -3.5968
v  -2.3783 3.7951 -3.7456
v  -2.2934 3.7884 -3.7007
v  -2.3891 3.6725 -3.5658
v  -2.5543 4.1240 -3.3184
v  -2.5205 4.2534 -3.5353
v  -2.5994 4.0304 -3.4342
v  -2.6201 3.9474 -3.5236
v  -2.5503 4.1540 -3.6470
v  -2.5622 4.0633 -3.7254
v  -2.6078 3.8601 -3.5864
v  -2.5410 3.7742 -3.6053
v  -2.5841 3.7231 -3.4934
v  -2.4664 3.8670 -3.7716
v  -2.4338 4.4026 -3.8345
v  -2.3384 4.6273 -4.2175
v  -2.4674 4.3048 -3.9417
v  -2.1464 4.1977 -4.3635
v  -2.2602 3.9800 -3.9933
v  -2.3560 4.0351 -4.0353
v  -2.5312 3.9681 -3.7670
v  -2.4197 4.1329 -4.0389
v  -2.2467 4.2514 -4.4026
v  -2.4582 4.2169 -4.0097
v  -2.3766 4.5270 -4.3184
v  -2.3576 4.4363 -4.3786
v  -2.3219 4.3462 -4.4090
v  -2.2441 4.9625 -4.6910
v  -2.1522 5.0244 -4.6121
v  -2.0749 5.3536 -5.0280
v  -2.1761 5.2869 -5.1118
v  -2.2096 5.1667 -5.1857
v  -2.2862 4.8584 -4.7757
v  -1.9706 4.6651 -5.2496
v  -2.0409 4.4553 -4.8235
v  -2.1509 4.5158 -4.8523
v  -2.2373 4.6239 -4.8516
v  -2.0836 4.7482 -5.2598
v  -2.1615 4.8830 -5.2411
v  -2.2707 4.7446 -4.8235
v  -2.1972 5.0295 -5.2198
v  -1.5987 6.0442 -6.7483
v  -1.6760 5.8308 -6.4245
v  -1.5880 5.9153 -6.3762
v  -1.7085 5.7630 -6.0988
v  -1.6090 5.8096 -6.0587
v  -1.4829 5.9652 -6.3337
v  -1.4868 6.1442 -6.6878
v  -1.8202 5.5739 -6.2198
v  -1.7357 5.7293 -6.4939
v  -1.7172 5.5991 -6.5553
v  -1.7841 5.6775 -6.1472
v  -1.6549 5.9184 -6.8161
v  -1.6320 5.7761 -6.8772
v  -1.3826 5.5707 -6.9103
v  -1.4845 5.3875 -6.5488
v  -1.6358 5.4530 -6.5882
v  -1.7287 5.3051 -6.2980
v  -1.8076 5.4466 -6.2844
v  -1.5384 5.6346 -6.9251
v  0.7364 0.5232 -0.9642
v  0.7923 0.5944 -0.9776
v  0.5608 0.6992 -0.9653
v  0.6149 0.7647 -1.0046
v  0.4969 0.6202 -0.9608
v  0.6348 0.7873 -1.0758
v  0.6231 0.7657 -1.1479
v  0.8422 0.6588 -1.0058
v  0.8649 0.6892 -1.1485
v  0.5902 0.7152 -1.2067
v  0.8215 0.6299 -1.2105
v  0.7950 0.6046 -1.2876
v  0.5584 0.6651 -1.2781
v  1.3833 2.2113 -3.8971
v  1.3812 2.1545 -3.8402
v  1.7304 2.0224 -3.9953
v  1.0072 2.2485 -3.7233
v  1.3641 2.0620 -3.7536
v  1.7042 1.9385 -3.9011
v  1.4619 0.1280 -1.2873
v  1.4101 0.0567 -1.3060
v  1.4203 0.1673 -1.3667
v  1.3391 -0.0625 -1.0059
v  1.2057 -0.0364 -0.9545
v  1.1818 -0.0516 -1.0472
v  1.2927 -0.0686 -1.1018
v  1.3957 0.1776 -1.5650
v  1.4577 0.2191 -1.5657
v  1.4195 0.1882 -1.4290
v  1.3639 0.1346 -1.4268
v  2.7405 1.5642 -4.7275
v  2.6959 1.5796 -4.6239
v  2.6089 1.5452 -4.5329
v  2.4990 1.5343 -4.5893
v  2.6523 1.5435 -4.6828
v  2.5144 1.5290 -4.2963
v  2.4560 1.4622 -4.3486
v  2.5389 1.5084 -4.4628
v  2.4185 1.5160 -4.4880
v  2.6039 1.5886 -4.4088
v  2.4893 1.5140 -4.8010
v  2.6398 1.5309 -4.7568
v  2.4967 1.5080 -4.7045
v  2.7570 1.6395 -4.9438
v  2.7272 1.7568 -4.9887
v  2.5981 1.7989 -4.9708
v  2.7054 1.9906 -5.0091
v  2.8051 1.8940 -4.9599
v  1.7447 4.1764 -6.7032
v  1.8260 4.1548 -6.7798
v  1.7051 4.1273 -6.9260
v  1.9066 4.0332 -6.6481
v  1.6294 4.0179 -7.0167
v  1.5075 4.0474 -7.0199
v  1.6145 3.8796 -7.0309
v  1.5925 4.1751 -6.8663
v  1.9686 3.6307 -6.7002
v  1.9276 3.5777 -6.6345
v  1.8612 3.5224 -6.7662
v  1.9376 3.5760 -6.8314
v  2.0019 3.7665 -6.6909
v  1.9574 3.7317 -6.6108
v  1.9175 3.8677 -6.6112
v  1.8550 3.8736 -6.5383
v  2.8742 2.0050 -4.7197
v  2.8009 2.1031 -4.6813
v  2.9138 1.9425 -4.8152
v  2.8604 2.0259 -4.8207
v  2.8411 1.9838 -4.9034
v  2.7809 2.0908 -4.9572
v  0.4587 2.3984 -4.5310
v  0.3082 2.5473 -4.7684
v  0.6786 2.4569 -4.9256
v  0.5086 2.7295 -5.2309
v  0.9796 2.7072 -5.4112
v  1.1371 2.3797 -5.1083
v  0.1470 2.7992 -5.0368
v  0.0309 3.1106 -5.2554
v  0.3710 3.0527 -5.4819
v  -0.0216 3.3879 -5.3924
v  0.8350 3.0532 -5.6801
v  0.0204 0.3779 -0.5558
v  -0.0575 0.2678 -0.3388
v  0.1214 0.1084 -0.3735
v  0.0383 -0.0011 -0.1453
v  0.2256 -0.1429 -0.1829
v  0.3159 -0.0380 -0.4199
v  0.2039 0.2173 -0.6050
v  0.3032 -0.2944 -0.5516
v  0.1960 -0.2349 -0.5605
v  0.2726 -0.1138 -0.7273
v  0.3818 -0.1727 -0.7216
v  0.4900 -0.2245 -0.7098
v  0.4094 -0.3454 -0.5350
v  0.7787 -0.3267 -0.3416
v  0.7003 -0.4185 -0.1320
v  0.6626 -0.4467 -0.1687
v  0.7979 -0.3034 -0.3080
v  0.9002 -0.2359 -0.5299
v  0.9220 -0.2083 -0.4958
v  0.7504 -0.3508 -0.3770
v  0.8645 -0.2587 -0.5632
v  0.9737 -0.1590 -0.7297
v  1.0115 -0.1370 -0.6972
v  1.0309 -0.1126 -0.6649
v  1.0742 -0.0871 -0.8888
v  1.1058 -0.0720 -0.8427
v  1.1185 -0.0489 -0.7961
v  1.1208 -0.0090 -0.7523
v  1.0120 -0.0764 -0.6437
v  1.1881 0.1089 -0.8159
v  1.0739 0.0400 -0.7505
v  0.9022 -0.1678 -0.4721
v  0.9614 -0.0471 -0.6398
v  0.8548 -0.1414 -0.4606
v  0.6259 0.3753 -0.8954
v  0.6884 0.4626 -0.9387
v  0.4497 0.5573 -0.9392
v  0.2862 0.7218 -0.9485
v  0.2415 0.6657 -0.9153
v  0.3908 0.4740 -0.8911
v  0.1870 0.5955 -0.8581
v  0.1046 0.4896 -0.7378
v  0.2999 0.3475 -0.7828
v  0.4231 0.0893 -0.6386
v  0.5330 0.2402 -0.7960
v  2.3432 1.4770 -4.3582
v  2.3653 1.3242 -4.1359
v  2.4316 1.3689 -4.0953
v  2.2725 1.0987 -3.8616
v  2.1912 1.0786 -3.8841
v  2.2688 1.3336 -4.1382
v  0.9091 1.7615 -3.2739
v  1.1537 1.3712 -3.1410
v  1.0514 1.1023 -2.8500
v  1.3330 1.0198 -2.9283
v  1.4452 1.2660 -3.2518
v  1.2369 1.6579 -3.3827
v  0.9949 2.1490 -3.6401
v  0.9596 1.9849 -3.4823
v  1.3116 1.8919 -3.5933
v  1.5367 1.5271 -3.5279
v  1.6354 1.7677 -3.7380
v  2.1280 0.8631 -3.5229
v  2.0824 0.8093 -3.5619
v  1.9967 0.6169 -3.1444
v  1.5554 0.2758 -1.8776
v  1.4907 0.2369 -1.8816
v  1.6510 0.2665 -2.3017
v  1.7138 0.3411 -2.2832
v  1.8784 0.4350 -2.7159
v  1.8059 0.3722 -2.7492
v  1.9537 0.5500 -3.1850
v  1.0183 0.6971 -2.1849
v  1.1676 0.8124 -2.5767
v  0.9158 0.9237 -2.5052
v  0.7897 0.8305 -2.1333
v  0.6126 2.1370 -4.2393
v  0.5857 2.2297 -4.2888
v  0.9178 2.0822 -4.4309
v  1.3394 2.0399 -4.6643
v  1.3346 1.9383 -4.6203
v  0.9435 1.9996 -4.3738
v  1.5727 0.2195 -1.0571
v  1.4925 0.2987 -1.0379
v  1.5663 0.1969 -0.9928
v  1.5438 0.1605 -0.9402
v  1.4763 0.2803 -0.9712
v  1.4532 0.2450 -0.9233
v  1.3580 0.0912 -1.3672
v  1.3516 0.0046 -1.2865
v  1.3060 -0.0314 -1.2413
v  1.2811 0.0251 -1.3185
v  1.2225 -0.0252 -1.2635
v  1.2850 -0.0570 -1.1797
v  1.1993 -0.0524 -1.1785
v  0.8236 0.6077 -1.5090
v  0.9114 0.6578 -1.7980
v  0.6839 0.7663 -1.7817
v  0.5988 0.7064 -1.5141
v  0.5627 0.6753 -1.3704
v  0.7921 0.5981 -1.3636
v  0.5965 0.6914 -2.2106
v  0.7633 0.5294 -1.8553
v  0.9758 0.4543 -1.8572
v  0.9031 0.3326 -1.5804
v  0.7110 0.3962 -1.5963
v  0.5415 0.4404 -1.6139
v  0.5751 0.5751 -1.8598
v  0.5196 0.3624 -1.4514
v  0.5305 0.3913 -1.4991
v  0.6864 0.3319 -1.4841
v  0.8701 0.2743 -1.4576
v  0.8482 0.2334 -1.4171
v  1.8395 3.5868 -6.9590
v  1.7526 3.5588 -6.8982
v  1.7292 3.6764 -7.0294
v  1.6527 3.7816 -7.0377
v  1.6327 3.6400 -6.9678
v  1.5248 3.7369 -7.0032
v  1.4260 3.8520 -7.0283
v  0.2678 3.8956 -5.4012
v  0.2725 3.7836 -5.3585
v  0.5705 3.8147 -5.6078
v  0.5734 3.7224 -5.5608
v  0.9476 3.7748 -5.8191
v  0.9411 3.8660 -5.8598
v  0.5732 3.9187 -5.6367
v  0.2267 4.0359 -5.4823
v  0.5435 4.0597 -5.7104
v  0.9462 3.9814 -5.8794
v  0.9091 4.1215 -5.9689
v  0.9325 2.5393 -4.0185
v  1.3236 2.4438 -4.1271
v  1.2850 2.4626 -4.1879
v  1.7049 2.3464 -4.3526
v  1.6268 2.4064 -4.4870
v  1.2117 2.5210 -4.3116
v  0.8839 2.5461 -4.0871
v  1.2642 2.7805 -5.1095
v  0.8506 2.8398 -4.8963
v  1.0494 2.6501 -4.5710
v  0.6493 2.6991 -4.4562
v  0.8048 2.5870 -4.2123
v  1.4766 2.5904 -4.7493
v  2.6155 1.6599 -4.3362
v  2.5609 1.7297 -4.2827
v  2.5289 1.5903 -4.2339
v  2.4531 1.4335 -4.0410
v  2.4789 1.6537 -4.1830
v  2.4002 1.4960 -4.0041
v  1.3552 1.2973 -3.6818
v  1.0611 1.6541 -3.8162
v  0.7363 1.7490 -3.6946
v  0.7624 1.9473 -3.8559
v  1.0898 1.8323 -4.0147
v  1.4300 1.5474 -3.9343
v  0.7484 2.0613 -4.0305
v  1.0915 1.9785 -4.1638
v  1.1049 1.9342 -4.1027
v  1.4844 1.8456 -4.2986
v  1.4925 1.8099 -4.2389
v  1.4752 1.7261 -4.1384
v  0.7633 2.0330 -3.9614
v  2.4020 2.3722 -5.4557
v  2.6317 2.2389 -5.1599
v  2.5549 2.1712 -5.1682
v  2.3626 2.3257 -5.4884
v  2.2088 2.5118 -5.9675
v  2.2280 2.6217 -5.8551
v  2.1744 2.6614 -5.7692
v  2.3692 2.4133 -5.3952
v  2.5763 2.3017 -5.0861
v  2.6928 2.2289 -4.9360
v  2.7413 2.1636 -5.0210
v  2.7782 2.1592 -4.8426
v  2.6767 2.0757 -5.0619
v  1.7427 2.3231 -4.2869
v  1.3845 2.4371 -4.0542
v  0.9921 2.5191 -3.9450
v  1.0405 2.4855 -3.8682
v  1.4244 2.3855 -3.9812
v  1.7939 2.3159 -4.2068
v  1.4049 2.2903 -3.9457
v  1.7474 2.0805 -4.0500
v  1.7942 2.1742 -4.0785
v  0.6814 2.0767 -4.1530
v  0.6463 2.0925 -4.1950
v  0.9701 1.9620 -4.3309
v  1.3345 1.8349 -4.5665
v  1.3544 1.7915 -4.5017
v  1.0047 1.9613 -4.2890
v  1.3924 1.8053 -4.4391
v  1.4452 1.8480 -4.3747
v  1.0530 1.9869 -4.2351
v  0.7182 2.0726 -4.0974
v  2.0344 3.0666 -6.0961
v  1.9772 2.9243 -6.2588
v  2.0646 3.0012 -6.2011
v  1.8431 3.2818 -6.5018
v  1.9415 3.3510 -6.4490
v  1.8455 3.4352 -6.6614
v  1.9182 3.5101 -6.5719
v  1.8960 3.5962 -6.4534
v  1.8949 3.4185 -6.3420
v  0.4776 2.8928 -4.7416
v  0.6789 3.1079 -5.2026
v  1.0608 3.0601 -5.4701
v  0.5824 3.4025 -5.4086
v  0.2693 3.4081 -5.1611
v  0.3438 3.1531 -4.9877
v  0.9845 3.4426 -5.6538
v  0.9761 3.6786 -5.7287
v  0.5706 3.6074 -5.4984
v  0.2614 3.6735 -5.3234
v  0.2562 3.5685 -5.2589
v  1.4029 4.0789 -7.0522
v  1.1643 4.1806 -7.1097
v  1.1625 4.2233 -6.9318
v  1.4377 4.2013 -6.9216
v  1.2975 3.9198 -7.0683
v  1.0772 4.0435 -7.1937
v  0.1558 3.9588 -6.4142
v  0.3061 3.8321 -6.3712
v  -0.0860 3.8494 -6.0546
v  -0.3554 3.7944 -5.7540
v  -0.4226 3.8685 -5.7777
v  -0.2159 3.9775 -6.0980
v  -1.4231 5.7002 -5.9802
v  -1.4009 5.5571 -5.9535
v  -1.2901 5.7172 -6.2602
v  -1.2685 5.5879 -6.2402
v  -1.0671 5.7951 -6.5662
v  -1.1026 5.9180 -6.5711
v  -1.3011 5.8603 -6.2639
v  -1.1274 6.0632 -6.5601
v  -1.2184 6.1676 -6.5807
v  -1.3768 5.9543 -6.2870
v  -1.5014 5.7989 -6.0093
v  1.1720 0.3488 -0.9295
v  1.2210 0.3921 -0.9558
v  1.0216 0.4844 -0.9804
v  1.0640 0.5375 -1.0037
v  0.9702 0.4275 -0.9621
v  1.0642 0.5783 -1.2130
v  1.2540 0.4880 -1.1995
v  1.2226 0.4932 -1.2802
v  1.0310 0.5604 -1.2874
v  1.1049 0.6060 -1.1314
v  1.2836 0.4765 -1.1138
v  1.8165 0.8517 -3.0849
v  1.9725 1.0895 -3.4307
v  1.7303 1.1545 -3.3656
v  1.8355 1.3980 -3.6629
v  1.6004 0.9231 -3.0182
v  2.4036 1.8680 -4.2877
v  2.4927 1.9897 -4.3198
v  2.1801 2.0678 -4.2162
v  2.2240 2.1769 -4.2821
v  1.8212 2.2661 -4.1282
v  2.1156 1.9640 -4.1783
v  1.2451 0.2148 -1.5561
v  1.3340 0.1784 -1.5602
v  1.2944 0.1216 -1.4269
v  1.2696 0.0870 -1.3795
v  1.1954 0.1470 -1.4299
v  2.2079 1.6386 -4.7023
v  2.3776 1.5422 -4.7677
v  2.3889 1.5448 -4.6688
v  2.3786 1.5492 -4.5662
v  2.2248 1.6404 -4.6135
v  1.9569 1.1030 -3.8729
v  2.1088 1.0818 -3.8877
v  1.9923 0.8061 -3.5760
v  1.8541 0.5554 -3.1992
v  1.8387 0.8384 -3.5593
v  1.5209 4.1715 -6.4997
v  1.6651 4.1842 -6.6266
v  1.5312 4.2064 -6.7609
v  1.7560 4.0692 -6.4997
v  1.8338 4.0568 -6.5715
v  2.7220 2.1604 -4.6335
v  2.6832 2.2066 -4.7785
v  2.5339 2.2774 -4.6666
v  2.7011 2.0624 -4.4947
v  2.5546 2.2003 -4.5458
v  1.9545 2.6587 -5.6208
v  1.7989 3.0750 -5.9248
v  1.4877 3.0925 -5.6944
v  1.4120 3.5015 -5.8765
v  1.6296 2.6697 -5.4076
v  0.5519 -0.2336 -0.2530
v  0.6617 -0.1044 -0.4534
v  0.5016 -0.1002 -0.4495
v  0.6253 0.0446 -0.6379
v  0.3996 -0.2117 -0.2240
v  1.2245 0.2313 -0.8752
v  1.3062 0.2710 -0.9117
v  1.0998 0.3049 -0.8996
v  1.1191 0.1734 -0.8329
v  1.3522 0.3107 -0.9421
v  1.3791 0.3454 -0.9795
v  1.2557 0.4322 -0.9882
v  0.9118 0.3757 -0.9322
v  0.8371 0.3017 -0.8802
v  1.0078 0.2412 -0.8532
v  1.4013 0.3671 -1.0371
v  1.4004 0.3788 -1.1119
v  1.2802 0.4585 -1.0431
v  1.3661 0.3929 -1.1988
v  1.3966 0.3399 -1.3013
v  1.3340 0.4092 -1.2851
v  0.8714 0.6987 -1.0690
v  1.0979 0.5834 -1.0540
v  1.3337 0.4200 -1.3578
v  1.3831 0.4517 -1.5044
v  1.2780 0.5429 -1.4812
v  1.2241 0.5020 -1.3426
v  1.0291 0.5595 -1.3497
v  1.0768 0.6042 -1.4864
v  1.7344 0.6291 -2.7086
v  1.9274 0.8277 -3.1118
v  1.6384 0.6633 -2.6806
v  1.5820 0.5317 -2.2546
v  2.0986 1.0662 -3.4557
v  2.2412 1.3143 -3.7409
v  2.1108 1.3499 -3.7046
v  1.4336 0.7368 -2.6294
v  1.2735 0.6200 -2.2138
v  1.4757 0.5563 -2.2407
v  2.4870 1.7652 -4.2571
v  2.5500 1.8199 -4.3405
v  2.3468 1.8108 -4.2124
v  2.4106 1.6835 -4.1588
v  2.6421 1.9374 -4.3927
v  2.5457 2.1113 -4.4136
v  2.0788 1.9080 -4.1136
v  2.0247 1.8160 -4.0299
v  2.2794 1.7253 -4.1173
v  0.8159 -0.1602 -0.7934
v  0.6921 -0.1303 -0.8253
v  0.7848 -0.0254 -0.9848
v  0.8648 0.0274 -1.1391
v  0.9150 -0.0655 -0.9565
v  0.9998 -0.0230 -1.1122
v  0.9050 0.0138 -1.2596
v  0.9431 0.0424 -1.3311
v  1.0429 -0.0435 -1.2337
v  1.1315 -0.0582 -1.2010
v  1.0826 -0.0110 -1.3086
v  1.1628 -0.0237 -1.2839
v  1.0935 -0.0439 -1.0779
v  0.9095 -0.1715 -0.7632
v  1.0101 -0.0820 -0.9252
v  0.9846 0.0981 -1.3775
v  1.0220 0.1632 -1.3996
v  1.1290 0.0479 -1.3558
v  1.1700 0.1089 -1.3864
v  1.0464 0.2030 -1.4415
v  1.0915 0.2693 -1.5644
v  1.2175 0.0365 -1.3337
v  2.1180 1.5260 -4.3198
v  1.8315 1.6063 -4.2526
v  1.8650 1.6703 -4.3627
v  1.8831 1.7008 -4.4236
v  2.1788 1.5981 -4.4324
v  1.8740 1.7418 -4.5098
v  1.8362 1.7131 -4.5879
v  2.2191 1.6219 -4.5156
v  2.2666 1.5024 -4.3409
v  2.3296 1.5441 -4.4777
v  1.4397 0.3308 -2.3035
v  1.2584 0.4252 -2.2818
v  1.3500 0.5114 -2.7238
v  1.4751 0.6997 -3.1247
v  1.5638 0.4276 -2.7551
v  1.7105 0.6140 -3.1748
v  1.5872 0.9309 -3.4838
v  1.6932 1.1944 -3.7840
v  1.5582 0.2787 -2.3097
v  1.7027 0.3737 -2.7657
v  2.2003 1.6913 -4.8365
v  1.8069 1.7515 -4.7147
v  1.8426 1.8669 -4.7753
v  1.8548 1.9447 -4.8916
v  2.3274 1.9393 -5.0104
v  2.2650 1.8169 -4.9265
v  1.8523 1.9690 -4.9384
v  1.7870 2.0551 -5.0502
v  2.2507 2.0863 -5.1586
v  2.3316 1.9921 -5.0511
v  2.5725 2.0426 -5.0626
v  2.5686 1.9661 -5.0133
v  2.4773 2.1544 -5.1713
v  2.3855 1.6442 -4.9284
v  2.4866 1.8129 -4.9540
v  1.5476 3.2455 -6.4008
v  1.2022 3.3221 -6.1362
v  1.1738 3.4558 -6.2835
v  0.6828 3.4917 -6.0956
v  1.1506 3.5001 -6.3899
v  1.5275 3.4628 -6.6479
v  1.5266 3.3884 -6.5628
v  1.0554 3.4806 -6.5084
v  0.9354 3.5153 -6.6125
v  1.3273 3.5600 -6.8326
v  1.4472 3.5068 -6.7429
v  1.6512 3.5355 -6.8477
v  1.5302 3.6055 -6.9242
v  1.7323 3.4932 -6.7427
v  1.7495 3.2577 -6.4869
v  1.7349 3.4037 -6.6608
v  0.8404 3.6193 -6.6698
v  0.7504 3.7106 -6.7111
v  1.1086 3.7442 -6.9281
v  1.2146 3.6527 -6.8899
v  0.6786 3.7928 -6.7181
v  0.5212 3.9592 -6.7282
v  0.8252 3.9942 -6.9589
v  1.0159 3.8227 -6.9461
v  1.1959 3.8514 -7.0525
v  0.9741 3.9985 -7.0789
v  1.2996 3.7850 -7.0133
v  1.4132 3.7003 -6.9709
v  -1.3873 5.8457 -7.2421
v  -1.4858 5.9620 -7.2026
v  -1.3328 6.1142 -7.4569
v  -1.2666 6.0081 -7.5064
v  -1.2549 5.7787 -7.2496
v  -1.3334 6.2211 -7.3991
v  -1.5070 6.0957 -7.1453
v  -1.4570 6.2229 -7.0804
v  -1.2868 6.3193 -7.3438
v  -1.3299 6.3036 -7.0194
v  -1.3464 6.1877 -6.6339
v  -1.1893 6.3288 -6.9682
v  -1.1782 6.3863 -7.2920
v  -1.0763 6.2978 -6.9208
v  -0.9914 6.2118 -6.8948
v  -0.8953 6.3128 -7.1720
v  -0.9630 6.3932 -7.1929
v  -0.9440 6.0899 -6.9042
v  -0.9385 5.9722 -6.9322
v  -0.8509 6.1063 -7.2334
v  -0.8596 6.2077 -7.1933
v  1.0185 4.2126 -6.7835
v  0.8052 4.2618 -6.5456
v  1.0223 4.1824 -6.4861
v  0.8164 4.1549 -6.1177
v  1.1395 4.1551 -6.4124
v  1.2677 4.1857 -6.7098
v  1.2431 4.1233 -6.2748
v  1.3062 4.0211 -6.1589
v  1.6031 4.0603 -6.3802
v  1.1288 4.2152 -6.8810
v  1.3974 4.2137 -6.8213
v  1.3955 4.1818 -6.6409
v  1.3051 3.8982 -6.1399
v  1.3079 3.7933 -6.1096
v  1.6227 3.7960 -6.3212
v  1.6134 3.9176 -6.3545
v  1.3442 3.6869 -6.0216
v  1.6825 3.4564 -6.1537
v  1.6413 3.6740 -6.2614
v  1.8166 3.4311 -6.2869
v  1.8012 3.6420 -6.3848
v  1.9056 3.6915 -6.5137
v  1.7958 3.7584 -6.4328
v  1.7763 3.9002 -6.4691
v  2.3513 2.3532 -4.9249
v  2.0309 2.3577 -4.7198
v  2.1383 2.3444 -4.5597
v  2.1907 2.3218 -4.4764
v  2.4735 2.3260 -4.7605
v  2.2243 2.2665 -4.3764
v  2.5044 2.3270 -5.0302
v  2.6198 2.2585 -4.8748
v  2.3135 2.4251 -5.3470
v  2.1183 2.6677 -5.7185
v  2.1592 2.4274 -5.2457
v  1.9657 3.0814 -6.0290
v  1.8445 2.4469 -5.0314
v  1.8656 2.9196 -6.2237
v  2.0487 2.5032 -5.9229
v  1.8141 2.5020 -5.8524
v  1.6507 2.9108 -6.1552
v  2.2826 2.3052 -5.4940
v  2.0511 2.2465 -5.4675
v  1.6282 2.2883 -5.3167
v  1.4294 2.5903 -5.6598
v  1.2817 2.9804 -5.9395
v  0.6247 -0.3757 0.1182
v  0.5996 -0.3223 -0.0548
v  0.6780 -0.2181 -0.2466
v  0.4816 -0.3191 -0.0417
v  0.5493 -0.3750 0.1260
v  0.7810 -0.1119 -0.4491
v  0.8936 -0.0085 -0.6332
v  0.7863 0.0310 -0.6279
v  0.1685 -0.2192 0.0424
v  0.3360 -0.2919 -0.0027
v  0.3026 -0.3355 0.1927
v  0.4423 -0.3662 0.1484
v  0.8094 -0.2762 -0.6003
v  0.7049 -0.3770 -0.4185
v  0.7276 -0.2798 -0.6398
v  0.6135 -0.2654 -0.6819
v  0.5252 -0.3856 -0.5074
v  0.6321 -0.3953 -0.4648
v  0.7413 0.1917 -0.7735
v  0.9032 0.1502 -0.7583
v  1.0071 0.0901 -0.7577
v  2.3392 1.5285 -3.9780
v  2.2141 1.5758 -3.9292
v  1.9455 1.6423 -3.8703
v  1.7803 1.4426 -4.0391
v  2.0489 1.3506 -4.1259
v  2.1969 1.3362 -4.1368
v  1.1773 0.3655 -1.8627
v  1.3432 0.2985 -1.8660
v  1.4329 0.2556 -1.8745
v  1.4660 0.4860 -1.8275
v  1.3600 0.5440 -1.8081
v  1.1552 0.5927 -1.8026
v  2.3663 1.5693 -4.8474
v  2.1948 1.6504 -4.7605
v  1.8124 1.7119 -4.6477
v  -2.7343 3.5392 -3.1521
v  -2.8415 3.4694 -3.0741
v  -2.8614 3.5361 -3.0812
v  -2.8532 3.5868 -3.1028
v  -2.7594 3.6034 -3.1363
v  -2.7987 3.6200 -2.7773
v  -2.8346 3.7077 -2.8104
v  -2.9244 3.5583 -2.8097
v  -2.9949 3.5334 -2.9775
v  -2.9498 3.4528 -2.9340
v  -2.9651 3.4987 -2.8730
v  -3.0198 3.5847 -2.9161
v  -2.8439 3.7699 -2.8777
v  -2.9770 3.7245 -2.9093
v  -2.8479 3.8128 -2.9472
v  -2.9433 3.7739 -2.9533
v  -2.9703 3.6474 -2.8520
v  -3.0301 3.6680 -2.9701
v  -2.9721 3.7467 -3.0170
v  -2.9569 3.6912 -3.0750
v  -3.0051 3.6107 -3.0255
v  -2.8378 3.7773 -3.1137
v  -2.8488 3.8202 -3.0361
v  -2.9167 3.6294 -3.0918
v  -2.8025 3.6866 -3.1373
v  -2.9482 3.5637 -3.0499
v  -2.9344 3.4922 -3.0217
v  -2.9026 3.4169 -2.9919
v  -2.0917 4.0812 -3.1987
v  -2.0031 4.1597 -3.4145
v  -2.0564 4.2325 -3.4223
v  -2.1434 4.1169 -3.1845
v  -2.1795 4.1522 -3.1659
v  -2.1057 4.2791 -3.3716
v  -1.9000 4.5859 -4.0681
v  -2.0073 4.4265 -3.6873
v  -1.9634 4.3894 -3.7339
v  -1.8750 4.5244 -4.1014
v  -1.7542 4.1385 -3.7277
v  -1.5636 4.1906 -4.1078
v  -1.8017 4.1940 -3.7519
v  -1.8596 4.2526 -3.7428
v  -1.7106 4.3315 -4.1399
v  -1.7766 4.3967 -4.1305
v  -1.9012 4.3160 -3.7535
v  -1.8261 4.4673 -4.1418
v  -1.9021 4.3855 -3.8384
v  -0.2104 4.6069 -6.4314
v  -0.4242 4.5728 -6.1594
v  -0.1041 4.3534 -6.1113
v  -0.3566 4.2941 -5.9009
v  -0.0792 4.1414 -5.8236
v  0.1489 4.3672 -6.3740
v  -0.9754 5.6119 -6.5452
v  -1.0351 5.7235 -6.5550
v  -1.2398 5.5057 -6.2225
v  -1.3888 5.4225 -5.9250
v  -1.3736 5.3390 -5.9095
v  -1.1763 5.4029 -6.2162
v  -0.6463 4.5046 -5.9455
v  -0.6549 4.7747 -6.1988
v  -0.4597 4.8448 -6.4763
v  -0.6456 5.1023 -6.5047
v  -0.8352 4.9882 -6.2149
v  -0.8507 4.6932 -5.9732
v  -1.0258 5.2136 -6.2178
v  -0.8274 5.3838 -6.5249
v  -1.3262 5.2404 -5.9202
v  -1.1943 5.0709 -5.9540
v  -1.0181 4.8759 -5.9787
v  0.3971 4.4163 -6.6427
v  0.5673 4.4059 -6.8910
v  0.0994 4.6654 -7.0095
v  -0.0386 4.6276 -6.7482
v  -0.7619 5.8998 -7.2579
v  -0.8240 6.0393 -7.2519
v  -0.9111 5.9032 -6.9354
v  -0.8486 5.7787 -6.9278
v  -0.3480 5.2767 -7.1550
v  -0.5842 5.6098 -7.2238
v  -0.6965 5.5075 -6.9021
v  -0.4903 5.1909 -6.8550
v  -0.2993 4.9019 -6.8075
v  -0.1574 4.9708 -7.0856
v  0.1597 4.6764 -7.1411
v  0.6430 4.3903 -7.0035
v  0.6523 4.3888 -7.0240
v  -0.0767 5.0137 -7.2476
v  0.1641 4.6871 -7.1801
v  -0.0417 5.0353 -7.3528
v  -0.2444 5.3413 -7.3357
v  0.6447 4.3809 -7.1428
v  0.5615 4.3042 -7.1671
v  0.1670 4.6925 -7.3112
v  -0.2017 5.3677 -7.4691
v  -0.0887 5.0010 -7.4673
v  0.0666 4.6291 -7.3251
v  -0.2017 4.9487 -7.4764
v  -0.2523 5.3395 -7.6008
v  0.5057 4.3022 -7.1207
v  -0.0050 4.5879 -7.3000
v  0.3908 4.2883 -7.0339
v  -0.5691 5.1656 -7.3833
v  -0.4678 5.2337 -7.5298
v  -0.2908 4.8940 -7.4392
v  -0.3799 5.2821 -7.6086
v  -0.1233 4.5263 -7.2107
v  -0.4064 4.8297 -7.3177
v  -1.3022 5.5246 -6.9090
v  -1.1694 5.7353 -7.2574
v  -1.0560 5.6458 -7.2303
v  -1.1557 5.9389 -7.5270
v  -1.0590 5.9070 -7.5327
v  -0.9346 5.8039 -7.5102
v  0.1283 4.2086 -6.8380
v  -0.1745 4.1822 -6.5402
v  -0.3322 4.4464 -7.0101
v  -0.5943 4.7430 -7.1008
v  -0.5367 4.4405 -6.6858
v  -0.7524 4.7112 -6.7582
v  -0.8847 4.9888 -6.7849
v  -0.7391 5.0633 -7.1402
v  -1.2110 5.4408 -6.8883
v  -0.8915 5.4001 -7.1786
v  -0.7355 5.5414 -7.4327
v  -1.0562 5.2457 -6.8388
v  -1.6010 5.2190 -6.2513
v  -1.4136 5.3326 -6.5393
v  -1.3464 5.2457 -6.5282
v  -1.5323 5.1504 -6.2335
v  -0.4873 4.1761 -6.2270
v  -0.5458 3.9800 -5.8298
v  -0.7814 4.1292 -5.9662
v  -0.7790 4.4055 -6.3656
v  -0.9590 4.6356 -6.4288
v  -1.0029 4.3500 -6.0812
v  -1.1469 4.5498 -6.1356
v  -1.2589 4.7295 -6.1661
v  -1.0934 4.8514 -6.4638
v  -1.4690 5.0617 -6.2206
v  -1.2297 5.0709 -6.4988
v  -1.3721 4.9106 -6.1962
v  -1.2210 4.2584 -5.6772
v  -1.1347 4.3040 -5.8514
v  -0.9473 4.1226 -5.7423
v  -0.7568 3.9825 -5.6283
v  -0.8926 3.9698 -5.4795
v  -1.0595 4.0933 -5.5795
v  -1.2573 4.4776 -5.9126
v  -1.3305 4.4151 -5.7463
v  -1.4152 4.5622 -5.7910
v  -1.3511 4.6381 -5.9481
v  -1.9670 4.4128 -4.8045
v  -1.8854 4.6205 -5.2214
v  -1.8161 4.5498 -5.2072
v  -1.9051 4.3533 -4.8067
v  -2.0052 4.1241 -4.3654
v  -2.0784 4.1549 -4.3516
v  -1.9062 4.0918 -4.4166
v  -1.9470 3.9381 -4.1551
v  -1.7888 3.9918 -4.4095
v  -1.7330 3.9095 -4.3380
v  -1.9442 3.8322 -4.0017
v  -2.0936 3.9340 -4.0145
v  -1.9156 3.7603 -3.9410
v  -1.6670 3.8401 -4.2890
v  -2.1871 3.9491 -3.9729
v  -1.7289 0.8048 -0.4452
v  -1.6992 0.7775 -0.5173
v  -1.7047 0.5984 -0.3153
v  -1.7101 0.6754 -0.2732
v  -1.6446 0.7524 -0.5779
v  -1.5715 0.5564 -0.4497
v  -1.6273 0.5894 -0.3914
v  -1.7044 0.5371 -0.1780
v  -1.7143 0.6008 -0.1523
v  0.3263 0.2005 -1.3471
v  0.2291 0.2054 -1.3472
v  0.2550 0.2286 -1.4503
v  0.3540 0.2397 -1.4297
v  0.4166 0.1760 -1.2089
v  0.3079 0.2182 -1.2150
v  0.3869 0.3189 -1.4587
v  0.2969 0.3259 -1.4894
v  0.3301 0.4287 -1.4759
v  0.4154 0.4034 -1.4536
v  -0.4380 1.1425 -0.9744
v  -0.6039 1.2327 -0.9768
v  -0.6161 1.1878 -0.9206
v  -0.4558 1.1035 -0.9203
v  0.4551 2.1373 -4.0550
v  0.4924 2.1243 -3.9819
v  0.3166 2.1298 -3.8945
v  0.5205 2.1163 -3.9018
v  0.5221 2.0771 -3.8320
v  0.3288 2.0718 -3.7496
v  0.3456 2.1262 -3.8022
v  0.5080 1.9789 -3.7498
v  -0.2567 2.5720 -3.2071
v  -0.2517 2.6395 -3.2588
v  -0.5932 2.7709 -3.1157
v  -0.5955 2.7020 -3.0644
v  -0.5940 2.6248 -3.0029
v  -0.7724 1.4364 -1.2834
v  -0.5885 1.3139 -1.2377
v  -0.5694 1.3425 -1.1810
v  -0.3862 1.2483 -1.2079
v  -0.4049 1.2218 -1.2641
v  -0.5916 1.3159 -1.3009
v  -0.7113 3.8561 -5.3821
v  -0.7822 3.9057 -5.4170
v  -0.6386 3.8965 -5.5689
v  -0.5623 3.8397 -5.5342
v  -1.8599 5.5738 -5.9517
v  -1.7924 5.6603 -5.9110
v  -1.8799 5.6135 -5.7684
v  -1.7704 5.6667 -5.7165
v  -1.6982 5.7160 -5.8679
v  -1.6399 5.6570 -5.6468
v  -1.5817 5.7086 -5.8076
v  -1.5022 5.5959 -5.7728
v  -1.4723 5.4518 -5.7365
v  -1.5430 5.5403 -5.5964
v  -1.4970 5.3881 -5.5559
v  -1.4548 5.3167 -5.7076
v  -1.4949 5.2441 -5.5405
v  -1.4911 5.1634 -5.5512
v  -1.4427 5.2360 -5.7034
v  -1.3983 5.1474 -5.7183
v  -0.0341 3.6501 -4.9555
v  -0.0239 3.5702 -4.9203
v  0.0836 3.5635 -5.0646
v  0.0947 3.4385 -4.9840
v  0.0819 3.6541 -5.1152
v  0.3850 2.7370 -3.8789
v  0.6193 2.6343 -3.9414
v  0.5710 2.6552 -4.0223
v  0.4974 2.6995 -4.1455
v  0.3374 2.7637 -3.9678
v  0.6836 2.6326 -3.8451
v  0.4598 2.7662 -3.7589
v  -1.5064 4.5971 -4.8504
v  -1.6357 4.5004 -4.5166
v  -1.5461 4.4252 -4.5238
v  -1.6359 4.2660 -4.1412
v  -1.4466 4.3398 -4.5179
v  -1.4010 4.5031 -4.8493
v  -1.2749 4.3969 -4.8362
v  -1.3246 4.2317 -4.4822
v  -1.0985 4.2661 -4.7965
v  0.0906 3.0882 -4.5160
v  0.2472 2.9986 -4.6140
v  0.1487 3.2257 -4.8298
v  -0.0197 3.4655 -4.8629
v  0.0138 3.2789 -4.7234
v  0.2747 2.8156 -4.0857
v  0.3742 2.8136 -4.3652
v  0.1839 2.9272 -4.2864
v  -0.5722 0.8528 -0.5447
v  -0.7649 0.8269 -0.3441
v  -0.8055 0.7150 -0.1424
v  -0.6173 0.7502 -0.3412
v  0.2135 0.2435 -1.2134
v  0.2824 0.1926 -1.0367
v  0.2206 0.0836 -0.8735
v  0.1804 0.2399 -1.0371
v  -0.1244 0.1182 -0.7207
v  -0.0545 0.0737 -0.7274
v  -0.1135 -0.0454 -0.5487
v  -0.0570 0.2297 -0.8749
v  0.0169 0.1895 -0.8778
v  0.0326 0.0242 -0.7297
v  -0.0309 -0.0974 -0.5575
v  0.0401 0.3040 -1.1720
v  0.1236 0.2681 -1.1965
v  0.0963 0.2787 -1.0272
v  0.1053 0.1444 -0.8775
v  0.0186 0.3148 -1.0131
v  -0.1292 0.2736 -0.8702
v  -0.0619 0.3517 -1.0024
v  -0.0376 0.3503 -1.1493
v  0.1502 -0.0412 -0.7279
v  0.0790 -0.1642 -0.5613
v  -0.1911 0.1659 -0.7110
v  -0.1807 0.0008 -0.5360
v  -0.2456 0.0488 -0.5218
v  -0.2254 -0.1020 -0.3215
v  -0.2574 -0.1839 -0.1246
v  -0.3205 -0.1373 -0.1166
v  -0.3975 -0.0832 -0.1121
v  -0.2901 -0.0551 -0.3099
v  -0.3332 0.3927 -0.1029
v  -0.2395 0.2979 -0.1001
v  -0.1816 0.3937 -0.3227
v  -0.1070 0.5032 -0.5325
v  -0.2719 0.4933 -0.3171
v  -0.4911 0.5206 -0.1192
v  -0.4148 0.4632 -0.1095
v  -0.3473 0.5762 -0.3123
v  -0.2015 0.6017 -0.5237
v  -0.2846 0.6813 -0.5192
v  -0.4213 0.6462 -0.3122
v  -0.3681 0.7439 -0.5228
v  -0.4587 0.7958 -0.5341
v  -0.5075 0.6969 -0.3264
v  -0.6674 0.6384 -0.1403
v  -0.5703 0.5744 -0.1323
v  -0.2266 0.7739 -0.7081
v  -0.1331 0.7010 -0.7093
v  -0.0672 0.7908 -0.8427
v  -0.1707 0.8569 -0.8478
v  -0.3174 0.8342 -0.7111
v  -0.2665 0.9199 -0.8471
v  -0.3666 0.9764 -0.8516
v  -0.4119 0.8890 -0.7182
v  0.0971 0.7706 -0.8993
v  -0.0199 0.8527 -0.9108
v  0.0442 0.7035 -0.8427
v  -0.1295 0.9124 -0.9262
v  -0.0892 0.9873 -0.9323
v  -0.2016 1.0247 -0.9694
v  -0.2313 0.9744 -0.9245
v  -0.0291 0.6090 -0.7141
v  0.3114 1.9842 -3.6800
v  0.4994 1.7902 -3.6110
v  0.4974 1.5544 -3.4134
v  0.3193 1.8079 -3.5568
v  -0.3320 1.0397 -0.9177
v  -0.3099 1.0790 -0.9705
v  0.4933 1.3060 -3.1742
v  0.4857 1.0739 -2.8868
v  0.3610 1.1152 -2.8598
v  0.3514 1.3393 -3.1462
v  0.3375 1.5798 -3.3793
v  0.2266 1.3813 -3.1097
v  0.2504 1.1616 -2.8271
v  0.1452 1.2056 -2.7950
v  0.1137 1.4294 -3.0675
v  0.1997 1.6201 -3.3372
v  -0.5912 2.4858 -2.8892
v  -0.2770 2.3639 -3.0181
v  -0.5760 2.3108 -2.7240
v  -0.3017 2.1813 -2.8534
v  -0.0063 1.4677 -3.0334
v  -0.0489 1.7169 -3.2447
v  0.0796 1.6743 -3.2850
v  0.0330 1.2391 -2.7696
v  -0.5539 2.1100 -2.5280
v  -0.5421 1.9101 -2.3178
v  -0.3113 1.9806 -2.6450
v  -0.1568 1.8972 -2.7208
v  -0.1778 1.7005 -2.4805
v  -0.0638 1.6432 -2.5210
v  -0.0431 1.8401 -2.7730
v  -0.1344 2.1022 -2.9371
v  0.0720 1.7831 -2.8249
v  0.1008 2.0008 -3.0519
v  -0.0184 2.0502 -2.9961
v  0.0520 1.5884 -2.5597
v  0.4693 0.8799 -2.5543
v  0.4553 0.7264 -2.2026
v  0.3600 0.7789 -2.1856
v  0.3623 0.9317 -2.5291
v  0.1565 1.0260 -2.4809
v  0.2598 0.8272 -2.1731
v  0.2623 0.9872 -2.5009
v  0.1507 0.8590 -2.1690
v  0.0433 0.8973 -2.1595
v  0.0476 1.0600 -2.4628
v  -0.5364 1.7603 -2.0915
v  -0.5637 1.6068 -1.8801
v  -0.3729 1.4885 -1.9474
v  -0.3419 1.6300 -2.1808
v  -0.1280 1.3541 -2.0161
v  -0.0915 1.4916 -2.2635
v  -0.2026 1.5484 -2.2317
v  -0.3247 1.7831 -2.4185
v  -0.2334 1.4150 -1.9860
v  0.4153 2.1670 -4.1172
v  0.2699 2.1352 -3.9941
v  0.2219 2.1803 -4.0895
v  0.3790 2.2310 -4.1729
v  0.1231 1.2299 -2.0593
v  0.0216 1.4382 -2.2935
v  -0.0206 1.2992 -2.0421
v  0.3532 2.3387 -4.2212
v  0.1859 2.2705 -4.1649
v  0.1642 2.3888 -4.2177
v  0.1374 2.4828 -4.2771
v  0.3129 2.4139 -4.3018
v  -0.1486 2.3698 -4.0879
v  -0.1311 2.4878 -4.1141
v  -0.0034 2.4283 -4.1938
v  0.0021 2.5378 -4.2129
v  -0.0055 2.2937 -4.1626
v  -0.5571 1.3540 -1.1154
v  -0.5557 1.3424 -1.0492
v  -0.3835 1.2524 -1.0618
v  -0.3773 1.2645 -1.1358
v  -0.2687 2.4471 -3.9967
v  -0.2463 2.5459 -4.0231
v  -0.4129 2.6771 -3.9496
v  -0.2462 2.6119 -4.0682
v  -0.1228 2.5740 -4.1421
v  -0.0612 0.2927 -1.3004
v  -0.1688 0.3626 -1.3044
v  -0.0753 0.2745 -1.4642
v  0.0294 0.2437 -1.3165
v  -0.5719 1.2991 -0.9977
v  -0.4084 1.2019 -1.0113
v  0.0317 0.2275 -1.4704
v  0.1467 0.2183 -1.4652
v  0.1277 0.2152 -1.3348
v  -0.3163 0.5763 -1.5104
v  -0.1055 0.5865 -1.5863
v  -0.1536 0.4568 -1.5756
v  -0.3341 0.4909 -1.4519
v  -0.1846 0.3605 -1.4561
v  -0.0311 0.3717 -1.6138
v  0.0302 0.5214 -1.6111
v  0.0890 0.3310 -1.6002
v  -0.3287 0.4567 -1.3463
v  0.1600 0.6236 -1.6542
v  0.1519 0.7147 -1.8781
v  0.2559 0.6754 -1.8696
v  0.3562 0.6394 -1.8620
v  0.2602 0.5830 -1.6316
v  0.1411 0.4805 -1.5849
v  0.2394 0.4541 -1.5255
v  0.2011 0.3250 -1.5448
v  0.0466 0.7562 -1.8822
v  0.0564 0.6648 -1.6713
v  0.4303 0.4437 -1.4982
v  0.3472 0.4781 -1.5119
v  0.4361 0.4925 -1.6133
v  0.3543 0.5397 -1.6146
v  0.2546 0.5146 -1.5433
v  0.1546 0.5463 -1.5863
v  0.4470 0.5987 -1.8651
v  0.0472 0.5842 -1.6155
v  -0.5975 1.3223 -1.3657
v  -0.4098 1.2314 -1.3264
v  -0.4123 1.2396 -1.3911
v  -0.4159 1.2632 -1.5084
v  -0.6011 1.3589 -1.4744
v  -0.5886 1.4622 -1.6611
v  -0.4075 1.3462 -1.7148
v  -0.8717 3.6231 -5.1850
v  -0.9136 3.7236 -5.1923
v  -0.8099 3.7544 -5.2887
v  -0.8401 3.8292 -5.2819
v  -0.6733 3.7828 -5.3779
v  -0.7655 3.6629 -5.2824
v  -0.6660 3.5021 -5.0180
v  -0.7518 3.4987 -4.8993
v  -0.8619 3.5092 -4.9925
v  -0.9465 3.6103 -5.0544
v  -0.7807 3.5137 -5.1222
v  -0.3998 3.5877 -5.4394
v  -0.3001 3.5631 -5.3558
v  -0.4557 3.5552 -5.2352
v  -0.5540 3.5972 -5.3184
v  -0.4810 3.6776 -5.4947
v  -0.5715 3.5308 -5.1256
v  -0.6778 3.5601 -5.2233
v  -0.6316 3.6979 -5.3679
v  -0.5222 3.7627 -5.5177
v  -0.9817 3.7112 -5.0648
v  -1.0957 3.7663 -4.8707
v  -0.9990 3.7911 -5.0597
v  -0.9351 3.8032 -5.1831
v  0.0006 4.0159 -5.3355
v  0.0799 3.9216 -5.2016
v  -0.1004 4.0237 -5.4841
v  -0.2647 4.0401 -5.3587
v  -0.1501 4.0359 -5.2055
v  0.0917 3.7812 -5.1463
v  -0.0480 3.9521 -5.0464
v  -0.0065 3.8014 -4.9642
v  -0.3470 3.0681 -3.7048
v  -0.3918 3.1755 -3.8634
v  -0.7448 3.2625 -3.6701
v  -0.7732 3.3969 -3.8227
v  -0.7124 3.1609 -3.5278
v  -0.6461 3.0665 -3.3856
v  -0.6797 3.1075 -3.4459
v  -0.3130 3.0151 -3.6224
v  0.0794 2.8842 -3.7412
v  0.2303 2.8520 -3.8107
v  0.1733 2.8485 -3.8958
v  0.1205 2.9007 -4.0032
v  0.0329 2.8969 -3.8181
v  -0.0119 2.9489 -3.9155
v  -0.0812 3.0497 -4.0973
v  -0.2042 3.0970 -4.0011
v  -0.2688 3.2337 -4.2099
v  -0.4372 3.3156 -4.0506
v  -0.1447 2.9945 -3.8280
v  -0.1046 2.9446 -3.7384
v  -0.2876 2.9593 -3.5660
v  -0.0704 2.9063 -3.6726
v  0.3621 2.3095 -3.4064
v  0.3176 2.1407 -3.2970
v  0.6118 2.0718 -3.3785
v  0.6433 2.2317 -3.5228
v  0.0445 3.0054 -4.1926
v  -0.0359 3.1500 -4.4133
v  -0.1534 3.1911 -4.3120
v  -0.2614 2.4970 -3.1436
v  -0.0941 2.2916 -3.1010
v  0.0201 2.2409 -3.1675
v  -0.0640 2.4323 -3.2207
v  0.6585 2.3354 -3.5958
v  0.4140 2.4997 -3.4908
v  0.3850 2.4129 -3.4635
v  0.2105 2.4581 -3.3774
v  0.2456 2.5469 -3.3910
v  0.1147 2.5737 -3.3295
v  0.0840 2.4873 -3.3186
v  0.1838 2.3583 -3.3324
v  0.0608 2.3952 -3.2753
v  0.1403 2.1966 -3.2262
v  -0.2799 2.1981 -3.4484
v  -0.2599 2.0237 -3.3366
v  -0.5605 2.1272 -3.2510
v  -0.5864 2.2906 -3.3727
v  -0.0477 2.5158 -3.2710
v  -0.0315 2.5900 -3.3058
v  0.1725 1.8460 -3.5066
v  0.0480 1.9003 -3.4520
v  0.1540 2.0126 -3.6284
v  -0.6021 2.3753 -3.4356
v  -0.6176 2.4193 -3.4721
v  -0.2963 2.3302 -3.5660
v  -0.2871 2.2838 -3.5132
v  -0.1140 2.2269 -3.6439
v  -0.1053 2.1965 -3.5874
v  0.0231 2.1319 -3.6463
v  -0.0999 2.1220 -3.5181
v  0.0281 2.0688 -3.5696
v  -0.0816 1.9476 -3.4065
v  -0.1814 2.6920 -4.2449
v  -0.2778 2.8268 -4.3881
v  -0.1731 2.8008 -4.4765
v  -0.3825 3.0206 -4.5644
v  -0.2850 2.9999 -4.6622
v  -0.1856 2.9556 -4.7702
v  -0.0657 2.7420 -4.5709
v  -0.0690 2.6647 -4.3235
v  0.0191 2.1530 -3.7020
v  0.1703 2.1103 -3.7529
v  0.1611 2.0819 -3.7015
v  -0.3850 2.8496 -4.3029
v  -0.4860 3.0341 -4.4715
v  -0.2951 2.7185 -4.1682
v  0.2785 2.4507 -4.3605
v  0.1069 2.5329 -4.3234
v  0.2141 2.5117 -4.4562
v  0.0488 2.6003 -4.4030
v  -0.0159 2.5969 -4.2485
v  -0.1363 2.6242 -4.1765
v  0.0825 2.6601 -4.6530
v  -0.0499 2.8997 -4.8753
v  -0.5979 3.0342 -3.3070
v  -0.5375 3.0238 -3.2048
v  -0.2287 2.9362 -3.4677
v  -0.2585 2.6509 -4.1059
v  0.3183 2.6915 -3.4059
v  0.3249 2.7905 -3.5437
v  0.1862 2.8287 -3.4815
v  0.1807 2.7212 -3.3443
v  -0.5467 2.9059 -3.1331
v  -0.1827 2.7881 -3.2487
v  -0.1739 2.9060 -3.3480
v  0.0405 2.7433 -3.2969
v  0.0507 2.8657 -3.4183
v  -0.0083 2.8900 -3.5622
v  -0.7389 2.4933 -3.6931
v  -0.4601 2.3971 -3.8463
v  -0.6966 2.4629 -3.5987
v  0.2911 2.8463 -3.6857
v  0.1449 2.8830 -3.6207
v  0.0230 2.1730 -4.0783
v  0.0819 2.1194 -3.9541
v  -0.0739 2.1903 -3.8904
v  -0.1303 2.2506 -4.0097
v  -0.4169 2.3321 -3.7459
v  -0.3495 2.3315 -3.6488
v  -0.6490 2.4528 -3.5263
v  -0.0178 2.1682 -3.7849
v  -0.1541 2.2504 -3.7276
v  -0.2150 2.2665 -3.8267
v  -0.2699 2.3248 -3.9384
v  -0.5933 3.5007 -4.9562
v  -0.3867 3.5414 -5.1645
v  -0.4988 3.5226 -5.0579
v  -0.3370 3.4382 -5.0877
v  -0.4504 3.4247 -4.9901
v  0.1387 2.1131 -3.8395
v  -0.6834 3.4903 -4.8481
v  -0.6250 3.4263 -4.7780
v  -0.5420 3.4192 -4.8888
v  -0.2065 3.4316 -5.2064
v  -0.1469 3.1852 -5.0681
v  -0.2769 3.2126 -4.9537
v  -0.3786 3.2304 -4.8459
v  -0.4642 3.2472 -4.7385
v  -0.2367 3.5581 -5.2782
v  -0.5169 3.5766 -4.3622
v  -0.5165 3.6584 -4.4202
v  -0.8502 3.7095 -4.0790
v  -0.8387 3.6372 -4.0364
v  -0.8105 3.5252 -3.9493
v  -0.4916 3.4467 -4.2331
v  -0.5571 3.2561 -4.6365
v  -0.1046 3.3190 -4.6177
v  -0.1310 3.4881 -4.7547
v  -0.2414 3.5085 -4.6529
v  -0.2195 3.3476 -4.5155
v  -0.2350 3.6032 -4.7066
v  -0.3436 3.6220 -4.6091
v  -0.3439 3.7019 -4.6358
v  -0.3498 3.5304 -4.5497
v  -0.3283 3.3809 -4.4100
v  -0.9150 4.4102 -5.5618
v  -1.0080 4.3983 -5.3879
v  -0.7835 4.2313 -5.3490
v  -0.8742 4.2478 -5.1797
v  -0.6634 4.1485 -5.1292
v  -0.5658 4.1249 -5.2994
v  -0.6741 4.2339 -5.5226
v  -0.1327 3.5828 -4.8087
v  -0.1366 3.6623 -4.8335
v  -0.2325 3.6835 -4.7286
v  -1.0907 4.3992 -5.2221
v  -1.1692 4.4057 -5.0558
v  -0.9618 4.2691 -5.0118
v  -0.7552 4.1842 -4.9561
v  -0.1705 4.0485 -5.5760
v  -0.2973 4.1013 -5.6476
v  -0.3347 4.0634 -5.4300
v  -0.8004 4.4508 -5.7450
v  -0.5405 4.2526 -5.7064
v  -0.4490 4.1090 -5.4716
v  -1.3272 3.7657 -4.5948
v  -1.3814 3.8371 -4.6260
v  -1.1333 3.8246 -4.8909
v  -1.3464 4.2123 -5.4237
v  -1.2848 4.2359 -5.5379
v  -1.1325 4.0812 -5.4433
v  -0.9745 3.9670 -5.3471
v  -1.1946 4.0628 -5.3284
v  -0.9609 3.8733 -5.1871
v  -1.2044 3.8959 -4.9361
v  -1.0971 3.9383 -5.1116
v  -1.0218 3.8611 -5.0659
v  -1.5840 4.0286 -4.7479
v  -1.4804 3.9271 -4.6857
v  -1.3407 4.0091 -5.0228
v  -1.4760 4.1453 -5.1077
v  -1.3998 4.1995 -5.3038
v  -1.2500 4.0538 -5.2090
v  -1.0386 3.9507 -5.2315
v  -0.8837 3.8946 -5.2954
v  -1.8219 5.0362 -5.9066
v  -1.7025 5.1322 -6.0325
v  -1.6152 5.0479 -6.0038
v  -1.5365 4.9372 -5.9904
v  -1.7054 4.9453 -5.8633
v  -1.9452 4.8151 -5.6651
v  -1.9102 4.9133 -5.8032
v  -1.7770 4.8372 -5.7469
v  -1.6010 4.8298 -5.8358
v  -1.8176 4.7627 -5.6127
v  -1.6521 4.7618 -5.6921
v  -1.4494 4.7929 -5.9757
v  -1.5061 4.6999 -5.8172
v  -1.6903 4.7984 -4.8403
v  -1.7224 4.8698 -4.8301
v  -1.8047 4.7393 -4.4747
v  -1.8084 4.8189 -4.4632
v  -1.7837 4.6674 -4.4958
v  -1.7008 4.7093 -5.5589
v  -1.7464 4.6606 -5.4235
v  -1.8429 4.7176 -5.4620
v  -1.9541 4.7556 -5.5053
v  -1.5486 4.9579 -5.2301
v  -1.5895 5.0295 -5.2197
v  -1.6483 4.9614 -5.0552
v  -1.6573 5.0483 -5.0583
v  -1.7291 4.9567 -4.8330
v  -1.6104 4.8911 -5.0629
v  -1.7204 4.5839 -4.5087
v  -1.6108 4.7007 -4.8476
v  -1.7996 5.2620 -4.9107
v  -1.9300 5.3555 -4.9557
v  -2.0375 5.0386 -4.5667
v  -1.9282 5.0042 -4.5334
v  -2.0559 4.7350 -4.0915
v  -1.8484 4.9253 -4.4863
v  -1.7370 5.1098 -4.8617
v  -1.4967 5.0195 -5.4023
v  -1.5437 5.0941 -5.3896
v  -1.4479 5.0815 -5.5684
v  -1.5247 5.1807 -5.3698
v  -1.5895 5.1148 -5.2123
v  -2.1663 5.4095 -5.5720
v  -2.0676 5.4681 -5.6952
v  -2.0623 5.3304 -5.7216
v  -1.9647 5.4044 -5.8459
v  -1.9558 5.2871 -5.8835
v  -2.0386 5.1973 -5.7492
v  -2.1417 5.2512 -5.5993
v  -2.0958 5.1048 -5.6162
v  -2.1166 5.0246 -5.4670
v  -2.1663 5.1742 -5.4521
v  -2.1995 5.3287 -5.4230
v  -1.8171 5.2274 -6.0730
v  -1.9142 5.1547 -5.9136
v  -1.8794 5.3578 -6.0597
v  -1.9945 5.0526 -5.7869
v  -2.0435 4.9483 -5.6528
v  -1.9512 5.5145 -5.8105
v  -1.8807 5.4734 -6.0055
v  -1.3586 4.9294 -5.5840
v  -1.4158 4.8787 -5.4125
v  -1.3042 4.7115 -5.4148
v  -1.4659 4.8331 -5.2379
v  -1.3546 4.6878 -5.2397
v  -2.0605 4.8689 -5.5004
v  -1.5272 4.7798 -5.0695
v  -1.4163 4.6558 -5.0708
v  -0.9902 4.6283 -5.7687
v  -1.1434 4.8017 -5.7725
v  -1.0925 4.5813 -5.5822
v  -1.1719 4.5577 -5.4065
v  -1.2352 4.7488 -5.5907
v  -1.2401 4.5458 -5.2382
v  -1.2925 4.9865 -5.7511
v  -1.6613 4.5420 -5.4183
v  -1.6049 4.5946 -5.5439
v  -1.5197 4.4667 -5.5280
v  -1.5717 4.4228 -5.4038
v  -1.7270 4.4531 -5.2039
v  -1.3073 4.5357 -5.0700
v  -1.5500 4.6453 -5.6708
v  -1.4606 4.5168 -5.6477
v  -1.6620 4.1188 -4.7961
v  -1.8092 4.0897 -4.5357
v  -1.7349 4.2010 -4.8228
v  -1.5626 4.2528 -5.1633
v  -1.4938 4.3177 -5.3658
v  -1.6364 4.3470 -5.1953
v  -1.4428 4.3453 -5.4879
v  -1.8221 4.2812 -4.8195
v  -1.3824 4.3824 -5.6040
v  -0.1451 1.1720 -1.0397
v  -0.0322 1.1498 -1.0143
v  -0.0158 1.1952 -1.1089
v  -0.0214 1.1801 -1.2138
v  -0.1324 1.2082 -1.1247
v  -0.1349 1.2026 -1.2176
v  -0.2467 1.2180 -1.2187
v  -0.2434 1.2239 -1.1364
v  -0.2548 1.1983 -1.0586
v  -0.0582 1.0716 -0.9573
v  -0.1695 1.1056 -0.9871
v  -0.2810 1.1391 -1.0119
v  -0.2662 1.1827 -1.2768
v  -0.1512 1.1695 -1.2859
v  -0.1747 1.1171 -1.3452
v  -0.2871 1.1501 -1.3370
v  -0.1623 1.1521 -1.5616
v  -0.1509 1.2336 -1.7700
v  -0.2639 1.2819 -1.7458
v  -0.2792 1.1923 -1.5403
v  -0.0789 1.0564 -1.4467
v  -0.0640 1.0887 -1.3558
v  -0.0594 1.1091 -1.5798
v  -0.1793 1.1034 -1.4333
v  -0.0405 1.1390 -1.2908
v  -0.2838 1.1626 -1.4151
v  -0.0498 1.1786 -1.7948
v  -0.4561 4.0825 -5.2688
v  -0.5505 4.1205 -5.0973
v  -0.3821 4.0682 -5.2075
v  -0.1007 3.8217 -4.8258
v  -0.1467 3.9850 -4.9040
v  -0.2423 4.0107 -4.7726
v  -0.2027 3.8398 -4.7135
v  -0.4471 4.1539 -4.7550
v  -0.5665 4.1571 -4.8701
v  -0.3597 4.0183 -4.6561
v  -0.3397 4.1365 -4.9055
v  -0.6466 4.1508 -4.9227
v  -0.4707 4.1215 -5.0411
v  -0.2504 4.0911 -5.0582
v  -0.3251 3.8503 -4.6213
v  -1.9968 5.6097 -5.6358
v  -2.1080 5.5848 -5.4926
v  -1.9379 5.6512 -5.3911
v  -1.8522 5.6726 -5.5553
v  -2.1544 5.4831 -5.3415
v  -2.0088 5.5489 -5.2488
v  -1.8399 5.5157 -5.1745
v  -1.7109 5.3866 -5.1295
v  -1.6276 5.4617 -5.2594
v  -1.7621 5.5960 -5.3143
v  -1.6921 5.6421 -5.4762
v  -1.5603 5.5169 -5.4145
v  -1.5279 5.3331 -5.3849
v  -1.5970 5.2727 -5.2327
v  -1.6619 5.2110 -5.0857
v  -0.6582 5.6187 -7.5717
v  -0.8659 5.8938 -7.6446
v  -0.8369 5.9760 -7.7295
v  -0.6103 5.6599 -7.5994
v  -1.0788 6.0701 -7.7491
v  -0.9781 6.0444 -7.7547
v  -1.0015 5.9955 -7.6698
v  -1.1048 6.0194 -7.6667
v  -1.2284 6.2381 -7.6776
v  -1.1773 6.1379 -7.7253
v  -1.2095 6.0870 -7.6423
v  -1.2625 6.1896 -7.5885
v  -1.2376 6.3426 -7.6266
v  -1.2283 6.3905 -7.4770
v  -1.2715 6.2928 -7.5341
v  -1.1946 6.4421 -7.5712
v  -1.1180 6.4546 -7.4236
v  -1.0590 6.4142 -7.2439
v  -0.9981 6.4847 -7.3719
v  -1.0888 6.5127 -7.5184
v  -0.7834 6.4249 -7.3929
v  -0.8618 6.5064 -7.4189
v  -0.8993 6.4587 -7.3196
v  -0.8291 6.3763 -7.2987
v  -0.7880 6.2746 -7.3233
v  -0.7469 6.3219 -7.4156
v  -0.7759 6.1790 -7.3736
v  -0.4723 5.6914 -7.3987
v  -0.4068 5.7342 -7.5265
v  -0.6582 5.9860 -7.4227
v  -0.7352 6.2300 -7.4632
v  -0.7355 6.1194 -7.4049
v  -0.6878 6.1719 -7.5034
v  -0.5089 5.6936 -7.6167
v  -0.6758 5.9927 -7.6897
v  -0.6060 6.0668 -7.5599
v  -1.0192 6.2227 -7.9625
v  -0.9291 6.1918 -7.9548
v  -0.9573 6.1145 -7.8529
v  -0.8373 6.1875 -7.9220
v  -0.8539 6.1047 -7.8363
v  -1.0548 6.1412 -7.8562
v  -1.1397 6.2112 -7.8389
v  -1.1847 6.3082 -7.8054
v  -1.0884 6.2884 -7.9539
v  -1.1285 6.3754 -7.9369
v  -1.1861 6.4145 -7.7649
v  -1.1370 6.5117 -7.7202
v  -1.1241 6.4774 -7.9099
v  -1.0742 6.5689 -7.8797
v  -1.0384 6.5753 -7.6813
v  -0.9243 6.5881 -7.6450
v  -0.8833 6.6403 -7.8283
v  -0.9866 6.6265 -7.8555
v  -0.7194 6.5288 -7.7513
v  -0.7893 6.5995 -7.7886
v  -0.8231 6.5611 -7.5965
v  -0.9647 6.5352 -7.4704
v  -0.7361 6.4911 -7.5597
v  -1.0349 6.3417 -8.0595
v  -1.0723 6.4153 -8.0471
v  -1.0203 6.4382 -8.1016
v  -0.9741 6.4044 -8.1250
v  -0.9686 6.2898 -8.0623
v  -1.0713 6.5059 -8.0286
v  -1.0257 6.5859 -8.0072
v  -0.9889 6.5705 -8.0760
v  -1.0045 6.5049 -8.1052
v  -0.6903 6.3808 -7.7313
v  -0.6864 6.4524 -7.7316
v  -0.7015 6.3941 -7.5640
v  -0.6920 6.3119 -7.5878
v  -0.9443 6.6377 -7.9916
v  -0.8443 6.6524 -7.9714
v  -0.8285 6.5961 -8.0779
v  -0.9206 6.5943 -8.0917
v  -0.9086 6.3713 -8.1324
v  -0.9329 6.4993 -8.1435
v  -0.8525 6.4889 -8.1477
v  -0.7555 6.3559 -8.0534
v  -0.8319 6.3585 -8.1101
v  -0.7817 6.4720 -8.1172
v  -0.7532 6.5701 -8.0508
v  -0.7334 6.4527 -8.0656
v  -0.7587 6.6105 -7.9369
v  -0.6995 6.5455 -7.8985
v  -0.6992 6.5234 -8.0102
v  -0.7317 6.2633 -7.7838
v  -0.6864 6.1879 -7.6791
v  -0.7443 6.1354 -7.7679
v  -0.7684 6.2111 -7.8473
v  -0.8840 6.2660 -8.0500
v  -0.8088 6.2673 -8.0037
v  -0.7091 6.3180 -7.7480
v  -0.6838 6.4265 -7.9357
v  -0.6803 6.4163 -7.8531
v  -0.7033 6.3623 -7.8801
v  -0.7338 6.3113 -7.9161
v  -0.7069 6.3979 -7.9823
v  -0.7646 6.2647 -7.9317
v  -0.6820 6.4700 -7.9628
v  -0.7068 6.4420 -8.0197
v  -0.6766 6.4763 -7.8647
v  -1.3112 0.1531 -0.2568
v  -1.3404 0.2624 -0.4264
v  -1.1517 0.3382 -0.3767
v  -1.4486 0.3092 -0.3689
v  -1.1374 0.2416 -0.1994
v  -0.8914 0.2797 -0.3385
v  -0.8970 0.1673 -0.1697
v  0.2047 -0.3856 -0.3263
v  0.2968 -0.4316 -0.3059
v  0.1989 -0.4764 -0.0879
v  0.1227 -0.4372 -0.1090
v  0.0500 -0.3929 -0.1271
v  0.1144 -0.3315 -0.3401
v  0.4036 -0.4698 -0.2814
v  0.2971 -0.5131 -0.0685
v  0.5118 -0.4887 -0.2491
v  0.4050 -0.5400 -0.0472
v  -0.0108 -0.4565 0.1121
v  0.0141 -0.4280 0.0119
v  0.0818 -0.4674 0.0291
v  0.1530 -0.5036 0.0480
v  0.0583 -0.4939 0.1255
v  0.6005 -0.4768 -0.2094
v  0.4211 -0.3916 0.2843
v  0.5189 -0.4026 0.2580
v  0.1367 -0.2661 0.2373
v  -0.0145 -0.0820 0.0738
v  -0.1237 0.1667 -0.1133
v  -0.1726 0.0821 0.0968
v  -0.2891 0.2122 0.1031
v  -0.9601 0.7185 0.0705
v  -1.0675 0.8222 0.1106
v  -1.0908 0.7311 0.2648
v  -1.2073 0.8744 0.1262
v  -0.0826 -0.2002 -0.3404
v  -0.1224 -0.2799 -0.1372
v  -0.1938 -0.2301 -0.1325
v  -0.1592 -0.1481 -0.3323
v  0.0140 -0.2650 -0.3435
v  -0.0366 -0.3375 -0.1360
v  -0.0674 -0.3797 0.0022
v  -0.1487 -0.3289 -0.0005
v  -0.2168 -0.2840 0.0022
v  -0.2780 -0.2415 0.0077
v  -0.7595 0.4389 0.1991
v  -0.6719 0.3773 0.2083
v  -0.6266 0.4662 0.0500
v  -0.5491 0.4155 0.0653
v  -0.7174 0.5307 0.0427
v  -0.8423 0.6112 0.0441
v  -0.9774 0.6347 0.2319
v  -0.8753 0.5197 0.2010
v  -0.8892 0.4629 0.3268
v  -0.9912 0.5717 0.3510
v  -0.8917 0.0867 -0.0466
v  -1.1218 0.1750 -0.0621
v  -0.6725 -0.0147 -0.0146
v  -0.8808 0.0221 0.0546
v  -1.1055 0.1133 0.0472
v  -0.8680 -0.0386 0.1587
v  -1.0881 0.0484 0.1603
v  -1.2515 -0.0526 0.0981
v  -1.6861 0.2829 -0.1541
v  -1.7073 0.4158 -0.2363
v  -1.6285 0.4178 -0.2504
v  -1.5697 0.3926 -0.2837
v  -1.6270 0.2741 -0.1402
v  -1.2660 0.0112 -0.0139
v  -1.3974 -0.0090 -0.0002
v  -1.4090 0.0882 -0.0889
v  -1.2865 0.0759 -0.1263
v  -1.4245 0.1905 -0.2061
v  -1.5108 0.3588 -0.3186
v  -1.5694 0.2475 -0.1499
v  -1.5043 0.2191 -0.1712
v  -1.4939 0.1093 -0.0668
v  -1.5618 0.1385 -0.0623
v  -1.4870 0.0126 0.0091
v  0.1304 -0.5289 0.1406
v  0.2463 -0.5394 0.0643
v  -0.6791 6.2447 -7.6230
v  -1.7436 0.7133 -0.2244
v  -0.6699 -0.0721 0.0842
# 3250 vertices

vn -0.7293 0.3414 -0.5929
vn -0.8487 0.2584 -0.4615
vn -0.8480 0.2541 -0.4652
vn -0.8182 0.2756 -0.5046
vn -0.8026 0.3030 -0.5138
vn -0.8193 0.2979 -0.4899
vn -0.7350 0.3643 -0.5719
vn -0.7932 0.3090 -0.5247
vn -0.7623 0.3236 -0.5605
vn -0.8243 0.2908 -0.4858
vn -0.7534 0.3339 -0.5665
vn -0.8205 0.2955 -0.4894
vn -0.7623 0.3332 -0.5548
vn 0.0319 0.5145 -0.8569
vn -0.3219 0.4955 -0.8067
vn -0.3400 0.4430 -0.8295
vn -0.7416 0.3453 -0.5751
vn -0.4107 0.4364 -0.8005
vn -0.2485 0.1891 -0.9500
vn -0.1634 0.5529 -0.8171
vn -0.2877 0.5159 -0.8069
vn 0.0716 0.5252 -0.8479
vn -0.5488 0.5062 -0.6653
vn -0.5415 0.4483 -0.7112
vn -0.4513 0.4883 -0.7469
vn -0.3966 0.4733 -0.7866
vn -0.3165 0.5183 -0.7945
vn -0.3391 0.5232 -0.7819
vn -0.4626 0.5130 -0.7231
vn -0.4271 0.5553 -0.7136
vn -0.4955 0.5607 -0.6634
vn -0.4070 0.5246 -0.7477
vn -0.3447 0.5069 -0.7901
vn -0.3228 0.4870 -0.8115
vn -0.3439 0.5062 -0.7909
vn 0.1373 0.4773 -0.8679
vn -0.1448 0.5094 -0.8483
vn -0.1550 0.4458 -0.8816
vn -0.3179 0.4763 -0.8198
vn -0.1731 0.5037 -0.8463
vn 0.9420 -0.3348 -0.0236
vn 0.8817 -0.4173 0.2201
vn 0.8488 -0.0712 -0.5240
vn 0.4506 -0.5131 0.7305
vn 0.8796 -0.3705 0.2984
vn 0.1946 -0.4623 0.8651
vn 0.6568 -0.4145 0.6299
vn 0.6148 -0.4322 0.6597
vn 0.7187 -0.3813 0.5814
vn 0.7427 -0.3727 0.5563
vn 0.5110 -0.5138 0.6891
vn 0.3769 -0.5466 0.7478
vn 0.6555 -0.4316 0.6196
vn 0.3495 -0.6793 0.6453
vn 0.3572 -0.6621 0.6589
vn 0.4234 -0.5556 0.7156
vn 0.5252 -0.5820 0.6208
vn 0.5374 -0.5139 0.6687
vn 0.5635 -0.4563 0.6886
vn 0.4595 -0.4935 0.7385
vn 0.3759 -0.5571 0.7405
vn 0.6211 -0.6783 0.3926
vn 0.6111 -0.5770 0.5419
vn 0.7323 -0.4891 0.4738
vn 0.7497 -0.5707 0.3351
vn -0.3577 -0.6182 0.6999
vn -0.4437 -0.5927 0.6722
vn -0.2499 -0.5736 0.7801
vn -0.3698 -0.5472 0.7509
vn 0.2249 -0.5868 0.7778
vn -0.1206 -0.5972 0.7930
vn -0.7802 0.4366 -0.4480
vn -0.7402 0.4288 -0.5179
vn -0.4681 0.6604 -0.5872
vn -0.4984 0.5489 -0.6710
vn -0.2838 0.6774 -0.6786
vn -0.3272 0.7464 -0.5795
vn -0.5157 0.6952 -0.5007
vn -0.4201 0.4785 -0.7711
vn -0.7280 0.3738 -0.5747
vn -0.6569 0.4326 -0.6175
vn -0.3846 0.5996 -0.7018
vn -0.3233 0.3978 -0.8586
vn 0.0261 0.9493 -0.3133
vn -0.1290 0.8314 -0.5405
vn -0.2789 0.7332 -0.6202
vn -0.5363 0.5763 -0.6166
vn -0.3937 0.7183 -0.5736
vn -0.0972 0.8733 -0.4773
vn -0.8084 0.2771 -0.5193
vn -0.7470 0.3204 -0.5825
vn -0.7975 0.2410 -0.5531
vn -0.7560 0.3210 -0.5704
vn -0.6853 0.4361 -0.5832
vn -0.7770 0.2915 -0.5579
vn -0.8093 0.2621 -0.5257
vn -0.0768 0.2568 -0.9634
vn -0.2292 0.0585 -0.9716
vn -0.3095 -0.1020 -0.9454
vn -0.3636 -0.1676 -0.9164
vn -0.3606 0.1348 -0.9229
vn -0.3449 0.3350 -0.8768
vn -0.2484 0.7875 -0.5640
vn -0.2631 0.7501 -0.6068
vn -0.3683 0.2069 -0.9064
vn -0.0938 0.9676 -0.2344
vn -0.2605 0.6350 -0.7273
vn -0.0090 0.9947 -0.1024
vn -0.1142 0.9835 -0.1400
vn -0.1217 0.9760 -0.1806
vn -0.4012 0.2445 -0.8827
vn -0.4524 -0.1660 -0.8762
vn -0.4891 -0.1328 -0.8621
vn -0.4429 0.3235 -0.8362
vn 0.5016 -0.6811 -0.5334
vn 0.2736 -0.2823 -0.9195
vn 0.5922 0.0158 -0.8056
vn -0.0310 0.0587 -0.9978
vn 0.0878 0.3351 -0.9381
vn 0.2414 0.5385 -0.8073
vn 0.7047 0.2460 -0.6655
vn 0.8465 -0.4156 -0.3327
vn 0.3927 0.6774 -0.6221
vn 0.5629 0.7157 -0.4134
vn 0.6714 0.7331 -0.1082
vn 0.8252 0.5037 0.2556
vn 0.9802 0.1773 0.0877
vn 0.7557 0.5273 -0.3884
vn 0.9732 -0.1736 -0.1506
vn 0.2264 -0.9488 -0.2201
vn 0.5930 -0.7243 -0.3517
vn 0.4626 -0.4773 -0.7471
vn 0.3713 -0.9257 -0.0725
vn 0.1455 -0.7730 -0.6175
vn 0.1667 -0.9521 0.2562
vn 0.2590 -0.9510 0.1688
vn 0.6938 -0.7013 0.1639
vn 0.6179 -0.6808 0.3933
vn 0.4642 -0.8214 0.3313
vn 0.4220 -0.8900 0.1726
vn 0.6688 -0.6754 0.3107
vn 0.6025 -0.5812 0.5470
vn -0.1662 0.6817 -0.7125
vn -0.2874 0.6901 -0.6642
vn -0.3472 0.4561 -0.8194
vn -0.3235 0.6811 -0.6568
vn -0.3676 0.4409 -0.8189
vn -0.3277 0.1940 -0.9246
vn -0.2416 0.4826 -0.8419
vn -0.2163 0.2553 -0.9424
vn -0.2169 0.3922 -0.8939
vn -0.2282 0.3305 -0.9158
vn -0.0475 0.7817 -0.6218
vn -0.1069 0.7374 -0.6669
vn -0.2368 0.3311 -0.9134
vn 0.4630 -0.6519 0.6005
vn 0.4667 -0.6836 0.5611
vn 0.1733 -0.9786 0.1109
vn 0.0718 -0.9513 0.2998
vn 0.0354 -0.9970 0.0681
vn 0.1662 -0.9778 0.1277
vn 0.1796 -0.9715 0.1546
vn 0.5460 0.4516 0.7056
vn 0.5990 0.4638 0.6527
vn 0.6332 -0.0255 0.7736
vn 0.4374 -0.0870 0.8951
vn 0.2538 -0.6541 0.7125
vn 0.5893 -0.0294 0.8074
vn 0.6015 0.4265 0.6755
vn 0.5259 0.4942 0.6923
vn 0.4576 0.6461 0.6109
vn 0.4809 0.4153 0.7722
vn 0.4882 0.6415 0.5917
vn 0.5414 0.6616 0.5188
vn 0.5358 0.3510 0.7679
vn 0.6737 -0.4659 0.5736
vn 0.5110 -0.6642 0.5456
vn 0.5427 -0.3504 0.7633
vn 0.6598 -0.2708 0.7010
vn 0.5898 -0.4397 0.6773
vn 0.5342 0.2761 0.7990
vn 0.7091 0.0440 0.7037
vn 0.6667 -0.1194 0.7357
vn 0.6640 -0.2356 0.7096
vn 0.6047 -0.3001 0.7378
vn 0.5406 -0.0465 0.8400
vn -0.7904 0.3037 -0.5320
vn -0.8198 0.3609 -0.4447
vn -0.5465 0.6414 -0.5385
vn -0.3655 0.7897 -0.4927
vn -0.2967 0.7730 -0.5608
vn -0.5304 0.5770 -0.6211
vn -0.2451 0.7458 -0.6195
vn -0.2393 0.7667 -0.5957
vn -0.3711 0.7758 -0.5103
vn -0.4416 0.6903 -0.5732
vn -0.3333 0.6807 -0.6524
vn -0.1769 0.7627 -0.6220
vn -0.2835 0.6856 -0.6705
vn -0.4722 0.5589 -0.6817
vn -0.5072 0.5619 -0.6535
vn -0.5662 0.4927 -0.6608
vn -0.5368 0.4748 -0.6974
vn -0.4424 0.5611 -0.6996
vn -0.4917 0.4802 -0.7263
vn -0.4754 0.4480 -0.7572
vn -0.5151 0.4940 -0.7004
vn -0.4735 0.4928 -0.7300
vn -0.4526 0.4371 -0.7772
vn -0.4398 0.4518 -0.7762
vn 0.4748 -0.4020 0.7829
vn 0.9020 -0.3631 0.2335
vn 0.9561 -0.2704 -0.1132
vn 0.8305 -0.4917 0.2619
vn 0.5885 -0.5971 0.5452
vn 0.4011 -0.4335 0.8070
vn 0.6427 -0.3470 0.6830
vn 0.9155 -0.3667 0.1654
vn 0.5413 -0.3993 0.7399
vn 0.5897 -0.4308 0.6831
vn 0.4738 -0.4528 0.7553
vn 0.4659 -0.5218 0.7146
vn 0.4390 -0.5082 0.7410
vn 0.4275 -0.4725 0.7707
vn 0.4209 -0.4580 0.7830
vn 0.8032 -0.2856 0.5227
vn 0.6218 -0.4681 0.6279
vn 0.5922 -0.4984 0.6331
vn 0.5519 -0.5187 0.6530
vn 0.5780 -0.5212 0.6280
vn 0.5913 -0.5204 0.6161
vn 0.7783 -0.3251 0.5372
vn -0.3884 0.5340 -0.7510
vn -0.4147 0.5406 -0.7319
vn -0.4123 0.3589 -0.8374
vn -0.4435 0.3539 -0.8235
vn -0.4434 0.2376 -0.8643
vn -0.3248 0.2852 -0.9018
vn -0.3830 0.3874 -0.8386
vn 0.1420 -0.7582 0.6363
vn 0.6832 -0.3890 0.6180
vn 0.7061 -0.3885 0.5921
vn 0.7601 -0.3536 0.5452
vn 0.7410 -0.3844 0.5506
vn 0.1892 -0.7804 0.5960
vn 0.6943 0.1470 0.7045
vn 0.7753 0.3027 0.5543
vn 0.8121 0.3643 0.4559
vn 0.8346 0.5100 0.2083
vn 0.9121 0.0841 0.4012
vn 0.7447 0.2222 0.6293
vn -0.1790 0.6532 -0.7357
vn -0.0311 0.9160 -0.4000
vn 0.0030 0.9651 -0.2619
vn -0.0865 0.8795 -0.4679
vn -0.0329 0.9001 -0.4345
vn 0.7900 0.1897 0.5831
vn 0.7934 0.0865 0.6026
vn 0.7231 0.1697 0.6695
vn 0.7346 -0.1709 0.6567
vn 0.7191 -0.0869 0.6895
vn 0.5698 0.2371 0.7869
vn 0.8276 -0.1751 0.5333
vn 0.6809 -0.2655 0.6826
vn 0.6600 -0.3955 0.6388
vn 0.5745 -0.4567 0.6792
vn 0.5562 -0.5299 0.6402
vn 0.8240 -0.2429 0.5119
vn -0.2287 0.8498 -0.4749
vn -0.2669 0.8298 -0.4901
vn -0.6377 0.5638 -0.5248
vn -0.8210 0.2731 -0.5014
vn -0.8134 0.3069 -0.4941
vn -0.5996 0.6095 -0.5186
vn -0.2243 0.8034 -0.5515
vn -0.5563 0.5860 -0.5892
vn -0.8001 0.3172 -0.5092
vn -0.7885 0.3029 -0.5353
vn -0.0548 0.8569 -0.5125
vn 0.0538 0.9516 -0.3026
vn 0.0250 0.9274 -0.3731
vn 0.0116 0.9043 -0.4268
vn -0.1856 0.7458 -0.6398
vn -0.0905 0.8362 -0.5408
vn -0.1221 0.9313 -0.3432
vn -0.2969 0.7038 -0.6453
vn -0.3704 0.5268 -0.7651
vn -0.2505 0.8151 -0.5224
vn -0.4445 0.4731 -0.7607
vn -0.4016 0.5683 -0.7181
vn -0.3733 0.5470 -0.7493
vn -0.3295 0.8542 -0.4023
vn -0.3414 0.7765 -0.5296
vn -0.2679 0.9397 -0.2126
vn -0.3666 0.5084 -0.7792
vn -0.4398 0.4377 -0.7842
vn -0.3992 0.3974 -0.8262
vn -0.4075 0.4368 -0.8020
vn 0.7953 -0.3168 0.5169
vn 0.8094 -0.2268 0.5417
vn 0.9035 -0.2467 0.3505
vn 0.9864 0.1579 0.0458
vn 0.9771 -0.1993 -0.0749
vn 0.8576 -0.3544 0.3727
vn 0.4050 -0.2901 0.8671
vn 0.6184 -0.3037 0.7248
vn 0.8621 -0.3259 0.3880
vn 0.9487 -0.2917 -0.1218
vn 0.9476 -0.2803 -0.1530
vn 0.5495 -0.0906 0.8305
vn 0.4944 -0.1672 0.8530
vn 0.4392 -0.3467 0.8288
vn 0.4747 -0.3386 0.8124
vn 0.5307 -0.0314 0.8470
vn 0.4193 -0.4058 0.8121
vn 0.4470 -0.3998 0.8002
vn 0.4483 -0.3797 0.8092
vn 0.4880 -0.3396 0.8041
vn 0.6970 -0.1929 0.6907
vn 0.7993 0.0042 0.6009
vn 0.6068 -0.1555 0.7795
vn 0.6039 -0.3019 0.7377
vn 0.6839 -0.3777 0.6242
vn 0.0774 -0.7198 0.6899
vn 0.0344 -0.7079 0.7055
vn 0.6842 -0.3601 0.6342
vn 0.5571 0.2979 -0.7752
vn 0.7100 0.1535 -0.6873
vn 0.6634 -0.2345 -0.7106
vn 0.7388 -0.3062 -0.6003
vn 0.5863 -0.6151 -0.5271
vn 0.4187 -0.6146 -0.6685
vn 0.3620 -0.0195 -0.9320
vn -0.8859 0.2672 0.3793
vn -0.9897 0.1181 0.0807
vn -0.9006 -0.2505 0.3553
vn -0.6882 -0.7151 -0.1221
vn -0.3941 -0.9180 0.0437
vn -0.7867 -0.4449 0.4281
vn -0.8595 0.1175 0.4974
vn -0.6282 0.7140 0.3092
vn -0.8152 0.4912 0.3068
vn -0.7533 0.4151 0.5101
vn -0.8331 0.0088 0.5530
vn -0.7263 0.3763 0.5753
vn -0.5545 0.7008 0.4489
vn 0.7629 0.0752 -0.6421
vn 0.5395 0.5745 -0.6156
vn 0.2722 0.6363 -0.7218
vn -0.0912 0.8905 -0.4457
vn 0.1679 0.9332 -0.3176
vn 0.6635 0.4903 -0.5651
vn 0.7030 0.1523 -0.6947
vn 0.7028 -0.2837 -0.6524
vn 0.4217 -0.1557 -0.8933
vn 0.4011 -0.5300 -0.7472
vn 0.5818 -0.6056 -0.5429
vn 0.3878 -0.8034 -0.4519
vn -0.1412 -0.9855 -0.0937
vn 0.2301 -0.8957 -0.3804
vn 0.2911 -0.7464 -0.5984
vn -0.6024 -0.6751 0.4259
vn 0.0564 -0.9798 -0.1917
vn -0.7159 -0.1241 0.6871
vn -0.2308 -0.8774 0.4207
vn -0.5622 0.6642 0.4928
vn -0.6144 0.3383 0.7128
vn -0.3470 -0.3591 0.8664
vn -0.3225 0.1884 0.9276
vn -0.4706 0.6396 0.6078
vn -0.2829 0.8926 0.3512
vn -0.2045 0.8308 0.5176
vn -0.1277 0.9858 0.1092
vn 0.0361 0.9847 -0.1704
vn -0.2784 0.9201 0.2755
vn 0.2088 0.3242 -0.9227
vn 0.4876 0.5877 -0.6456
vn 0.2600 0.9414 -0.2150
vn -0.0157 0.8257 -0.5639
vn -0.0947 0.4992 -0.8613
vn -0.0495 0.0135 -0.9987
vn -0.1011 0.1672 -0.9807
vn -0.0853 -0.3682 -0.9258
vn 0.0446 -0.4432 -0.8953
vn 0.1343 -0.7590 -0.6371
vn 0.0268 -0.8182 -0.5744
vn 0.1994 -0.9691 -0.1451
vn 0.1783 -0.9574 -0.2272
vn 0.1554 -0.9177 0.3657
vn 0.2665 -0.9046 0.3326
vn 0.0950 -0.5192 0.8493
vn -0.2666 0.5684 0.7784
vn -0.0076 0.0080 0.9999
vn 0.1678 -0.6390 0.7507
vn -0.0116 -0.1240 0.9922
vn -0.1012 0.4653 0.8794
vn -0.1514 0.7907 0.5932
vn -0.1468 0.9629 0.2264
vn -0.1260 0.4350 0.8916
vn -0.1637 0.7907 0.5899
vn -0.2142 0.9472 0.2386
vn -0.1575 0.6010 -0.7836
vn -0.1299 0.9295 -0.3451
vn -0.2264 0.9347 -0.2740
vn 0.0330 -0.2867 -0.9575
vn 0.2089 -0.4619 -0.8620
vn 0.0970 -0.5206 -0.8483
vn 0.3293 -0.8500 -0.4112
vn 0.1715 -0.9302 -0.3245
vn -0.1916 -0.7315 -0.6544
vn -0.0440 -0.3014 -0.9525
vn -0.3380 0.1269 -0.9326
vn -0.6758 0.6156 -0.4053
vn -0.7986 0.4652 -0.3818
vn 0.0925 -0.3349 -0.9377
vn -0.3155 -0.0323 -0.9484
vn -0.3283 0.2014 -0.9229
vn -0.4941 0.6715 0.5522
vn -0.7135 0.6756 0.1858
vn -0.6036 0.7971 0.0145
vn -0.5760 0.6966 -0.4277
vn -0.5999 0.7954 -0.0861
vn -0.3905 0.8057 0.4454
vn -0.3398 0.7524 0.5643
vn -0.1630 0.5134 0.8425
vn -0.0992 0.5432 0.8337
vn 0.0995 0.1910 0.9765
vn 0.0417 0.1613 0.9860
vn -0.3808 0.4733 0.7943
vn -0.0742 0.1491 0.9860
vn 0.3068 -0.2494 0.9185
vn 0.3437 -0.2459 0.9063
vn 0.5205 -0.6691 0.5304
vn 0.4812 -0.6140 0.6257
vn 0.2857 -0.2434 0.9269
vn 0.5679 -0.8229 0.0152
vn 0.4718 -0.6534 -0.5920
vn 0.4551 -0.5355 -0.7114
vn 0.5843 -0.7948 -0.1641
vn 0.5336 -0.6064 0.5895
vn 0.5115 -0.8585 0.0371
vn 0.4180 -0.7675 -0.4861
vn 0.2664 -0.4178 -0.8686
vn 0.1517 -0.4817 -0.8631
vn 0.3486 -0.4857 -0.8016
vn -0.0317 -0.2683 -0.9628
vn 0.0106 -0.8109 -0.5850
vn -0.0096 -0.7948 -0.6068
vn 0.1226 -0.9897 -0.0734
vn 0.0249 -0.9985 -0.0479
vn 0.0251 -0.9292 0.3688
vn 0.1169 -0.9338 0.3381
vn 0.0511 -0.6757 0.7354
vn -0.0516 -0.1210 0.9913
vn 0.0534 -0.6477 0.7600
vn -0.0123 -0.0784 0.9968
vn -0.1295 0.4904 0.8618
vn -0.1816 0.8069 0.5621
vn -0.0990 0.5393 0.8363
vn -0.1700 0.8196 0.5471
vn -0.2671 0.9296 0.2541
vn -0.3558 0.9077 -0.2226
vn -0.3005 0.9163 0.2647
vn -0.5009 0.8538 -0.1417
vn -0.5892 0.4741 -0.6543
vn -0.3669 0.5900 -0.7193
vn -0.0950 -0.2618 -0.9604
vn -0.1874 0.2132 -0.9589
vn -0.3777 0.0853 -0.9220
vn -0.1177 -0.8784 -0.4632
vn -0.4592 -0.3650 -0.8099
vn -0.8989 -0.2267 -0.3750
vn -0.0080 -0.9992 0.0388
vn -0.5834 -0.8104 -0.0538
vn -0.8072 0.5454 0.2257
vn -0.6082 0.5890 0.5321
vn -0.7721 0.3411 0.5362
vn -0.8947 0.3639 0.2589
vn -0.8884 0.1979 -0.4143
vn -0.0388 -0.4500 0.8922
vn -0.2412 -0.7670 0.5946
vn -0.6383 -0.2969 0.7102
vn -0.2159 -0.9384 0.2698
vn -0.7561 -0.4071 0.5124
vn -0.5819 0.1617 0.7971
vn -0.0075 0.0134 0.9999
vn -0.1936 -0.1782 0.9648
vn 0.0035 -0.8939 0.4483
vn 0.0723 -0.6007 0.7962
vn -0.4554 0.4535 0.7661
vn -0.0282 0.1946 0.9805
vn 0.0944 -0.0598 0.9937
vn 0.1391 -0.1210 0.9829
vn -0.0102 0.5414 0.8407
vn -0.1455 0.8145 0.5616
vn 0.0427 0.4896 0.8709
vn -0.1573 0.7501 0.6424
vn -0.3707 0.8706 0.3235
vn -0.9875 -0.1313 -0.0872
vn -0.9319 -0.2178 -0.2900
vn -0.9107 -0.0909 0.4029
vn 0.5887 -0.2669 0.7630
vn 0.3503 -0.0385 0.9358
vn 0.3675 -0.0848 0.9262
vn 0.6039 -0.4374 0.6663
vn 0.6749 -0.5360 0.5071
vn 0.5575 -0.8180 0.1418
vn 0.7298 -0.4547 0.5105
vn 0.5022 -0.2363 0.8318
vn 0.6960 -0.1718 0.6972
vn 0.7673 -0.6324 0.1064
vn 0.4508 -0.7932 -0.4095
vn 0.6245 -0.7667 -0.1488
vn 0.3332 -0.6778 -0.6554
vn 0.2546 -0.7433 -0.6186
vn 0.2128 -0.9087 -0.3591
vn 0.0164 -0.7500 -0.6613
vn -0.0915 -0.9499 -0.2988
vn -0.5040 -0.3916 -0.7698
vn -0.5919 -0.6551 -0.4696
vn -0.6143 -0.7099 -0.3445
vn -0.2982 -0.9464 -0.1239
vn -0.8878 -0.3371 -0.3134
vn -0.8820 -0.3551 -0.3097
vn -0.6721 -0.6730 -0.3090
vn -0.4020 -0.9033 -0.1500
vn -0.6878 -0.6498 -0.3234
vn -0.8398 -0.3946 -0.3729
vn -0.8043 -0.4235 -0.4168
vn -0.6639 -0.6530 -0.3646
vn -0.4325 -0.8736 -0.2233
vn -0.8803 0.1162 -0.4599
vn -0.7821 -0.4127 -0.4670
vn -0.8848 -0.2578 -0.3881
vn -0.9222 0.1613 -0.3514
vn -0.9185 -0.0816 -0.3869
vn -0.8427 -0.2758 -0.4623
vn -0.4572 -0.8746 -0.1616
vn -0.3818 -0.8864 -0.2618
vn -0.4099 -0.8762 -0.2536
vn -0.3881 -0.8958 -0.2165
vn -0.8759 -0.3224 -0.3591
vn -0.8262 -0.5101 -0.2392
vn -0.4782 -0.8613 -0.1715
vn -0.6893 -0.6867 -0.2308
vn -0.2717 -0.9624 0.0016
vn 0.1183 -0.9801 0.1592
vn -0.5864 -0.7651 -0.2661
vn 0.0054 -1.0000 0.0056
vn -0.7172 -0.5733 -0.3962
vn -0.6150 -0.6656 -0.4228
vn -0.1490 -0.9269 -0.3446
vn -0.8868 -0.1968 -0.4182
vn -0.0984 -0.9861 -0.1340
vn -0.2376 -0.8337 -0.4984
vn 0.3899 -0.8903 -0.2351
vn 0.3921 -0.9199 0.0014
vn 0.6851 -0.7231 0.0885
vn 0.7544 -0.6491 -0.0979
vn 0.3468 -0.7992 -0.4909
vn -0.0965 -0.6525 0.7516
vn 0.2917 -0.5968 0.7475
vn 0.3187 -0.8264 0.4642
vn 0.5968 -0.6497 0.4709
vn 0.3036 -0.9443 0.1269
vn 0.1888 -0.9820 0.0079
vn -0.0744 -0.9966 0.0363
vn -0.5171 -0.5660 0.6421
vn -0.1338 -0.7595 0.6365
vn -0.3838 0.0523 0.9219
vn -0.3398 -0.2690 0.9012
vn -0.0587 0.1170 0.9914
vn -0.1214 -0.1816 0.9759
vn -0.2857 -0.9540 0.0904
vn -0.9573 -0.2780 0.0798
vn -0.9986 -0.0093 -0.0518
vn -0.8476 0.0596 -0.5272
vn -0.9578 -0.2015 -0.2050
vn -0.9518 0.0482 0.3028
vn -0.7810 0.2012 0.5912
vn -0.3992 0.4529 0.7972
vn -0.3658 0.4051 0.8379
vn -0.0454 0.4078 0.9120
vn -0.7798 -0.5528 -0.2937
vn -0.3355 -0.7511 -0.5686
vn -0.8426 -0.4894 -0.2247
vn -0.7741 -0.0477 0.6313
vn -0.9023 0.0057 0.4311
vn -0.8973 -0.4192 -0.1384
vn -0.4853 -0.6839 -0.5447
vn -0.6475 -0.6581 -0.3843
vn -0.8791 -0.3793 0.2888
vn 0.6580 -0.5765 -0.4844
vn 0.6543 -0.4876 -0.5781
vn 0.9265 -0.2016 -0.3177
vn 0.7529 -0.5583 -0.3485
vn 0.9578 -0.2255 -0.1782
vn 0.9805 0.1036 0.1672
vn 0.9560 -0.0853 0.2808
vn 0.9140 -0.3881 -0.1183
vn 0.2499 -0.6991 -0.6700
vn 0.1636 -0.7141 -0.6806
vn 0.6391 0.3192 0.6998
vn 0.9857 -0.0306 0.1659
vn 0.5955 0.3851 0.7051
vn 0.0370 0.4501 0.8922
vn 0.2317 0.1719 0.9575
vn 0.7008 -0.0031 0.7134
vn 0.6128 -0.6976 0.3713
vn -0.1301 -0.9363 0.3263
vn 0.0990 -0.9010 -0.4224
vn -0.7507 -0.6595 -0.0387
vn 0.7279 -0.6722 -0.1357
vn -0.0395 0.5323 0.8456
vn -0.3897 0.4371 0.8106
vn -0.3428 0.2116 0.9153
vn -0.3325 -0.3363 0.8811
vn 0.4924 -0.3183 0.8101
vn 0.8351 -0.4127 0.3636
vn -0.2410 -0.7440 0.6232
vn -0.2716 -0.6784 0.6826
vn 0.0053 -0.6856 0.7279
vn 0.0592 -0.7959 0.6025
vn 0.0820 -0.8276 0.5552
vn 0.1065 -0.7879 0.6065
vn -0.2606 -0.7575 0.5986
vn -0.2461 -0.7694 0.5895
vn -0.2125 -0.7649 0.6081
vn -0.2178 -0.7544 0.6192
vn -0.0650 -0.8173 0.5726
vn -0.0676 -0.7998 0.5964
vn -0.2088 -0.7462 0.6322
vn 0.1406 -0.7090 0.6910
vn -0.2735 -0.7301 0.6262
vn 0.2040 -0.6089 0.7665
vn -0.2715 -0.7061 0.6540
vn -0.1814 -0.7514 0.6344
vn -0.2029 -0.7019 0.6828
vn -0.0524 -0.7579 0.6503
vn 0.2756 -0.5583 0.7825
vn -0.2484 -0.7013 0.6682
vn 0.3705 -0.4904 0.7888
vn -0.1963 -0.6970 0.6897
vn -0.3141 -0.6773 0.6653
vn -0.2699 -0.6784 0.6833
vn -0.1116 -0.6422 0.7584
vn -0.0902 -0.6527 0.7522
vn -0.0077 -0.6694 0.7429
vn 0.6351 -0.2982 0.7125
vn 0.7011 -0.3024 0.6458
vn 0.0273 -0.6886 0.7246
vn 0.4991 -0.3784 0.7796
vn -0.1134 -0.6798 0.7246
vn -0.3159 -0.6857 0.6558
vn -0.2880 -0.7159 0.6361
vn -0.1406 -0.6809 0.7187
vn -0.1198 -0.6656 0.7366
vn -0.2034 -0.7133 0.6707
vn -0.0990 -0.7817 0.6158
vn -0.1171 -0.7366 0.6661
vn -0.2088 -0.6832 0.6998
vn -0.4434 -0.6693 0.5962
vn -0.4833 -0.6139 0.6242
vn -0.1897 -0.6258 0.7566
vn -0.2301 -0.6640 0.7115
vn -0.4740 -0.5710 0.6702
vn -0.8880 0.2067 -0.4107
vn -0.9864 -0.1609 0.0329
vn -0.9746 -0.2201 0.0416
vn -0.9996 -0.0273 -0.0008
vn -0.1899 -0.7742 0.6038
vn -0.1529 -0.7511 0.6422
vn -0.5394 -0.6499 0.5354
vn -0.5789 -0.6776 0.4535
vn -0.8716 0.2209 -0.4377
vn -0.9675 -0.2410 -0.0772
vn -0.9511 -0.3081 0.0226
vn -0.8726 0.1409 -0.4676
vn -0.5963 -0.6329 0.4939
vn -0.2129 -0.7945 0.5687
vn -0.2563 -0.7501 0.6096
vn -0.8308 0.2670 -0.4883
vn -0.8400 0.2626 -0.4747
vn -0.7666 0.2464 -0.5930
vn -0.9049 0.0267 -0.4248
vn -0.7696 0.1922 -0.6089
vn -0.7540 0.2503 -0.6073
vn -0.7067 0.2968 -0.6423
vn -0.6896 0.3365 -0.6413
vn -0.7827 0.2693 -0.5611
vn -0.8078 0.2943 -0.5107
vn -0.9403 -0.2525 0.2284
vn -0.9878 0.0283 -0.1532
vn -0.9668 -0.0010 -0.2557
vn -0.9364 -0.3154 0.1537
vn -0.6458 -0.5714 0.5064
vn -0.8705 0.1630 -0.4644
vn -0.8726 0.2075 -0.4421
vn -0.6799 0.3856 -0.6238
vn -0.7234 0.3558 -0.5918
vn -0.7200 0.4503 -0.5280
vn -0.7045 0.4364 -0.5597
vn -0.2928 -0.7052 0.6457
vn -0.2612 -0.6948 0.6701
vn -0.6918 -0.5418 0.4774
vn -0.8820 0.2649 -0.3898
vn -0.8821 0.2313 -0.4104
vn -0.9925 0.0108 -0.1218
vn -0.9934 0.0020 -0.1143
vn -0.9470 -0.2342 0.2197
vn -0.9475 -0.2742 0.1642
vn -0.7122 -0.5396 0.4491
vn -0.2423 -0.6658 0.7057
vn -0.2472 -0.6126 0.7508
vn -0.7107 -0.5203 0.4734
vn -0.9536 -0.2548 0.1604
vn -0.9597 -0.2000 0.1976
vn -0.9926 0.1087 -0.0534
vn -0.9949 0.0464 -0.0900
vn -0.8706 0.3637 -0.3315
vn -0.8707 0.4154 -0.2632
vn -0.7967 0.4623 -0.3893
vn -0.7329 0.5083 -0.4521
vn -0.7615 0.3935 -0.5151
vn -0.8128 0.3336 -0.4776
vn -0.9784 0.2041 -0.0320
vn -0.9857 0.1684 -0.0045
vn -0.9567 -0.1404 0.2549
vn -0.6985 -0.4884 0.5231
vn -0.6757 -0.4710 0.5670
vn -0.9582 -0.1413 0.2489
vn -0.2535 -0.5918 0.7652
vn -0.1550 -0.7019 0.6952
vn -0.2851 -0.6360 0.7171
vn -0.9193 0.3731 -0.1252
vn -0.8752 0.4332 -0.2153
vn -0.2422 -0.7592 0.6041
vn -0.2357 -0.7870 0.5701
vn -0.2121 -0.7252 0.6550
vn -0.8458 0.2718 -0.4591
vn -0.8689 0.3309 -0.3680
vn -0.8735 0.2015 -0.4431
vn -0.3712 -0.6707 0.6422
vn -0.5589 -0.6576 0.5052
vn -0.6818 -0.4889 0.5442
vn -0.9161 0.1972 -0.3490
vn -0.9158 0.3230 -0.2386
vn -0.9898 0.1194 -0.0777
vn -0.9481 0.1758 -0.2649
vn -0.9937 0.0007 -0.1123
vn -0.9578 -0.2198 0.1852
vn -0.7219 -0.5204 0.4561
vn -0.9282 -0.3242 0.1825
vn -0.2463 -0.7977 0.5504
vn -0.2571 -0.8085 0.5294
vn -0.5796 -0.6778 0.4525
vn -0.8965 0.1254 -0.4249
vn -0.9423 0.0832 -0.3243
vn -0.9264 0.0701 -0.3701
vn -0.9656 0.0136 -0.2595
vn -0.9631 0.0768 -0.2578
vn -0.9924 -0.0757 -0.0971
vn -0.9793 0.0347 -0.1992
vn -0.9934 -0.0980 -0.0589
vn -0.9019 -0.3898 0.1861
vn -0.8945 -0.4072 0.1847
vn -0.6048 -0.6882 0.4007
vn -0.5901 -0.6909 0.4176
vn -0.2912 -0.8059 0.5154
vn 0.1970 -0.7858 0.5863
vn -0.3387 -0.8144 0.4713
vn -0.6455 -0.6541 0.3943
vn -0.9625 0.0433 -0.2677
vn -0.9854 -0.0564 -0.1608
vn -0.9630 0.0523 -0.2643
vn -0.9825 -0.1434 -0.1191
vn -0.9886 -0.0154 -0.1495
vn -0.9925 -0.1113 -0.0507
vn -0.9865 -0.1260 -0.1044
vn -0.9860 -0.1600 -0.0463
vn -0.9017 -0.3971 0.1710
vn -0.9216 -0.3621 0.1399
vn -0.9465 0.0538 -0.3182
vn -0.9075 0.0340 -0.4187
vn -0.9709 -0.1880 -0.1481
vn -0.6481 -0.0744 -0.7579
vn -0.8975 0.0341 -0.4397
vn -0.7225 0.2853 -0.6298
vn -0.8746 0.2639 -0.4068
vn -0.8798 0.0968 -0.4653
vn -0.9215 0.1460 -0.3599
vn -0.9502 0.0987 -0.2955
vn -0.8653 0.3237 -0.3828
vn -0.6193 0.7662 -0.1717
vn -0.4324 0.8085 0.3993
vn -0.6851 0.6968 -0.2121
vn -0.9679 -0.0184 -0.2505
vn -0.9643 -0.1109 0.2406
vn -0.3735 -0.5513 0.7461
vn -0.5219 -0.7137 0.4672
vn -0.9970 0.0366 -0.0683
vn -0.8394 0.3024 -0.4517
vn -0.8793 0.3748 -0.2940
vn -0.9787 0.2045 -0.0181
vn -0.8434 -0.1892 0.5028
vn -0.2474 -0.3111 0.9176
vn -0.7845 -0.1119 0.6099
vn -0.9718 0.0776 0.2228
vn -0.9536 0.0065 0.3009
vn -0.8487 -0.1182 0.5155
vn -0.6708 0.2166 0.7093
vn -0.3418 -0.0121 0.9397
vn -0.5668 0.6261 -0.5354
vn -0.6045 0.6870 -0.4031
vn -0.4536 0.8127 -0.3657
vn -0.5262 0.8439 -0.1050
vn -0.6379 0.7175 -0.2797
vn -0.5364 0.7664 -0.3534
vn -0.4765 0.7496 -0.4593
vn -0.3875 0.7544 -0.5299
vn -0.4119 0.4578 -0.7879
vn -0.2811 0.6951 -0.6616
vn -0.2631 0.6473 -0.7154
vn -0.2839 0.7110 -0.6433
vn -0.2095 0.6568 -0.7244
vn -0.2474 0.5699 -0.7836
vn -0.3835 0.3786 -0.8424
vn -0.3762 0.3184 -0.8701
vn -0.2431 0.4880 -0.8383
vn -0.1177 0.6089 -0.7845
vn -0.0856 0.6130 -0.7854
vn -0.2463 0.4883 -0.8372
vn -0.3986 0.2591 -0.8798
vn -0.6274 -0.1334 -0.7672
vn -0.5435 0.1775 -0.8205
vn -0.5106 0.1098 -0.8528
vn -0.4955 0.0209 -0.8684
vn -0.5733 -0.2456 -0.7817
vn -0.4837 -0.6929 -0.5347
vn -0.1872 -0.9794 -0.0755
vn -0.3350 -0.9398 -0.0678
vn -0.6297 -0.5415 -0.5570
vn -0.5530 -0.4498 -0.7014
vn -0.3337 -0.8779 -0.3434
vn -0.5554 -0.0680 -0.8288
vn -0.4802 0.2326 -0.8458
vn -0.7050 -0.1298 -0.6973
vn -0.6125 -0.6796 -0.4037
vn -0.8000 -0.5781 -0.1603
vn -0.8323 -0.0074 -0.5543
vn -0.6693 0.2241 -0.7084
vn -0.7373 0.3414 -0.5830
vn -0.9050 -0.2961 -0.3054
vn -0.0187 -0.8158 0.5780
vn -0.2161 -0.8819 0.4190
vn -0.0631 -0.9076 0.4151
vn -0.5246 -0.8485 -0.0694
vn 0.0573 -0.9283 0.3673
vn 0.0044 -0.8771 0.4803
vn -0.9459 -0.2609 -0.1929
vn -0.9621 -0.2695 -0.0418
vn -0.9561 -0.2913 0.0313
vn -0.9114 -0.4103 -0.0315
vn -0.8010 -0.5756 0.1646
vn -0.4109 -0.8526 0.3230
vn -0.4132 -0.8543 0.3153
vn 0.2650 -0.7711 0.5790
vn -0.9067 -0.4217 0.0002
vn -0.9203 -0.3758 0.1083
vn -0.9122 -0.4082 -0.0366
vn -0.2826 -0.9571 0.0646
vn 0.3238 -0.7541 0.5713
vn 0.1638 -0.9325 0.3219
vn -0.6680 -0.6823 -0.2970
vn -0.8461 -0.5254 -0.0897
vn -0.8621 -0.5067 0.0052
vn -0.4800 -0.7064 0.5202
vn -0.9140 -0.4006 0.0646
vn -0.7791 -0.5313 0.3327
vn -0.3918 -0.9175 0.0678
vn 0.0164 -0.9447 0.3276
vn -0.1086 -0.9917 -0.0690
vn 0.0423 -0.9493 0.3114
vn 0.1147 -0.9508 0.2877
vn -0.0357 -0.9559 0.2916
vn -0.9166 0.2312 -0.3261
vn -0.8950 -0.0471 -0.4435
vn -0.7630 -0.1230 -0.6345
vn -0.8342 -0.4640 -0.2980
vn -0.3832 -0.9104 -0.1562
vn -0.8260 -0.4336 -0.3601
vn -0.9591 0.0724 -0.2735
vn -0.9797 0.0029 -0.2004
vn -0.9467 -0.1204 -0.2986
vn -0.9364 0.0564 -0.3463
vn -0.9308 0.0768 -0.3573
vn -0.8874 -0.3280 -0.3241
vn -0.8664 -0.2333 -0.4416
vn -0.9264 -0.1073 -0.3609
vn -0.9108 -0.3873 -0.1431
vn -0.3271 -0.4337 -0.8396
vn -0.6934 0.0902 -0.7149
vn -0.3834 0.2061 -0.9003
vn -0.6673 0.6687 -0.3280
vn -0.5720 0.7199 -0.3932
vn 0.0406 -0.8141 0.5793
vn 0.1083 -0.9897 0.0939
vn 0.3999 -0.9123 0.0884
vn 0.3555 -0.7571 0.5481
vn -0.1222 -0.0810 0.9892
vn 0.0500 0.0814 0.9954
vn -0.2726 0.5046 0.8192
vn -0.5515 0.7692 0.3228
vn -0.5495 0.1939 0.8127
vn -0.6386 0.7579 -0.1331
vn -0.7666 0.6287 -0.1306
vn 0.1822 -0.3479 0.9197
vn -0.0903 -0.4509 0.8880
vn -0.7388 -0.6476 0.1867
vn -0.4111 -0.7978 0.4409
vn -0.5325 -0.3559 0.7679
vn -0.7917 0.5244 0.3133
vn -0.9484 0.0934 -0.3029
vn -0.6798 -0.5955 -0.4282
vn -0.9373 -0.1114 0.3301
vn -0.3115 -0.9390 -0.1459
vn -0.1286 0.3558 -0.9257
vn -0.6301 0.5923 -0.5022
vn 0.2512 -0.4041 -0.8795
vn -0.3701 -0.4011 -0.8379
vn -0.9077 -0.1959 -0.3711
vn -0.0911 -0.8413 -0.5329
vn -0.7941 0.6070 -0.0296
vn -0.4384 0.8963 -0.0674
vn -0.2774 0.9477 0.1579
vn -0.4053 -0.9117 0.0669
vn -0.6979 -0.4571 -0.5513
vn -0.7595 -0.3343 -0.5580
vn -0.4687 -0.8710 0.1471
vn -0.8172 0.0411 -0.5749
vn -0.8580 0.1453 -0.4926
vn -0.8092 -0.0147 -0.5874
vn -0.7270 0.0127 -0.6865
vn -0.7407 -0.4429 -0.5053
vn -0.6403 -0.3783 -0.6685
vn -0.6988 -0.0455 -0.7138
vn -0.6623 -0.1681 -0.7302
vn -0.6905 -0.3350 -0.6411
vn -0.7052 -0.4029 -0.5834
vn -0.6846 -0.0107 -0.7289
vn -0.7627 -0.1675 -0.6247
vn -0.6549 -0.3846 -0.6505
vn -0.9170 0.0988 -0.3865
vn -0.9284 -0.1651 -0.3330
vn -0.9346 0.0348 -0.3541
vn -0.9141 0.1098 -0.3904
vn -0.8991 -0.2702 -0.3443
vn -0.7122 -0.4837 -0.5087
vn -0.8135 -0.1168 -0.5697
vn -0.4037 -0.8645 -0.2994
vn -0.5844 -0.6791 -0.4442
vn -0.5844 -0.6673 -0.4617
vn -0.6089 -0.7377 -0.2916
vn -0.9109 0.2130 -0.3533
vn -0.9575 -0.0415 -0.2855
vn -0.5763 -0.7914 -0.2036
vn -0.3661 -0.8979 -0.2446
vn -0.6292 -0.6676 -0.3979
vn -0.5625 0.6402 -0.5233
vn -0.5248 0.6091 -0.5946
vn -0.5254 0.6881 -0.5005
vn -0.4989 0.6386 -0.5860
vn -0.4762 0.5486 -0.6872
vn -0.4181 0.7008 -0.5780
vn -0.9852 -0.1350 -0.1054
vn -0.5082 -0.8246 0.2486
vn -0.9447 -0.2892 -0.1548
vn -0.8377 -0.4802 -0.2599
vn -0.4155 -0.8951 0.1617
vn -0.2883 -0.9321 0.2193
vn -0.1391 -0.8807 0.4527
vn -0.7186 -0.6668 -0.1977
vn -0.5596 -0.8283 -0.0294
vn -0.0386 -0.8228 0.5671
vn -0.1413 -0.9093 0.3915
vn -0.1569 -0.9394 0.3048
vn -0.5925 -0.8052 0.0224
vn -0.6382 -0.7630 0.1027
vn -0.1841 -0.8704 0.4566
vn -0.6845 -0.7272 0.0510
vn -0.2549 -0.8594 0.4433
vn -0.6616 -0.7492 -0.0321
vn -0.4614 0.5763 -0.6745
vn -0.2895 0.6831 -0.6705
vn -0.2793 0.6832 -0.6747
vn -0.3045 0.6282 -0.7160
vn -0.2569 0.6772 -0.6895
vn -0.4170 0.5681 -0.7095
vn -0.7486 -0.0252 -0.6626
vn -0.8067 -0.4268 -0.4087
vn -0.8447 -0.4327 -0.3152
vn -0.6580 -0.7440 0.1162
vn -0.8746 -0.4265 -0.2307
vn -0.8072 -0.0140 -0.5901
vn -0.3284 0.7069 -0.6265
vn -0.5150 0.5890 -0.6228
vn -0.3517 0.6397 -0.6834
vn -0.8491 -0.4275 -0.3103
vn -0.8815 -0.4182 -0.2192
vn -0.8800 -0.0074 -0.4749
vn -0.8882 -0.0043 -0.4594
vn -0.8605 0.0033 -0.5095
vn -0.5783 0.3204 -0.7503
vn -0.5724 0.2589 -0.7780
vn -0.4341 0.5442 -0.7179
vn -0.6903 -0.0558 -0.7213
vn -0.6729 0.3708 -0.6401
vn -0.4121 0.5613 -0.7177
vn -0.6232 0.3506 -0.6991
vn -0.7372 -0.4515 -0.5027
vn -0.7380 0.3866 -0.5531
vn -0.6983 0.3674 -0.6144
vn 0.7823 -0.3014 0.5451
vn 0.7535 -0.3384 0.5637
vn 0.7696 -0.3736 0.5179
vn 0.7665 -0.3429 0.5431
vn 0.6003 -0.5235 0.6046
vn 0.5769 -0.5340 0.6181
vn 0.5809 -0.5602 0.5905
vn 0.5927 -0.5246 0.6112
vn 0.5719 -0.5263 0.6292
vn 0.5693 -0.6023 0.5595
vn 0.5434 -0.6413 0.5418
vn 0.5583 -0.5449 0.6256
vn 0.7840 -0.2578 0.5647
vn 0.3967 -0.6469 0.6512
vn 0.4174 -0.6147 0.6693
vn 0.5343 -0.5605 0.6327
vn 0.4526 -0.6782 0.5790
vn 0.3555 -0.7113 0.6063
vn 0.3914 -0.7005 0.5968
vn 0.9125 -0.3910 -0.1203
vn 0.6890 -0.6354 0.3486
vn 0.9131 -0.1444 -0.3812
vn 0.8576 0.0066 -0.5143
vn 0.9093 -0.4157 -0.0209
vn 0.6415 -0.6447 0.4157
vn -0.3543 0.7025 -0.6172
vn -0.4164 0.6687 -0.6160
vn -0.4116 0.6368 -0.6519
vn -0.4330 0.6289 -0.6457
vn -0.4323 0.5299 -0.7296
vn -0.3655 0.6390 -0.6768
vn -0.4891 0.6515 -0.5800
vn -0.4960 0.5848 -0.6418
vn -0.5227 0.5655 -0.6380
vn -0.5723 0.5263 -0.6289
vn -0.4982 0.6155 -0.6107
vn -0.4806 0.6147 -0.6255
vn -0.5024 0.6626 -0.5555
vn -0.3620 0.7404 -0.5663
vn -0.3018 0.6917 -0.6561
vn -0.5680 0.5480 -0.6140
vn -0.5519 0.5638 -0.6144
vn -0.5808 0.5504 -0.5998
vn -0.5544 0.5956 -0.5814
vn -0.5622 0.5734 -0.5960
vn -0.5789 0.5538 -0.5985
vn -0.4558 0.5943 -0.6626
vn -0.5699 0.5760 -0.5861
vn -0.4837 0.4269 -0.7640
vn -0.1640 0.6619 -0.7314
vn -0.2723 0.5049 -0.8191
vn 0.0521 0.7088 -0.7035
vn -0.4738 0.6403 -0.6046
vn -0.2261 0.7040 -0.6733
vn -0.1228 0.7395 -0.6618
vn -0.4823 0.3761 -0.7911
vn -0.4833 0.4088 -0.7742
vn -0.4654 0.6818 -0.5644
vn -0.5411 0.7282 -0.4208
vn -0.4199 0.9035 -0.0860
vn -0.2904 0.9537 0.0785
vn -0.3312 0.9051 -0.2668
vn -0.3093 0.6282 -0.7139
vn -0.4269 0.4239 -0.7988
vn -0.5252 0.3992 -0.7515
vn -0.5548 0.4721 -0.6850
vn -0.5550 0.5060 -0.6602
vn -0.5780 0.7117 -0.3992
vn -0.5251 0.4288 -0.7351
vn -0.4904 0.6589 -0.5704
vn -0.4225 0.3508 -0.8357
vn -0.3844 0.3643 -0.8483
vn -0.4303 0.4806 -0.7641
vn -0.3788 0.2447 -0.8925
vn -0.3638 0.2959 -0.8832
vn -0.3924 0.4146 -0.8210
vn 0.3928 -0.8484 0.3549
vn 0.4253 -0.8041 0.4154
vn 0.5319 -0.7736 0.3445
vn 0.5220 -0.4530 0.7227
vn 0.5748 -0.3787 0.7254
vn 0.6073 -0.7433 0.2805
vn 0.4988 -0.8267 0.2603
vn 0.7939 -0.2551 0.5519
vn 0.5586 -0.7143 0.4216
vn 0.5240 -0.6619 0.5361
vn 0.4966 -0.8525 0.1634
vn 0.7870 -0.5195 0.3329
vn 0.4488 -0.8917 -0.0593
vn 0.4196 0.0117 0.9076
vn 0.5380 -0.2231 0.8129
vn 0.5124 -0.2203 0.8300
vn 0.5315 -0.3358 0.7777
vn 0.4401 -0.1088 0.8913
vn 0.4451 -0.0193 0.8953
vn 0.4492 0.1826 0.8746
vn 0.4755 -0.8794 0.0237
vn 0.6174 -0.7845 0.0585
vn 0.7122 -0.7014 -0.0264
vn 0.5225 -0.8342 0.1764
vn 0.4753 -0.2649 0.8390
vn 0.5998 -0.7087 0.3715
vn 0.4846 -0.1297 0.8651
vn 0.6363 -0.4056 0.6562
vn 0.5639 -0.5141 0.6463
vn 0.4238 -0.0203 0.9055
vn 0.5820 -0.0994 0.8071
vn 0.7860 -0.3196 0.5292
vn 0.8595 -0.2111 0.4655
vn 0.5618 -0.6628 0.4951
vn 0.8446 -0.3136 0.4339
vn 0.6702 -0.5920 0.4477
vn 0.9586 -0.1644 0.2325
vn 0.7969 -0.3490 0.4930
vn 0.7248 -0.5629 0.3972
vn 0.8089 -0.3066 0.5016
vn 0.7999 -0.4387 0.4094
vn 0.7357 -0.5420 0.4062
vn 0.7346 -0.3401 0.5871
vn 0.7635 -0.3588 0.5370
vn 0.7864 -0.2852 0.5479
vn 0.3997 -0.9031 0.1572
vn 0.4312 -0.8690 0.2427
vn 0.6046 -0.7305 0.3176
vn 0.6338 -0.7371 0.2347
vn 0.4190 -0.8061 0.4179
vn 0.5680 -0.7278 0.3843
vn 0.5637 -0.6147 0.5517
vn 0.3117 -0.2416 0.9189
vn 0.3870 0.0705 0.9194
vn 0.5930 -0.2722 0.7578
vn 0.5851 -0.6932 0.4209
vn 0.6378 -0.5858 0.5000
vn 0.6704 -0.6581 0.3427
vn 0.7589 -0.4695 0.4513
vn 0.7360 -0.3679 0.5682
vn 0.7465 -0.2025 0.6339
vn 0.7518 -0.3729 0.5439
vn 0.7434 -0.2926 0.6014
vn 0.7459 -0.6182 0.2480
vn 0.7213 -0.5567 0.4120
vn 0.7868 -0.5530 0.2742
vn 0.8883 -0.4460 0.1093
vn 0.7177 -0.2060 0.6652
vn 0.8902 -0.1000 0.4445
vn 0.4826 0.4012 0.7786
vn 0.7063 -0.3494 0.6157
vn 0.7146 -0.3725 0.5921
vn 0.7512 -0.5618 0.3465
vn 0.7056 -0.7010 0.1036
vn 0.7361 -0.6751 0.0487
vn 0.7260 -0.6508 -0.2222
vn 0.6637 -0.6934 -0.2805
vn 0.7300 -0.6819 -0.0473
vn 0.7794 -0.5521 0.2962
vn 0.6865 -0.5582 -0.4660
vn 0.6794 -0.7302 0.0714
vn 0.7932 -0.5293 -0.3011
vn 0.7104 -0.3848 -0.5893
vn 0.5847 -0.5208 -0.6220
vn 0.6068 -0.6785 -0.4139
vn 0.7578 -0.5735 -0.3112
vn 0.6974 -0.4031 -0.5926
vn 0.9118 -0.0191 -0.4101
vn 0.9648 -0.2609 -0.0322
vn 0.9063 -0.1433 0.3976
vn 0.9774 0.1327 0.1648
vn 0.8023 0.4752 0.3613
vn 0.8508 -0.4735 0.2280
vn 0.8930 0.4117 -0.1818
vn 0.6442 0.7593 0.0921
vn 0.5394 -0.5784 -0.6119
vn 0.3702 -0.3218 -0.8714
vn 0.5395 -0.1164 -0.8339
vn 0.2650 0.0551 -0.9627
vn 0.2917 0.3029 -0.9073
vn 0.6683 0.2279 -0.7081
vn 0.6378 0.5625 -0.5261
vn 0.2627 0.5559 -0.7886
vn 0.3984 0.8719 -0.2848
vn 0.0914 0.6057 -0.7905
vn -0.0055 0.8588 -0.5123
vn 0.1583 0.3746 -0.9136
vn -0.0805 0.6021 -0.7943
vn -0.0620 0.9164 -0.3954
vn -0.5555 0.7760 -0.2986
vn -0.4759 0.8780 0.0512
vn -0.5126 0.8559 -0.0680
vn -0.5434 0.8152 -0.2003
vn -0.5124 0.8450 -0.1532
vn -0.5262 0.8310 -0.1806
vn -0.5731 0.5741 -0.5847
vn -0.5572 0.6158 -0.5571
vn -0.5603 0.5664 -0.6044
vn -0.4586 0.5852 -0.6687
vn -0.4671 0.3215 -0.8237
vn -0.1170 0.6020 -0.7898
vn -0.0341 0.5320 -0.8461
vn -0.2850 0.2153 -0.9340
vn -0.4038 0.9136 -0.0484
vn -0.4610 0.6545 -0.5993
vn -0.4358 0.4077 -0.8024
vn -0.4095 0.8620 -0.2986
vn -0.4484 0.5531 -0.7022
vn -0.3600 0.4318 -0.8270
vn -0.3506 0.7130 -0.6072
vn -0.3144 0.8997 -0.3029
vn -0.4258 0.2268 -0.8759
vn -0.3516 0.2074 -0.9129
vn -0.4683 0.1960 -0.8615
vn -0.3686 -0.0502 -0.9282
vn -0.2445 -0.0464 -0.9685
vn -0.3418 0.0734 -0.9369
vn -0.2744 -0.0507 -0.9603
vn -0.1835 -0.0822 -0.9796
vn -0.1659 0.2788 -0.9459
vn -0.0007 0.5794 -0.8150
vn -0.2345 0.3721 -0.8981
vn -0.2963 0.1685 -0.9401
vn -0.0523 0.6392 -0.7673
vn -0.0584 0.5751 -0.8160
vn -0.4416 0.0652 -0.8948
vn -0.3407 0.6084 -0.7168
vn -0.2192 0.5402 -0.8125
vn -0.2682 -0.0454 -0.9623
vn -0.5170 0.2844 -0.8073
vn -0.2742 0.7426 -0.6111
vn -0.2620 0.6953 -0.6693
vn -0.2216 0.6785 -0.7004
vn -0.4233 0.4885 -0.7630
vn -0.4218 0.5408 -0.7278
vn -0.3781 0.4515 -0.8082
vn -0.2846 0.5903 -0.7554
vn -0.2918 0.7713 -0.5657
vn -0.1726 0.8698 -0.4622
vn -0.2064 0.7146 -0.6684
vn -0.1547 0.9317 -0.3287
vn -0.0990 0.5977 -0.7956
vn -0.1143 0.6810 -0.7234
vn -0.1155 0.3384 -0.9339
vn -0.2195 0.5116 -0.8307
vn -0.2833 0.4236 -0.8604
vn -0.3217 0.4445 -0.8360
vn -0.2198 0.3827 -0.8973
vn -0.3277 0.4095 -0.8514
vn -0.1603 0.3426 -0.9257
vn -0.0397 0.3547 -0.9341
vn -0.0736 0.4587 -0.8855
vn -0.2535 0.4692 -0.8459
vn -0.2947 0.4875 -0.8219
vn -0.3808 0.5868 -0.7146
vn -0.4920 0.6728 -0.5525
vn -0.3488 0.5082 -0.7874
vn -0.1366 0.3355 -0.9321
vn -0.2102 0.4356 -0.8753
vn -0.0725 0.3321 -0.9404
vn -0.0266 0.3251 -0.9453
vn 0.0089 0.1535 -0.9881
vn -0.0286 0.1752 -0.9841
vn -0.0284 0.3167 -0.9481
vn -0.1670 0.3683 -0.9146
vn -0.0194 0.0942 -0.9954
vn -0.5150 0.6153 -0.5968
vn -0.5130 0.5324 -0.6734
vn -0.2373 0.2782 -0.9307
vn -0.2563 0.3440 -0.9033
vn -0.0169 0.1141 -0.9933
vn -0.4261 0.4038 -0.8096
vn -0.4936 0.4227 -0.7600
vn -0.4187 0.4056 -0.8125
vn -0.4913 0.4604 -0.7394
vn -0.4123 0.4399 -0.7978
vn -0.4762 0.4913 -0.7293
vn -0.3535 0.4488 -0.8208
vn -0.4188 0.4635 -0.7809
vn -0.1626 0.2751 -0.9476
vn -0.1822 0.2609 -0.9480
vn -0.1389 0.2235 -0.9648
vn -0.0896 0.2346 -0.9680
vn -0.3753 0.4526 -0.8089
vn -0.5498 0.5951 -0.5862
vn -0.5973 0.5680 -0.5662
vn -0.4504 0.3367 -0.8269
vn -0.5271 0.4337 -0.7308
vn -0.5429 0.4817 -0.6879
vn -0.5349 0.4072 -0.7404
vn -0.5758 0.4832 -0.6595
vn -0.5274 0.5199 -0.6720
vn -0.4318 0.4652 -0.7727
vn -0.5721 0.5231 -0.6317
vn -0.4752 0.4637 -0.7478
vn -0.1633 0.2702 -0.9489
vn -0.2287 0.2955 -0.9276
vn -0.1766 0.0832 -0.9808
vn -0.2556 0.1563 -0.9541
vn -0.1566 0.1026 -0.9823
vn -0.3968 0.4177 -0.8174
vn -0.4107 0.4682 -0.7824
vn -0.1022 0.0835 -0.9913
vn -0.2183 0.2022 -0.9547
vn -0.4568 0.5539 -0.6961
vn -0.4699 0.4191 -0.7769
vn -0.3666 0.5671 -0.7375
vn -0.3655 0.6393 -0.6766
vn -0.5288 0.6839 -0.5027
vn 0.6832 -0.5965 0.4213
vn 0.6600 -0.6722 0.3354
vn 0.5900 -0.7588 0.2761
vn 0.5176 -0.7193 0.4634
vn 0.5589 -0.5276 0.6397
vn 0.5534 -0.4329 0.7116
vn 0.7415 -0.6192 0.2582
vn 0.6923 -0.6115 0.3832
vn 0.7440 -0.6100 0.2726
vn 0.7520 -0.5314 0.3901
vn 0.6096 -0.4737 0.6356
vn 0.5973 -0.4406 0.6701
vn 0.7331 -0.5020 0.4588
vn 0.8037 -0.5691 0.1738
vn 0.5183 -0.2483 0.8184
vn 0.5699 -0.3963 0.7198
vn 0.5710 -0.3613 0.7372
vn 0.6139 -0.4184 0.6694
vn 0.5743 -0.4913 0.6548
vn 0.4964 -0.4315 0.7533
vn 0.6720 -0.5814 0.4586
vn 0.7054 -0.5795 0.4081
vn 0.7987 -0.5867 0.1335
vn 0.8074 -0.5540 0.2028
vn 0.8007 -0.5982 -0.0317
vn 0.7853 -0.6082 0.1155
vn 0.7430 -0.5503 0.3810
vn 0.7018 -0.5491 0.4538
vn 0.6644 -0.4977 0.5576
vn 0.5917 -0.4964 0.6352
vn 0.6254 -0.5447 0.5587
vn 0.7559 -0.5383 0.3726
vn 0.6774 -0.5599 0.4772
vn 0.7190 -0.3869 0.5774
vn 0.5735 -0.3308 0.7495
vn 0.5519 -0.1602 0.8184
vn 0.7086 -0.2923 0.6422
vn 0.7489 -0.4313 0.5031
vn 0.7332 0.2069 0.6478
vn 0.7742 -0.0246 0.6325
vn 0.6591 0.0798 0.7478
vn 0.5976 0.2850 0.7495
vn 0.6276 -0.0559 0.7765
vn 0.7401 -0.3470 0.5761
vn 0.6903 -0.5362 0.4859
vn 0.5541 -0.4284 0.7138
vn 0.5796 -0.4681 0.6670
vn 0.7514 -0.6398 0.1615
vn 0.7604 -0.2887 0.5818
vn 0.7718 0.1040 0.6273
vn 0.7722 -0.1000 0.6274
vn 0.7008 -0.4550 0.5494
vn 0.7886 0.0969 0.6072
vn 0.9270 -0.1251 0.3537
vn 0.9296 -0.3379 0.1472
vn 0.7503 0.0170 0.6609
vn 0.7224 -0.0449 0.6901
vn 0.7131 -0.2350 0.6605
vn 0.7316 0.1596 0.6628
vn 0.6870 -0.5273 0.5000
vn 0.8412 -0.4518 0.2971
vn 0.7661 -0.1796 0.6171
vn 0.7883 -0.1008 0.6070
vn 0.6800 -0.4040 0.6119
vn 0.7701 -0.6378 -0.0146
vn 0.7942 -0.6065 -0.0371
vn 0.7964 -0.5891 0.1365
vn 0.0836 -0.1396 0.9867
vn 0.2432 -0.0638 0.9679
vn 0.3807 -0.2932 0.8770
vn 0.3026 -0.2709 0.9138
vn 0.2278 -0.2298 0.9462
vn 0.0598 -0.0893 0.9942
vn 0.1476 -0.1117 0.9827
vn 0.4274 -0.3270 0.8429
vn 0.2027 -0.2013 0.9583
vn 0.3160 -0.2516 0.9148
vn 0.1984 -0.1577 0.9673
vn 0.5071 -0.3763 0.7754
vn 0.4274 -0.3306 0.8414
vn 0.1510 -0.1933 0.9695
vn 0.1357 -0.4053 0.9040
vn -0.0208 -0.2050 0.9785
vn 0.1391 -0.1819 0.9734
vn 0.3943 -0.4024 0.8262
vn 0.2917 -0.3817 0.8770
vn 0.3765 -0.3829 0.8436
vn 0.4436 -0.4181 0.7927
vn 0.4953 -0.3760 0.7831
vn 0.0160 -0.1963 0.9804
vn 0.0373 -0.2531 0.9667
vn 0.0850 -0.3012 0.9498
vn 0.1120 -0.2493 0.9619
vn 0.1692 -0.3498 0.9214
vn 0.2152 -0.4079 0.8873
vn 0.0747 -0.3109 0.9475
vn -0.5822 0.6457 -0.4941
vn -0.5670 0.6556 -0.4988
vn -0.5736 0.6560 -0.4906
vn -0.5074 0.4161 -0.7546
vn -0.6522 0.5816 -0.4863
vn -0.6040 0.6889 -0.4008
vn -0.7043 0.6570 -0.2689
vn -0.6658 0.5607 -0.4923
vn -0.6628 0.5802 -0.4735
vn -0.7632 0.4611 -0.4527
vn -0.7206 0.4094 -0.5596
vn -0.6671 0.6654 -0.3350
vn -0.5532 0.7141 -0.4290
vn -0.5248 0.7241 -0.4475
vn -0.5712 0.7469 -0.3404
vn -0.6134 0.6792 -0.4030
vn -0.6553 0.7132 -0.2487
vn -0.6943 0.6941 -0.1902
vn -0.6465 0.6553 -0.3906
vn -0.5282 0.7975 -0.2915
vn -0.4731 0.7308 -0.4920
vn -0.3401 0.7184 -0.6069
vn -0.4418 0.8558 -0.2693
vn -0.6740 0.7355 -0.0698
vn -0.6826 0.7306 -0.0166
vn -0.5784 0.6402 -0.5055
vn -0.5531 0.5908 -0.5874
vn -0.7117 0.6836 -0.1619
vn -0.6621 0.6278 -0.4092
vn -0.5849 0.5310 -0.6131
vn -0.6952 0.6199 -0.3639
vn -0.0268 0.7341 -0.6785
vn -0.3173 0.8270 -0.4642
vn -0.2631 0.5698 -0.7785
vn -0.5319 0.6656 -0.5234
vn 0.2899 -0.3060 0.9068
vn 0.5123 -0.3626 0.7785
vn 0.5838 -0.4244 0.6921
vn 0.4444 -0.3978 0.8026
vn 0.1179 -0.0904 0.9889
vn 0.5132 -0.1393 0.8469
vn 0.3079 0.2273 0.9239
vn 0.2674 0.2268 0.9365
vn 0.2937 0.2153 0.9313
vn 0.3604 -0.0353 0.9321
vn 0.5061 -0.0749 0.8592
vn 0.2737 0.1296 0.9530
vn 0.5143 0.0016 0.8576
vn 0.1640 0.5669 -0.8073
vn 0.3824 0.6517 -0.6551
vn 0.7481 0.1391 -0.6488
vn 0.0492 0.9317 -0.3600
vn 0.3310 0.9146 -0.2322
vn 0.6229 0.6973 -0.3545
vn 0.8693 0.2550 -0.4234
vn 0.5987 0.0160 0.8008
vn 0.7861 0.1269 0.6049
vn 0.4426 0.5797 0.6842
vn 0.4566 0.0058 0.8896
vn 0.1565 0.5880 0.7936
vn 0.7923 -0.4269 0.4358
vn 0.8604 -0.2698 0.4324
vn -0.3000 0.9383 0.1720
vn -0.1485 0.8353 0.5294
vn -0.0171 0.8368 0.5472
vn 0.0310 0.5684 0.8222
vn 0.4047 0.7982 0.4463
vn 0.3603 0.9006 0.2431
vn -0.0771 0.9526 0.2942
vn 0.8913 0.2710 0.3635
vn 0.9081 0.3838 0.1677
vn 0.9248 -0.3221 0.2027
vn -0.0789 0.9964 -0.0296
vn 0.3338 0.9426 -0.0029
vn -0.1957 0.8590 -0.4732
vn -0.3409 0.9329 -0.1160
vn 0.8080 0.5861 -0.0597
vn 0.9888 -0.0668 -0.1331
vn 0.9527 -0.2931 0.0800
vn 0.5791 0.0707 -0.8122
vn 0.9020 -0.3156 -0.2945
vn 0.8622 -0.5035 0.0559
vn 0.8190 -0.3674 -0.4407
vn 0.7777 -0.4354 0.4535
vn 0.8022 -0.5635 0.1973
vn 0.8216 -0.5398 0.1833
vn -0.0846 -0.4487 0.8897
vn 0.1579 -0.5064 0.8477
vn 0.1717 -0.4775 0.8617
vn 0.5484 -0.4878 0.6792
vn 0.7404 -0.4455 0.5033
vn 0.3751 -0.5099 0.7741
vn -0.0520 -0.4542 0.8894
vn -0.2843 -0.3929 0.8745
vn -0.1989 -0.4701 0.8599
vn -0.5852 -0.3222 0.7441
vn -0.5966 -0.2498 0.7626
vn -0.3145 -0.3887 0.8660
vn 0.0161 -0.3595 0.9330
vn 0.2262 -0.3109 0.9231
vn 0.2116 -0.5774 0.7886
vn 0.5299 -0.5480 0.6472
vn 0.4928 -0.5338 0.6872
vn -0.0774 -0.5266 0.8466
vn -0.3177 -0.4628 0.8276
vn -0.6182 -0.2636 0.7405
vn -0.6504 -0.3186 0.6895
vn -0.2124 -0.3092 0.9270
vn 0.3788 0.1808 0.9077
vn 0.3065 0.2355 0.9223
vn 0.4250 -0.1667 0.8897
vn 0.3174 -0.1850 0.9301
vn 0.2049 0.3148 0.9268
vn 0.4232 0.1440 0.8945
vn -0.3919 0.2715 0.8790
vn -0.6359 -0.1887 0.7483
vn -0.9046 0.0464 0.4238
vn -0.7729 0.4215 0.4743
vn -0.7623 0.5877 0.2713
vn -0.7816 0.6235 -0.0182
vn -0.3334 0.7831 0.5249
vn -0.1286 0.7078 0.6946
vn 0.7296 0.0070 0.6838
vn 0.6669 -0.0868 0.7401
vn 0.4943 0.2179 0.8415
vn 0.6635 0.1568 0.7316
vn 0.4837 -0.0830 0.8713
vn 0.6028 -0.0377 0.7970
vn -0.1762 0.6723 0.7190
vn 0.1025 0.3405 0.9346
vn 0.2243 0.2198 0.9494
vn -0.0589 0.6526 0.7554
vn 0.0277 0.3582 0.9332
vn -0.0101 0.2319 0.9727
vn 0.0286 0.7175 0.6960
vn 0.2296 0.5501 0.8029
vn 0.3609 -0.1328 0.9231
vn 0.3821 0.0092 0.9241
vn 0.2030 -0.0934 0.9747
vn 0.1079 -0.1213 0.9867
vn 0.1984 0.5193 0.8312
vn 0.0875 0.7632 0.6402
vn 0.0631 0.6844 0.7264
vn 0.4100 0.3030 0.8603
vn -0.0745 0.1697 0.9827
vn -0.9252 -0.1294 0.3567
vn -0.8897 -0.1745 0.4219
vn -0.9577 -0.0052 0.2876
vn -0.3764 0.5987 -0.7071
vn -0.6108 0.5088 -0.6067
vn -0.7159 0.3712 -0.5914
vn -0.7509 0.6385 -0.1688
vn -0.8561 0.4972 -0.1411
vn -0.9537 0.0045 -0.3007
vn -0.7932 0.3201 -0.5180
vn -0.9155 0.3138 -0.2518
vn -0.4987 0.5208 -0.6928
vn -0.9996 -0.0222 -0.0161
vn -0.6859 0.7074 0.1707
vn -0.9485 -0.1314 0.2882
vn -0.9955 -0.0011 0.0946
vn -0.2992 0.6041 -0.7386
vn -0.1220 0.5691 -0.8132
vn 0.0548 0.5337 -0.8439
vn 0.0015 0.6249 -0.7807
vn -0.8742 -0.1503 0.4617
vn -0.8603 -0.0716 0.5048
vn -0.9395 -0.0021 0.3426
vn -0.9696 0.1702 0.1757
vn -0.9482 0.0920 0.3042
vn -0.9549 0.2880 0.0729
vn -0.8813 0.4200 -0.2167
vn -0.6174 0.5605 -0.5520
vn -0.6696 0.5013 -0.5480
vn -0.5431 0.6062 -0.5810
vn -0.8560 -0.0518 0.5144
vn -0.8713 -0.1064 0.4791
vn -0.9614 0.1397 0.2371
vn -0.3050 0.5367 -0.7867
vn -0.2074 0.5762 -0.7905
vn -0.4735 0.5750 -0.6673
vn -0.8162 0.5091 -0.2730
vn -0.7969 0.4783 -0.3691
vn -0.4657 0.5262 -0.7115
vn -0.9366 0.3382 -0.0919
vn -0.9805 0.1202 0.1552
vn -0.9424 0.3040 -0.1395
vn -0.8014 0.4321 -0.4136
vn -0.8502 -0.2012 0.4866
vn -0.5251 -0.4307 0.7340
vn -0.4988 -0.4669 0.7302
vn -0.8643 -0.2343 0.4450
vn -0.9946 0.0548 0.0881
vn -0.9859 0.0797 0.1474
vn -0.3952 0.4182 -0.8179
vn -0.3204 0.4955 -0.8074
vn -0.5253 0.4882 -0.6969
vn -0.8405 0.3907 -0.3753
vn -0.6961 0.3978 -0.5977
vn -0.8964 0.3355 -0.2896
vn -0.9576 0.2641 -0.1151
vn -0.9616 0.2464 -0.1209
vn -0.8222 -0.0594 0.5661
vn -0.8085 -0.0782 0.5832
vn -0.6235 -0.2433 0.7430
vn -0.6361 -0.1326 0.7601
vn -0.3028 -0.3325 0.8932
vn -0.3176 -0.4229 0.8487
vn -0.5584 -0.2553 0.7893
vn -0.9592 0.1845 0.2141
vn -0.9582 0.1432 0.2476
vn -0.9098 0.3721 -0.1839
vn -0.8533 0.0278 0.5206
vn -0.9548 0.1953 0.2243
vn -0.8902 0.4157 -0.1865
vn -0.3437 0.5541 -0.7582
vn -0.3606 0.5258 -0.7704
vn -0.5655 0.5115 -0.6470
vn -0.5898 0.4954 -0.6378
vn -0.9058 0.3801 -0.1871
vn -0.5646 0.5617 -0.6047
vn 0.0943 -0.9720 0.2150
vn 0.1185 -0.9676 0.2228
vn 0.1437 -0.9698 0.1973
vn 0.3348 -0.6904 0.6413
vn 0.0912 -0.9877 0.1274
vn 0.4023 -0.0503 0.9141
vn 0.3308 0.5340 0.7781
vn 0.2529 -0.7981 0.5468
vn 0.2735 0.4601 0.8447
vn 0.3064 0.6563 0.6895
vn 0.2126 0.5625 0.7990
vn 0.2412 0.2360 0.9413
vn 0.3639 0.2853 0.8867
vn 0.4591 -0.7386 0.4936
vn 0.4466 -0.6699 0.5930
vn 0.4727 -0.6866 0.5525
vn 0.3881 -0.7556 0.5276
vn 0.4345 -0.7106 0.5534
vn 0.4940 -0.6900 0.5290
vn 0.7552 0.6418 -0.1331
vn 0.4836 0.7268 -0.4877
vn 0.8344 0.4064 -0.3724
vn -0.0318 -0.3953 -0.9180
vn 0.2447 -0.2735 -0.9302
vn -0.0211 -0.0021 -0.9998
vn -0.1500 0.0066 -0.9887
vn 0.2793 0.1579 -0.9471
vn 0.7451 -0.0978 -0.6598
vn 0.8355 0.0419 -0.5479
vn 0.4474 0.3517 -0.8223
vn 0.2616 -0.1595 -0.9519
vn 0.4718 -0.3290 -0.8180
vn 0.4658 -0.1301 -0.8753
vn -0.0020 0.0219 -0.9998
vn 0.2848 -0.1635 -0.9445
vn 0.8181 -0.1397 -0.5578
vn 0.3623 0.2565 -0.8961
vn 0.3929 0.0426 -0.9186
vn -0.1561 0.3128 -0.9369
vn 0.7428 -0.3081 -0.5944
vn -0.0630 0.2457 -0.9673
vn 0.2119 0.0484 -0.9761
vn -0.0456 -0.0907 -0.9948
vn 0.1138 0.8222 -0.5578
vn 0.0151 0.9974 -0.0706
vn -0.0716 0.9854 -0.1547
vn 0.3936 0.8888 -0.2348
vn 0.4095 0.9036 0.1258
vn 0.3432 -0.1207 0.9315
vn 0.3726 -0.0291 0.9275
vn 0.0481 0.5310 0.8460
vn 0.7346 -0.4666 0.4926
vn -0.0672 0.8895 0.4520
vn 0.2366 0.9025 0.3598
vn -0.2034 0.9791 -0.0012
vn 0.2108 0.4131 0.8859
vn 0.8253 -0.2655 -0.4984
vn 0.9368 -0.0452 -0.3470
vn 0.4546 0.3332 -0.8260
vn 0.4692 0.0692 -0.8804
vn 0.8572 -0.5146 0.0205
vn 0.8728 -0.4879 0.0095
vn 0.7736 -0.5994 0.2053
vn 0.7197 -0.6534 0.2348
vn 0.8337 -0.2350 0.4997
vn 0.7480 -0.2828 0.6004
vn 0.8459 0.2017 0.4937
vn 0.8486 0.1680 0.5016
vn 0.7442 0.6020 0.2894
vn 0.8356 0.5056 0.2150
vn -0.3908 0.2353 -0.8899
vn -0.4560 0.3582 -0.8147
vn -0.3389 0.4440 -0.8295
vn -0.3525 0.5890 -0.7272
vn -0.3917 0.6025 -0.6954
vn -0.3863 0.5055 -0.7716
vn -0.5478 0.4833 -0.6829
vn -0.6288 0.5836 -0.5138
vn -0.4383 0.6724 -0.5965
vn -0.6332 0.6243 -0.4576
vn -0.3569 0.6640 -0.6571
vn 0.6254 -0.5536 0.5499
vn 0.6491 -0.4913 0.5808
vn 0.6095 -0.5094 0.6075
vn 0.6358 -0.4451 0.6306
vn 0.5155 -0.4507 0.7288
vn 0.4635 -0.5452 0.6985
vn 0.5506 -0.5955 0.5850
vn -0.3232 0.5633 -0.7604
vn -0.3910 0.5730 -0.7203
vn -0.3416 0.6866 -0.6418
vn -0.2859 0.6816 -0.6736
vn -0.1810 0.6626 -0.7268
vn -0.2280 0.5391 -0.8108
vn 0.6911 -0.0203 -0.7224
vn 0.6965 0.0438 -0.7163
vn 0.5790 0.1137 -0.8073
vn 0.8270 -0.1233 -0.5486
vn 0.6550 -0.0146 -0.7555
vn 0.8588 -0.3718 -0.3525
vn 0.6008 0.0708 -0.7963
vn 0.5045 0.1562 -0.8491
vn 0.4364 0.1925 -0.8789
vn 0.6364 -0.0183 -0.7712
vn 0.8274 -0.4002 -0.3940
vn 0.2610 0.1449 -0.9544
vn 0.5534 -0.0955 -0.8274
vn 0.7161 -0.2953 -0.6324
vn 0.6908 -0.7192 -0.0739
vn 0.6208 -0.7132 0.3255
vn 0.3660 -0.8983 0.2432
vn 0.3412 -0.8288 0.4436
vn 0.7073 -0.6075 0.3614
vn 0.4017 -0.6963 0.5949
vn 0.4628 -0.5564 0.6901
vn 0.1339 -0.8753 0.4647
vn 0.1149 -0.9309 0.3467
vn 0.1826 -0.9352 0.3034
vn 0.1664 -0.9751 0.1463
vn 0.3264 -0.8767 0.3534
vn 0.2816 -0.8640 0.4173
vn 0.4173 -0.7996 0.4318
vn 0.5440 -0.6719 0.5026
vn 0.4093 -0.7533 0.5148
vn 0.3087 -0.6811 0.6639
vn 0.1758 -0.7979 0.5766
vn -0.2347 0.4885 -0.8404
vn 0.3172 0.4679 -0.8249
vn 0.8239 0.0841 -0.5604
vn 0.5696 0.3603 -0.7387
vn 0.1896 0.6079 -0.7710
vn -0.0521 0.6415 -0.7653
vn 0.3990 -0.7208 0.5669
vn 0.4515 -0.7010 0.5521
vn 0.4595 -0.6204 0.6355
vn 0.4097 -0.6143 0.6744
vn 0.4823 -0.6602 0.5757
vn 0.4633 -0.7226 0.5130
vn 0.3785 -0.7246 0.5759
vn 0.3795 -0.7171 0.5846
vn 0.4461 -0.7256 0.5240
vn 0.5236 -0.6973 0.4895
vn 0.5020 -0.7310 0.4623
vn 0.8538 0.0532 -0.5178
vn 0.5065 0.4074 -0.7599
vn 0.8957 -0.0358 -0.4433
vn 0.7329 -0.1631 -0.6606
vn 0.1048 0.0752 -0.9916
vn 0.3518 0.0242 -0.9358
vn 0.8475 -0.2171 -0.4844
vn 0.8163 -0.1040 -0.5682
vn 0.3689 0.1625 -0.9152
vn 0.4858 0.2942 -0.8231
vn 0.4103 -0.2865 0.8658
vn 0.3837 -0.4830 0.7871
vn 0.5453 -0.4583 0.7019
vn 0.5694 -0.3307 0.7526
vn -0.4689 0.5854 -0.6614
vn -0.4601 0.6935 -0.5545
vn -0.4996 0.7322 -0.4630
vn -0.4233 0.6349 -0.6464
vn -0.4203 0.8206 -0.3872
vn -0.5038 0.5182 -0.6912
vn 0.8545 -0.0425 0.5177
vn 0.6615 -0.1606 0.7325
vn 0.8288 -0.4124 0.3782
vn 0.7078 -0.6861 0.1681
vn 0.5395 -0.5323 0.6524
vn 0.3673 -0.7942 0.4841
vn 0.3675 0.6439 -0.6711
vn 0.1556 0.6740 -0.7221
vn 0.0185 0.5131 -0.8581
vn 0.0789 0.6778 -0.7310
vn 0.0926 0.4920 -0.8657
vn -0.0779 0.2636 -0.9615
vn -0.0044 0.1282 -0.9917
vn 0.2326 -0.2049 0.9507
vn 0.3283 -0.1992 0.9233
vn 0.4697 -0.3263 0.8203
vn 0.3986 -0.3016 0.8661
vn 0.3723 -0.1879 0.9089
vn 0.2605 -0.0299 0.9650
vn -0.2392 0.3446 -0.9078
vn -0.2526 0.3969 -0.8824
vn -0.3464 0.3564 -0.8678
vn -0.2495 0.4739 -0.8445
vn -0.2194 0.4890 -0.8443
vn -0.2990 0.4403 -0.8466
vn -0.1970 0.3878 -0.9004
vn -0.1604 0.8590 -0.4861
vn -0.3027 0.4989 -0.8121
vn -0.2168 0.6112 -0.7612
vn -0.2008 0.6132 -0.7640
vn -0.0463 0.8839 -0.4654
vn 0.0270 0.4709 -0.8818
vn -0.0083 0.4965 -0.8680
vn -0.2804 0.7857 -0.5514
vn -0.3095 0.9279 -0.2080
vn -0.1607 0.7696 -0.6179
vn -0.1110 0.9274 -0.3571
vn 0.0703 0.9763 -0.2046
vn 0.5706 -0.6847 0.4535
vn 0.6609 -0.7108 0.2410
vn 0.5420 -0.7809 0.3107
vn 0.4851 -0.7699 0.4147
vn 0.4706 -0.6975 0.5404
vn 0.5524 -0.7968 0.2449
vn 0.5127 -0.7840 0.3500
vn 0.2609 -0.4692 0.8437
vn 0.2612 -0.5369 0.8022
vn 0.5175 -0.7827 0.3457
vn 0.2714 -0.4656 0.8423
vn 0.2641 0.0279 0.9641
vn 0.2503 -0.0176 0.9680
vn 0.2950 -0.1739 0.9395
vn 0.2513 -0.2063 0.9457
vn 0.3475 -0.2631 0.9000
vn 0.2841 -0.2844 0.9156
vn 0.2566 -0.0484 0.9653
vn 0.4034 -0.3288 0.8539
vn 0.3164 -0.4249 0.8482
vn 0.2441 -0.3296 0.9120
vn 0.3294 -0.2996 0.8954
vn 0.2838 -0.1949 0.9389
vn 0.4033 -0.2810 0.8709
vn 0.8223 -0.5296 -0.2080
vn 0.6369 -0.7091 0.3027
vn 0.8853 -0.4428 -0.1417
vn 0.9295 -0.3662 -0.0427
vn 0.6395 -0.6828 0.3532
vn 0.6575 -0.6360 0.4039
vn -0.4166 0.6826 -0.6004
vn -0.4360 0.6556 -0.6166
vn -0.3858 0.7228 -0.5733
vn -0.4436 0.6488 -0.6183
vn -0.4377 0.6684 -0.6014
vn -0.3920 0.6785 -0.6212
vn -0.3143 0.1642 -0.9350
vn -0.3510 0.2230 -0.9094
vn -0.4171 0.5916 -0.6899
vn -0.3550 0.1854 -0.9163
vn -0.4282 0.5205 -0.7387
vn -0.4092 0.6390 -0.6513
vn -0.4257 0.4386 -0.7914
vn 0.8941 0.3896 0.2208
vn 0.7858 0.5743 0.2295
vn 0.3483 0.7287 -0.5896
vn 0.5697 0.5573 -0.6040
vn 0.5558 0.6426 -0.5274
vn 0.9341 0.0728 0.3494
vn 0.6543 -0.3274 0.6817
vn 0.5661 -0.0718 0.8212
vn 0.5290 0.0292 0.8481
vn 0.6243 0.0111 0.7811
vn 0.8734 0.3888 0.2932
vn 0.7347 0.0316 0.6776
vn 0.4827 0.7918 -0.3741
vn 0.1872 -0.0947 0.9777
vn 0.2990 -0.1579 0.9411
vn 0.3048 -0.1172 0.9452
vn 0.3907 -0.4829 0.7837
vn 0.3955 -0.6972 0.5979
vn 0.2702 -0.2395 0.9325
vn 0.4097 -0.8542 0.3202
vn 0.4184 -0.8413 0.3424
vn 0.3820 -0.8974 0.2207
vn -0.2965 -0.0138 -0.9549
vn -0.4059 0.2612 -0.8758
vn -0.4112 0.0907 -0.9070
vn -0.4387 0.6300 -0.6408
vn -0.3089 0.0724 -0.9483
vn -0.1918 -0.3510 -0.9165
vn -0.1015 -0.4324 -0.8960
vn -0.1477 -0.3440 -0.9273
vn -0.1867 -0.2758 -0.9429
vn -0.2447 -0.0358 -0.9689
vn 0.8060 -0.2818 0.5205
vn 0.2371 0.8474 -0.4751
vn 0.9117 0.3977 0.1030
vn 0.3550 0.7200 -0.5964
vn 0.9602 0.2792 -0.0109
vn 0.5300 0.5837 -0.6152
vn 0.9836 0.1248 -0.1306
vn 0.8729 -0.4325 0.2258
vn 0.7850 -0.4313 0.4447
vn 0.4371 -0.4214 0.7946
vn 0.4543 -0.5609 0.6921
vn 0.4244 -0.6396 0.6409
vn 0.4988 -0.7214 0.4805
vn 0.5959 -0.6179 0.5129
vn 0.5430 -0.5401 0.6430
vn 0.4155 -0.8268 0.3792
vn 0.4207 -0.7424 0.5214
vn 0.4764 -0.7893 0.3874
vn 0.6400 -0.7157 0.2796
vn 0.6152 -0.6740 0.4089
vn 0.3035 0.8841 0.3552
vn 0.4184 0.6475 0.6370
vn 0.2103 0.0642 0.9755
vn 0.2019 0.4529 0.8684
vn 0.2280 0.9464 -0.2287
vn 0.0546 0.9732 -0.2235
vn -0.4243 0.4852 -0.7646
vn -0.5191 0.5802 -0.6276
vn -0.5303 0.5889 -0.6099
vn -0.6324 0.5835 -0.5096
vn -0.5114 0.4838 -0.7102
vn -0.4382 0.4883 -0.7547
vn 0.7552 -0.5054 0.4174
vn 0.8831 -0.4235 0.2019
vn 0.8415 -0.5159 0.1606
vn 0.7812 -0.5495 0.2962
vn 0.7735 -0.5409 0.3304
vn 0.8421 -0.5136 0.1647
vn 0.7269 -0.5926 0.3470
vn 0.7212 -0.5803 0.3783
vn 0.2564 -0.5542 0.7919
vn 0.2078 -0.6027 0.7704
vn 0.2463 -0.5225 0.8163
vn 0.0924 -0.8915 0.4435
vn 0.1591 -0.8746 0.4580
vn 0.0771 -0.9480 0.3089
vn 0.2013 -0.8453 0.4949
vn 0.0627 -0.9359 0.3465
vn 0.3138 0.4036 0.8594
vn 0.5688 0.1485 0.8090
vn 0.4842 0.0230 0.8747
vn 0.2442 0.1719 0.9544
vn 0.4648 0.0875 0.8811
vn 0.6097 -0.0642 0.7901
vn 0.3552 -0.5772 0.7353
vn 0.2950 -0.6710 0.6803
vn 0.4321 -0.6429 0.6325
vn 0.3880 -0.7337 0.5577
vn 0.4311 -0.5747 0.6956
vn 0.3992 -0.8685 0.2938
vn 0.4168 -0.8824 0.2183
vn 0.3807 -0.8968 0.2253
vn 0.3847 -0.7504 0.5374
vn 0.4109 -0.6681 0.6203
vn 0.4187 -0.8459 0.3305
vn -0.3091 0.4342 -0.8461
vn -0.1929 0.3506 -0.9164
vn -0.0291 0.5299 -0.8476
vn -0.0000 0.6857 -0.7279
vn -0.1964 0.6151 -0.7636
vn -0.3602 0.0108 -0.9328
vn -0.3940 0.0933 -0.9144
vn -0.3541 -0.0734 -0.9323
vn -0.3326 0.1563 -0.9300
vn -0.3691 0.0285 -0.9289
vn -0.3025 0.7022 -0.6445
vn -0.0742 0.6932 -0.7169
vn -0.0510 0.6212 -0.7820
vn -0.1810 0.5015 -0.8460
vn -0.3365 0.6317 -0.6984
vn 0.1616 -0.3342 0.9286
vn 0.2562 -0.2678 0.9288
vn 0.0876 0.0033 0.9962
vn 0.5571 -0.6241 0.5478
vn 0.6534 -0.5416 0.5289
vn 0.5880 -0.3517 0.7284
vn 0.5236 -0.1462 0.8393
vn 0.4107 -0.2937 0.8632
vn 0.6149 -0.6248 0.4812
vn 0.4202 -0.4857 0.7665
vn 0.3451 -0.5460 0.7634
vn 0.4777 -0.6624 0.5771
vn 0.4383 -0.7280 0.5271
vn 0.5213 -0.6703 0.5281
vn 0.4165 -0.4621 0.7830
vn 0.0464 -0.4742 0.8792
vn 0.0203 -0.5696 0.8217
vn 0.1884 -0.5862 0.7879
vn 0.0767 -0.6944 0.7154
vn 0.3169 -0.4645 0.8269
vn 0.1851 -0.8950 0.4059
vn 0.1651 -0.8943 0.4159
vn 0.0774 -0.8715 0.4843
vn 0.1604 -0.8729 0.4607
vn 0.2454 -0.8177 0.5207
vn 0.4129 -0.6281 0.6596
vn 0.3416 -0.7100 0.6158
vn 0.0949 -0.8850 0.4558
vn 0.1152 -0.8209 0.5593
vn 0.1254 -0.8306 0.5425
vn 0.5737 -0.2747 0.7716
vn 0.6543 0.0192 0.7560
vn 0.5314 -0.3768 0.7587
vn 0.6795 0.1336 0.7214
vn 0.7958 0.0531 0.6033
vn 0.6769 0.0177 0.7358
vn 0.3603 -0.2751 0.8914
vn 0.4040 -0.5171 0.7546
vn 0.6829 -0.2474 0.6873
vn 0.7267 -0.2842 0.6254
vn 0.4681 -0.2517 0.8471
vn 0.4399 -0.2618 0.8590
vn 0.1845 -0.1390 0.9730
vn 0.1670 -0.2155 0.9621
vn 0.3938 -0.4297 0.8126
vn 0.3678 -0.5975 0.7126
vn 0.4001 -0.4315 0.8086
vn 0.2794 -0.2557 0.9255
vn 0.3766 -0.6859 0.6226
vn 0.4739 -0.7001 0.5341
vn 0.2997 -0.7396 0.6026
vn 0.3707 -0.4615 0.8060
vn 0.3083 -0.2515 0.9175
vn 0.3020 -0.2472 0.9207
vn 0.4516 -0.7290 0.5143
vn 0.4750 -0.8333 0.2829
vn 0.4299 -0.7401 0.5171
vn 0.4439 -0.7196 0.5341
vn 0.5566 -0.8081 0.1930
vn 0.4710 -0.6711 0.5726
vn 0.4330 -0.7475 0.5037
vn 0.4239 -0.7492 0.5090
vn 0.4348 -0.7108 0.5530
vn 0.0129 0.5474 -0.8368
vn -0.0463 0.6329 -0.7728
vn -0.1692 0.4853 -0.8578
vn -0.2656 0.2208 -0.9385
vn -0.1018 0.4359 -0.8942
vn -0.2408 0.1466 -0.9594
vn -0.3257 0.2539 -0.9107
vn -0.1899 0.6539 -0.7323
vn -0.2154 0.2124 -0.9532
vn -0.0144 0.1230 -0.9923
vn -0.0604 0.6245 -0.7787
vn 0.0917 0.5454 -0.8332
vn -0.0922 0.1108 -0.9896
vn 0.1989 0.4035 -0.8931
vn 0.0337 0.3305 -0.9432
vn -0.0466 0.8883 -0.4568
vn -0.1014 0.8579 -0.5038
vn 0.0307 0.8331 -0.5523
vn -0.0792 0.7947 -0.6019
vn -0.2254 0.6302 -0.7430
vn -0.2725 0.4648 -0.8424
vn 0.0580 0.7346 -0.6761
vn -0.2632 0.6462 -0.7163
vn -0.4032 0.5965 -0.6940
vn -0.3799 0.5293 -0.7587
vn -0.3585 0.4322 -0.8275
vn -0.3289 0.4906 -0.8070
vn -0.2576 -0.0374 -0.9655
vn -0.1414 -0.2278 -0.9634
vn -0.3897 0.3043 -0.8692
vn -0.3086 0.5591 -0.7696
vn -0.3918 0.3699 -0.8424
vn -0.4314 0.2247 -0.8737
vn -0.4721 0.2202 -0.8536
vn -0.4126 0.3784 -0.8286
vn -0.3856 0.5363 -0.7508
vn -0.3742 0.3939 -0.8395
vn -0.3944 0.5233 -0.7553
vn -0.4067 0.6283 -0.6633
vn -0.4123 0.6901 -0.5948
vn -0.2624 0.2077 -0.9423
vn -0.1715 0.3560 -0.9186
vn -0.4304 0.6830 -0.5901
vn -0.3188 0.7056 -0.6329
vn -0.3434 0.7465 -0.5699
vn -0.2832 0.5123 -0.8108
vn -0.0869 0.8327 -0.5468
vn -0.2687 0.8699 -0.4137
vn -0.2084 0.4931 -0.8446
vn -0.2355 0.5005 -0.8331
vn 0.0551 0.5784 -0.8139
vn 0.0057 0.7478 -0.6639
vn 0.1328 0.8060 -0.5769
vn 0.0518 0.9054 -0.4214
vn 0.1781 0.6403 -0.7472
vn -0.3037 0.8666 -0.3960
vn -0.1138 0.9680 -0.2235
vn -0.4047 0.6318 -0.6611
vn -0.4616 0.6205 -0.6340
vn -0.3660 0.4520 -0.8135
vn -0.1580 0.2440 -0.9568
vn -0.1360 0.1430 -0.9803
vn -0.2401 0.4833 -0.8419
vn -0.3708 0.5871 -0.7196
vn 0.0010 0.0837 -0.9965
vn -0.2413 0.4450 -0.8624
vn -0.1526 0.5655 -0.8105
vn -0.1156 0.3579 -0.9266
vn -0.0652 0.4918 -0.8682
vn -0.1207 0.7020 -0.7018
vn 0.0133 0.5384 -0.8426
vn -0.1053 0.7038 -0.7026
vn -0.0324 0.6950 -0.7183
vn -0.3978 0.6201 -0.6762
vn -0.4736 0.6473 -0.5972
vn -0.3079 0.7187 -0.6235
vn -0.2432 0.7130 -0.6576
vn -0.5316 0.6531 -0.5393
vn -0.4503 0.5937 -0.6669
vn -0.4362 0.6337 -0.6389
vn -0.3886 0.7107 -0.5865
vn -0.0939 0.8074 -0.5825
vn -0.4056 0.6233 -0.6686
vn -0.0439 0.8597 -0.5089
vn -0.1190 0.8447 -0.5218
vn -0.5581 0.6184 -0.5533
vn -0.8264 0.5380 -0.1662
vn -0.8636 0.5024 -0.0432
vn -0.6783 0.5719 -0.4613
vn -0.4083 0.5811 -0.7040
vn -0.8732 0.3206 0.3670
vn -0.9000 0.3414 0.2710
vn -0.7381 0.0974 0.6676
vn -0.7124 0.0813 0.6971
vn -0.4122 -0.1298 0.9018
vn -0.2155 -0.4037 0.8892
vn -0.0882 -0.3030 0.9489
vn -0.4279 -0.1585 0.8898
vn 0.3305 -0.4446 0.8325
vn 0.7302 -0.4626 0.5028
vn 0.7425 -0.5124 0.4314
vn 0.3079 -0.4866 0.8176
vn 0.9131 -0.3881 0.1253
vn 0.9098 -0.3848 0.1553
vn 0.9084 -0.4103 0.0799
vn 0.9069 -0.4148 0.0737
vn 0.2228 -0.1716 0.9596
vn 0.2846 -0.2203 0.9330
vn 0.1861 -0.1551 0.9702
vn 0.0876 -0.1923 0.9774
vn 0.0843 -0.1524 0.9847
vn 0.0023 -0.1423 0.9898
vn 0.2152 -0.3505 0.9115
vn 0.5120 -0.7136 0.4781
vn 0.4788 -0.6997 0.5303
vn 0.1231 -0.2173 0.9683
vn 0.0242 -0.0471 0.9986
vn -0.0399 -0.1267 0.9911
vn 0.5714 -0.8003 0.1818
vn 0.5330 -0.7185 0.4468
vn 0.5530 -0.7623 0.3361
vn 0.5670 -0.7946 0.2171
vn 0.5078 -0.5898 0.6280
vn 0.6212 -0.5841 0.5224
vn 0.5798 -0.6853 0.4408
vn 0.5937 -0.6186 0.5147
vn 0.6248 -0.6910 0.3635
vn 0.8453 -0.5120 0.1527
vn 0.6248 -0.7213 0.2988
vn 0.6331 -0.7373 0.2358
vn 0.1606 -0.0894 0.9830
vn 0.1177 -0.1258 0.9851
vn 0.0879 -0.1285 0.9878
vn 0.2213 -0.2892 0.9313
vn 0.3038 -0.1352 0.9431
vn 0.3445 -0.5110 0.7875
vn 0.3241 -0.0818 0.9425
vn 0.4659 -0.1086 0.8781
vn 0.2968 -0.2637 0.9178
vn 0.4005 -0.5129 0.7593
vn 0.2246 -0.2705 0.9362
vn 0.5263 -0.5888 0.6134
vn 0.3138 -0.2355 0.9198
vn -0.2089 0.7521 -0.6251
vn -0.1328 0.6111 -0.7803
vn -0.2931 0.5863 -0.7552
vn -0.3505 0.6923 -0.6308
vn 0.1939 0.4850 -0.8528
vn -0.0384 0.4901 -0.8708
vn -0.3246 0.4917 -0.8080
vn -0.4477 0.5518 -0.7036
vn -0.4988 0.6390 -0.5856
vn 0.2543 -0.3546 0.8998
vn -0.0059 -0.3642 0.9313
vn -0.0841 -0.4587 0.8846
vn 0.1658 -0.3462 0.9234
vn 0.0864 -0.2645 0.9605
vn 0.2032 -0.5432 0.8146
vn 0.3472 -0.6917 0.6333
vn 0.1406 -0.6900 0.7100
vn 0.5273 -0.3319 0.7822
vn 0.3566 -0.3336 0.8727
vn 0.3556 -0.2519 0.9001
vn 0.2066 -0.2435 0.9476
vn 0.3357 0.3362 -0.8799
vn 0.4764 0.2054 -0.8549
vn 0.1773 0.5066 -0.8437
vn 0.0116 0.6183 -0.7858
vn -0.0387 0.4877 -0.8721
vn 0.2408 0.3723 -0.8963
vn 0.0862 -0.7615 0.6425
vn 0.2009 -0.7648 0.6121
vn 0.2870 -0.8025 0.5231
vn 0.5094 -0.6697 0.5404
vn 0.4080 -0.7004 0.5856
vn 0.3912 -0.7607 0.5179
vn -0.4143 0.6650 -0.6214
vn -0.2658 0.7030 -0.6597
vn -0.0866 0.6936 -0.7152
vn -0.3818 0.2985 -0.8747
vn -0.4059 0.2643 -0.8749
vn -0.3732 0.2286 -0.8992
vn 0.5201 -0.2348 0.8212
vn 0.3886 -0.1455 0.9099
vn 0.2560 -0.0960 0.9619
vn -0.4106 0.4704 -0.7811
vn -0.3958 0.2844 -0.8732
vn -0.2292 0.2005 -0.9525
vn -0.5258 0.8503 0.0250
vn -0.5614 0.7792 -0.2789
vn -0.4349 0.8576 -0.2746
vn -0.3051 0.9126 -0.2723
vn -0.3964 0.9172 -0.0405
vn -0.1636 -0.9422 0.2923
vn -0.1958 -0.8370 0.5110
vn -0.5718 -0.8202 0.0159
vn -0.8472 0.2761 -0.4538
vn -0.8412 0.0769 -0.5352
vn -0.8382 -0.4103 -0.3592
vn -0.9469 -0.2720 -0.1716
vn -0.1708 -0.6048 0.7778
vn -0.6725 -0.4634 0.5771
vn -0.1542 -0.3078 0.9389
vn -0.5528 -0.2148 0.8052
vn -0.6529 -0.7196 0.2363
vn -0.9730 0.0417 0.2270
vn -0.7246 0.3071 0.6170
vn -0.6253 0.7583 0.1843
vn -0.8155 0.5485 -0.1847
vn -0.2890 0.7503 0.5946
vn -0.1945 0.2473 0.9492
vn -0.4287 0.8873 -0.1701
vn -0.2745 0.9616 -0.0045
vn -0.5448 0.7558 -0.3633
vn -0.6298 0.6251 -0.4610
vn -0.7163 0.4736 -0.5125
vn 0.5433 -0.4360 0.7175
vn 0.6356 -0.4606 0.6196
vn 0.7523 -0.4627 0.4690
vn 0.6725 -0.4421 0.5936
vn 0.7131 -0.4582 0.5305
vn 0.7348 -0.4908 0.4682
vn 0.9075 -0.3353 0.2531
vn 0.7740 -0.4409 0.4544
vn 0.7748 -0.4275 0.4657
vn 0.8805 -0.3250 0.3451
vn 0.5685 -0.3996 0.7191
vn 0.5453 -0.3975 0.7380
vn 0.6372 -0.4069 0.6546
vn 0.6973 -0.4169 0.5830
vn 0.6401 -0.4013 0.6552
vn 0.7067 -0.3848 0.5937
vn 0.7405 -0.4213 0.5237
vn 0.7708 -0.3652 0.5220
vn 0.7581 -0.3808 0.5294
vn 0.5247 -0.4248 0.7377
vn 0.4520 -0.5704 0.6858
vn 0.3703 -0.5124 0.7748
vn 0.3560 -0.5717 0.7392
vn 0.2082 -0.4658 0.8600
vn 0.3395 -0.4139 0.8447
vn 0.6953 -0.5563 0.4550
vn 0.7152 -0.5602 0.4179
vn 0.7047 -0.5820 0.4059
vn 0.8802 -0.4250 0.2114
vn 0.8367 -0.4665 0.2869
vn 0.6465 -0.6104 0.4577
vn 0.4549 -0.5965 0.6612
vn 0.5318 -0.6098 0.5876
vn 0.6165 -0.4885 0.6175
vn 0.6703 -0.5311 0.5183
vn 0.5769 -0.6328 0.5164
vn 0.5353 -0.6130 0.5811
vn 0.6104 -0.6343 0.4744
vn 0.6782 -0.5476 0.4901
vn 0.7534 -0.5341 0.3836
vn 0.6649 -0.5937 0.4532
vn 0.5936 -0.6187 0.5145
vn 0.3181 -0.3230 0.8913
vn 0.3940 -0.1830 0.9007
vn 0.5316 -0.3424 0.7747
vn 0.5085 -0.3855 0.7700
vn 0.7511 -0.5135 0.4150
vn 0.8243 -0.4894 0.2847
vn 0.8303 -0.4146 0.3725
vn 0.7821 -0.4241 0.4566
vn 0.6725 -0.5082 0.5381
vn 0.6827 -0.5166 0.5167
vn 0.7367 -0.4384 0.5149
vn 0.7075 -0.4642 0.5330
vn 0.6514 -0.4487 0.6118
vn 0.6604 -0.4691 0.5864
vn 0.5592 -0.3025 0.7719
vn 0.4008 -0.1409 0.9053
vn 0.4133 -0.0127 0.9105
vn 0.7075 -0.4303 0.5606
vn 0.6619 -0.1661 0.7309
vn 0.8692 0.0347 0.4933
vn 0.7148 -0.4601 0.5267
vn 0.4025 0.6474 0.6472
vn -0.1389 0.8864 -0.4416
vn 0.6674 0.6762 0.3121
vn 0.8873 0.0371 0.4596
vn 0.5830 0.8123 0.0138
vn 0.0989 0.9206 -0.3778
vn 0.0148 0.9333 -0.3589
vn 0.5531 0.8259 0.1095
vn -0.3596 0.5446 -0.7577
vn -0.1203 0.7897 -0.6016
vn -0.2807 0.5828 -0.7626
vn -0.6424 0.6433 -0.4165
vn -0.5418 0.7225 -0.4296
vn -0.3152 0.8217 -0.4749
vn -0.1728 0.9425 -0.2862
vn -0.2613 0.6615 -0.7029
vn -0.5088 0.6917 -0.5126
vn -0.4482 0.5536 -0.7019
vn -0.4101 0.5778 -0.7056
vn -0.5037 0.5958 -0.6255
vn -0.4106 0.5734 -0.7090
vn -0.3493 0.5973 -0.7220
vn -0.4840 0.6158 -0.6217
vn -0.2883 0.5140 -0.8079
vn -0.3870 0.4076 -0.8271
vn -0.4284 0.4988 -0.7534
vn -0.6528 0.5443 -0.5268
vn -0.5380 0.4129 -0.7349
vn -0.6995 0.4776 -0.5316
vn -0.7135 0.5132 -0.4769
vn -0.7164 0.5551 -0.4226
vn -0.5459 0.5577 -0.6252
vn -0.6487 0.6021 -0.4655
vn -0.6190 0.6195 -0.4828
vn -0.6373 0.5405 -0.5492
vn -0.4443 0.5296 -0.7226
vn -0.5459 0.5489 -0.6330
vn -0.6234 0.5627 -0.5429
vn -0.5853 0.5398 -0.6050
vn -0.3767 0.4542 -0.8073
vn -0.3952 0.4389 -0.8069
vn -0.4016 0.4383 -0.8041
vn -0.5055 0.5104 -0.6956
vn -0.6284 0.5467 -0.5534
vn -0.5507 0.4994 -0.6688
vn -0.6445 0.5337 -0.5476
vn -0.6702 0.5393 -0.5099
vn -0.6545 0.5800 -0.4851
vn -0.6611 0.5308 -0.5302
vn -0.6340 0.5821 -0.5091
vn -0.6734 0.5372 -0.5079
vn -0.5779 0.4239 -0.6974
vn -0.5562 0.4615 -0.6911
vn -0.4481 0.4068 -0.7961
vn -0.3825 0.3748 -0.8445
vn -0.3791 0.3505 -0.8564
vn -0.4622 0.3882 -0.7973
vn -0.6542 0.5042 -0.5637
vn -0.6735 0.4456 -0.5898
vn -0.6971 0.4676 -0.5436
vn -0.6779 0.5195 -0.5201
vn -0.4805 0.4868 -0.7295
vn -0.4264 0.4610 -0.7782
vn -0.6198 0.4678 -0.6302
vn -0.6218 0.4516 -0.6398
vn -0.4556 0.5065 -0.7320
vn -0.3892 0.5291 -0.7540
vn -0.5281 0.4759 -0.7032
vn -0.4897 0.4936 -0.7187
vn -0.5477 0.4440 -0.7091
vn -0.4985 0.4379 -0.7482
vn -0.5009 0.5088 -0.7002
vn -0.4114 0.5032 -0.7600
vn -0.5538 0.5396 -0.6341
vn -0.4943 0.4572 -0.7393
vn -0.2348 0.5369 -0.8103
vn -0.9029 0.2210 -0.3687
vn -0.8157 0.3420 -0.4666
vn -0.8941 0.3306 -0.3022
vn -0.9610 0.1324 -0.2430
vn -0.7681 0.3478 -0.5376
vn -0.7629 0.3931 -0.5133
vn -0.6826 0.5029 -0.5303
vn -0.9977 0.0654 -0.0171
vn -0.9385 0.2203 -0.2657
vn -0.1108 0.1661 -0.9799
vn -0.0602 -0.0209 -0.9980
vn 0.1917 0.5677 -0.8006
vn 0.1127 0.7242 -0.6803
vn -0.3765 0.1125 -0.9196
vn -0.2864 0.0147 -0.9580
vn 0.1917 0.9610 -0.1993
vn 0.3905 0.8886 -0.2405
vn 0.2372 0.9082 -0.3448
vn -0.0170 0.9134 -0.4066
vn 0.2900 -0.7592 0.5826
vn 0.3206 -0.8468 0.4245
vn 0.3411 -0.6515 0.6776
vn 0.3374 -0.6779 0.6532
vn -0.2086 0.1708 -0.9630
vn -0.1708 0.0588 -0.9835
vn 0.0082 0.0613 -0.9981
vn -0.2569 0.2411 -0.9359
vn -0.3538 0.6087 -0.7101
vn -0.2455 0.7456 -0.6196
vn -0.1371 0.4218 -0.8963
vn -0.3339 0.7565 -0.5624
vn 0.4500 -0.7179 0.5311
vn 0.3527 -0.9134 0.2031
vn 0.5026 -0.8292 0.2445
vn 0.5412 -0.6682 0.5105
vn 0.5425 -0.6473 0.5355
vn 0.5951 -0.0654 0.8010
vn 0.4558 0.2620 0.8506
vn 0.4204 0.3809 0.8235
vn 0.2964 0.3672 0.8817
vn 0.3788 0.2448 0.8925
vn 0.4960 -0.0264 0.8679
vn -0.4976 0.6189 -0.6078
vn -0.3693 0.4149 -0.8316
vn -0.4374 0.3704 -0.8195
vn -0.5790 0.4886 -0.6527
vn -0.8410 0.2106 0.4983
vn -0.6522 -0.0059 0.7580
vn -0.5413 0.2389 0.8062
vn -0.2189 -0.0274 0.9754
vn -0.3274 -0.2294 0.9166
vn 0.3740 -0.2709 0.8870
vn 0.2916 -0.4425 0.8480
vn 0.7824 -0.4283 0.4521
vn 0.9177 -0.3188 0.2372
vn 0.8164 -0.2492 0.5210
vn 0.9611 -0.2104 0.1790
vn 0.9385 -0.3087 0.1546
vn 0.9724 -0.2305 0.0358
vn 0.9251 -0.3409 0.1670
vn 0.8894 -0.3885 0.2408
vn 0.8072 -0.4497 0.3823
vn 0.7933 -0.5981 0.1139
vn 0.7271 -0.5887 0.3532
vn 0.7186 -0.5792 0.3849
vn 0.6825 -0.5502 0.4811
vn 0.7775 -0.5980 0.1948
vn 0.4191 0.1758 0.8907
vn 0.3470 0.1146 0.9308
vn 0.3839 -0.0564 0.9217
vn 0.4277 -0.1410 0.8928
vn 0.4830 -0.0313 0.8751
vn 0.4232 -0.0074 0.9060
vn 0.4189 0.1103 0.9013
vn 0.6225 -0.4351 0.6505
vn 0.6340 -0.4194 0.6497
vn 0.5892 -0.4255 0.6869
vn 0.5850 -0.4050 0.7027
vn 0.5527 -0.4223 0.7184
vn 0.5940 -0.4068 0.6940
vn 0.5464 -0.3725 0.7501
vn 0.5087 -0.4202 0.7514
vn 0.4307 -0.3531 0.8305
vn 0.6121 -0.3393 0.7143
vn 0.5858 -0.3594 0.7264
vn 0.6285 -0.4805 0.6117
vn 0.6795 -0.5787 0.4509
vn 0.6272 -0.4832 0.6108
vn 0.5196 -0.1587 0.8396
vn 0.5064 -0.2451 0.8267
vn 0.5809 -0.2409 0.7775
vn 0.3805 -0.4922 0.7829
vn 0.4679 -0.4851 0.7387
vn 0.5029 -0.4867 0.7143
vn 0.3633 -0.4962 0.7886
vn -0.2443 -0.0966 -0.9649
vn -0.3596 0.3948 -0.8455
vn -0.3338 0.6592 -0.6738
vn -0.3977 0.3368 -0.8535
vn -0.4935 0.6030 -0.6267
vn -0.4274 0.6326 -0.6458
vn -0.5195 0.5200 -0.6780
vn -0.4103 0.6389 -0.6507
vn -0.3697 0.6488 -0.6651
vn -0.3707 0.6532 -0.6602
vn -0.4606 0.5490 -0.6975
vn -0.4015 -0.1934 -0.8952
vn -0.2886 -0.1736 -0.9416
vn -0.4304 0.3194 -0.8442
vn -0.3454 0.6486 -0.6782
vn -0.4458 0.3464 -0.8254
vn -0.4456 0.6024 -0.6622
vn -0.4309 0.3686 -0.8237
vn -0.4537 -0.1530 -0.8779
vn -0.3627 0.6728 -0.6448
vn -0.4327 0.5710 -0.6976
vn -0.5282 0.5793 -0.6208
vn -0.5654 0.5024 -0.6542
vn -0.5761 0.4996 -0.6469
vn -0.5731 0.4222 -0.7023
vn -0.5728 0.3991 -0.7160
vn -0.5573 0.4073 -0.7236
vn -0.4974 0.4281 -0.7545
vn -0.5722 0.4275 -0.6998
vn 0.5903 -0.4622 0.6618
vn 0.6615 -0.4351 0.6108
vn 0.6548 -0.4825 0.5818
vn 0.6323 -0.5475 0.5481
vn 0.6457 -0.5042 0.5735
vn 0.4319 -0.5624 0.7051
vn 0.5062 -0.5156 0.6913
vn 0.6038 -0.5300 0.5954
vn 0.6157 -0.5309 0.5823
vn 0.5604 -0.5003 0.6600
vn 0.4725 -0.5370 0.6988
vn 0.4502 -0.4786 0.7539
vn 0.3733 -0.4814 0.7931
vn 0.3547 -0.5122 0.7822
vn 0.4137 -0.5362 0.7358
vn 0.4062 -0.5689 0.7151
vn 0.4787 -0.5483 0.6857
vn 0.5256 -0.5913 0.6116
vn 0.3896 -0.6894 0.6107
vn 0.4134 -0.6212 0.6657
vn 0.4230 -0.5381 0.7290
vn 0.4085 -0.6291 0.6613
vn 0.3323 -0.6716 0.6623
vn 0.3703 -0.5459 0.7516
vn 0.3236 -0.8495 0.4167
vn 0.1847 -0.8986 0.3981
vn 0.4348 -0.7629 0.4785
vn 0.1646 -0.8737 0.4577
vn -0.1309 -0.9667 0.2199
vn 0.0701 -0.9250 0.3734
vn 0.3800 -0.7121 0.5904
vn 0.5645 -0.6255 0.5386
vn -0.3083 0.7599 -0.5723
vn -0.3249 0.7495 -0.5768
vn -0.3211 0.7074 -0.6297
vn -0.3383 0.7453 -0.5745
vn 0.3641 -0.6839 0.6322
vn 0.2453 -0.7914 0.5599
vn -0.3462 0.6347 -0.6909
vn -0.3820 0.5335 -0.7546
vn -0.4159 0.5052 -0.7562
vn -0.3497 0.6177 -0.7044
vn -0.3235 0.7017 -0.6348
vn -0.4467 0.5785 -0.6825
vn -0.4544 0.4701 -0.7567
vn -0.4048 0.4922 -0.7706
vn -0.4456 0.5881 -0.6750
vn -0.4579 0.6534 -0.6027
vn 0.5507 -0.6206 0.5582
vn 0.5098 -0.6688 0.5411
vn 0.5700 -0.5625 0.5988
vn 0.5567 -0.6138 0.5597
vn -0.4417 0.6001 -0.6669
vn -0.4630 0.6639 -0.5873
vn -0.4723 0.6530 -0.5921
vn -0.4043 0.5044 -0.7630
vn 0.5880 -0.5431 0.5995
vn 0.6040 -0.4951 0.6246
vn 0.5865 -0.5610 0.5841
vn 0.5710 -0.5676 0.5931
vn 0.5491 -0.5173 0.6564
vn 0.5133 -0.5167 0.6853
vn 0.5559 -0.5673 0.6076
vn 0.5578 -0.6385 0.5303
vn 0.5137 -0.5792 0.6329
vn 0.4927 -0.6677 0.5580
vn 0.5501 -0.6442 0.5315
vn 0.4872 -0.5083 0.7101
vn -0.4165 0.4078 -0.8126
vn -0.3696 0.3669 -0.8537
vn -0.4611 0.3711 -0.8060
vn -0.4970 0.3932 -0.7735
vn -0.3580 0.4497 -0.8183
vn -0.3607 0.4085 -0.8384
vn -0.4521 0.4173 -0.7883
vn -0.3070 0.4319 -0.8481
vn -0.3740 0.4359 -0.8186
vn -0.3892 0.4464 -0.8058
vn 0.5895 -0.4733 0.6546
vn 0.5603 -0.5195 0.6451
vn 0.5448 -0.4912 0.6796
vn 0.5897 -0.4602 0.6637
vn 0.5146 -0.4432 0.7340
vn 0.4920 -0.4816 0.7253
vn 0.5391 -0.4693 0.6994
vn 0.5854 -0.5109 0.6295
vn 0.5229 -0.4566 0.7197
vn -0.2753 0.4633 -0.8424
vn -0.0168 0.2324 -0.9725
vn -0.0769 0.5820 -0.8095
vn -0.2935 0.7513 -0.5911
vn 0.4129 -0.4677 0.7815
vn 0.4607 -0.4816 0.7456
vn 0.4592 -0.4599 0.7600
vn -0.3044 0.7318 -0.6097
vn -0.0960 0.8396 -0.5347
vn -0.2028 0.8403 -0.5027
vn -0.4182 0.6415 -0.6431
vn -0.3619 0.4635 -0.8089
vn -0.6140 0.7345 -0.2890
vn -0.6014 0.7883 -0.1300
vn -0.4337 0.8778 -0.2034
vn -0.5622 0.7362 -0.3768
vn -0.3556 0.8311 -0.4276
vn 0.4803 0.0395 0.8762
vn 0.4787 -0.4068 0.7780
vn 0.3958 -0.4859 0.7793
vn 0.3825 0.0256 0.9236
vn -0.6055 0.7720 -0.1935
vn -0.6113 0.7537 -0.2414
vn -0.5808 0.6462 -0.4951
vn -0.5731 0.6010 -0.5570
vn -0.5665 0.7139 -0.4115
vn -0.4687 -0.2562 -0.8454
vn -0.5414 -0.2009 -0.8164
vn -0.5066 0.2451 -0.8266
vn -0.3300 -0.2408 -0.9127
vn 0.3714 -0.8300 0.4162
vn 0.2826 -0.8225 0.4936
vn -0.2418 0.3056 -0.9210
vn 0.0506 0.4153 -0.9083
vn -0.1519 -0.1619 -0.9750
vn -0.3146 0.9146 -0.2540
vn -0.2758 0.9568 -0.0918
vn -0.4441 0.8560 -0.2647
vn -0.4745 0.5450 -0.6913
vn -0.6008 0.2972 -0.7421
vn -0.2584 0.8947 -0.3642
vn 0.0077 0.9998 -0.0193
vn 0.1491 0.8895 -0.4320
vn -0.4919 -0.0370 -0.8699
vn -0.1901 0.5786 -0.7932
vn -0.3068 0.3913 -0.8676
vn -0.3009 0.3758 -0.8765
vn -0.3513 0.3516 -0.8677
vn -0.2186 0.5119 -0.8307
vn 0.3366 0.9392 -0.0682
vn 0.4091 0.8866 -0.2159
vn 0.4156 0.8414 -0.3455
vn -0.3431 0.3904 -0.8543
vn -0.2829 0.5954 -0.7520
vn -0.2855 0.5698 -0.7706
vn -0.0986 0.6826 -0.7241
vn -0.3925 0.4160 -0.8203
vn -0.3518 0.4514 -0.8201
vn 0.1008 0.7986 -0.5934
vn 0.1317 0.8948 -0.4267
vn -0.2859 0.3522 -0.8912
vn -0.0845 0.9313 -0.3543
vn 0.5077 -0.1446 0.8493
vn 0.4906 -0.0904 0.8667
vn 0.4806 -0.1309 0.8671
vn 0.4972 -0.2779 0.8219
vn 0.5206 -0.3469 0.7801
vn 0.5410 -0.4564 0.7065
vn 0.5169 -0.4280 0.7414
vn -0.5955 0.6002 -0.5340
vn -0.7467 0.6175 -0.2475
vn -0.5666 0.7851 -0.2501
vn -0.5961 0.7061 -0.3822
vn -0.5733 0.7375 -0.3570
vn -0.4309 0.7570 -0.4911
vn 0.0286 0.1092 -0.9936
vn -0.0678 0.0766 -0.9948
vn -0.3884 0.1800 -0.9037
vn -0.7505 0.3670 -0.5497
vn -0.2489 0.3786 -0.8915
vn -0.3474 0.2839 -0.8937
vn -0.1139 0.0673 -0.9912
vn -0.0883 0.2136 -0.9729
vn -0.3007 0.4681 -0.8309
vn -0.5974 0.5167 -0.6132
vn 0.0399 0.2447 -0.9688
vn -0.1538 0.5419 -0.8263
vn -0.5013 0.6964 -0.5135
vn -0.6668 0.5853 -0.4613
vn -0.8728 0.4163 -0.2549
vn -0.6892 0.4936 -0.5305
vn -0.8433 0.4634 -0.2723
vn -0.7840 0.5684 -0.2494
vn 0.2372 -0.2350 0.9426
vn 0.6312 -0.4765 0.6119
vn 0.0564 -0.1202 0.9911
vn 0.1693 -0.0228 0.9853
vn 0.3021 -0.0231 0.9530
vn 0.7960 -0.5682 0.2085
vn 0.6772 -0.3188 0.6631
vn 0.8408 -0.5098 0.1820
vn 0.4549 -0.3782 0.8063
vn 0.5053 -0.4063 0.7613
vn 0.4887 -0.4752 0.7316
vn 0.5248 -0.5102 0.6814
vn 0.4699 -0.3837 0.7950
vn 0.4301 -0.2334 0.8721
vn 0.4643 -0.3274 0.8230
vn 0.4625 -0.4154 0.7833
vn 0.1749 0.0212 0.9844
vn 0.3294 0.1619 0.9302
vn 0.3851 -0.0008 0.9229
vn 0.5085 -0.2122 0.8345
vn 0.3692 -0.1470 0.9176
vn 0.4764 -0.2659 0.8380
vn 0.5228 -0.2965 0.7992
vn 0.5513 -0.3082 0.7753
vn 0.6012 -0.3214 0.7316
vn 0.5667 -0.3806 0.7308
vn 0.4840 -0.2978 0.8228
vn 0.4364 -0.2894 0.8519
vn 0.3909 -0.2804 0.8767
vn 0.2881 -0.1511 0.9456
vn 0.4322 -0.8109 0.3945
vn 0.3928 -0.7705 0.5021
vn 0.3714 -0.7303 0.5734
vn 0.4181 -0.7460 0.5183
vn 0.5537 -0.2697 0.7878
vn 0.5849 -0.3356 0.7384
vn 0.5649 -0.3430 0.7505
vn 0.4836 -0.6800 0.5511
vn 0.5414 -0.6835 0.4896
vn 0.5430 -0.7057 0.4551
vn 0.4585 -0.7657 0.4511
vn 0.4596 -0.7740 0.4354
vn 0.5047 -0.8632 0.0104
vn 0.4806 -0.8476 0.2251
vn 0.4448 -0.8869 0.1250
vn 0.4376 -0.8967 -0.0663
vn 0.3068 -0.9509 -0.0413
vn 0.3782 -0.9080 0.1805
vn 0.4556 -0.8252 0.3338
vn 0.4625 -0.8109 0.3586
vn 0.4821 -0.7437 0.4632
vn -0.4388 0.7080 -0.5534
vn -0.4570 0.7027 -0.5453
vn -0.4604 0.6607 -0.5929
vn -0.4347 0.6837 -0.5862
vn 0.3708 -0.8479 0.3790
vn 0.2376 -0.9674 0.0877
vn -0.4561 0.6927 -0.5587
vn -0.4860 0.6799 -0.5490
vn -0.4388 0.6656 -0.6037
vn -0.4328 0.6465 -0.6283
vn -0.4577 0.4252 -0.7809
vn -0.4136 0.2207 -0.8833
vn -0.4579 0.6127 -0.6442
vn -0.5268 0.1717 -0.8324
vn -0.5383 0.4807 -0.6922
vn -0.5148 0.4271 -0.7434
vn -0.5080 0.6518 -0.5631
vn -0.5154 0.6090 -0.6029
vn -0.4784 0.6961 -0.5354
vn -0.4738 0.4296 -0.7687
vn -0.5176 0.4290 -0.7403
vn -0.5867 0.3516 -0.7295
vn -0.5752 0.4857 -0.6582
vn -0.6428 0.4072 -0.6488
vn -0.6434 0.4234 -0.6378
vn -0.6125 0.3129 -0.7259
vn -0.5310 0.3333 -0.7791
vn -0.4419 0.1413 -0.8859
vn -0.1855 0.2879 -0.9395
vn -0.3572 0.5858 -0.7275
vn -0.5262 0.4221 -0.7382
vn -0.5654 0.5025 -0.6541
vn -0.5233 0.4230 -0.7398
vn -0.4300 0.2761 -0.8596
vn -0.5246 0.3714 -0.7660
vn -0.4910 0.2491 -0.8348
vn -0.5584 0.2644 -0.7863
vn -0.5531 0.4737 -0.6853
vn -0.4909 0.5382 -0.6851
vn -0.5715 0.3173 -0.7568
vn -0.6430 0.4337 -0.6312
vn 0.3430 -0.0222 0.9391
vn 0.4784 -0.3755 0.7938
vn 0.2767 -0.0736 0.9581
vn -0.5312 0.4844 -0.6951
vn 0.5265 -0.7858 0.3246
vn 0.4695 -0.3928 0.7907
vn 0.3721 -0.3955 0.8397
vn 0.4184 -0.8427 0.3388
vn 0.4848 -0.8557 0.1809
vn 0.3015 -0.9269 0.2237
vn 0.3443 -0.4432 0.8277
vn 0.2914 -0.9139 0.2827
vn 0.3267 -0.3853 0.8630
vn 0.1913 -0.0813 0.9782
vn -0.5333 0.4409 -0.7219
vn -0.5423 0.5952 -0.5930
vn -0.4107 -0.0020 -0.9118
vn 0.3790 -0.0287 0.9250
vn 0.1955 -0.1241 0.9728
vn -0.2978 0.5303 -0.7938
vn -0.1897 0.1594 -0.9688
vn -0.4768 0.0561 -0.8772
vn -0.5742 0.4200 -0.7027
vn -0.3977 0.0694 -0.9149
vn -0.2844 -0.1476 -0.9473
vn -0.4273 0.0697 -0.9014
vn -0.4205 -0.0364 -0.9066
vn -0.4472 -0.0573 -0.8926
vn -0.4279 0.0543 -0.9022
vn -0.5656 0.5069 -0.6506
vn -0.2433 0.3272 -0.9131
vn -0.2634 0.4022 -0.8768
vn -0.2170 0.4112 -0.8853
vn -0.5280 0.6092 -0.5917
vn -0.5167 0.5840 -0.6260
vn -0.1057 0.0074 -0.9944
vn -0.2604 0.2667 -0.9279
vn -0.5269 0.4210 -0.7384
vn -0.5544 0.4631 -0.6915
vn -0.6132 0.6017 -0.5118
vn -0.6635 0.5368 -0.5211
vn -0.6130 0.5469 -0.5702
vn -0.6408 0.4643 -0.6114
vn -0.6284 0.4576 -0.6290
vn -0.3662 0.3708 -0.8535
vn 0.6863 -0.5295 0.4985
vn 0.7014 -0.5822 0.4111
vn 0.6701 -0.5966 0.4416
vn 0.6432 -0.5649 0.5169
vn 0.5808 -0.5191 0.6270
vn 0.6261 -0.4133 0.6612
vn -0.5919 0.5099 -0.6242
vn 0.6149 -0.4776 0.6275
vn 0.6640 -0.5955 0.4521
vn 0.6524 -0.6101 0.4496
vn 0.6073 -0.4630 0.6457
vn 0.6802 -0.6841 0.2633
vn 0.6911 -0.6571 0.3011
vn 0.6693 -0.7424 0.0296
vn 0.6889 -0.5623 0.4575
vn 0.6452 -0.4163 0.6407
vn 0.5477 -0.4179 0.7248
vn 0.5824 -0.3174 0.7484
vn 0.4688 -0.2338 0.8518
vn 0.4704 -0.1482 0.8699
vn 0.3362 -0.0339 0.9412
vn 0.3712 -0.1197 0.9208
vn 0.4527 -0.3494 0.8203
vn 0.7064 -0.6414 0.2993
vn 0.7453 -0.6657 0.0366
vn 0.6870 -0.7266 -0.0057
vn 0.5880 -0.2623 0.7651
vn 0.5753 -0.2850 0.7667
vn 0.4296 -0.2141 0.8773
vn 0.3157 -0.1688 0.9337
vn 0.1482 -0.2584 0.9546
vn 0.3003 -0.3804 0.8747
vn 0.2648 -0.1431 0.9536
vn 0.5071 -0.5148 0.6913
vn 0.4306 -0.4656 0.7732
vn 0.3718 -0.2361 0.8978
vn -0.6258 0.5192 -0.5821
vn -0.5259 0.4458 -0.7244
vn -0.5843 0.4724 -0.6598
vn -0.5729 0.3970 -0.7171
vn -0.5782 0.4219 -0.6983
vn -0.4737 0.3562 -0.8054
vn -0.4398 0.3275 -0.8363
vn -0.4773 0.3345 -0.8126
vn -0.6745 0.4843 -0.5572
vn -0.4511 0.4277 -0.7833
vn -0.4688 0.3862 -0.7944
vn -0.6833 0.4782 -0.5518
vn -0.5372 0.4066 -0.7389
vn -0.4851 0.4009 -0.7771
vn -0.4592 0.4050 -0.7907
vn -0.5477 0.4123 -0.7280
vn -0.5703 0.3769 -0.7298
vn -0.4722 0.3514 -0.8084
vn -0.4645 0.3529 -0.8122
vn -0.5365 0.5011 -0.6790
vn -0.3897 0.7708 -0.5039
vn -0.4360 0.6082 -0.6633
vn -0.5177 0.6133 -0.5965
vn -0.6422 0.5713 -0.5111
vn -0.3313 0.7195 -0.6103
vn -0.4858 0.4698 -0.7371
vn -0.4439 0.7072 -0.5503
vn -0.2220 0.6097 -0.7609
vn -0.5427 0.5933 -0.5946
vn -0.2160 0.4129 -0.8848
vn -0.4604 0.4888 -0.7411
vn -0.6765 0.5358 -0.5052
vn -0.6669 0.4953 -0.5568
vn 0.7996 -0.4118 0.4370
vn 0.9179 -0.3358 0.2114
vn 0.9529 -0.2827 0.1094
vn 0.9122 -0.3444 0.2222
vn 0.8634 -0.3578 0.3557
vn -0.4621 0.4404 -0.7697
vn -0.5330 0.4655 -0.7065
vn -0.2626 0.3607 -0.8950
vn -0.4522 0.3420 -0.8237
vn 0.7950 -0.4215 0.4363
vn 0.8994 -0.3860 0.2051
vn 0.8805 -0.4022 0.2508
vn 0.9239 -0.3717 0.0913
vn 0.9408 -0.3200 0.1119
vn 0.7746 -0.4503 0.4441
vn 0.7111 -0.4071 0.5732
vn 0.6790 -0.4407 0.5872
vn 0.5335 -0.5829 0.6129
vn 0.0201 -0.6033 0.7972
vn -0.1020 -0.5569 0.8243
vn 0.2712 -0.5591 0.7835
vn 0.0773 -0.5123 0.8553
vn 0.6558 -0.4801 0.5826
vn 0.8394 -0.4463 0.3101
vn 0.8079 -0.3966 0.4358
vn 0.9342 -0.3388 0.1114
vn 0.8141 -0.4250 0.3958
vn 0.9542 -0.2889 -0.0775
vn 0.9278 -0.3727 0.0164
vn -0.9198 0.3458 0.1857
vn -0.7752 0.5381 0.3308
vn -0.8214 0.5699 0.0249
vn -0.8475 0.5067 0.1581
vn -0.8501 0.5250 -0.0411
vn -0.8374 0.5372 -0.1011
vn -0.9013 0.4109 -0.1373
vn -0.8989 0.3773 -0.2229
vn -0.9209 0.2902 -0.2602
vn -0.9478 0.2408 -0.2092
vn -0.9936 0.0928 0.0640
vn -0.6444 0.5267 -0.5543
vn -0.6857 0.6569 -0.3136
vn -0.9120 0.3903 -0.1259
vn -0.7558 0.6060 -0.2482
vn -0.8367 0.4123 -0.3604
vn -0.7663 0.4468 0.4617
vn -0.9309 0.2910 0.2206
vn 0.7758 -0.4302 0.4617
vn 0.7863 -0.3794 0.4877
vn 0.7442 -0.3554 0.5656
vn 0.7476 -0.3941 0.5346
vn 0.7416 -0.3374 0.5798
vn -0.8243 0.3262 -0.4627
vn 0.6969 -0.4452 0.5623
vn 0.6813 -0.4022 0.6116
vn 0.5869 -0.5329 0.6095
vn 0.6558 -0.5322 0.5355
vn 0.6359 -0.4387 0.6350
vn 0.6671 -0.3543 0.6553
vn 0.7059 -0.4466 0.5498
vn 0.6891 -0.3109 0.6546
vn 0.7372 -0.4931 0.4620
vn -0.6824 0.4892 -0.5431
vn -0.6615 0.5085 -0.5513
vn -0.6593 0.5155 -0.5473
vn -0.6653 0.4511 -0.5948
vn -0.6597 0.4423 -0.6076
vn 0.6628 -0.3434 0.6654
vn -0.6634 0.4596 -0.5905
vn -0.6928 0.4664 -0.5500
vn -0.5909 0.4133 -0.6928
vn -0.5870 0.4336 -0.6837
vn -0.6177 0.4179 -0.6662
vn -0.6141 0.4196 -0.6685
vn -0.6318 0.4128 -0.6560
vn -0.6523 0.4276 -0.6259
vn -0.6303 0.4681 -0.6194
vn -0.6248 0.4314 -0.6508
vn -0.6589 0.4585 -0.5963
vn 0.0422 -0.6137 0.7884
vn 0.0639 -0.6340 0.7707
vn 0.2030 -0.1402 0.9691
vn 0.2851 0.3349 0.8981
vn 0.1266 -0.1529 0.9801
vn 0.1724 0.2747 0.9459
vn 0.1417 0.3172 0.9377
vn 0.1894 -0.1130 0.9754
vn 0.1687 -0.5903 0.7893
vn -0.0724 -0.8878 0.4546
vn -0.0406 -0.8819 0.4697
vn 0.1131 -0.8210 0.5597
vn 0.1361 0.5418 0.8294
vn 0.1254 0.5751 0.8084
vn 0.2266 0.3963 0.8897
vn 0.3556 0.1531 0.9220
vn 0.3965 -0.3716 0.8395
vn 0.4729 -0.3841 0.7930
vn 0.4382 -0.4329 0.7878
vn 0.4416 -0.3208 0.8379
vn 0.4635 -0.0204 0.8859
vn 0.3551 0.4952 0.7929
vn 0.4602 -0.3465 0.8174
vn 0.4201 -0.0637 0.9053
vn 0.3036 0.5835 0.7532
vn 0.4774 -0.1474 0.8662
vn 0.4917 -0.3642 0.7909
vn 0.2900 -0.0250 0.9567
vn 0.2010 0.0867 0.9757
vn 0.1742 0.1343 0.9755
vn 0.7879 -0.6028 0.1262
vn 0.6940 -0.3405 0.6344
vn 0.6510 -0.4954 0.5752
vn 0.6810 -0.7250 0.1030
vn 0.2372 -0.3115 0.9202
vn -0.0567 -0.0070 0.9984
vn 0.5359 -0.6786 0.5023
vn 0.3627 -0.0467 0.9307
vn 0.0970 -0.0718 0.9927
vn 0.1000 0.1960 0.9755
vn 0.3641 0.0679 0.9289
vn 0.6017 -0.7908 0.1125
vn -0.5205 0.3209 0.7913
vn -0.6984 0.0686 0.7124
vn -0.1916 -0.2842 0.9394
vn -0.1210 0.0081 0.9926
vn -0.8204 -0.2270 0.5247
vn -0.3478 -0.5023 0.7917
vn 0.1498 -0.6109 0.7774
vn 0.6090 -0.6110 0.5057
vn 0.6740 -0.5673 0.4733
vn 0.2735 -0.4965 0.8238
vn 0.3771 -0.2644 0.8876
vn 0.7849 -0.3329 0.5226
vn 0.9338 -0.3331 0.1306
vn 0.8612 -0.4779 0.1731
vn 0.8552 -0.4599 0.2391
vn -0.4584 0.7885 -0.4101
vn -0.4105 0.6825 -0.6047
vn -0.0291 0.8282 -0.5597
vn -0.1779 0.9507 -0.2539
vn -0.3992 0.5682 -0.7196
vn -0.2060 0.5944 -0.7774
vn -0.2827 0.5905 -0.7559
vn -0.3841 0.5767 -0.7210
vn -0.9210 0.3809 -0.0814
vn -0.7277 0.5305 -0.4348
vn -0.7200 0.5416 -0.4340
vn -0.9018 0.4288 -0.0530
vn -0.9431 0.2026 0.2635
vn -0.7551 -0.0477 0.6538
vn -0.9265 0.2344 0.2942
vn -0.7685 -0.0539 0.6376
vn -0.4735 -0.2866 0.8329
vn -0.1606 -0.3216 0.9332
vn -0.1709 -0.4115 0.8952
vn -0.4529 -0.2611 0.8525
vn 0.7402 -0.4906 0.4598
vn 0.3125 -0.4419 0.8409
vn 0.2827 -0.5355 0.7958
vn 0.7108 -0.5658 0.4178
vn 0.8842 -0.4637 0.0566
vn 0.9135 -0.3979 0.0849
vn 0.8719 -0.4833 0.0794
vn 0.6674 -0.5644 0.4858
vn 0.8403 0.1477 0.5216
vn 0.7097 -0.5765 0.4050
vn 0.8891 -0.4397 0.1270
vn 0.7681 -0.5631 0.3049
vn 0.8587 -0.3824 0.3412
vn 0.2664 0.9603 0.0832
vn 0.5767 0.8156 -0.0476
vn 0.9115 0.0108 0.4111
vn -0.4028 0.6306 -0.6634
vn -0.0002 0.6157 -0.7880
vn -0.0707 0.6173 -0.7836
vn 0.4147 0.5518 -0.7235
vn 0.2786 0.6873 -0.6709
vn -0.4055 0.6049 -0.6853
vn -0.7357 0.5405 -0.4082
vn -0.9136 0.4004 -0.0710
vn -0.7190 0.5673 -0.4014
vn -0.8899 0.4512 -0.0669
vn -0.9240 0.2265 0.3082
vn -0.7358 0.0087 0.6771
vn -0.8975 0.2830 0.3383
vn -0.7038 0.0953 0.7040
vn -0.3864 -0.1884 0.9029
vn -0.0254 -0.2673 0.9633
vn 0.0721 -0.1845 0.9802
vn -0.3610 -0.0634 0.9304
vn 0.7730 -0.1903 0.6051
vn 0.4653 -0.2230 0.8566
vn 0.3425 -0.2820 0.8962
vn -0.1013 -0.3405 0.9348
vn 0.7531 -0.3053 0.5827
vn -0.6060 0.6845 -0.4052
vn -0.8109 0.5809 -0.0710
vn -0.6141 0.7889 -0.0224
vn -0.3841 0.8968 -0.2194
vn -0.2787 0.7293 -0.6248
vn -0.8253 0.4589 0.3292
vn -0.6362 0.3051 0.7086
vn -0.5042 0.6095 0.6118
vn -0.5746 0.7730 0.2687
vn 0.9891 -0.0094 -0.1469
vn 0.9738 -0.1198 0.1932
vn 0.9544 -0.2426 0.1739
vn 0.9850 -0.1435 0.0959
vn -0.2707 0.2333 0.9340
vn 0.1814 0.1549 0.9711
vn 0.2686 0.6444 0.7159
vn -0.1329 0.6715 0.7290
vn -0.0406 0.9236 -0.3812
vn -0.2176 0.9509 0.2201
vn 0.2081 0.9650 0.1598
vn 0.6939 0.5541 -0.4598
vn 0.3560 0.8194 -0.4492
vn 0.5607 0.8263 0.0527
vn 0.6197 0.5355 0.5738
vn 0.7791 0.6222 -0.0767
vn 0.5877 0.0189 0.8088
vn 0.8457 -0.0449 0.5318
vn 0.8716 0.3677 0.3242
vn 0.9210 0.3044 -0.2431
vn 0.9429 0.3261 0.0678
vn 0.7066 0.6555 -0.2666
vn 0.7869 0.4054 -0.4652
vn 0.1510 0.6678 -0.7289
vn 0.5220 0.5170 -0.6784
vn 0.9690 0.1539 -0.1931
vn 0.9568 0.1574 -0.2445
vn 0.9804 0.0217 -0.1958
vn 0.9137 0.1268 -0.3862
vn 0.8539 0.2512 -0.4558
vn 0.8805 0.3057 -0.3623
vn 0.7613 0.4000 -0.5102
vn 0.9813 0.1918 0.0137
vn 0.8569 0.4566 -0.2393
vn 0.9854 -0.0412 0.1655
vn 0.0140 0.5253 -0.8508
vn -0.0834 0.5236 -0.8479
vn 0.1911 0.4814 -0.8554
vn -0.6556 0.3780 -0.6537
vn 0.1978 0.4885 -0.8499
vn -0.2143 0.5286 -0.8214
vn -0.2578 0.5197 -0.8146
vn -0.3737 0.4176 -0.8282
vn -0.2874 0.3901 -0.8748
vn -0.3246 0.3104 -0.8935
vn -0.3934 0.3301 -0.8581
vn -0.4512 0.3542 -0.8191
vn -0.4495 0.4320 -0.7819
vn -0.1568 0.3540 -0.9220
vn -0.2346 0.2919 -0.9272
vn 0.0787 0.2930 -0.9529
vn -0.0814 0.2697 -0.9595
vn -0.4077 0.3674 -0.8359
vn -0.4308 0.3336 -0.8385
vn -0.3873 0.3195 -0.8648
vn -0.3302 0.3081 -0.8922
vn -0.3677 0.3604 -0.8573
vn 0.3753 0.2006 -0.9049
vn 0.2169 -0.2316 0.9483
vn 0.1609 -0.2425 0.9567
vn 0.5169 -0.2684 0.8129
vn 0.6461 -0.3482 0.6792
vn 0.6911 -0.4291 0.5816
vn 0.6887 -0.3780 0.6187
vn 0.6484 -0.4233 0.6327
vn 0.6718 -0.4105 0.6166
vn 0.5600 -0.4815 0.6742
vn 0.4748 -0.5309 0.7019
vn 0.1154 -0.5882 0.8004
vn -0.5240 0.4295 -0.7355
vn -0.5262 0.3882 -0.7566
vn -0.5553 0.3947 -0.7320
vn -0.5515 0.4239 -0.7185
vn -0.4941 0.4336 -0.7536
vn -0.4896 0.3761 -0.7867
vn -0.4679 0.3540 -0.8098
vn -0.5034 0.3738 -0.7790
vn -0.5345 0.3875 -0.7511
vn -0.5529 0.3988 -0.7317
vn 0.4935 -0.4841 0.7226
vn 0.4202 -0.4626 0.7806
vn 0.4206 -0.5435 0.7264
vn 0.3737 -0.5220 0.7667
vn 0.4602 -0.5387 0.7057
vn 0.5688 -0.4871 0.6628
vn 0.6759 -0.4235 0.6032
vn 0.6225 -0.4433 0.6450
vn 0.6371 -0.3557 0.6838
vn 0.6368 -0.4214 0.6457
vn -0.2973 0.4986 -0.8142
vn 0.1819 0.4890 -0.8531
vn -0.3068 0.4928 -0.8143
vn -0.3160 0.4655 -0.8267
vn 0.1582 0.5099 -0.8456
vn -0.3119 0.4284 -0.8480
vn 0.1397 0.5271 -0.8382
vn 0.4514 0.5274 -0.7197
vn -0.2737 0.8186 -0.5050
vn -0.7038 0.6327 -0.3229
vn -0.3990 0.7606 -0.5122
vn -0.6111 0.5890 -0.5288
vn -0.1514 0.7879 -0.5969
vn 0.3092 0.5411 -0.7821
vn -0.0186 0.7486 -0.6628
vn -0.2492 0.6415 -0.7255
vn 0.1524 0.5351 -0.8309
vn -0.4601 0.5290 -0.7131
vn -0.6775 0.4748 -0.5617
vn -0.4320 0.6760 -0.5970
vn -0.4708 0.6182 -0.6294
vn -0.3318 0.6974 -0.6353
vn -0.2849 0.7504 -0.5965
vn -0.2114 0.8087 -0.5489
vn -0.3199 0.3625 -0.8754
vn -0.2583 0.3029 -0.9173
vn 0.9974 0.0283 0.0657
vn -0.8733 0.2718 -0.4043
vn -0.3080 0.4491 -0.8387
# 3250 vertex normals

vt 0.0000 0.0000 0.0000
# 1 texture coords

o alader
g alader
usemtl dragon_ala_der_17174_Tiamat_new__17174_Tiamat_v1default
s 1
f 1/1/1 2/1/2 3/1/3 
f 4/1/4 3/1/3 2/1/2 
f 5/1/5 6/1/6 3/1/3 
f 7/1/7 3/1/3 6/1/6 
f 8/1/8 9/1/9 10/1/10 
f 11/1/11 12/1/12 10/1/10 
f 13/1/13 6/1/6 12/1/12 
f 8/1/8 12/1/12 6/1/6 
f 14/1/14 15/1/15 16/1/16 
f 11/1/11 16/1/16 15/1/15 
f 17/1/17 18/1/18 16/1/16 
f 16/1/16 18/1/18 19/1/19 
f 20/1/20 21/1/21 22/1/22 
f 7/1/7 21/1/21 20/1/20 
f 13/1/13 15/1/15 21/1/21 
f 14/1/14 22/1/22 21/1/21 
f 23/1/23 24/1/24 25/1/25 
f 26/1/26 25/1/25 24/1/24 
f 27/1/27 28/1/28 25/1/25 
f 29/1/29 25/1/25 28/1/28 
f 30/1/30 31/1/31 32/1/32 
f 29/1/29 32/1/32 31/1/31 
f 33/1/33 34/1/34 32/1/32 
f 35/1/35 32/1/32 34/1/34 
f 36/1/36 22/1/22 37/1/37 
f 38/1/38 37/1/37 22/1/22 
f 39/1/39 34/1/34 37/1/37 
f 40/1/40 37/1/37 34/1/34 
f 41/1/41 42/1/42 43/1/43 
f 42/1/42 41/1/41 44/1/44 
f 45/1/45 42/1/42 46/1/46 
f 47/1/47 48/1/48 49/1/49 
f 50/1/50 49/1/49 48/1/48 
f 51/1/51 52/1/52 49/1/49 
f 53/1/53 49/1/49 52/1/52 
f 54/1/54 55/1/55 56/1/56 
f 55/1/55 57/1/57 58/1/58 
f 58/1/58 59/1/59 60/1/60 
f 61/1/61 56/1/56 60/1/60 
f 62/1/62 63/1/63 64/1/64 
f 50/1/50 64/1/64 63/1/63 
f 59/1/59 58/1/58 64/1/64 
f 65/1/65 64/1/64 58/1/58 
f 66/1/66 67/1/67 68/1/68 
f 69/1/69 68/1/68 67/1/67 
f 70/1/70 52/1/52 68/1/68 
f 71/1/71 68/1/68 52/1/52 
f 72/1/72 73/1/73 74/1/74 
f 75/1/75 74/1/74 73/1/73 
f 76/1/76 77/1/77 74/1/74 
f 78/1/78 74/1/74 77/1/77 
f 19/1/19 18/1/18 79/1/79 
f 80/1/80 79/1/79 18/1/18 
f 81/1/81 82/1/82 79/1/79 
f 83/1/83 79/1/79 82/1/82 
f 84/1/84 85/1/85 86/1/86 
f 82/1/82 86/1/86 85/1/85 
f 81/1/81 87/1/87 86/1/86 
f 87/1/87 88/1/88 89/1/89 
f 81/1/81 80/1/80 90/1/90 
f 10/1/10 90/1/90 80/1/80 
f 9/1/9 91/1/91 90/1/90 
f 92/1/92 90/1/90 91/1/91 
f 93/1/93 94/1/94 88/1/88 
f 87/1/87 81/1/81 92/1/92 
f 95/1/95 96/1/96 93/1/93 
f 94/1/94 93/1/93 96/1/96 
f 14/1/14 97/1/97 98/1/98 
f 97/1/97 19/1/19 99/1/99 
f 100/1/100 101/1/101 98/1/98 
f 38/1/38 98/1/98 101/1/101 
f 19/1/19 83/1/83 102/1/102 
f 103/1/103 102/1/102 83/1/83 
f 104/1/104 105/1/105 102/1/102 
f 99/1/99 102/1/102 105/1/105 
f 106/1/106 103/1/103 107/1/107 
f 85/1/85 84/1/84 108/1/108 
f 109/1/109 110/1/110 106/1/106 
f 103/1/103 106/1/106 110/1/110 
f 39/1/39 101/1/101 111/1/111 
f 112/1/112 111/1/111 101/1/101 
f 113/1/113 114/1/114 111/1/111 
f 35/1/35 111/1/111 114/1/114 
f 115/1/115 116/1/116 117/1/117 
f 116/1/116 118/1/118 119/1/119 
f 120/1/120 121/1/121 117/1/117 
f 122/1/122 117/1/117 121/1/121 
f 123/1/123 124/1/124 125/1/125 
f 126/1/126 127/1/127 128/1/128 
f 127/1/127 129/1/129 121/1/121 
f 123/1/123 128/1/128 121/1/121 
f 130/1/130 131/1/131 132/1/132 
f 133/1/133 130/1/130 134/1/134 
f 135/1/135 136/1/136 130/1/130 
f 131/1/131 130/1/130 136/1/136 
f 65/1/65 137/1/137 138/1/138 
f 139/1/139 137/1/137 65/1/65 
f 137/1/137 139/1/139 140/1/140 
f 141/1/141 142/1/142 138/1/138 
f 143/1/143 144/1/144 145/1/145 
f 146/1/146 147/1/147 145/1/145 
f 148/1/148 145/1/145 147/1/147 
f 149/1/149 145/1/145 148/1/148 
f 150/1/150 148/1/148 151/1/151 
f 152/1/152 151/1/151 148/1/148 
f 153/1/153 154/1/154 151/1/151 
f 155/1/155 151/1/151 154/1/154 
f 156/1/156 157/1/157 158/1/158 
f 159/1/159 158/1/158 157/1/157 
f 160/1/160 161/1/161 158/1/158 
f 162/1/162 158/1/158 161/1/161 
f 163/1/163 164/1/164 165/1/165 
f 166/1/166 165/1/165 164/1/164 
f 167/1/167 157/1/157 165/1/165 
f 168/1/168 165/1/165 157/1/157 
f 169/1/169 170/1/170 171/1/171 
f 171/1/171 172/1/172 164/1/164 
f 173/1/173 174/1/174 164/1/164 
f 175/1/175 169/1/169 174/1/174 
f 142/1/142 141/1/141 176/1/176 
f 177/1/177 176/1/176 141/1/141 
f 178/1/178 179/1/179 176/1/176 
f 180/1/180 176/1/176 179/1/179 
f 181/1/181 182/1/182 183/1/183 
f 184/1/184 183/1/183 182/1/182 
f 185/1/185 179/1/179 183/1/183 
f 186/1/186 183/1/183 179/1/179 
f 187/1/187 188/1/188 189/1/189 
f 78/1/78 189/1/189 188/1/188 
f 190/1/190 191/1/191 189/1/189 
f 192/1/192 189/1/189 191/1/191 
f 193/1/193 191/1/191 194/1/194 
f 195/1/195 194/1/194 191/1/191 
f 196/1/196 197/1/197 194/1/194 
f 198/1/198 194/1/194 197/1/197 
f 199/1/199 197/1/197 200/1/200 
f 201/1/201 200/1/200 197/1/197 
f 202/1/202 203/1/203 200/1/200 
f 204/1/204 200/1/200 203/1/203 
f 205/1/205 203/1/203 206/1/206 
f 207/1/207 206/1/206 203/1/203 
f 208/1/208 209/1/209 206/1/206 
f 210/1/210 206/1/206 209/1/209 
f 211/1/211 212/1/212 213/1/213 
f 214/1/214 215/1/215 216/1/216 
f 217/1/217 211/1/211 216/1/216 
f 218/1/218 212/1/212 211/1/211 
f 219/1/219 220/1/220 221/1/221 
f 222/1/222 221/1/221 220/1/220 
f 223/1/223 224/1/224 221/1/221 
f 225/1/225 221/1/221 224/1/224 
f 226/1/226 227/1/227 228/1/228 
f 229/1/229 228/1/228 227/1/227 
f 230/1/230 231/1/231 228/1/228 
f 232/1/232 228/1/228 231/1/231 
f 233/1/233 234/1/234 235/1/235 
f 236/1/236 235/1/235 234/1/234 
f 237/1/237 238/1/238 235/1/235 
f 239/1/239 235/1/235 238/1/238 
f 240/1/240 241/1/241 242/1/242 
f 232/1/232 242/1/242 241/1/241 
f 243/1/243 244/1/244 242/1/242 
f 245/1/245 242/1/242 244/1/244 
f 246/1/246 247/1/247 248/1/248 
f 249/1/249 248/1/248 247/1/247 
f 250/1/250 248/1/248 249/1/249 
f 251/1/251 248/1/248 250/1/250 
f 252/1/252 154/1/154 253/1/253 
f 254/1/254 253/1/253 154/1/154 
f 255/1/255 253/1/253 254/1/254 
f 256/1/256 253/1/253 255/1/255 
f 257/1/257 258/1/258 259/1/259 
f 258/1/258 260/1/260 182/1/182 
f 259/1/259 182/1/182 181/1/181 
f 261/1/261 259/1/259 262/1/262 
f 263/1/263 264/1/264 265/1/265 
f 266/1/266 265/1/265 264/1/264 
f 267/1/267 227/1/227 265/1/265 
f 268/1/268 265/1/265 227/1/227 
f 269/1/269 270/1/270 271/1/271 
f 94/1/94 271/1/271 270/1/270 
f 272/1/272 273/1/273 271/1/271 
f 274/1/274 271/1/271 273/1/273 
f 193/1/193 275/1/275 276/1/276 
f 274/1/274 276/1/276 275/1/275 
f 277/1/277 278/1/278 276/1/276 
f 192/1/192 276/1/276 278/1/278 
f 279/1/279 280/1/280 281/1/281 
f 89/1/89 281/1/281 280/1/280 
f 88/1/88 270/1/270 281/1/281 
f 282/1/282 281/1/281 270/1/270 
f 199/1/199 283/1/283 284/1/284 
f 282/1/282 284/1/284 283/1/283 
f 269/1/269 275/1/275 284/1/284 
f 198/1/198 284/1/284 275/1/275 
f 285/1/285 286/1/286 287/1/287 
f 108/1/108 285/1/285 288/1/288 
f 84/1/84 280/1/280 285/1/285 
f 286/1/286 285/1/285 280/1/280 
f 205/1/205 289/1/289 290/1/290 
f 286/1/286 290/1/290 289/1/289 
f 279/1/279 283/1/283 290/1/290 
f 204/1/204 290/1/290 283/1/283 
f 291/1/291 292/1/292 293/1/293 
f 294/1/294 293/1/293 292/1/292 
f 109/1/109 288/1/288 293/1/293 
f 295/1/295 293/1/293 288/1/288 
f 296/1/296 297/1/297 298/1/298 
f 295/1/295 298/1/298 297/1/297 
f 287/1/287 289/1/289 298/1/298 
f 210/1/210 298/1/298 289/1/289 
f 299/1/299 300/1/300 301/1/301 
f 250/1/250 301/1/301 300/1/300 
f 302/1/302 303/1/303 301/1/301 
f 304/1/304 301/1/301 303/1/303 
f 305/1/305 306/1/306 307/1/307 
f 304/1/304 307/1/307 306/1/306 
f 308/1/308 309/1/309 307/1/307 
f 309/1/309 218/1/218 217/1/217 
f 170/1/170 169/1/169 310/1/310 
f 311/1/311 310/1/310 169/1/169 
f 312/1/312 313/1/313 310/1/310 
f 314/1/314 310/1/310 313/1/313 
f 225/1/225 315/1/315 316/1/316 
f 317/1/317 315/1/315 225/1/225 
f 318/1/318 313/1/313 315/1/315 
f 316/1/316 315/1/315 313/1/313 
f 319/1/319 320/1/320 257/1/257 
f 321/1/321 319/1/319 261/1/261 
f 322/1/322 264/1/264 319/1/319 
f 320/1/320 319/1/319 264/1/264 
f 226/1/226 241/1/241 323/1/323 
f 324/1/324 323/1/323 241/1/241 
f 325/1/325 326/1/326 323/1/323 
f 268/1/268 323/1/323 326/1/326 
f 327/1/327 328/1/328 329/1/329 
f 330/1/330 329/1/329 328/1/328 
f 331/1/331 332/1/332 329/1/329 
f 333/1/333 329/1/329 332/1/332 
f 334/1/334 335/1/335 336/1/336 
f 337/1/337 336/1/336 335/1/335 
f 338/1/338 339/1/339 336/1/336 
f 340/1/340 336/1/336 339/1/339 
f 341/1/341 342/1/342 343/1/343 
f 340/1/340 343/1/343 342/1/342 
f 344/1/344 345/1/345 343/1/343 
f 346/1/346 343/1/343 345/1/345 
f 347/1/347 328/1/328 348/1/348 
f 349/1/349 348/1/348 328/1/328 
f 350/1/350 351/1/351 348/1/348 
f 352/1/352 348/1/348 351/1/351 
f 347/1/347 353/1/353 354/1/354 
f 355/1/355 354/1/354 353/1/353 
f 356/1/356 357/1/357 354/1/354 
f 330/1/330 354/1/354 357/1/357 
f 358/1/358 359/1/359 338/1/338 
f 357/1/357 358/1/358 360/1/360 
f 356/1/356 361/1/361 358/1/358 
f 359/1/359 358/1/358 361/1/361 
f 344/1/344 339/1/339 362/1/362 
f 359/1/359 362/1/362 339/1/339 
f 362/1/362 359/1/359 363/1/363 
f 364/1/364 362/1/362 365/1/365 
f 366/1/366 345/1/345 367/1/367 
f 364/1/364 367/1/367 345/1/345 
f 368/1/368 369/1/369 367/1/367 
f 370/1/370 367/1/367 369/1/369 
f 366/1/366 370/1/370 371/1/371 
f 372/1/372 371/1/371 370/1/370 
f 373/1/373 374/1/374 371/1/371 
f 375/1/375 371/1/371 374/1/374 
f 376/1/376 353/1/353 377/1/377 
f 352/1/352 377/1/377 353/1/353 
f 378/1/378 374/1/374 377/1/377 
f 374/1/374 373/1/373 379/1/379 
f 376/1/376 380/1/380 381/1/381 
f 382/1/382 381/1/381 380/1/380 
f 383/1/383 384/1/384 381/1/381 
f 355/1/355 381/1/381 384/1/384 
f 356/1/356 384/1/384 385/1/385 
f 386/1/386 385/1/385 384/1/384 
f 387/1/387 388/1/388 385/1/385 
f 388/1/388 363/1/363 361/1/361 
f 368/1/368 365/1/365 389/1/389 
f 388/1/388 389/1/389 365/1/365 
f 387/1/387 390/1/390 389/1/389 
f 391/1/391 389/1/389 390/1/390 
f 392/1/392 369/1/369 393/1/393 
f 391/1/391 393/1/393 369/1/369 
f 394/1/394 395/1/395 393/1/393 
f 396/1/396 393/1/393 395/1/395 
f 372/1/372 397/1/397 398/1/398 
f 396/1/396 397/1/397 372/1/372 
f 399/1/399 400/1/400 397/1/397 
f 400/1/400 401/1/401 398/1/398 
f 402/1/402 380/1/380 403/1/403 
f 379/1/379 403/1/403 380/1/380 
f 403/1/403 379/1/379 373/1/373 
f 404/1/404 403/1/403 398/1/398 
f 405/1/405 406/1/406 407/1/407 
f 408/1/408 407/1/407 406/1/406 
f 409/1/409 410/1/410 407/1/407 
f 411/1/411 407/1/407 410/1/410 
f 412/1/412 413/1/413 414/1/414 
f 415/1/415 412/1/412 416/1/416 
f 405/1/405 417/1/417 412/1/412 
f 413/1/413 412/1/412 417/1/417 
f 418/1/418 419/1/419 420/1/420 
f 413/1/413 420/1/420 419/1/419 
f 421/1/421 422/1/422 420/1/420 
f 423/1/423 424/1/424 420/1/420 
f 418/1/418 424/1/424 425/1/425 
f 426/1/426 425/1/425 424/1/424 
f 427/1/427 428/1/428 425/1/425 
f 429/1/429 425/1/425 428/1/428 
f 430/1/430 428/1/428 431/1/431 
f 432/1/432 431/1/431 428/1/428 
f 433/1/433 434/1/434 431/1/431 
f 435/1/435 431/1/431 434/1/434 
f 436/1/436 437/1/437 438/1/438 
f 439/1/439 440/1/440 434/1/434 
f 441/1/441 436/1/436 434/1/434 
f 437/1/437 436/1/436 441/1/441 
f 442/1/442 406/1/406 443/1/443 
f 415/1/415 443/1/443 406/1/406 
f 444/1/444 445/1/445 443/1/443 
f 438/1/438 437/1/437 443/1/443 
f 383/1/383 446/1/446 447/1/447 
f 448/1/448 447/1/447 446/1/446 
f 449/1/449 447/1/447 448/1/448 
f 386/1/386 447/1/447 449/1/449 
f 450/1/450 451/1/451 452/1/452 
f 453/1/453 452/1/452 451/1/451 
f 394/1/394 390/1/390 452/1/452 
f 449/1/449 452/1/452 390/1/390 
f 399/1/399 395/1/395 454/1/454 
f 453/1/453 454/1/454 395/1/395 
f 455/1/455 456/1/456 454/1/454 
f 457/1/457 454/1/454 456/1/456 
f 401/1/401 400/1/400 458/1/458 
f 457/1/457 458/1/458 400/1/400 
f 459/1/459 460/1/460 458/1/458 
f 461/1/461 458/1/458 460/1/460 
f 401/1/401 461/1/461 462/1/462 
f 461/1/461 463/1/463 464/1/464 
f 465/1/465 466/1/466 462/1/462 
f 404/1/404 462/1/462 466/1/466 
f 467/1/467 446/1/446 468/1/468 
f 382/1/382 468/1/468 446/1/446 
f 402/1/402 466/1/466 468/1/468 
f 469/1/469 468/1/468 466/1/466 
f 450/1/450 448/1/448 470/1/470 
f 471/1/471 470/1/470 448/1/448 
f 470/1/470 471/1/471 472/1/472 
f 473/1/473 470/1/470 474/1/474 
f 414/1/414 419/1/419 475/1/475 
f 476/1/476 475/1/475 419/1/419 
f 477/1/477 478/1/478 475/1/475 
f 479/1/479 475/1/475 478/1/478 
f 480/1/480 481/1/481 482/1/482 
f 481/1/481 483/1/483 484/1/484 
f 482/1/482 484/1/484 477/1/477 
f 485/1/485 486/1/486 487/1/487 
f 455/1/455 451/1/451 488/1/488 
f 473/1/473 488/1/488 451/1/451 
f 483/1/483 481/1/481 488/1/488 
f 489/1/489 488/1/488 481/1/481 
f 476/1/476 490/1/490 485/1/485 
f 418/1/418 429/1/429 490/1/490 
f 491/1/491 490/1/490 429/1/429 
f 485/1/485 490/1/490 491/1/491 
f 459/1/459 456/1/456 492/1/492 
f 489/1/489 492/1/492 456/1/456 
f 480/1/480 493/1/493 492/1/492 
f 494/1/494 492/1/492 493/1/493 
f 463/1/463 460/1/460 495/1/495 
f 494/1/494 495/1/495 460/1/460 
f 496/1/496 497/1/497 495/1/495 
f 498/1/498 495/1/495 497/1/497 
f 499/1/499 500/1/500 478/1/478 
f 477/1/477 484/1/484 501/1/501 
f 501/1/501 484/1/484 483/1/483 
f 474/1/474 472/1/472 499/1/499 
f 502/1/502 503/1/503 504/1/504 
f 491/1/491 504/1/504 503/1/503 
f 430/1/430 435/1/435 504/1/504 
f 505/1/505 504/1/504 435/1/435 
f 506/1/506 507/1/507 508/1/508 
f 509/1/509 506/1/506 510/1/510 
f 502/1/502 511/1/511 506/1/506 
f 511/1/511 512/1/512 507/1/507 
f 513/1/513 514/1/514 512/1/512 
f 505/1/505 513/1/513 511/1/511 
f 505/1/505 440/1/440 439/1/439 
f 439/1/439 438/1/438 514/1/514 
f 514/1/514 515/1/515 516/1/516 
f 514/1/514 438/1/438 445/1/445 
f 444/1/444 517/1/517 515/1/515 
f 517/1/517 518/1/518 516/1/516 
f 444/1/444 416/1/416 519/1/519 
f 416/1/416 414/1/414 479/1/479 
f 500/1/500 520/1/520 519/1/519 
f 517/1/517 519/1/519 520/1/520 
f 521/1/521 522/1/522 518/1/518 
f 523/1/523 521/1/521 520/1/520 
f 524/1/524 525/1/525 521/1/521 
f 522/1/522 521/1/521 525/1/525 
f 526/1/526 525/1/525 527/1/527 
f 528/1/528 527/1/527 525/1/525 
f 529/1/529 530/1/530 527/1/527 
f 531/1/531 527/1/527 530/1/530 
f 532/1/532 533/1/533 534/1/534 
f 532/1/532 535/1/535 536/1/536 
f 537/1/537 533/1/533 532/1/532 
f 537/1/537 538/1/538 539/1/539 
f 531/1/531 539/1/539 538/1/538 
f 540/1/540 541/1/541 539/1/539 
f 533/1/533 539/1/539 541/1/541 
f 542/1/542 543/1/543 544/1/544 
f 543/1/543 545/1/545 546/1/546 
f 544/1/544 546/1/546 547/1/547 
f 548/1/548 544/1/544 549/1/549 
f 550/1/550 551/1/551 552/1/552 
f 550/1/550 536/1/536 553/1/553 
f 548/1/548 551/1/551 553/1/553 
f 554/1/554 552/1/552 551/1/551 
f 555/1/555 552/1/552 556/1/556 
f 557/1/557 556/1/556 552/1/552 
f 558/1/558 559/1/559 556/1/556 
f 560/1/560 556/1/556 559/1/559 
f 561/1/561 562/1/562 563/1/563 
f 564/1/564 563/1/563 562/1/562 
f 564/1/564 508/1/508 507/1/507 
f 507/1/507 512/1/512 565/1/565 
f 566/1/566 567/1/567 568/1/568 
f 565/1/565 566/1/566 569/1/569 
f 512/1/512 516/1/516 566/1/566 
f 567/1/567 566/1/566 516/1/516 
f 570/1/570 571/1/571 569/1/569 
f 570/1/570 572/1/572 573/1/573 
f 561/1/561 569/1/569 571/1/571 
f 574/1/574 575/1/575 568/1/568 
f 522/1/522 574/1/574 567/1/567 
f 526/1/526 538/1/538 574/1/574 
f 575/1/575 574/1/574 538/1/538 
f 576/1/576 575/1/575 537/1/537 
f 577/1/577 536/1/536 578/1/578 
f 578/1/578 579/1/579 580/1/580 
f 575/1/575 576/1/576 580/1/580 
f 581/1/581 582/1/582 580/1/580 
f 583/1/583 582/1/582 581/1/581 
f 572/1/572 570/1/570 582/1/582 
f 580/1/580 582/1/582 570/1/570 
f 579/1/579 578/1/578 584/1/584 
f 550/1/550 584/1/584 578/1/578 
f 555/1/555 585/1/585 584/1/584 
f 586/1/586 584/1/584 585/1/585 
f 587/1/587 588/1/588 589/1/589 
f 586/1/586 589/1/589 588/1/588 
f 590/1/590 591/1/591 589/1/589 
f 592/1/592 589/1/589 591/1/591 
f 593/1/593 594/1/594 595/1/595 
f 594/1/594 596/1/596 597/1/597 
f 598/1/598 595/1/595 597/1/597 
f 599/1/599 600/1/600 595/1/595 
f 601/1/601 602/1/602 590/1/590 
f 560/1/560 601/1/601 585/1/585 
f 601/1/601 560/1/560 596/1/596 
f 593/1/593 602/1/602 601/1/601 
f 599/1/599 598/1/598 603/1/603 
f 604/1/604 605/1/605 603/1/603 
f 606/1/606 603/1/603 605/1/605 
f 607/1/607 608/1/608 603/1/603 
f 609/1/609 610/1/610 611/1/611 
f 612/1/612 591/1/591 611/1/611 
f 591/1/591 590/1/590 602/1/602 
f 613/1/613 611/1/611 602/1/602 
f 614/1/614 581/1/581 615/1/615 
f 588/1/588 615/1/615 581/1/581 
f 587/1/587 616/1/616 615/1/615 
f 606/1/606 615/1/615 616/1/616 
f 617/1/617 618/1/618 607/1/607 
f 616/1/616 587/1/587 592/1/592 
f 612/1/612 610/1/610 617/1/617 
f 618/1/618 617/1/617 610/1/610 
f 619/1/619 618/1/618 609/1/609 
f 613/1/613 593/1/593 600/1/600 
f 619/1/619 600/1/600 599/1/599 
f 608/1/608 607/1/607 618/1/618 
f 620/1/620 621/1/621 622/1/622 
f 71/1/71 622/1/622 621/1/621 
f 51/1/51 63/1/63 622/1/622 
f 623/1/623 622/1/622 63/1/63 
f 62/1/62 138/1/138 624/1/624 
f 625/1/625 624/1/624 138/1/138 
f 626/1/626 627/1/627 624/1/624 
f 623/1/623 624/1/624 627/1/627 
f 620/1/620 627/1/627 628/1/628 
f 629/1/629 628/1/628 627/1/627 
f 630/1/630 631/1/631 628/1/628 
f 632/1/632 628/1/628 631/1/631 
f 625/1/625 633/1/633 634/1/634 
f 180/1/180 633/1/633 625/1/625 
f 185/1/185 635/1/635 633/1/633 
f 636/1/636 634/1/634 633/1/633 
f 630/1/630 629/1/629 637/1/637 
f 626/1/626 634/1/634 637/1/637 
f 636/1/636 638/1/638 637/1/637 
f 639/1/639 637/1/637 638/1/638 
f 635/1/635 640/1/640 641/1/641 
f 184/1/184 640/1/640 635/1/635 
f 184/1/184 260/1/260 642/1/642 
f 640/1/640 642/1/642 643/1/643 
f 638/1/638 636/1/636 641/1/641 
f 644/1/644 645/1/645 641/1/641 
f 646/1/646 645/1/645 644/1/644 
f 647/1/647 638/1/638 645/1/645 
f 648/1/648 649/1/649 650/1/650 
f 650/1/650 649/1/649 257/1/257 
f 263/1/263 326/1/326 650/1/650 
f 651/1/651 650/1/650 326/1/326 
f 652/1/652 649/1/649 648/1/648 
f 653/1/653 643/1/643 642/1/642 
f 652/1/652 642/1/642 260/1/260 
f 258/1/258 257/1/257 649/1/649 
f 643/1/643 653/1/653 654/1/654 
f 648/1/648 655/1/655 654/1/654 
f 656/1/656 654/1/654 655/1/655 
f 657/1/657 644/1/644 654/1/654 
f 66/1/66 621/1/621 658/1/658 
f 632/1/632 658/1/658 621/1/621 
f 659/1/659 660/1/660 658/1/658 
f 661/1/661 658/1/658 660/1/660 
f 661/1/661 662/1/662 663/1/663 
f 664/1/664 665/1/665 663/1/663 
f 666/1/666 67/1/67 665/1/665 
f 661/1/661 665/1/665 67/1/67 
f 667/1/667 668/1/668 669/1/669 
f 670/1/670 668/1/668 667/1/667 
f 669/1/669 668/1/668 663/1/663 
f 671/1/671 672/1/672 660/1/660 
f 673/1/673 674/1/674 672/1/672 
f 660/1/660 672/1/672 674/1/674 
f 675/1/675 669/1/669 676/1/676 
f 676/1/676 669/1/669 662/1/662 
f 677/1/677 676/1/676 674/1/674 
f 678/1/678 676/1/676 677/1/677 
f 679/1/679 680/1/680 681/1/681 
f 671/1/671 680/1/680 679/1/679 
f 659/1/659 631/1/631 680/1/680 
f 681/1/681 680/1/680 631/1/631 
f 682/1/682 683/1/683 684/1/684 
f 678/1/678 684/1/684 683/1/683 
f 685/1/685 686/1/686 684/1/684 
f 687/1/687 684/1/684 686/1/686 
f 688/1/688 689/1/689 690/1/690 
f 8/1/8 690/1/690 689/1/689 
f 5/1/5 691/1/691 690/1/690 
f 687/1/687 690/1/690 691/1/691 
f 692/1/692 693/1/693 694/1/694 
f 685/1/685 677/1/677 695/1/695 
f 673/1/673 679/1/679 695/1/695 
f 679/1/679 696/1/696 692/1/692 
f 694/1/694 697/1/697 686/1/686 
f 693/1/693 698/1/698 697/1/697 
f 688/1/688 686/1/686 697/1/697 
f 9/1/9 689/1/689 699/1/699 
f 700/1/700 699/1/699 689/1/689 
f 701/1/701 702/1/702 699/1/699 
f 95/1/95 91/1/91 699/1/699 
f 696/1/696 681/1/681 703/1/703 
f 639/1/639 703/1/703 681/1/681 
f 647/1/647 704/1/704 703/1/703 
f 705/1/705 703/1/703 704/1/704 
f 706/1/706 701/1/701 700/1/700 
f 698/1/698 707/1/707 700/1/700 
f 693/1/693 708/1/708 707/1/707 
f 706/1/706 707/1/707 708/1/708 
f 709/1/709 708/1/708 710/1/710 
f 692/1/692 710/1/710 708/1/708 
f 705/1/705 710/1/710 692/1/692 
f 711/1/711 710/1/710 705/1/705 
f 712/1/712 704/1/704 713/1/713 
f 646/1/646 713/1/713 704/1/704 
f 657/1/657 714/1/714 713/1/713 
f 715/1/715 713/1/713 714/1/714 
f 712/1/712 715/1/715 716/1/716 
f 717/1/717 716/1/716 715/1/715 
f 718/1/718 719/1/719 716/1/716 
f 711/1/711 716/1/716 719/1/719 
f 701/1/701 706/1/706 720/1/720 
f 719/1/719 720/1/720 706/1/706 
f 721/1/721 720/1/720 719/1/719 
f 721/1/721 722/1/722 723/1/723 
f 272/1/272 96/1/96 724/1/724 
f 702/1/702 724/1/724 96/1/96 
f 701/1/701 723/1/723 724/1/724 
f 725/1/725 724/1/724 723/1/723 
f 726/1/726 727/1/727 728/1/728 
f 717/1/717 728/1/728 727/1/727 
f 729/1/729 730/1/730 728/1/728 
f 731/1/731 728/1/728 730/1/730 
f 729/1/729 714/1/714 732/1/732 
f 656/1/656 732/1/732 714/1/714 
f 733/1/733 734/1/734 732/1/732 
f 730/1/730 732/1/732 734/1/734 
f 718/1/718 727/1/727 735/1/735 
f 736/1/736 735/1/735 727/1/727 
f 721/1/721 735/1/735 736/1/736 
f 733/1/733 655/1/655 737/1/737 
f 651/1/651 737/1/737 655/1/655 
f 325/1/325 738/1/738 737/1/737 
f 739/1/739 737/1/737 738/1/738 
f 277/1/277 273/1/273 740/1/740 
f 725/1/725 740/1/740 273/1/273 
f 722/1/722 741/1/741 740/1/740 
f 742/1/742 740/1/740 741/1/741 
f 739/1/739 743/1/743 734/1/734 
f 743/1/743 739/1/739 744/1/744 
f 745/1/745 734/1/734 743/1/743 
f 746/1/746 741/1/741 747/1/747 
f 736/1/736 747/1/747 741/1/741 
f 726/1/726 748/1/748 747/1/747 
f 749/1/749 747/1/747 748/1/748 
f 750/1/750 748/1/748 751/1/751 
f 731/1/731 751/1/751 748/1/748 
f 745/1/745 752/1/752 751/1/751 
f 753/1/753 751/1/751 752/1/752 
f 744/1/744 738/1/738 754/1/754 
f 324/1/324 754/1/754 738/1/738 
f 240/1/240 755/1/755 754/1/754 
f 756/1/756 754/1/754 755/1/755 
f 187/1/187 278/1/278 757/1/757 
f 742/1/742 757/1/757 278/1/278 
f 746/1/746 758/1/758 757/1/757 
f 759/1/759 757/1/757 758/1/758 
f 760/1/760 758/1/758 761/1/761 
f 749/1/749 761/1/761 758/1/758 
f 750/1/750 762/1/762 761/1/761 
f 763/1/763 761/1/761 762/1/762 
f 764/1/764 762/1/762 765/1/765 
f 753/1/753 765/1/765 762/1/762 
f 744/1/744 756/1/756 765/1/765 
f 766/1/766 765/1/765 756/1/756 
f 767/1/767 768/1/768 755/1/755 
f 245/1/245 769/1/769 755/1/755 
f 770/1/770 771/1/771 769/1/769 
f 772/1/772 767/1/767 769/1/769 
f 72/1/72 188/1/188 773/1/773 
f 759/1/759 773/1/773 188/1/188 
f 760/1/760 774/1/774 773/1/773 
f 775/1/775 773/1/773 774/1/774 
f 776/1/776 774/1/774 777/1/777 
f 763/1/763 777/1/777 774/1/774 
f 764/1/764 778/1/778 777/1/777 
f 779/1/779 777/1/777 778/1/778 
f 780/1/780 778/1/778 781/1/781 
f 766/1/766 781/1/781 778/1/778 
f 768/1/768 767/1/767 781/1/781 
f 782/1/782 781/1/781 767/1/767 
f 73/1/73 783/1/783 784/1/784 
f 775/1/775 783/1/783 73/1/73 
f 776/1/776 785/1/785 783/1/783 
f 784/1/784 783/1/783 785/1/785 
f 471/1/471 786/1/786 787/1/787 
f 471/1/471 467/1/467 469/1/469 
f 786/1/786 469/1/469 465/1/465 
f 787/1/787 786/1/786 788/1/788 
f 789/1/789 790/1/790 791/1/791 
f 528/1/528 791/1/791 790/1/790 
f 524/1/524 792/1/792 791/1/791 
f 793/1/793 791/1/791 792/1/792 
f 794/1/794 788/1/788 465/1/465 
f 498/1/498 794/1/794 464/1/464 
f 795/1/795 796/1/796 794/1/794 
f 788/1/788 794/1/794 796/1/796 
f 523/1/523 797/1/797 792/1/792 
f 499/1/499 797/1/797 523/1/523 
f 472/1/472 787/1/787 797/1/797 
f 792/1/792 797/1/797 787/1/787 
f 798/1/798 799/1/799 800/1/800 
f 801/1/801 802/1/802 803/1/803 
f 798/1/798 803/1/803 804/1/804 
f 805/1/805 806/1/806 799/1/799 
f 806/1/806 805/1/805 807/1/807 
f 808/1/808 807/1/807 805/1/805 
f 809/1/809 810/1/810 807/1/807 
f 810/1/810 811/1/811 812/1/812 
f 813/1/813 814/1/814 815/1/815 
f 816/1/816 815/1/815 814/1/814 
f 817/1/817 818/1/818 815/1/815 
f 819/1/819 820/1/820 815/1/815 
f 821/1/821 822/1/822 823/1/823 
f 824/1/824 823/1/823 822/1/822 
f 825/1/825 826/1/826 823/1/823 
f 827/1/827 823/1/823 826/1/826 
f 828/1/828 826/1/826 829/1/829 
f 830/1/830 829/1/829 826/1/826 
f 831/1/831 832/1/832 829/1/829 
f 833/1/833 829/1/829 832/1/832 
f 834/1/834 835/1/835 836/1/836 
f 827/1/827 836/1/836 835/1/835 
f 828/1/828 837/1/837 836/1/836 
f 838/1/838 836/1/836 837/1/837 
f 839/1/839 840/1/840 841/1/841 
f 838/1/838 839/1/839 842/1/842 
f 839/1/839 838/1/838 843/1/843 
f 840/1/840 839/1/839 844/1/844 
f 843/1/843 837/1/837 845/1/845 
f 833/1/833 845/1/845 837/1/837 
f 846/1/846 847/1/847 845/1/845 
f 848/1/848 845/1/845 847/1/847 
f 849/1/849 847/1/847 850/1/850 
f 851/1/851 850/1/850 847/1/847 
f 852/1/852 784/1/784 850/1/850 
f 853/1/853 850/1/850 784/1/784 
f 854/1/854 855/1/855 856/1/856 
f 857/1/857 856/1/856 855/1/855 
f 841/1/841 858/1/858 856/1/856 
f 859/1/859 856/1/856 858/1/858 
f 860/1/860 785/1/785 861/1/861 
f 779/1/779 861/1/861 785/1/785 
f 780/1/780 862/1/862 861/1/861 
f 863/1/863 861/1/861 862/1/862 
f 864/1/864 865/1/865 866/1/866 
f 864/1/864 772/1/772 771/1/771 
f 867/1/867 865/1/865 771/1/771 
f 866/1/866 865/1/865 867/1/867 
f 868/1/868 862/1/862 869/1/869 
f 782/1/782 869/1/869 862/1/862 
f 772/1/772 864/1/864 869/1/869 
f 870/1/870 869/1/869 864/1/864 
f 871/1/871 866/1/866 872/1/872 
f 546/1/546 871/1/871 873/1/873 
f 874/1/874 871/1/871 546/1/546 
f 871/1/871 874/1/874 875/1/875 
f 876/1/876 877/1/877 849/1/849 
f 863/1/863 876/1/876 853/1/853 
f 868/1/868 878/1/878 876/1/876 
f 878/1/878 879/1/879 877/1/877 
f 880/1/880 881/1/881 882/1/882 
f 844/1/844 843/1/843 848/1/848 
f 849/1/849 877/1/877 880/1/880 
f 877/1/877 879/1/879 881/1/881 
f 883/1/883 858/1/858 884/1/884 
f 840/1/840 884/1/884 858/1/858 
f 882/1/882 881/1/881 884/1/884 
f 881/1/881 879/1/879 885/1/885 
f 886/1/886 887/1/887 888/1/888 
f 888/1/888 889/1/889 890/1/890 
f 885/1/885 891/1/891 890/1/890 
f 891/1/891 885/1/885 879/1/879 
f 887/1/887 886/1/886 892/1/892 
f 893/1/893 892/1/892 886/1/886 
f 892/1/892 893/1/893 894/1/894 
f 895/1/895 892/1/892 896/1/896 
f 894/1/894 897/1/897 898/1/898 
f 874/1/874 898/1/898 897/1/897 
f 545/1/545 899/1/899 898/1/898 
f 896/1/896 898/1/898 899/1/899 
f 870/1/870 900/1/900 878/1/878 
f 875/1/875 897/1/897 900/1/900 
f 894/1/894 893/1/893 900/1/900 
f 893/1/893 879/1/879 878/1/878 
f 901/1/901 902/1/902 903/1/903 
f 904/1/904 905/1/905 903/1/903 
f 421/1/421 417/1/417 903/1/903 
f 411/1/411 903/1/903 417/1/417 
f 906/1/906 907/1/907 908/1/908 
f 409/1/409 408/1/408 908/1/908 
f 442/1/442 441/1/441 908/1/908 
f 433/1/433 909/1/909 908/1/908 
f 910/1/910 911/1/911 912/1/912 
f 426/1/426 912/1/912 911/1/911 
f 423/1/423 913/1/913 912/1/912 
f 914/1/914 912/1/912 913/1/913 
f 422/1/422 915/1/915 913/1/913 
f 905/1/905 915/1/915 422/1/422 
f 904/1/904 916/1/916 915/1/915 
f 913/1/913 915/1/915 916/1/916 
f 906/1/906 909/1/909 917/1/917 
f 432/1/432 917/1/917 909/1/909 
f 427/1/427 911/1/911 917/1/917 
f 918/1/918 917/1/917 911/1/911 
f 919/1/919 920/1/920 921/1/921 
f 918/1/918 921/1/921 920/1/920 
f 910/1/910 914/1/914 921/1/921 
f 921/1/921 914/1/914 922/1/922 
f 904/1/904 902/1/902 923/1/923 
f 923/1/923 902/1/902 901/1/901 
f 923/1/923 924/1/924 919/1/919 
f 916/1/916 923/1/923 925/1/925 
f 919/1/919 924/1/924 926/1/926 
f 901/1/901 410/1/410 926/1/926 
f 409/1/409 907/1/907 926/1/926 
f 920/1/920 926/1/926 907/1/907 
f 349/1/349 927/1/927 928/1/928 
f 333/1/333 927/1/927 349/1/349 
f 929/1/929 930/1/930 927/1/927 
f 928/1/928 927/1/927 930/1/930 
f 931/1/931 930/1/930 932/1/932 
f 929/1/929 332/1/332 932/1/932 
f 331/1/331 360/1/360 932/1/932 
f 337/1/337 932/1/932 360/1/360 
f 334/1/334 342/1/342 933/1/933 
f 934/1/934 933/1/933 342/1/342 
f 933/1/933 934/1/934 350/1/350 
f 931/1/931 335/1/335 933/1/933 
f 341/1/341 346/1/346 935/1/935 
f 375/1/375 935/1/935 346/1/346 
f 378/1/378 351/1/351 935/1/935 
f 934/1/934 935/1/935 351/1/351 
f 883/1/883 890/1/890 936/1/936 
f 937/1/937 936/1/936 890/1/890 
f 938/1/938 939/1/939 936/1/936 
f 859/1/859 936/1/936 939/1/939 
f 529/1/529 790/1/790 940/1/940 
f 941/1/941 940/1/940 790/1/790 
f 942/1/942 943/1/943 940/1/940 
f 944/1/944 940/1/940 943/1/943 
f 945/1/945 946/1/946 947/1/947 
f 937/1/937 947/1/947 946/1/946 
f 889/1/889 888/1/888 947/1/947 
f 888/1/888 887/1/887 948/1/948 
f 949/1/949 943/1/943 950/1/950 
f 951/1/951 950/1/950 943/1/943 
f 938/1/938 946/1/946 950/1/950 
f 952/1/952 950/1/950 946/1/946 
f 542/1/542 553/1/553 953/1/953 
f 535/1/535 953/1/953 553/1/553 
f 534/1/534 954/1/954 953/1/953 
f 955/1/955 953/1/953 954/1/954 
f 956/1/956 957/1/957 958/1/958 
f 948/1/948 959/1/959 958/1/958 
f 959/1/959 948/1/948 887/1/887 
f 956/1/956 959/1/959 895/1/895 
f 960/1/960 961/1/961 962/1/962 
f 952/1/952 962/1/962 961/1/961 
f 945/1/945 958/1/958 962/1/962 
f 957/1/957 963/1/963 962/1/962 
f 964/1/964 899/1/899 965/1/965 
f 543/1/543 965/1/965 899/1/899 
f 543/1/543 542/1/542 955/1/955 
f 956/1/956 965/1/965 955/1/955 
f 966/1/966 954/1/954 534/1/534 
f 967/1/967 966/1/966 541/1/541 
f 960/1/960 963/1/963 966/1/966 
f 963/1/963 957/1/957 954/1/954 
f 540/1/540 530/1/530 968/1/968 
f 944/1/944 968/1/968 530/1/530 
f 949/1/949 961/1/961 968/1/968 
f 967/1/967 968/1/968 961/1/961 
f 819/1/819 969/1/969 970/1/970 
f 971/1/971 970/1/970 969/1/969 
f 972/1/972 973/1/973 970/1/970 
f 974/1/974 970/1/970 973/1/973 
f 789/1/789 793/1/793 975/1/975 
f 801/1/801 975/1/975 793/1/793 
f 800/1/800 976/1/976 975/1/975 
f 977/1/977 975/1/975 976/1/976 
f 942/1/942 941/1/941 978/1/978 
f 977/1/977 978/1/978 941/1/941 
f 979/1/979 980/1/980 978/1/978 
f 980/1/980 981/1/981 982/1/982 
f 983/1/983 982/1/982 981/1/981 
f 984/1/984 854/1/854 939/1/939 
f 983/1/983 939/1/939 938/1/938 
f 951/1/951 942/1/942 982/1/982 
f 981/1/981 980/1/980 985/1/985 
f 980/1/980 979/1/979 986/1/986 
f 987/1/987 988/1/988 985/1/985 
f 989/1/989 985/1/985 988/1/988 
f 990/1/990 991/1/991 989/1/989 
f 992/1/992 855/1/855 991/1/991 
f 984/1/984 991/1/991 855/1/855 
f 989/1/989 991/1/991 984/1/984 
f 993/1/993 994/1/994 995/1/995 
f 996/1/996 995/1/995 994/1/994 
f 997/1/997 995/1/995 996/1/996 
f 998/1/998 995/1/995 997/1/997 
f 999/1/999 1000/1/1000 1001/1/1001 
f 990/1/990 1001/1/1001 1000/1/1000 
f 1002/1/1002 1003/1/1003 1001/1/1001 
f 1004/1/1004 1001/1/1001 1003/1/1003 
f 820/1/820 1005/1/1005 1006/1/1006 
f 974/1/974 1005/1/1005 820/1/820 
f 1007/1/1007 994/1/994 1005/1/1005 
f 994/1/994 993/1/993 1006/1/1006 
f 987/1/987 1008/1/1008 1009/1/1009 
f 1010/1/1010 1011/1/1011 1009/1/1009 
f 1012/1/1012 1003/1/1003 1009/1/1009 
f 988/1/988 1009/1/1009 1003/1/1003 
f 999/1/999 1013/1/1013 1014/1/1014 
f 1015/1/1015 1014/1/1014 1013/1/1013 
f 821/1/821 835/1/835 1014/1/1014 
f 1016/1/1016 1014/1/1014 835/1/835 
f 1017/1/1017 993/1/993 998/1/998 
f 1018/1/1018 1013/1/1013 1019/1/1019 
f 1004/1/1004 1019/1/1019 1013/1/1013 
f 1012/1/1012 1017/1/1017 1019/1/1019 
f 834/1/834 842/1/842 1020/1/1020 
f 857/1/857 1020/1/1020 842/1/842 
f 992/1/992 1000/1/1000 1020/1/1020 
f 1016/1/1016 1020/1/1020 1000/1/1000 
f 1017/1/1017 1012/1/1012 1011/1/1011 
f 1021/1/1021 1022/1/1022 1011/1/1011 
f 813/1/813 1006/1/1006 1022/1/1022 
f 1017/1/1017 1022/1/1022 1006/1/1006 
f 1023/1/1023 1024/1/1024 1025/1/1025 
f 867/1/867 1025/1/1025 1024/1/1024 
f 770/1/770 244/1/244 1025/1/1025 
f 1026/1/1026 1025/1/1025 244/1/244 
f 243/1/243 231/1/231 1027/1/1027 
f 1028/1/1028 1027/1/1027 231/1/231 
f 1029/1/1029 1030/1/1030 1027/1/1027 
f 1026/1/1026 1027/1/1027 1030/1/1030 
f 1023/1/1023 1030/1/1030 1031/1/1031 
f 1032/1/1032 1031/1/1031 1030/1/1030 
f 1033/1/1033 1034/1/1034 1031/1/1031 
f 1035/1/1035 1031/1/1031 1034/1/1034 
f 222/1/222 1036/1/1036 1037/1/1037 
f 1038/1/1038 1039/1/1039 1036/1/1036 
f 1040/1/1040 1036/1/1036 1039/1/1039 
f 1041/1/1041 1037/1/1037 1036/1/1036 
f 1042/1/1042 1043/1/1043 215/1/215 
f 214/1/214 213/1/213 1044/1/1044 
f 1045/1/1045 1046/1/1046 1042/1/1042 
f 1046/1/1046 1047/1/1047 1043/1/1043 
f 1048/1/1048 1049/1/1049 1050/1/1050 
f 1051/1/1051 1050/1/1050 1049/1/1049 
f 1052/1/1052 234/1/234 1050/1/1050 
f 1053/1/1053 1050/1/1050 234/1/234 
f 1054/1/1054 1055/1/1055 1056/1/1056 
f 207/1/207 1056/1/1056 1055/1/1055 
f 202/1/202 1057/1/1057 1056/1/1056 
f 1058/1/1058 1056/1/1056 1057/1/1057 
f 1059/1/1059 1060/1/1060 1061/1/1061 
f 195/1/195 1061/1/1061 1060/1/1060 
f 190/1/190 77/1/77 1061/1/1061 
f 1062/1/1062 1061/1/1061 77/1/77 
f 1063/1/1063 1057/1/1057 1064/1/1064 
f 201/1/201 1064/1/1064 1057/1/1057 
f 196/1/196 1060/1/1060 1064/1/1064 
f 1065/1/1065 1064/1/1064 1060/1/1060 
f 1066/1/1066 1067/1/1067 1068/1/1068 
f 1065/1/1065 1068/1/1068 1067/1/1067 
f 1059/1/1059 1069/1/1069 1068/1/1068 
f 1070/1/1070 1068/1/1068 1069/1/1069 
f 75/1/75 1071/1/1071 1072/1/1072 
f 851/1/851 1071/1/1071 75/1/75 
f 1073/1/1073 1071/1/1071 851/1/851 
f 1073/1/1073 1074/1/1074 1072/1/1072 
f 1075/1/1075 1069/1/1069 1076/1/1076 
f 1062/1/1062 1076/1/1076 1069/1/1069 
f 76/1/76 1072/1/1072 1076/1/1076 
f 1077/1/1077 1076/1/1076 1072/1/1072 
f 1078/1/1078 1079/1/1079 1080/1/1080 
f 1079/1/1079 1081/1/1081 1082/1/1082 
f 1080/1/1080 1082/1/1082 1083/1/1083 
f 1084/1/1084 1085/1/1085 1086/1/1086 
f 1087/1/1087 1088/1/1088 1089/1/1089 
f 1090/1/1090 1089/1/1089 1088/1/1088 
f 1081/1/1081 1079/1/1079 1089/1/1089 
f 1091/1/1091 1089/1/1089 1079/1/1079 
f 1092/1/1092 1093/1/1093 1094/1/1094 
f 1095/1/1095 1096/1/1096 1093/1/1093 
f 1097/1/1097 1093/1/1093 1096/1/1096 
f 1098/1/1098 1094/1/1094 1093/1/1093 
f 1099/1/1099 1100/1/1100 1101/1/1101 
f 1102/1/1102 1101/1/1101 1100/1/1100 
f 1103/1/1103 1104/1/1104 1101/1/1101 
f 1105/1/1105 1101/1/1101 1104/1/1104 
f 1106/1/1106 1034/1/1034 1107/1/1107 
f 1108/1/1108 1107/1/1107 1034/1/1034 
f 1107/1/1107 1108/1/1108 1109/1/1109 
f 1110/1/1110 1107/1/1107 1111/1/1111 
f 1112/1/1112 1113/1/1113 1114/1/1114 
f 1115/1/1115 1116/1/1116 1114/1/1114 
f 1116/1/1116 1115/1/1115 1117/1/1117 
f 1112/1/1112 1116/1/1116 1118/1/1118 
f 1119/1/1119 1120/1/1120 1121/1/1121 
f 1111/1/1111 1109/1/1109 1122/1/1122 
f 1119/1/1119 1122/1/1122 1123/1/1123 
f 1124/1/1124 1120/1/1120 1119/1/1119 
f 1125/1/1125 1126/1/1126 1124/1/1124 
f 1127/1/1127 1123/1/1123 1128/1/1128 
f 1113/1/1113 1112/1/1112 1125/1/1125 
f 1125/1/1125 1112/1/1112 1129/1/1129 
f 872/1/872 1024/1/1024 1130/1/1130 
f 1035/1/1035 1130/1/1130 1024/1/1024 
f 1106/1/1106 1131/1/1131 1130/1/1130 
f 1132/1/1132 1130/1/1130 1131/1/1131 
f 1133/1/1133 1134/1/1134 1131/1/1131 
f 1106/1/1106 1110/1/1110 1135/1/1135 
f 1121/1/1121 1133/1/1133 1135/1/1135 
f 1136/1/1136 1137/1/1137 1138/1/1138 
f 1138/1/1138 1137/1/1137 1134/1/1134 
f 1133/1/1133 1121/1/1121 1120/1/1120 
f 1120/1/1120 1124/1/1124 1139/1/1139 
f 1140/1/1140 1139/1/1139 1124/1/1124 
f 1126/1/1126 1129/1/1129 1141/1/1141 
f 1142/1/1142 1143/1/1143 1140/1/1140 
f 1143/1/1143 1136/1/1136 1139/1/1139 
f 554/1/554 549/1/549 1144/1/1144 
f 1145/1/1145 1144/1/1144 549/1/549 
f 1146/1/1146 1147/1/1147 1144/1/1144 
f 557/1/557 1144/1/1144 1147/1/1147 
f 547/1/547 873/1/873 1148/1/1148 
f 1132/1/1132 1148/1/1148 873/1/873 
f 1134/1/1134 1149/1/1149 1148/1/1148 
f 1145/1/1145 1148/1/1148 1149/1/1149 
f 1150/1/1150 562/1/562 1151/1/1151 
f 562/1/562 561/1/561 573/1/573 
f 572/1/572 1152/1/1152 1151/1/1151 
f 1153/1/1153 1151/1/1151 1152/1/1152 
f 1137/1/1137 1154/1/1154 1149/1/1149 
f 1155/1/1155 1154/1/1154 1137/1/1137 
f 1156/1/1156 1154/1/1154 1155/1/1155 
f 1146/1/1146 1149/1/1149 1154/1/1154 
f 1157/1/1157 1158/1/1158 1159/1/1159 
f 1160/1/1160 1158/1/1158 1157/1/1157 
f 1161/1/1161 1159/1/1159 1158/1/1158 
f 558/1/558 1147/1/1147 1162/1/1162 
f 1156/1/1156 1162/1/1162 1147/1/1147 
f 1163/1/1163 1157/1/1157 1162/1/1162 
f 1164/1/1164 1162/1/1162 1157/1/1157 
f 604/1/604 597/1/597 1165/1/1165 
f 559/1/559 1165/1/1165 597/1/597 
f 1164/1/1164 1165/1/1165 559/1/559 
f 1164/1/1164 1166/1/1166 1167/1/1167 
f 583/1/583 1168/1/1168 1152/1/1152 
f 614/1/614 605/1/605 1168/1/1168 
f 605/1/605 604/1/604 1167/1/1167 
f 1167/1/1167 1166/1/1166 1152/1/1152 
f 1169/1/1169 1155/1/1155 1136/1/1136 
f 1170/1/1170 1169/1/1169 1143/1/1143 
f 1161/1/1161 1160/1/1160 1169/1/1169 
f 1163/1/1163 1155/1/1155 1169/1/1169 
f 1171/1/1171 1172/1/1172 1173/1/1173 
f 1174/1/1174 1173/1/1173 1172/1/1172 
f 1175/1/1175 1176/1/1176 1173/1/1173 
f 1177/1/1177 1173/1/1173 1176/1/1176 
f 1175/1/1175 1174/1/1174 1178/1/1178 
f 1174/1/1174 1179/1/1179 1180/1/1180 
f 1181/1/1181 1182/1/1182 1178/1/1178 
f 1183/1/1183 1178/1/1178 1182/1/1182 
f 1183/1/1183 1184/1/1184 1176/1/1176 
f 1185/1/1185 1184/1/1184 1183/1/1183 
f 1186/1/1186 1187/1/1187 1184/1/1184 
f 1176/1/1176 1184/1/1184 1187/1/1187 
f 1188/1/1188 1189/1/1189 1190/1/1190 
f 1191/1/1191 1187/1/1187 1189/1/1189 
f 1192/1/1192 1189/1/1189 1187/1/1187 
f 1193/1/1193 1190/1/1190 1189/1/1189 
f 1194/1/1194 1195/1/1195 1196/1/1196 
f 1197/1/1197 1196/1/1196 1195/1/1195 
f 1198/1/1198 1199/1/1199 1196/1/1196 
f 1185/1/1185 1196/1/1196 1199/1/1199 
f 1193/1/1193 1192/1/1192 1200/1/1200 
f 1186/1/1186 1199/1/1199 1200/1/1200 
f 1199/1/1199 1198/1/1198 1201/1/1201 
f 1202/1/1202 1200/1/1200 1201/1/1201 
f 1201/1/1201 1203/1/1203 1204/1/1204 
f 1198/1/1198 1205/1/1205 1203/1/1203 
f 1206/1/1206 1203/1/1203 1205/1/1205 
f 1207/1/1207 1204/1/1204 1203/1/1203 
f 1208/1/1208 1209/1/1209 1210/1/1210 
f 1090/1/1090 1210/1/1210 1209/1/1209 
f 1211/1/1211 1210/1/1210 1090/1/1090 
f 1212/1/1212 1213/1/1213 1210/1/1210 
f 1214/1/1214 1215/1/1215 1216/1/1216 
f 1070/1/1070 1216/1/1216 1215/1/1215 
f 1075/1/1075 1217/1/1217 1216/1/1216 
f 1218/1/1218 1216/1/1216 1217/1/1217 
f 1219/1/1219 1220/1/1220 1221/1/1221 
f 1077/1/1077 1219/1/1219 1217/1/1217 
f 1220/1/1220 1219/1/1219 1077/1/1077 
f 1083/1/1083 1082/1/1082 1222/1/1222 
f 1081/1/1081 1209/1/1209 1222/1/1222 
f 1208/1/1208 1223/1/1223 1222/1/1222 
f 1223/1/1223 1224/1/1224 1225/1/1225 
f 1226/1/1226 1227/1/1227 1228/1/1228 
f 1229/1/1229 1083/1/1083 1225/1/1225 
f 1226/1/1226 1225/1/1225 1224/1/1224 
f 1227/1/1227 1226/1/1226 1230/1/1230 
f 1224/1/1224 1223/1/1223 1231/1/1231 
f 1232/1/1232 1231/1/1231 1223/1/1223 
f 1233/1/1233 1234/1/1234 1231/1/1231 
f 1235/1/1235 1231/1/1231 1234/1/1234 
f 1236/1/1236 1237/1/1237 1238/1/1238 
f 1237/1/1237 1221/1/1221 1220/1/1220 
f 1220/1/1220 1074/1/1074 1239/1/1239 
f 1239/1/1239 1240/1/1240 1241/1/1241 
f 1074/1/1074 1073/1/1073 1242/1/1242 
f 1073/1/1073 846/1/846 832/1/832 
f 831/1/831 1243/1/1243 1242/1/1242 
f 1243/1/1243 1240/1/1240 1239/1/1239 
f 1236/1/1236 1241/1/1241 1244/1/1244 
f 1230/1/1230 1244/1/1244 1241/1/1241 
f 1224/1/1224 1235/1/1235 1244/1/1244 
f 825/1/825 1245/1/1245 1246/1/1246 
f 1227/1/1227 1246/1/1246 1245/1/1245 
f 1240/1/1240 1243/1/1243 1246/1/1246 
f 830/1/830 1246/1/1246 1243/1/1243 
f 1247/1/1247 1234/1/1234 1233/1/1233 
f 1248/1/1248 1214/1/1214 1218/1/1218 
f 1221/1/1221 1237/1/1237 1247/1/1247 
f 1237/1/1237 1236/1/1236 1234/1/1234 
f 1249/1/1249 822/1/822 1250/1/1250 
f 1015/1/1015 1250/1/1250 822/1/822 
f 1018/1/1018 997/1/997 1250/1/1250 
f 1251/1/1251 1250/1/1250 997/1/997 
f 1007/1/1007 973/1/973 1252/1/1252 
f 1253/1/1253 1252/1/1252 973/1/973 
f 1254/1/1254 1252/1/1252 1253/1/1253 
f 1255/1/1255 996/1/996 1252/1/1252 
f 1256/1/1256 1257/1/1257 1228/1/1228 
f 824/1/824 1256/1/1256 1245/1/1245 
f 1249/1/1249 1258/1/1258 1256/1/1256 
f 1257/1/1257 1256/1/1256 1258/1/1258 
f 1083/1/1083 1229/1/1229 1259/1/1259 
f 1229/1/1229 1228/1/1228 1257/1/1257 
f 1260/1/1260 1261/1/1261 1259/1/1259 
f 1084/1/1084 1259/1/1259 1261/1/1261 
f 1262/1/1262 1263/1/1263 1264/1/1264 
f 1260/1/1260 1258/1/1258 1263/1/1263 
f 1251/1/1251 1263/1/1263 1258/1/1258 
f 1255/1/1255 1264/1/1264 1263/1/1263 
f 1265/1/1265 1266/1/1266 1267/1/1267 
f 1268/1/1268 1264/1/1264 1267/1/1267 
f 1254/1/1254 1267/1/1267 1264/1/1264 
f 1269/1/1269 1270/1/1270 1261/1/1261 
f 1271/1/1271 1272/1/1272 1270/1/1270 
f 1085/1/1085 1261/1/1261 1270/1/1270 
f 1265/1/1265 1253/1/1253 1273/1/1273 
f 972/1/972 1274/1/1274 1273/1/1273 
f 1275/1/1275 1273/1/1273 1274/1/1274 
f 1276/1/1276 1277/1/1277 1273/1/1273 
f 1266/1/1266 1278/1/1278 1279/1/1279 
f 1277/1/1277 1278/1/1278 1266/1/1266 
f 1280/1/1280 1278/1/1278 1277/1/1277 
f 1278/1/1278 1280/1/1280 1281/1/1281 
f 1271/1/1271 1269/1/1269 1282/1/1282 
f 1262/1/1262 1282/1/1282 1269/1/1269 
f 1268/1/1268 1279/1/1279 1282/1/1282 
f 1283/1/1283 1282/1/1282 1279/1/1279 
f 1284/1/1284 1276/1/1276 1275/1/1275 
f 1285/1/1285 1286/1/1286 1287/1/1287 
f 1288/1/1288 1287/1/1287 1286/1/1286 
f 1289/1/1289 1284/1/1284 1287/1/1287 
f 1086/1/1086 1290/1/1290 1291/1/1291 
f 1272/1/1272 1290/1/1290 1086/1/1086 
f 1271/1/1271 1292/1/1292 1290/1/1290 
f 1292/1/1292 1293/1/1293 1291/1/1291 
f 1293/1/1293 1292/1/1292 1294/1/1294 
f 1283/1/1283 1294/1/1294 1292/1/1292 
f 1294/1/1294 1283/1/1283 1281/1/1281 
f 1295/1/1295 1294/1/1294 1296/1/1296 
f 1297/1/1297 1296/1/1296 1298/1/1298 
f 1296/1/1296 1281/1/1281 1280/1/1280 
f 1276/1/1276 1284/1/1284 1298/1/1298 
f 1299/1/1299 1298/1/1298 1284/1/1284 
f 1300/1/1300 1301/1/1301 1302/1/1302 
f 1288/1/1288 1302/1/1302 1301/1/1301 
f 1303/1/1303 1304/1/1304 1302/1/1302 
f 1305/1/1305 1302/1/1302 1304/1/1304 
f 1078/1/1078 1291/1/1291 1306/1/1306 
f 1307/1/1307 1306/1/1306 1291/1/1291 
f 1308/1/1308 1306/1/1306 1307/1/1307 
f 1091/1/1091 1306/1/1306 1308/1/1308 
f 1309/1/1309 1307/1/1307 1310/1/1310 
f 1295/1/1295 1310/1/1310 1307/1/1307 
f 1297/1/1297 1311/1/1311 1310/1/1310 
f 1312/1/1312 1310/1/1310 1311/1/1311 
f 1313/1/1313 1311/1/1311 1314/1/1314 
f 1299/1/1299 1314/1/1314 1311/1/1311 
f 1289/1/1289 1301/1/1301 1314/1/1314 
f 1315/1/1315 1314/1/1314 1301/1/1301 
f 1316/1/1316 1317/1/1317 1318/1/1318 
f 1319/1/1319 1318/1/1318 1317/1/1317 
f 1320/1/1320 1321/1/1321 1318/1/1318 
f 1322/1/1322 1318/1/1318 1321/1/1321 
f 1323/1/1323 1324/1/1324 1316/1/1316 
f 1325/1/1325 1323/1/1323 1322/1/1322 
f 1326/1/1326 1327/1/1327 1323/1/1323 
f 1324/1/1324 1323/1/1323 1327/1/1327 
f 1328/1/1328 1329/1/1329 1330/1/1330 
f 1330/1/1330 1331/1/1331 1332/1/1332 
f 1333/1/1333 1334/1/1334 1335/1/1335 
f 1334/1/1334 1336/1/1336 1328/1/1328 
f 1336/1/1336 1334/1/1334 1337/1/1337 
f 1338/1/1338 1337/1/1337 1334/1/1334 
f 1339/1/1339 1340/1/1340 1337/1/1337 
f 1341/1/1341 1337/1/1337 1340/1/1340 
f 1342/1/1342 1343/1/1343 1344/1/1344 
f 1345/1/1345 1344/1/1344 1343/1/1343 
f 1346/1/1346 1347/1/1347 1344/1/1344 
f 1115/1/1115 1344/1/1344 1347/1/1347 
f 1348/1/1348 1349/1/1349 1350/1/1350 
f 1349/1/1349 1336/1/1336 1341/1/1341 
f 1351/1/1351 1352/1/1352 1350/1/1350 
f 1352/1/1352 1353/1/1353 1354/1/1354 
f 1353/1/1353 1355/1/1355 1356/1/1356 
f 1345/1/1345 1356/1/1356 1355/1/1355 
f 1357/1/1357 1358/1/1358 1356/1/1356 
f 1354/1/1354 1356/1/1356 1358/1/1358 
f 1359/1/1359 1360/1/1360 1361/1/1361 
f 1362/1/1362 1361/1/1361 1360/1/1360 
f 1363/1/1363 1364/1/1364 1361/1/1361 
f 1365/1/1365 1361/1/1361 1364/1/1364 
f 1366/1/1366 1367/1/1367 1368/1/1368 
f 1141/1/1141 1368/1/1368 1367/1/1367 
f 1368/1/1368 1141/1/1141 1129/1/1129 
f 1369/1/1369 1368/1/1368 1118/1/1118 
f 1369/1/1369 1370/1/1370 1371/1/1371 
f 1370/1/1370 1369/1/1369 1117/1/1117 
f 1371/1/1371 1370/1/1370 1347/1/1347 
f 1351/1/1351 1340/1/1340 1372/1/1372 
f 1373/1/1373 1372/1/1372 1340/1/1340 
f 1374/1/1374 1360/1/1360 1372/1/1372 
f 1375/1/1375 1372/1/1372 1360/1/1360 
f 1376/1/1376 1170/1/1170 1142/1/1142 
f 1377/1/1377 1376/1/1376 1367/1/1367 
f 1376/1/1376 1377/1/1377 1378/1/1378 
f 1170/1/1170 1376/1/1376 1379/1/1379 
f 1380/1/1380 1381/1/1381 1382/1/1382 
f 1377/1/1377 1380/1/1380 1383/1/1383 
f 1366/1/1366 1381/1/1381 1380/1/1380 
f 1384/1/1384 1385/1/1385 1386/1/1386 
f 1384/1/1384 508/1/508 564/1/564 
f 564/1/564 1150/1/1150 1387/1/1387 
f 1385/1/1385 1387/1/1387 1378/1/1378 
f 1383/1/1383 1382/1/1382 1388/1/1388 
f 1365/1/1365 1389/1/1389 1388/1/1388 
f 1389/1/1389 1365/1/1365 1390/1/1390 
f 1383/1/1383 1389/1/1389 1386/1/1386 
f 1391/1/1391 1387/1/1387 1150/1/1150 
f 1159/1/1159 1391/1/1391 1153/1/1153 
f 1391/1/1391 1159/1/1159 1161/1/1161 
f 1387/1/1387 1391/1/1391 1379/1/1379 
f 1353/1/1353 1352/1/1352 1392/1/1392 
f 1375/1/1375 1392/1/1392 1352/1/1352 
f 1392/1/1392 1375/1/1375 1359/1/1359 
f 1393/1/1393 1392/1/1392 1388/1/1388 
f 1381/1/1381 1366/1/1366 1371/1/1371 
f 1394/1/1394 1371/1/1371 1346/1/1346 
f 1355/1/1355 1353/1/1353 1393/1/1393 
f 1381/1/1381 1394/1/1394 1393/1/1393 
f 1395/1/1395 1396/1/1396 1397/1/1397 
f 1396/1/1396 1363/1/1363 1362/1/1362 
f 1374/1/1374 1373/1/1373 1397/1/1397 
f 1398/1/1398 1397/1/1397 1373/1/1373 
f 1398/1/1398 1399/1/1399 1400/1/1400 
f 1338/1/1338 1399/1/1399 1398/1/1398 
f 1399/1/1399 1338/1/1338 1333/1/1333 
f 1400/1/1400 1399/1/1399 1401/1/1401 
f 1402/1/1402 1403/1/1403 1404/1/1404 
f 1400/1/1400 1404/1/1404 1403/1/1403 
f 1404/1/1404 1400/1/1400 1405/1/1405 
f 1406/1/1406 1404/1/1404 1407/1/1407 
f 1332/1/1332 1408/1/1408 1401/1/1401 
f 1331/1/1331 1409/1/1409 1408/1/1408 
f 1410/1/1410 1411/1/1411 1408/1/1408 
f 1405/1/1405 1401/1/1401 1408/1/1408 
f 1411/1/1411 1412/1/1412 1407/1/1407 
f 1413/1/1413 1412/1/1412 1411/1/1411 
f 1414/1/1414 1415/1/1415 1412/1/1412 
f 1415/1/1415 1416/1/1416 1407/1/1407 
f 1417/1/1417 1418/1/1418 1419/1/1419 
f 1420/1/1420 1419/1/1419 1418/1/1418 
f 1421/1/1421 1422/1/1422 1419/1/1419 
f 1423/1/1423 1419/1/1419 1422/1/1422 
f 1424/1/1424 1425/1/1425 1426/1/1426 
f 1319/1/1319 1426/1/1426 1425/1/1425 
f 1427/1/1427 1428/1/1428 1426/1/1426 
f 1429/1/1429 1426/1/1426 1428/1/1428 
f 1430/1/1430 1431/1/1431 1432/1/1432 
f 1433/1/1433 1432/1/1432 1431/1/1431 
f 1434/1/1434 1304/1/1304 1432/1/1432 
f 1435/1/1435 1432/1/1432 1304/1/1304 
f 1285/1/1285 1274/1/1274 1436/1/1436 
f 971/1/971 1436/1/1436 1274/1/1274 
f 1437/1/1437 1438/1/1438 1436/1/1436 
f 1439/1/1439 1436/1/1436 1438/1/1438 
f 1440/1/1440 1441/1/1441 1442/1/1442 
f 1435/1/1435 1442/1/1442 1441/1/1441 
f 1303/1/1303 1286/1/1286 1442/1/1442 
f 1439/1/1439 1442/1/1442 1286/1/1286 
f 1440/1/1440 1438/1/1438 1443/1/1443 
f 1444/1/1444 1443/1/1443 1438/1/1438 
f 1443/1/1443 1444/1/1444 1445/1/1445 
f 1446/1/1446 1447/1/1447 1448/1/1448 
f 1437/1/1437 969/1/969 1449/1/1449 
f 818/1/818 1449/1/1449 969/1/969 
f 817/1/817 1450/1/1450 1449/1/1449 
f 1444/1/1444 1449/1/1449 1450/1/1450 
f 1451/1/1451 1448/1/1448 1447/1/1447 
f 1452/1/1452 1453/1/1453 1454/1/1454 
f 1430/1/1430 1441/1/1441 1451/1/1451 
f 1448/1/1448 1451/1/1451 1441/1/1441 
f 1455/1/1455 1456/1/1456 1446/1/1446 
f 1457/1/1457 1458/1/1458 1456/1/1456 
f 1447/1/1447 1446/1/1446 1456/1/1456 
f 1395/1/1395 1403/1/1403 1459/1/1459 
f 1460/1/1460 1459/1/1459 1403/1/1403 
f 1461/1/1461 1462/1/1462 1459/1/1459 
f 1463/1/1463 1459/1/1459 1462/1/1462 
f 1464/1/1464 1465/1/1465 1466/1/1466 
f 1467/1/1467 1466/1/1466 1465/1/1465 
f 1467/1/1467 1468/1/1468 1469/1/1469 
f 1470/1/1470 1471/1/1471 1363/1/1363 
f 1396/1/1396 1395/1/1395 1463/1/1463 
f 1468/1/1468 1467/1/1467 1470/1/1470 
f 1471/1/1471 1470/1/1470 1467/1/1467 
f 1472/1/1472 1473/1/1473 1474/1/1474 
f 1475/1/1475 1473/1/1473 1472/1/1472 
f 1476/1/1476 1477/1/1477 1473/1/1473 
f 1478/1/1478 1474/1/1474 1473/1/1473 
f 1479/1/1479 1480/1/1480 1481/1/1481 
f 1482/1/1482 1479/1/1479 1483/1/1483 
f 1484/1/1484 1479/1/1479 1482/1/1482 
f 1485/1/1485 1480/1/1480 1479/1/1479 
f 1486/1/1486 1487/1/1487 1488/1/1488 
f 1489/1/1489 1483/1/1483 1488/1/1488 
f 1481/1/1481 1490/1/1490 1488/1/1488 
f 1491/1/1491 1492/1/1492 1488/1/1488 
f 1490/1/1490 1493/1/1493 1494/1/1494 
f 1490/1/1490 1481/1/1481 1480/1/1480 
f 1485/1/1485 1495/1/1495 1493/1/1493 
f 1494/1/1494 1493/1/1493 1495/1/1495 
f 1475/1/1475 1496/1/1496 1497/1/1497 
f 1498/1/1498 1499/1/1499 1496/1/1496 
f 1492/1/1492 1496/1/1496 1499/1/1499 
f 1492/1/1492 1491/1/1491 1497/1/1497 
f 1500/1/1500 1501/1/1501 1478/1/1478 
f 1497/1/1497 1500/1/1500 1477/1/1477 
f 1491/1/1491 1494/1/1494 1500/1/1500 
f 1494/1/1494 1502/1/1502 1501/1/1501 
f 1503/1/1503 1474/1/1474 1504/1/1504 
f 1501/1/1501 1504/1/1504 1474/1/1474 
f 1502/1/1502 1505/1/1505 1504/1/1504 
f 1506/1/1506 1504/1/1504 1505/1/1505 
f 1507/1/1507 1508/1/1508 1509/1/1509 
f 1505/1/1505 1509/1/1509 1508/1/1508 
f 1502/1/1502 1495/1/1495 1509/1/1509 
f 1484/1/1484 1509/1/1509 1495/1/1495 
f 1510/1/1510 1511/1/1511 1512/1/1512 
f 1513/1/1513 1512/1/1512 1511/1/1511 
f 1514/1/1514 1515/1/1515 1512/1/1512 
f 1516/1/1516 1512/1/1512 1515/1/1515 
f 1510/1/1510 1516/1/1516 1517/1/1517 
f 1518/1/1518 1517/1/1517 1516/1/1516 
f 1519/1/1519 1520/1/1520 1517/1/1517 
f 1521/1/1521 1517/1/1517 1520/1/1520 
f 1522/1/1522 1523/1/1523 1524/1/1524 
f 1525/1/1525 1524/1/1524 1523/1/1523 
f 1526/1/1526 1511/1/1511 1524/1/1524 
f 1527/1/1527 1524/1/1524 1511/1/1511 
f 1522/1/1522 1527/1/1527 1528/1/1528 
f 1521/1/1521 1528/1/1528 1527/1/1527 
f 1529/1/1529 1530/1/1530 1528/1/1528 
f 1531/1/1531 1528/1/1528 1530/1/1530 
f 1532/1/1532 1465/1/1465 1533/1/1533 
f 1534/1/1534 1533/1/1533 1465/1/1465 
f 1535/1/1535 1536/1/1536 1533/1/1533 
f 1537/1/1537 1533/1/1533 1536/1/1536 
f 1538/1/1538 1539/1/1539 1540/1/1540 
f 808/1/808 1541/1/1541 1540/1/1540 
f 1541/1/1541 808/1/808 804/1/804 
f 1538/1/1538 1541/1/1541 1542/1/1542 
f 1543/1/1543 1542/1/1542 804/1/804 
f 796/1/796 1543/1/1543 803/1/803 
f 795/1/795 1544/1/1544 1543/1/1543 
f 1544/1/1544 1545/1/1545 1542/1/1542 
f 1546/1/1546 1547/1/1547 1548/1/1548 
f 1549/1/1549 1550/1/1550 510/1/510 
f 1546/1/1546 510/1/510 508/1/508 
f 1384/1/1384 1390/1/1390 1547/1/1547 
f 1547/1/1547 1551/1/1551 1537/1/1537 
f 1547/1/1547 1390/1/1390 1364/1/1364 
f 1471/1/1471 1551/1/1551 1364/1/1364 
f 1537/1/1537 1551/1/1551 1471/1/1471 
f 795/1/795 497/1/497 1552/1/1552 
f 497/1/497 496/1/496 1553/1/1553 
f 1553/1/1553 1554/1/1554 1555/1/1555 
f 1544/1/1544 1552/1/1552 1555/1/1555 
f 1556/1/1556 1536/1/1536 1535/1/1535 
f 1523/1/1523 1522/1/1522 1557/1/1557 
f 1558/1/1558 1559/1/1559 1556/1/1556 
f 1559/1/1559 1548/1/1548 1536/1/1536 
f 486/1/486 503/1/503 1560/1/1560 
f 509/1/509 1560/1/1560 503/1/503 
f 1561/1/1561 1560/1/1560 509/1/509 
f 1562/1/1562 1560/1/1560 1561/1/1561 
f 1563/1/1563 493/1/493 480/1/480 
f 1562/1/1562 1563/1/1563 487/1/487 
f 1562/1/1562 1554/1/1554 1553/1/1553 
f 493/1/493 1563/1/1563 1553/1/1553 
f 1564/1/1564 1565/1/1565 1555/1/1555 
f 1558/1/1558 1566/1/1566 1565/1/1565 
f 1565/1/1565 1566/1/1566 1545/1/1545 
f 1550/1/1550 1549/1/1549 1567/1/1567 
f 1559/1/1559 1567/1/1567 1549/1/1549 
f 1559/1/1559 1558/1/1558 1564/1/1564 
f 1561/1/1561 1567/1/1567 1564/1/1564 
f 1522/1/1522 1531/1/1531 1568/1/1568 
f 1538/1/1538 1568/1/1568 1531/1/1531 
f 1545/1/1545 1566/1/1566 1568/1/1568 
f 1557/1/1557 1568/1/1568 1566/1/1566 
f 809/1/809 1540/1/1540 1569/1/1569 
f 1540/1/1540 1539/1/1539 1570/1/1570 
f 1571/1/1571 1569/1/1569 1570/1/1570 
f 1569/1/1569 1571/1/1571 811/1/811 
f 1572/1/1572 1573/1/1573 1574/1/1574 
f 1450/1/1450 1573/1/1573 1572/1/1572 
f 1573/1/1573 1450/1/1450 817/1/817 
f 1575/1/1575 1576/1/1576 1574/1/1574 
f 1577/1/1577 1578/1/1578 1574/1/1574 
f 1578/1/1578 1577/1/1577 1579/1/1579 
f 1580/1/1580 1574/1/1574 1578/1/1578 
f 1581/1/1581 1577/1/1577 1576/1/1576 
f 1571/1/1571 1581/1/1581 1582/1/1582 
f 1581/1/1581 1571/1/1571 1583/1/1583 
f 1577/1/1577 1581/1/1581 1584/1/1584 
f 1585/1/1585 1586/1/1586 1587/1/1587 
f 1455/1/1455 1588/1/1588 1587/1/1587 
f 1588/1/1588 1455/1/1455 1445/1/1445 
f 1572/1/1572 1580/1/1580 1585/1/1585 
f 1583/1/1583 1570/1/1570 1589/1/1589 
f 1530/1/1530 1589/1/1589 1570/1/1570 
f 1529/1/1529 1590/1/1590 1589/1/1589 
f 1591/1/1591 1589/1/1589 1590/1/1590 
f 1579/1/1579 1584/1/1584 1592/1/1592 
f 1591/1/1591 1592/1/1592 1584/1/1584 
f 1593/1/1593 1594/1/1594 1592/1/1592 
f 1595/1/1595 1592/1/1592 1594/1/1594 
f 1586/1/1586 1585/1/1585 1596/1/1596 
f 1585/1/1585 1580/1/1580 1597/1/1597 
f 1595/1/1595 1596/1/1596 1597/1/1597 
f 1598/1/1598 1596/1/1596 1595/1/1595 
f 1593/1/1593 1590/1/1590 1599/1/1599 
f 1520/1/1520 1599/1/1599 1590/1/1590 
f 1519/1/1519 1600/1/1600 1599/1/1599 
f 1601/1/1601 1599/1/1599 1600/1/1600 
f 1602/1/1602 1603/1/1603 1604/1/1604 
f 1598/1/1598 1604/1/1604 1603/1/1603 
f 1605/1/1605 1606/1/1606 1604/1/1604 
f 1607/1/1607 1604/1/1604 1606/1/1606 
f 1594/1/1594 1608/1/1608 1606/1/1606 
f 1601/1/1601 1608/1/1608 1594/1/1594 
f 1609/1/1609 1610/1/1610 1608/1/1608 
f 1611/1/1611 1606/1/1606 1608/1/1608 
f 1609/1/1609 1600/1/1600 1612/1/1612 
f 1613/1/1613 1612/1/1612 1600/1/1600 
f 1614/1/1614 1615/1/1615 1612/1/1612 
f 1616/1/1616 1617/1/1617 1612/1/1612 
f 1618/1/1618 1619/1/1619 1620/1/1620 
f 1607/1/1607 1620/1/1620 1619/1/1619 
f 1611/1/1611 1621/1/1621 1620/1/1620 
f 1622/1/1622 1620/1/1620 1621/1/1621 
f 1623/1/1623 1621/1/1621 1624/1/1624 
f 1610/1/1610 1624/1/1624 1621/1/1621 
f 1609/1/1609 1617/1/1617 1624/1/1624 
f 1625/1/1625 1624/1/1624 1617/1/1617 
f 1626/1/1626 1627/1/1627 1628/1/1628 
f 1629/1/1629 1628/1/1628 1627/1/1627 
f 1630/1/1630 1631/1/1631 1628/1/1628 
f 1632/1/1632 1628/1/1628 1631/1/1631 
f 1633/1/1633 1634/1/1634 1635/1/1635 
f 1636/1/1636 1627/1/1627 1634/1/1634 
f 1637/1/1637 1634/1/1634 1627/1/1627 
f 1638/1/1638 1635/1/1635 1634/1/1634 
f 1639/1/1639 1640/1/1640 1641/1/1641 
f 1642/1/1642 1641/1/1641 1640/1/1640 
f 1643/1/1643 1635/1/1635 1641/1/1641 
f 1644/1/1644 1641/1/1641 1635/1/1635 
f 1645/1/1645 1646/1/1646 1647/1/1647 
f 1648/1/1648 1647/1/1647 1646/1/1646 
f 156/1/156 162/1/162 1647/1/1647 
f 1649/1/1649 1647/1/1647 162/1/162 
f 168/1/168 1650/1/1650 1651/1/1651 
f 1648/1/1648 1650/1/1650 168/1/168 
f 1650/1/1650 1648/1/1648 1652/1/1652 
f 1653/1/1653 1651/1/1651 1650/1/1650 
f 163/1/163 1651/1/1651 1654/1/1654 
f 1655/1/1655 1654/1/1654 1651/1/1651 
f 1654/1/1654 1655/1/1655 1656/1/1656 
f 173/1/173 1654/1/1654 1657/1/1657 
f 1658/1/1658 1659/1/1659 1660/1/1660 
f 1099/1/1099 1661/1/1661 1659/1/1659 
f 1662/1/1662 1659/1/1659 1661/1/1661 
f 1663/1/1663 1660/1/1660 1659/1/1659 
f 302/1/302 249/1/249 1664/1/1664 
f 125/1/125 1664/1/1664 249/1/249 
f 124/1/124 1665/1/1665 1664/1/1664 
f 1666/1/1666 1664/1/1664 1665/1/1665 
f 118/1/118 116/1/116 1667/1/1667 
f 134/1/134 1667/1/1667 116/1/116 
f 1668/1/1668 1667/1/1667 134/1/134 
f 1669/1/1669 1670/1/1670 1667/1/1667 
f 1671/1/1671 1672/1/1672 1673/1/1673 
f 303/1/303 1673/1/1673 1672/1/1672 
f 302/1/302 1666/1/1666 1673/1/1673 
f 1674/1/1674 1673/1/1673 1666/1/1666 
f 1675/1/1675 1195/1/1195 1676/1/1676 
f 1194/1/1194 1182/1/1182 1676/1/1676 
f 1181/1/1181 1677/1/1677 1676/1/1676 
f 1677/1/1677 1678/1/1678 1679/1/1679 
f 1680/1/1680 1681/1/1681 1682/1/1682 
f 1683/1/1683 1682/1/1682 1681/1/1681 
f 1682/1/1682 1683/1/1683 1678/1/1678 
f 1684/1/1684 1682/1/1682 1677/1/1677 
f 1685/1/1685 1205/1/1205 1686/1/1686 
f 1197/1/1197 1686/1/1686 1205/1/1205 
f 1675/1/1675 1679/1/1679 1686/1/1686 
f 1687/1/1687 1686/1/1686 1679/1/1679 
f 1688/1/1688 1204/1/1204 1689/1/1689 
f 1204/1/1204 1207/1/1207 1690/1/1690 
f 1690/1/1690 1691/1/1691 1692/1/1692 
f 1202/1/1202 1689/1/1689 1692/1/1692 
f 1693/1/1693 1694/1/1694 1695/1/1695 
f 1696/1/1696 1694/1/1694 1693/1/1693 
f 1507/1/1507 1482/1/1482 1694/1/1694 
f 1489/1/1489 1695/1/1695 1694/1/1694 
f 1697/1/1697 1487/1/1487 1486/1/1486 
f 1698/1/1698 1697/1/1697 1699/1/1699 
f 1697/1/1697 1698/1/1698 1700/1/1700 
f 1487/1/1487 1697/1/1697 1695/1/1695 
f 1701/1/1701 1702/1/1702 1703/1/1703 
f 1506/1/1506 1701/1/1701 1704/1/1704 
f 1705/1/1705 1706/1/1706 1701/1/1701 
f 1702/1/1702 1701/1/1701 1706/1/1706 
f 1705/1/1705 1508/1/1508 1707/1/1707 
f 1696/1/1696 1707/1/1707 1508/1/1508 
f 1708/1/1708 1707/1/1707 1696/1/1696 
f 1706/1/1706 1707/1/1707 1708/1/1708 
f 1177/1/1177 1709/1/1709 1710/1/1710 
f 1188/1/1188 1709/1/1709 1177/1/1177 
f 1711/1/1711 1712/1/1712 1709/1/1709 
f 1710/1/1710 1709/1/1709 1712/1/1712 
f 1711/1/1711 1190/1/1190 1713/1/1713 
f 1692/1/1692 1713/1/1713 1190/1/1190 
f 1713/1/1713 1692/1/1692 1691/1/1691 
f 1712/1/1712 1713/1/1713 1714/1/1714 
f 1715/1/1715 1716/1/1716 1717/1/1717 
f 1718/1/1718 1717/1/1717 1716/1/1716 
f 1719/1/1719 1720/1/1720 1717/1/1717 
f 1097/1/1097 1717/1/1717 1720/1/1720 
f 1721/1/1721 1722/1/1722 1723/1/1723 
f 1722/1/1722 1724/1/1724 1327/1/1327 
f 1327/1/1327 1326/1/1326 1725/1/1725 
f 1718/1/1718 1723/1/1723 1725/1/1725 
f 1726/1/1726 1727/1/1727 1728/1/1728 
f 1729/1/1729 1728/1/1728 1727/1/1727 
f 1730/1/1730 1731/1/1731 1728/1/1728 
f 1732/1/1732 1728/1/1728 1731/1/1731 
f 1733/1/1733 1734/1/1734 1735/1/1735 
f 144/1/144 1736/1/1736 1735/1/1735 
f 143/1/143 1737/1/1737 1736/1/1736 
f 1737/1/1737 1738/1/1738 1733/1/1733 
f 1739/1/1739 1740/1/1740 1741/1/1741 
f 1742/1/1742 43/1/43 1740/1/1740 
f 1739/1/1739 1743/1/1743 1744/1/1744 
f 1745/1/1745 1746/1/1746 1743/1/1743 
f 1747/1/1747 1748/1/1748 1743/1/1743 
f 1749/1/1749 1744/1/1744 1743/1/1743 
f 1747/1/1747 1750/1/1750 1751/1/1751 
f 1668/1/1668 1751/1/1751 1750/1/1750 
f 132/1/132 1752/1/1752 1751/1/1751 
f 1748/1/1748 1751/1/1751 1752/1/1752 
f 1753/1/1753 1754/1/1754 1749/1/1749 
f 131/1/131 1753/1/1753 1752/1/1752 
f 1753/1/1753 131/1/131 1755/1/1755 
f 1754/1/1754 1753/1/1753 1756/1/1756 
f 1757/1/1757 41/1/41 1742/1/1742 
f 1754/1/1754 1757/1/1757 1744/1/1744 
f 1758/1/1758 1759/1/1759 1757/1/1757 
f 1759/1/1759 44/1/44 41/1/41 
f 1760/1/1760 1761/1/1761 1762/1/1762 
f 1649/1/1649 1762/1/1762 1761/1/1761 
f 1763/1/1763 1764/1/1764 1762/1/1762 
f 1765/1/1765 1762/1/1762 1764/1/1764 
f 1766/1/1766 1767/1/1767 1768/1/1768 
f 1732/1/1732 1768/1/1768 1767/1/1767 
f 1769/1/1769 1770/1/1770 1768/1/1768 
f 1765/1/1765 1768/1/1768 1770/1/1770 
f 1771/1/1771 1681/1/1681 1772/1/1772 
f 1773/1/1773 1772/1/1772 1681/1/1681 
f 1045/1/1045 1774/1/1774 1772/1/1772 
f 1774/1/1774 1775/1/1775 1776/1/1776 
f 1777/1/1777 1039/1/1039 1778/1/1778 
f 1779/1/1779 1778/1/1778 1039/1/1039 
f 1780/1/1780 1781/1/1781 1778/1/1778 
f 1782/1/1782 1778/1/1778 1781/1/1781 
f 1783/1/1783 1784/1/1784 1785/1/1785 
f 1782/1/1782 1785/1/1785 1784/1/1784 
f 1786/1/1786 1787/1/1787 1785/1/1785 
f 1662/1/1662 1785/1/1785 1787/1/1787 
f 1788/1/1788 1789/1/1789 1775/1/1775 
f 1774/1/1774 1045/1/1045 1044/1/1044 
f 213/1/213 1790/1/1790 1788/1/1788 
f 1789/1/1789 1788/1/1788 1790/1/1790 
f 1791/1/1791 1792/1/1792 1793/1/1793 
f 309/1/309 1791/1/1791 1794/1/1794 
f 308/1/308 1672/1/1672 1791/1/1791 
f 1792/1/1792 1791/1/1791 1672/1/1672 
f 1795/1/1795 1796/1/1796 1797/1/1797 
f 212/1/212 1795/1/1795 1790/1/1790 
f 218/1/218 1794/1/1794 1795/1/1795 
f 1796/1/1796 1795/1/1795 1794/1/1794 
f 1798/1/1798 1799/1/1799 1800/1/1800 
f 1779/1/1779 1800/1/1800 1799/1/1799 
f 1038/1/1038 220/1/220 1800/1/1800 
f 1801/1/1801 1800/1/1800 220/1/220 
f 1802/1/1802 1803/1/1803 1804/1/1804 
f 1803/1/1803 1095/1/1095 1092/1/1092 
f 1805/1/1805 1806/1/1806 1804/1/1804 
f 1807/1/1807 1804/1/1804 1806/1/1806 
f 129/1/129 127/1/127 1808/1/1808 
f 126/1/126 247/1/247 1808/1/1808 
f 1809/1/1809 1808/1/1808 247/1/247 
f 1810/1/1810 1808/1/1808 1809/1/1809 
f 115/1/115 122/1/122 1811/1/1811 
f 1810/1/1810 1811/1/1811 122/1/122 
f 1810/1/1810 1812/1/1812 1813/1/1813 
f 133/1/133 1811/1/1811 1813/1/1813 
f 1814/1/1814 1665/1/1665 1815/1/1815 
f 123/1/123 1815/1/1815 1665/1/1665 
f 120/1/120 1816/1/1816 1815/1/1815 
f 1817/1/1817 1815/1/1815 1816/1/1816 
f 1818/1/1818 1816/1/1816 1819/1/1819 
f 119/1/119 1819/1/1819 1816/1/1816 
f 1670/1/1670 1819/1/1819 119/1/119 
f 1820/1/1820 1819/1/1819 1670/1/1670 
f 1821/1/1821 1822/1/1822 1823/1/1823 
f 1801/1/1801 1823/1/1823 1822/1/1822 
f 219/1/219 316/1/316 1823/1/1823 
f 1824/1/1824 1823/1/1823 316/1/316 
f 312/1/312 311/1/311 1825/1/1825 
f 175/1/175 1657/1/1657 1825/1/1825 
f 1657/1/1657 1656/1/1656 1826/1/1826 
f 1824/1/1824 1825/1/1825 1826/1/1826 
f 1827/1/1827 238/1/238 1828/1/1828 
f 1829/1/1829 1828/1/1828 238/1/238 
f 1830/1/1830 1831/1/1831 1828/1/1828 
f 1832/1/1832 1833/1/1833 1828/1/1828 
f 1834/1/1834 1835/1/1835 1836/1/1836 
f 1831/1/1831 1836/1/1836 1835/1/1835 
f 1830/1/1830 1837/1/1837 1836/1/1836 
f 1837/1/1837 1838/1/1838 255/1/255 
f 1498/1/1498 1472/1/1472 1839/1/1839 
f 1503/1/1503 1704/1/1704 1839/1/1839 
f 1840/1/1840 1839/1/1839 1704/1/1704 
f 1841/1/1841 1839/1/1839 1840/1/1840 
f 1842/1/1842 1841/1/1841 1843/1/1843 
f 1844/1/1844 1845/1/1845 1699/1/1699 
f 1486/1/1486 1499/1/1499 1842/1/1842 
f 1841/1/1841 1842/1/1842 1499/1/1499 
f 1846/1/1846 1847/1/1847 1848/1/1848 
f 1849/1/1849 1848/1/1848 1847/1/1847 
f 1850/1/1850 1851/1/1851 1848/1/1848 
f 1852/1/1852 1848/1/1848 1851/1/1851 
f 1417/1/1417 1853/1/1853 1854/1/1854 
f 1852/1/1852 1854/1/1854 1853/1/1853 
f 1855/1/1855 1856/1/1856 1854/1/1854 
f 1418/1/1418 1854/1/1854 1856/1/1856 
f 1857/1/1857 1858/1/1858 1859/1/1859 
f 1860/1/1860 1859/1/1859 1858/1/1858 
f 1861/1/1861 1862/1/1862 1859/1/1859 
f 1863/1/1863 1859/1/1859 1862/1/1862 
f 1864/1/1864 1865/1/1865 1866/1/1866 
f 1867/1/1867 1866/1/1866 1865/1/1865 
f 1868/1/1868 1862/1/1862 1866/1/1866 
f 1869/1/1869 1866/1/1866 1862/1/1862 
f 1680/1/1680 1684/1/1684 1870/1/1870 
f 1180/1/1180 1870/1/1870 1684/1/1684 
f 1179/1/1179 1871/1/1871 1870/1/1870 
f 1872/1/1872 1870/1/1870 1871/1/1871 
f 1047/1/1047 1046/1/1046 1873/1/1873 
f 1773/1/1773 1873/1/1873 1046/1/1046 
f 1773/1/1773 1680/1/1680 1872/1/1872 
f 1874/1/1874 1875/1/1875 1873/1/1873 
f 1876/1/1876 1049/1/1049 1877/1/1877 
f 1878/1/1878 1877/1/1877 1049/1/1049 
f 1879/1/1879 1880/1/1880 1877/1/1877 
f 1881/1/1881 1877/1/1877 1880/1/1880 
f 1882/1/1882 1883/1/1883 1884/1/1884 
f 1885/1/1885 1886/1/1886 1884/1/1884 
f 1887/1/1887 1880/1/1880 1884/1/1884 
f 1888/1/1888 1884/1/1884 1880/1/1880 
f 1889/1/1889 1890/1/1890 1891/1/1891 
f 1892/1/1892 1893/1/1893 1894/1/1894 
f 1895/1/1895 1896/1/1896 1889/1/1889 
f 1890/1/1890 1889/1/1889 1896/1/1896 
f 1897/1/1897 1898/1/1898 1899/1/1899 
f 1898/1/1898 1900/1/1900 1714/1/1714 
f 1901/1/1901 1899/1/1899 1714/1/1714 
f 1901/1/1901 1891/1/1891 1890/1/1890 
f 1902/1/1902 1858/1/1858 1903/1/1903 
f 1904/1/1904 1903/1/1903 1858/1/1858 
f 1905/1/1905 1906/1/1906 1903/1/1903 
f 1907/1/1907 1903/1/1903 1906/1/1906 
f 1905/1/1905 1100/1/1100 1908/1/1908 
f 1658/1/1658 1908/1/1908 1100/1/1100 
f 1908/1/1908 1658/1/1658 1909/1/1909 
f 1906/1/1906 1908/1/1908 1910/1/1910 
f 1911/1/1911 1912/1/1912 1913/1/1913 
f 1807/1/1807 1913/1/1913 1912/1/1912 
f 1914/1/1914 1915/1/1915 1913/1/1913 
f 1916/1/1916 1913/1/1913 1915/1/1915 
f 1917/1/1917 1918/1/1918 1919/1/1919 
f 1883/1/1883 1919/1/1919 1918/1/1918 
f 1882/1/1882 1920/1/1920 1919/1/1919 
f 1920/1/1920 1911/1/1911 1916/1/1916 
f 1921/1/1921 1895/1/1895 1894/1/1894 
f 1893/1/1893 1922/1/1922 1923/1/1923 
f 1922/1/1922 1924/1/1924 1925/1/1925 
f 1921/1/1921 1923/1/1923 1925/1/1925 
f 1925/1/1925 1924/1/1924 1926/1/1926 
f 1702/1/1702 1927/1/1927 1926/1/1926 
f 1928/1/1928 1927/1/1927 1702/1/1702 
f 1928/1/1928 1929/1/1929 1925/1/1925 
f 1930/1/1930 1865/1/1865 1931/1/1931 
f 1932/1/1932 1931/1/1931 1865/1/1865 
f 1933/1/1933 1931/1/1931 1932/1/1932 
f 1934/1/1934 1935/1/1935 1931/1/1931 
f 1936/1/1936 1937/1/1937 1938/1/1938 
f 1937/1/1937 1850/1/1850 1849/1/1849 
f 1939/1/1939 1940/1/1940 1938/1/1938 
f 1933/1/1933 1938/1/1938 1940/1/1940 
f 1941/1/1941 1942/1/1942 1943/1/1943 
f 1698/1/1698 1941/1/1941 1944/1/1944 
f 1845/1/1845 1945/1/1945 1941/1/1941 
f 1945/1/1945 1946/1/1946 1942/1/1942 
f 1947/1/1947 1948/1/1948 1949/1/1949 
f 1429/1/1429 1949/1/1949 1948/1/1948 
f 1950/1/1950 1951/1/1951 1949/1/1949 
f 1952/1/1952 1949/1/1949 1951/1/1951 
f 1953/1/1953 1954/1/1954 1955/1/1955 
f 1956/1/1956 1955/1/1955 1954/1/1954 
f 1957/1/1957 1958/1/1958 1955/1/1955 
f 1959/1/1959 1955/1/1955 1958/1/1958 
f 1960/1/1960 1961/1/1961 1962/1/1962 
f 1631/1/1631 1962/1/1962 1961/1/1961 
f 1630/1/1630 1963/1/1963 1962/1/1962 
f 1959/1/1959 1962/1/1962 1963/1/1963 
f 1964/1/1964 1965/1/1965 1966/1/1966 
f 1967/1/1967 1966/1/1966 1965/1/1965 
f 1652/1/1652 1646/1/1646 1966/1/1966 
f 1968/1/1968 1966/1/1966 1646/1/1646 
f 1969/1/1969 1970/1/1970 1971/1/1971 
f 1655/1/1655 1969/1/1969 1972/1/1972 
f 1969/1/1969 1655/1/1655 1653/1/1653 
f 1973/1/1973 1974/1/1974 1970/1/1970 
f 1975/1/1975 1976/1/1976 1977/1/1977 
f 1978/1/1978 1977/1/1977 1976/1/1976 
f 1786/1/1786 1781/1/1781 1977/1/1977 
f 1979/1/1979 1977/1/1977 1781/1/1781 
f 1980/1/1980 1981/1/1981 1982/1/1982 
f 1983/1/1983 1982/1/1982 1981/1/1981 
f 1984/1/1984 1910/1/1910 1982/1/1982 
f 1985/1/1985 1982/1/1982 1910/1/1910 
f 1986/1/1986 1987/1/1987 1988/1/1988 
f 1674/1/1674 1988/1/1988 1987/1/1987 
f 1814/1/1814 1989/1/1989 1988/1/1988 
f 1990/1/1990 1988/1/1988 1989/1/1989 
f 1991/1/1991 1992/1/1992 1993/1/1993 
f 1687/1/1687 1993/1/1993 1992/1/1992 
f 1678/1/1678 1994/1/1994 1993/1/1993 
f 1995/1/1995 1993/1/1993 1994/1/1994 
f 1996/1/1996 1997/1/1997 1998/1/1998 
f 1789/1/1789 1998/1/1998 1997/1/1997 
f 1797/1/1797 1999/1/1999 1998/1/1998 
f 2000/1/2000 1998/1/1998 1999/1/1999 
f 2001/1/2001 2002/1/2002 2003/1/2003 
f 2004/1/2004 2002/1/2002 2001/1/2001 
f 2005/1/2005 1693/1/1693 2002/1/2002 
f 2003/1/2003 2002/1/2002 1693/1/1693 
f 2006/1/2006 2007/1/2007 2008/1/2008 
f 2009/1/2009 2006/1/2006 2010/1/2010 
f 1171/1/1171 1710/1/1710 2006/1/2006 
f 2007/1/2007 2006/1/2006 1710/1/1710 
f 2011/1/2011 2012/1/2012 2013/1/2013 
f 2014/1/2014 2013/1/2013 2012/1/2012 
f 1936/1/1936 1932/1/1932 2013/1/2013 
f 1932/1/1932 1864/1/1864 2015/1/2015 
f 2016/1/2016 2017/1/2017 2018/1/2018 
f 2019/1/2019 2018/1/2018 2017/1/2017 
f 1769/1/1769 1731/1/1731 2018/1/2018 
f 2020/1/2020 2018/1/2018 1731/1/1731 
f 1755/1/1755 136/1/136 2021/1/2021 
f 2022/1/2022 2021/1/2021 136/1/136 
f 1964/1/1964 2023/1/2023 2021/1/2021 
f 2024/1/2024 2021/1/2021 2023/1/2023 
f 2022/1/2022 2025/1/2025 1965/1/1965 
f 135/1/135 1813/1/1813 2025/1/2025 
f 1812/1/1812 2026/1/2026 2025/1/2025 
f 2027/1/2027 1965/1/1965 2025/1/2025 
f 1645/1/1645 1761/1/1761 2028/1/2028 
f 2029/1/2029 2028/1/2028 1761/1/1761 
f 2030/1/2030 2023/1/2023 2028/1/2028 
f 1968/1/1968 2028/1/2028 2023/1/2023 
f 1812/1/1812 1809/1/1809 2031/1/2031 
f 246/1/246 2032/1/2032 2031/1/2031 
f 2033/1/2033 2031/1/2031 2032/1/2032 
f 2026/1/2026 2031/1/2031 2033/1/2033 
f 1974/1/1974 2032/1/2032 2034/1/2034 
f 251/1/251 2034/1/2034 2032/1/2032 
f 2035/1/2035 2036/1/2036 2034/1/2034 
f 1970/1/1970 2034/1/2034 2036/1/2036 
f 1973/1/1973 1653/1/1653 2037/1/2037 
f 1967/1/1967 2038/1/2038 2037/1/2037 
f 2038/1/2038 1967/1/1967 2027/1/2027 
f 1974/1/1974 1973/1/1973 2038/1/2038 
f 2035/1/2035 300/1/300 2039/1/2039 
f 2040/1/2040 2039/1/2039 300/1/300 
f 2041/1/2041 2042/1/2042 2039/1/2039 
f 1971/1/1971 2036/1/2036 2039/1/2039 
f 2042/1/2042 2043/1/2043 1972/1/1972 
f 2044/1/2044 2043/1/2043 2042/1/2042 
f 2043/1/2043 2044/1/2044 1821/1/1821 
f 1656/1/1656 1972/1/1972 2043/1/2043 
f 305/1/305 216/1/216 2045/1/2045 
f 2046/1/2046 2045/1/2045 216/1/216 
f 1975/1/1975 2047/1/2047 2045/1/2045 
f 2048/1/2048 2045/1/2045 2047/1/2047 
f 215/1/215 1043/1/1043 2049/1/2049 
f 2050/1/2050 2049/1/2049 1043/1/1043 
f 2051/1/2051 1976/1/1976 2049/1/2049 
f 2046/1/2046 2049/1/2049 1976/1/1976 
f 1780/1/1780 1799/1/1799 2052/1/2052 
f 2053/1/2053 2052/1/2052 1799/1/1799 
f 2054/1/2054 2047/1/2047 2052/1/2052 
f 1979/1/1979 2052/1/2052 2047/1/2047 
f 1874/1/1874 1871/1/1871 2055/1/2055 
f 2056/1/2056 2055/1/2055 1871/1/1871 
f 1980/1/1980 2057/1/2057 2055/1/2055 
f 2058/1/2058 2055/1/2055 2057/1/2057 
f 1179/1/1179 1172/1/1172 2059/1/2059 
f 2009/1/2009 2059/1/2059 1172/1/1172 
f 2060/1/2060 1981/1/1981 2059/1/2059 
f 2056/1/2056 2059/1/2059 1981/1/1981 
f 1909/1/1909 1660/1/1660 2061/1/2061 
f 2062/1/2062 2061/1/2061 1660/1/1660 
f 2063/1/2063 2057/1/2057 2061/1/2061 
f 1985/1/1985 2061/1/2061 2057/1/2057 
f 2064/1/2064 2065/1/2065 2066/1/2066 
f 149/1/149 2066/1/2066 2065/1/2065 
f 150/1/150 2067/1/2067 2066/1/2066 
f 2068/1/2068 2066/1/2066 2067/1/2067 
f 2069/1/2069 2067/1/2067 2070/1/2070 
f 155/1/155 2070/1/2070 2067/1/2067 
f 252/1/252 2071/1/2071 2070/1/2070 
f 2072/1/2072 2070/1/2070 2071/1/2071 
f 2069/1/2069 2072/1/2072 2073/1/2073 
f 2074/1/2074 2075/1/2075 2073/1/2073 
f 2075/1/2075 1818/1/1818 1820/1/1820 
f 2076/1/2076 2073/1/2073 1820/1/1820 
f 1747/1/1747 2077/1/2077 2078/1/2078 
f 2068/1/2068 2078/1/2078 2077/1/2077 
f 2069/1/2069 2076/1/2076 2078/1/2078 
f 1750/1/1750 2078/1/2078 2076/1/2076 
f 2074/1/2074 2071/1/2071 2079/1/2079 
f 256/1/256 2079/1/2079 2071/1/2071 
f 1838/1/1838 2080/1/2080 2079/1/2079 
f 2081/1/2081 2079/1/2079 2080/1/2080 
f 2082/1/2082 2080/1/2080 2083/1/2083 
f 1837/1/1837 2083/1/2083 2080/1/2080 
f 1830/1/1830 2084/1/2084 2083/1/2083 
f 1990/1/1990 2083/1/2083 2084/1/2084 
f 1818/1/1818 2075/1/2075 2085/1/2085 
f 2081/1/2081 2085/1/2085 2075/1/2075 
f 2082/1/2082 1989/1/1989 2085/1/2085 
f 1817/1/1817 2085/1/2085 1989/1/1989 
f 2086/1/2086 2087/1/2087 2088/1/2088 
f 1886/1/1886 2088/1/2088 2087/1/2087 
f 1885/1/1885 2089/1/2089 2088/1/2088 
f 2090/1/2090 2088/1/2088 2089/1/2089 
f 2091/1/2091 2089/1/2089 1885/1/1885 
f 2092/1/2092 2091/1/2091 1918/1/1918 
f 2092/1/2092 1991/1/1991 1995/1/1995 
f 2093/1/2093 2089/1/2089 2091/1/2091 
f 1771/1/1771 2094/1/2094 2095/1/2095 
f 2094/1/2094 2086/1/2086 2090/1/2090 
f 2093/1/2093 1994/1/1994 2095/1/2095 
f 1683/1/1683 2095/1/2095 1994/1/1994 
f 2096/1/2096 2097/1/2097 2098/1/2098 
f 236/1/236 2098/1/2098 2097/1/2097 
f 1052/1/1052 2099/1/2099 2098/1/2098 
f 2100/1/2100 2098/1/2098 2099/1/2099 
f 2101/1/2101 2099/1/2099 2102/1/2102 
f 1051/1/1051 2102/1/2102 2099/1/2099 
f 1876/1/1876 2103/1/2103 2102/1/2102 
f 2000/1/2000 2102/1/2102 2103/1/2103 
f 1793/1/1793 2104/1/2104 2105/1/2105 
f 2100/1/2100 2105/1/2105 2104/1/2104 
f 2101/1/2101 1999/1/1999 2105/1/2105 
f 1796/1/1796 2105/1/2105 1999/1/1999 
f 2106/1/2106 2107/1/2107 2108/1/2108 
f 1806/1/1806 2108/1/2108 2107/1/2107 
f 2108/1/2108 1806/1/1806 1805/1/1805 
f 2109/1/2109 2110/1/2110 2111/1/2111 
f 1094/1/1094 2112/1/2112 2109/1/2109 
f 2113/1/2113 2112/1/2112 1094/1/1094 
f 2114/1/2114 2115/1/2115 2112/1/2112 
f 2112/1/2112 2115/1/2115 2110/1/2110 
f 2115/1/2115 2116/1/2116 2117/1/2117 
f 2118/1/2118 2116/1/2116 2115/1/2115 
f 1891/1/1891 1901/1/1901 2116/1/2116 
f 1691/1/1691 2117/1/2117 2116/1/2116 
f 1207/1/1207 2119/1/2119 2120/1/2120 
f 2119/1/2119 2106/1/2106 2111/1/2111 
f 2110/1/2110 2117/1/2117 2120/1/2120 
f 1690/1/1690 2120/1/2120 2117/1/2117 
f 2121/1/2121 2122/1/2122 2123/1/2123 
f 1325/1/1325 2123/1/2123 2122/1/2122 
f 2123/1/2123 1325/1/1325 2124/1/2124 
f 2125/1/2125 2126/1/2126 2127/1/2127 
f 2124/1/2124 1321/1/1321 2128/1/2128 
f 2129/1/2129 2128/1/2128 1321/1/1321 
f 2130/1/2130 2131/1/2131 2128/1/2128 
f 2131/1/2131 2126/1/2126 2125/1/2125 
f 2126/1/2126 2131/1/2131 2132/1/2132 
f 2133/1/2133 2132/1/2132 2131/1/2131 
f 1843/1/1843 1840/1/1840 2132/1/2132 
f 2134/1/2134 2132/1/2132 1840/1/1840 
f 1924/1/1924 2135/1/2135 2136/1/2136 
f 2127/1/2127 2136/1/2136 2135/1/2135 
f 2126/1/2126 2134/1/2134 2136/1/2136 
f 1926/1/1926 2136/1/2136 2134/1/2134 
f 1320/1/1320 1425/1/1425 2137/1/2137 
f 1425/1/1425 1424/1/1424 2138/1/2138 
f 2139/1/2139 2140/1/2140 2137/1/2137 
f 2129/1/2129 2137/1/2137 2140/1/2140 
f 1424/1/1424 1948/1/1948 2141/1/2141 
f 2142/1/2142 2141/1/2141 1948/1/1948 
f 2143/1/2143 2144/1/2144 2141/1/2141 
f 2138/1/2138 2141/1/2141 2144/1/2144 
f 2139/1/2139 2144/1/2144 2145/1/2145 
f 2146/1/2146 2145/1/2145 2144/1/2144 
f 2145/1/2145 2146/1/2146 1946/1/1946 
f 2147/1/2147 2145/1/2145 1945/1/1945 
f 1845/1/1845 1844/1/1844 2148/1/2148 
f 2133/1/2133 2148/1/2148 1844/1/1844 
f 2130/1/2130 2140/1/2140 2148/1/2148 
f 2147/1/2147 2148/1/2148 2140/1/2140 
f 1639/1/1639 1644/1/1644 2149/1/2149 
f 2150/1/2150 2149/1/2149 1644/1/1644 
f 2151/1/2151 2152/1/2152 2149/1/2149 
f 2153/1/2153 2149/1/2149 2152/1/2152 
f 2154/1/2154 2151/1/2151 2150/1/2150 
f 1637/1/1637 2155/1/2155 2150/1/2150 
f 1626/1/1626 2156/1/2156 2155/1/2155 
f 2154/1/2154 2155/1/2155 2156/1/2156 
f 2157/1/2157 2156/1/2156 2158/1/2158 
f 1632/1/1632 2158/1/2158 2156/1/2156 
f 2159/1/2159 2160/1/2160 2158/1/2158 
f 2161/1/2161 2158/1/2158 2160/1/2160 
f 2159/1/2159 1961/1/1961 2162/1/2162 
f 2163/1/2163 2162/1/2162 1961/1/1961 
f 2164/1/2164 2165/1/2165 2162/1/2162 
f 2160/1/2160 2162/1/2162 2165/1/2165 
f 1960/1/1960 1958/1/1958 2166/1/2166 
f 1958/1/1958 1957/1/1957 2167/1/2167 
f 2168/1/2168 2169/1/2169 2166/1/2166 
f 2163/1/2163 2166/1/2166 2169/1/2169 
f 2170/1/2170 2171/1/2171 2172/1/2172 
f 1420/1/1420 2172/1/2172 2171/1/2171 
f 2173/1/2173 2174/1/2174 2172/1/2172 
f 2175/1/2175 2172/1/2172 2174/1/2174 
f 2173/1/2173 1856/1/1856 2176/1/2176 
f 1856/1/1856 1855/1/1855 2177/1/2177 
f 2178/1/2178 2001/1/2001 2176/1/2176 
f 2174/1/2174 2176/1/2176 2001/1/2001 
f 1943/1/1943 2179/1/2179 2180/1/2180 
f 2175/1/2175 2180/1/2180 2179/1/2179 
f 2181/1/2181 2003/1/2003 2180/1/2180 
f 1944/1/1944 2180/1/2180 2003/1/2003 
f 1855/1/1855 1851/1/1851 2182/1/2182 
f 2183/1/2183 2182/1/2182 1851/1/1851 
f 2184/1/2184 2185/1/2185 2182/1/2182 
f 2177/1/2177 2182/1/2182 2185/1/2185 
f 1850/1/1850 1937/1/1937 2186/1/2186 
f 1937/1/1937 1936/1/1936 2014/1/2014 
f 2187/1/2187 2188/1/2188 2186/1/2186 
f 2188/1/2188 2184/1/2184 2183/1/2183 
f 2189/1/2189 2190/1/2190 2188/1/2188 
f 1929/1/1929 1928/1/1928 2190/1/2190 
f 2191/1/2191 2192/1/2192 2190/1/2190 
f 2184/1/2184 2188/1/2188 2190/1/2190 
f 2005/1/2005 2004/1/2004 2193/1/2193 
f 2178/1/2178 2185/1/2185 2193/1/2193 
f 2184/1/2184 2192/1/2192 2193/1/2193 
f 1708/1/1708 2193/1/2193 2192/1/2192 
f 2194/1/2194 2195/1/2195 2196/1/2196 
f 2195/1/2195 1861/1/1861 1860/1/1860 
f 1902/1/1902 2197/1/2197 2196/1/2196 
f 2198/1/2198 2196/1/2196 2197/1/2197 
f 2197/1/2197 1902/1/1902 1907/1/1907 
f 1907/1/1907 1984/1/1984 1983/1/1983 
f 2060/1/2060 2010/1/2010 2199/1/2199 
f 2197/1/2197 2199/1/2199 2010/1/2010 
f 1897/1/1897 2200/1/2200 2201/1/2201 
f 2200/1/2200 2194/1/2194 2198/1/2198 
f 2008/1/2008 2007/1/2007 2201/1/2201 
f 1898/1/1898 2201/1/2201 2007/1/2007 
f 1897/1/1897 1896/1/1896 2202/1/2202 
f 2203/1/2203 2202/1/2202 1896/1/1896 
f 2011/1/2011 2204/1/2204 2202/1/2202 
f 2200/1/2200 2202/1/2202 2204/1/2204 
f 1895/1/1895 1921/1/1921 2205/1/2205 
f 1921/1/1921 1929/1/1929 2189/1/2189 
f 2205/1/2205 2189/1/2189 2187/1/2187 
f 2203/1/2203 2205/1/2205 2012/1/2012 
f 1864/1/1864 1869/1/1869 2206/1/2206 
f 2206/1/2206 1869/1/1869 1861/1/1861 
f 2194/1/2194 2204/1/2204 2206/1/2206 
f 2015/1/2015 2206/1/2206 2204/1/2204 
f 1924/1/1924 1922/1/1922 2207/1/2207 
f 2208/1/2208 2207/1/2207 1922/1/1922 
f 2209/1/2209 2210/1/2210 2207/1/2207 
f 2210/1/2210 2121/1/2121 2135/1/2135 
f 2211/1/2211 2208/1/2208 1893/1/1893 
f 2118/1/2118 2211/1/2211 1892/1/1892 
f 2114/1/2114 2212/1/2212 2211/1/2211 
f 2212/1/2212 2209/1/2209 2208/1/2208 
f 2209/1/2209 2212/1/2212 2213/1/2213 
f 2212/1/2212 2114/1/2114 2113/1/2113 
f 1098/1/1098 1720/1/1720 2213/1/2213 
f 2214/1/2214 2213/1/2213 1720/1/1720 
f 1719/1/1719 1725/1/1725 2215/1/2215 
f 2122/1/2122 2215/1/2215 1725/1/1725 
f 2121/1/2121 2210/1/2210 2215/1/2215 
f 2214/1/2214 2215/1/2215 2210/1/2210 
f 2216/1/2216 46/1/46 2217/1/2217 
f 2218/1/2218 2217/1/2217 46/1/46 
f 2016/1/2016 2219/1/2219 2217/1/2217 
f 2220/1/2220 2217/1/2217 2219/1/2219 
f 2221/1/2221 2218/1/2218 44/1/44 
f 2222/1/2222 2221/1/2221 1759/1/1759 
f 2221/1/2221 2222/1/2222 2223/1/2223 
f 2218/1/2218 2221/1/2221 2017/1/2017 
f 1730/1/1730 2224/1/2224 2225/1/2225 
f 2226/1/2226 2225/1/2225 2224/1/2224 
f 2227/1/2227 2219/1/2219 2225/1/2225 
f 2020/1/2020 2225/1/2225 2219/1/2219 
f 2064/1/2064 2077/1/2077 2228/1/2228 
f 1746/1/1746 2228/1/2228 2077/1/2077 
f 1745/1/1745 2229/1/2229 2228/1/2228 
f 2230/1/2230 2228/1/2228 2229/1/2229 
f 1737/1/1737 2231/1/2231 2232/1/2232 
f 1737/1/1737 143/1/143 2065/1/2065 
f 2230/1/2230 2231/1/2231 2065/1/2065 
f 2233/1/2233 2232/1/2232 2231/1/2231 
f 1760/1/1760 1770/1/1770 2234/1/2234 
f 2019/1/2019 2234/1/2234 1770/1/1770 
f 2223/1/2223 2235/1/2235 2234/1/2234 
f 2029/1/2029 2234/1/2234 2235/1/2235 
f 1758/1/1758 1756/1/1756 2236/1/2236 
f 2024/1/2024 2236/1/2236 1756/1/1756 
f 2030/1/2030 2235/1/2235 2236/1/2236 
f 2222/1/2222 2236/1/2236 2235/1/2235 
f 1047/1/1047 1875/1/1875 2237/1/2237 
f 2058/1/2058 2237/1/2237 1875/1/1875 
f 2063/1/2063 2238/1/2238 2237/1/2237 
f 2050/1/2050 2237/1/2237 2238/1/2238 
f 2051/1/2051 2238/1/2238 2239/1/2239 
f 2062/1/2062 2239/1/2239 2238/1/2238 
f 1663/1/1663 1787/1/1787 2239/1/2239 
f 1978/1/1978 2239/1/2239 1787/1/1787 
f 1996/1/1996 2103/1/2103 2240/1/2240 
f 1881/1/1881 2240/1/2240 2103/1/2103 
f 1887/1/1887 2087/1/2087 2240/1/2240 
f 2241/1/2241 2240/1/2240 2087/1/2087 
f 2086/1/2086 2094/1/2094 2242/1/2242 
f 2094/1/2094 1771/1/1771 1776/1/1776 
f 1775/1/1775 1997/1/1997 2242/1/2242 
f 2241/1/2241 2242/1/2242 1997/1/1997 
f 1986/1/1986 2084/1/2084 2243/1/2243 
f 1829/1/1829 2243/1/2243 2084/1/2084 
f 237/1/237 2097/1/2097 2243/1/2243 
f 2244/1/2244 2243/1/2243 2097/1/2097 
f 2245/1/2245 1792/1/1792 1671/1/1671 
f 2244/1/2244 2245/1/2245 1987/1/1987 
f 2096/1/2096 2104/1/2104 2245/1/2245 
f 1792/1/1792 2245/1/2245 2104/1/2104 
f 2246/1/2246 2040/1/2040 299/1/299 
f 306/1/306 305/1/305 2048/1/2048 
f 2246/1/2246 2048/1/2048 2054/1/2054 
f 2040/1/2040 2246/1/2246 2247/1/2247 
f 1798/1/1798 1822/1/1822 2248/1/2248 
f 1822/1/1822 1821/1/1821 2044/1/2044 
f 2041/1/2041 2247/1/2247 2248/1/2248 
f 2053/1/2053 2248/1/2248 2247/1/2247 
f 1206/1/1206 2249/1/2249 2119/1/2119 
f 1685/1/1685 1992/1/1992 2249/1/2249 
f 2250/1/2250 2249/1/2249 1992/1/1992 
f 2249/1/2249 2250/1/2250 2106/1/2106 
f 2250/1/2250 2251/1/2251 2107/1/2107 
f 2092/1/2092 2251/1/2251 2250/1/2250 
f 1917/1/1917 1915/1/1915 2251/1/2251 
f 1915/1/1915 1914/1/1914 2107/1/2107 
f 1576/1/1576 1575/1/1575 2252/1/2252 
f 816/1/816 2252/1/2252 1575/1/1575 
f 2252/1/2252 816/1/816 2253/1/2253 
f 2254/1/2254 2255/1/2255 2256/1/2256 
f 987/1/987 986/1/986 2257/1/2257 
f 979/1/979 976/1/976 2257/1/2257 
f 800/1/800 2258/1/2258 2257/1/2257 
f 2259/1/2259 2257/1/2257 2258/1/2258 
f 2260/1/2260 2261/1/2261 2262/1/2262 
f 1008/1/1008 2262/1/2262 2261/1/2261 
f 987/1/987 2259/1/2259 2262/1/2262 
f 2263/1/2263 2262/1/2262 2259/1/2259 
f 2258/1/2258 2264/1/2264 2265/1/2265 
f 799/1/799 2264/1/2264 2258/1/2258 
f 806/1/806 2266/1/2266 2264/1/2264 
f 2267/1/2267 2265/1/2265 2264/1/2264 
f 2268/1/2268 2265/1/2265 2269/1/2269 
f 2270/1/2270 2269/1/2269 2265/1/2265 
f 2271/1/2271 2272/1/2272 2269/1/2269 
f 2263/1/2263 2269/1/2269 2272/1/2272 
f 2273/1/2273 2271/1/2271 2270/1/2270 
f 2267/1/2267 2266/1/2266 2274/1/2274 
f 812/1/812 2274/1/2274 2266/1/2266 
f 812/1/812 811/1/811 2273/1/2273 
f 2273/1/2273 811/1/811 1582/1/1582 
f 1582/1/1582 1576/1/1576 2256/1/2256 
f 2255/1/2255 2275/1/2275 2276/1/2276 
f 2271/1/2271 2273/1/2273 2276/1/2276 
f 2254/1/2254 2277/1/2277 2275/1/2275 
f 2278/1/2278 2277/1/2277 2254/1/2254 
f 2260/1/2260 2272/1/2272 2277/1/2277 
f 2275/1/2275 2277/1/2277 2272/1/2272 
f 2253/1/2253 814/1/814 2279/1/2279 
f 1021/1/1021 2279/1/2279 814/1/814 
f 1010/1/1010 2261/1/2261 2279/1/2279 
f 2278/1/2278 2279/1/2279 2261/1/2261 
f 1468/1/1468 1462/1/1462 2280/1/2280 
f 2281/1/2281 2280/1/2280 1462/1/1462 
f 2281/1/2281 2282/1/2282 2283/1/2283 
f 1469/1/1469 2280/1/2280 2283/1/2283 
f 1525/1/1525 2284/1/2284 2285/1/2285 
f 1525/1/1525 1535/1/1535 1534/1/1534 
f 1464/1/1464 2283/1/2283 2284/1/2284 
f 2285/1/2285 2284/1/2284 2283/1/2283 
f 2286/1/2286 1514/1/1514 1513/1/1513 
f 1526/1/1526 2285/1/2285 2287/1/2287 
f 2282/1/2282 2288/1/2288 2287/1/2287 
f 2288/1/2288 2289/1/2289 2286/1/2286 
f 1461/1/1461 1460/1/1460 2290/1/2290 
f 1402/1/1402 1406/1/1406 2290/1/2290 
f 1416/1/1416 2291/1/2291 2290/1/2290 
f 2292/1/2292 2290/1/2290 2291/1/2291 
f 1461/1/1461 2292/1/2292 2293/1/2293 
f 2294/1/2294 2293/1/2293 2292/1/2292 
f 2295/1/2295 2296/1/2296 2293/1/2293 
f 2282/1/2282 2281/1/2281 2293/1/2293 
f 2295/1/2295 2297/1/2297 2298/1/2298 
f 2289/1/2289 2288/1/2288 2298/1/2298 
f 2296/1/2296 2298/1/2298 2288/1/2288 
f 2299/1/2299 2300/1/2300 2301/1/2301 
f 2302/1/2302 2301/1/2301 2300/1/2300 
f 2303/1/2303 1422/1/1422 2301/1/2301 
f 2304/1/2304 2301/1/2301 1422/1/1422 
f 2305/1/2305 2306/1/2306 2307/1/2307 
f 1956/1/1956 2307/1/2307 2306/1/2306 
f 2308/1/2308 2309/1/2309 2307/1/2307 
f 2310/1/2310 2307/1/2307 2309/1/2309 
f 2311/1/2311 2300/1/2300 2312/1/2312 
f 2313/1/2313 2312/1/2312 2300/1/2300 
f 2314/1/2314 2315/1/2315 2312/1/2312 
f 2316/1/2316 2312/1/2312 2315/1/2315 
f 2310/1/2310 2317/1/2317 2318/1/2318 
f 2310/1/2310 2319/1/2319 2320/1/2320 
f 2321/1/2321 2315/1/2315 2317/1/2317 
f 2314/1/2314 2318/1/2318 2317/1/2317 
f 1421/1/1421 2171/1/2171 2322/1/2322 
f 2323/1/2323 2322/1/2322 2171/1/2171 
f 2324/1/2324 2325/1/2325 2322/1/2322 
f 2304/1/2304 2322/1/2322 2325/1/2325 
f 2326/1/2326 2327/1/2327 2328/1/2328 
f 2167/1/2167 2328/1/2328 2327/1/2327 
f 1957/1/1957 2306/1/2306 2328/1/2328 
f 2329/1/2329 2328/1/2328 2306/1/2306 
f 2330/1/2330 2331/1/2331 2332/1/2332 
f 2329/1/2329 2332/1/2332 2331/1/2331 
f 2305/1/2305 2318/1/2318 2332/1/2332 
f 2333/1/2333 2332/1/2332 2318/1/2318 
f 2314/1/2314 2313/1/2313 2334/1/2334 
f 2299/1/2299 2325/1/2325 2334/1/2334 
f 2335/1/2335 2334/1/2334 2325/1/2325 
f 2333/1/2333 2334/1/2334 2335/1/2335 
f 2336/1/2336 2337/1/2337 2338/1/2338 
f 2323/1/2323 2337/1/2337 2336/1/2336 
f 2170/1/2170 2179/1/2179 2337/1/2337 
f 2338/1/2338 2337/1/2337 2179/1/2179 
f 2330/1/2330 2335/1/2335 2339/1/2339 
f 2336/1/2336 2339/1/2339 2335/1/2335 
f 2340/1/2340 2341/1/2341 2339/1/2339 
f 2342/1/2342 2339/1/2339 2341/1/2341 
f 2340/1/2340 2338/1/2338 2343/1/2343 
f 1942/1/1942 2343/1/2343 2338/1/2338 
f 1946/1/1946 2344/1/2344 2343/1/2343 
f 2345/1/2345 2343/1/2343 2344/1/2344 
f 2346/1/2346 2341/1/2341 2347/1/2347 
f 2341/1/2341 2340/1/2340 2345/1/2345 
f 2348/1/2348 2349/1/2349 2347/1/2347 
f 2350/1/2350 2347/1/2347 2349/1/2349 
f 2351/1/2351 2352/1/2352 2348/1/2348 
f 2146/1/2146 2351/1/2351 2344/1/2344 
f 2143/1/2143 2353/1/2353 2351/1/2351 
f 2352/1/2352 2351/1/2351 2353/1/2353 
f 2354/1/2354 2355/1/2355 2356/1/2356 
f 2355/1/2355 2357/1/2357 2349/1/2349 
f 2352/1/2352 2356/1/2356 2349/1/2349 
f 2358/1/2358 2359/1/2359 2356/1/2356 
f 2360/1/2360 2361/1/2361 2362/1/2362 
f 2153/1/2153 2361/1/2361 2360/1/2360 
f 2363/1/2363 2364/1/2364 2361/1/2361 
f 2365/1/2365 2362/1/2362 2361/1/2361 
f 2358/1/2358 2353/1/2353 2366/1/2366 
f 2142/1/2142 2366/1/2366 2353/1/2353 
f 1947/1/1947 2367/1/2367 2366/1/2366 
f 2368/1/2368 2366/1/2366 2367/1/2367 
f 2368/1/2368 2369/1/2369 2359/1/2359 
f 2370/1/2370 2371/1/2371 2369/1/2369 
f 2372/1/2372 2373/1/2373 2369/1/2369 
f 2359/1/2359 2369/1/2369 2373/1/2373 
f 2374/1/2374 2362/1/2362 2375/1/2375 
f 2376/1/2376 2375/1/2375 2362/1/2362 
f 2354/1/2354 2373/1/2373 2375/1/2375 
f 2377/1/2377 2375/1/2375 2373/1/2373 
f 2378/1/2378 1640/1/1640 2379/1/2379 
f 2360/1/2360 2379/1/2379 1640/1/1640 
f 2374/1/2374 2380/1/2380 2379/1/2379 
f 2381/1/2381 2379/1/2379 2380/1/2380 
f 2370/1/2370 2367/1/2367 2382/1/2382 
f 1952/1/1952 2382/1/2382 2367/1/2367 
f 2383/1/2383 2384/1/2384 2382/1/2382 
f 2385/1/2385 2382/1/2382 2384/1/2384 
f 2385/1/2385 2386/1/2386 2371/1/2371 
f 2387/1/2387 2388/1/2388 2386/1/2386 
f 2389/1/2389 2390/1/2390 2386/1/2386 
f 2371/1/2371 2386/1/2386 2390/1/2390 
f 2391/1/2391 2380/1/2380 2392/1/2392 
f 2377/1/2377 2392/1/2392 2380/1/2380 
f 2372/1/2372 2390/1/2390 2392/1/2392 
f 2393/1/2393 2392/1/2392 2390/1/2390 
f 2394/1/2394 2395/1/2395 2396/1/2396 
f 2395/1/2395 2387/1/2387 2384/1/2384 
f 2397/1/2397 2396/1/2396 2384/1/2384 
f 2398/1/2398 2399/1/2399 2396/1/2396 
f 2387/1/2387 2395/1/2395 2400/1/2400 
f 2401/1/2401 2400/1/2400 2395/1/2395 
f 2402/1/2402 2403/1/2403 2400/1/2400 
f 2388/1/2388 2400/1/2400 2403/1/2403 
f 1602/1/1602 1619/1/1619 2404/1/2404 
f 2405/1/2405 2404/1/2404 1619/1/1619 
f 2406/1/2406 2407/1/2407 2404/1/2404 
f 2407/1/2407 2408/1/2408 2409/1/2409 
f 2408/1/2408 2410/1/2410 2411/1/2411 
f 2412/1/2412 2411/1/2411 2410/1/2410 
f 2413/1/2413 2414/1/2414 2411/1/2411 
f 2415/1/2415 2411/1/2411 2414/1/2414 
f 1452/1/1452 1447/1/1447 1458/1/1458 
f 1457/1/1457 2414/1/2414 2416/1/2416 
f 2417/1/2417 2416/1/2416 2414/1/2414 
f 2417/1/2417 1453/1/1453 1452/1/1452 
f 2415/1/2415 2418/1/2418 2409/1/2409 
f 2418/1/2418 2415/1/2415 1457/1/1457 
f 2418/1/2418 1587/1/1587 1586/1/1586 
f 2409/1/2409 2418/1/2418 1603/1/1603 
f 675/1/675 683/1/683 2419/1/2419 
f 2420/1/2420 2419/1/2419 683/1/683 
f 2419/1/2419 2420/1/2420 2421/1/2421 
f 667/1/667 2419/1/2419 2422/1/2422 
f 682/1/682 691/1/691 2423/1/2423 
f 4/1/4 2423/1/2423 691/1/691 
f 2424/1/2424 2425/1/2425 2423/1/2423 
f 2420/1/2420 2423/1/2423 2425/1/2425 
f 2421/1/2421 2426/1/2426 2427/1/2427 
f 2428/1/2428 2429/1/2429 2430/1/2430 
f 152/1/152 2428/1/2428 2431/1/2431 
f 2432/1/2432 2433/1/2433 2428/1/2428 
f 2429/1/2429 2428/1/2428 2433/1/2433 
f 153/1/153 2431/1/2431 2434/1/2434 
f 2435/1/2435 2434/1/2434 2431/1/2431 
f 2436/1/2436 2437/1/2437 2434/1/2434 
f 254/1/254 2434/1/2434 2437/1/2437 
f 2438/1/2438 2439/1/2439 2440/1/2440 
f 2439/1/2439 140/1/140 139/1/139 
f 57/1/57 55/1/55 2440/1/2440 
f 2441/1/2441 2440/1/2440 55/1/55 
f 2442/1/2442 2443/1/2443 2444/1/2444 
f 1911/1/1911 1920/1/1920 2443/1/2443 
f 1882/1/1882 2445/1/2445 2443/1/2443 
f 2444/1/2444 2443/1/2443 2445/1/2445 
f 2446/1/2446 2447/1/2447 2448/1/2448 
f 1888/1/1888 2446/1/2446 2445/1/2445 
f 1879/1/1879 2449/1/2449 2446/1/2446 
f 2447/1/2447 2446/1/2446 2449/1/2449 
f 2450/1/2450 2451/1/2451 2452/1/2452 
f 1108/1/1108 2453/1/2453 2452/1/2452 
f 1033/1/1033 2454/1/2454 2453/1/2453 
f 2450/1/2450 2453/1/2453 2454/1/2454 
f 2455/1/2455 262/1/262 2456/1/2456 
f 2457/1/2457 2456/1/2456 262/1/262 
f 2458/1/2458 2459/1/2459 2456/1/2456 
f 2460/1/2460 2456/1/2456 2459/1/2459 
f 2461/1/2461 2462/1/2462 2463/1/2463 
f 2397/1/2397 2463/1/2463 2462/1/2462 
f 2383/1/2383 1951/1/1951 2463/1/2463 
f 2464/1/2464 2463/1/2463 1951/1/1951 
f 1636/1/1636 2465/1/2465 2466/1/2466 
f 2467/1/2467 2466/1/2466 2465/1/2465 
f 2468/1/2468 2469/1/2469 2466/1/2466 
f 1629/1/1629 2466/1/2466 2469/1/2469 
f 2468/1/2468 2470/1/2470 2471/1/2471 
f 2472/1/2472 2471/1/2471 2470/1/2470 
f 1953/1/1953 1963/1/1963 2471/1/2471 
f 2469/1/2469 2471/1/2471 1963/1/1963 
f 2308/1/2308 1954/1/1954 2473/1/2473 
f 2472/1/2472 2473/1/2473 1954/1/1954 
f 2474/1/2474 2475/1/2475 2473/1/2473 
f 2476/1/2476 2473/1/2473 2475/1/2475 
f 2477/1/2477 2478/1/2478 2479/1/2479 
f 2480/1/2480 2479/1/2479 2478/1/2478 
f 2319/1/2319 2309/1/2309 2479/1/2479 
f 2476/1/2476 2479/1/2479 2309/1/2309 
f 2481/1/2481 2482/1/2482 2483/1/2483 
f 2484/1/2484 2483/1/2483 2482/1/2482 
f 1934/1/1934 1940/1/1940 2483/1/2483 
f 2485/1/2485 2483/1/2483 1940/1/1940 
f 2486/1/2486 2487/1/2487 2488/1/2488 
f 1863/1/1863 2488/1/2488 2487/1/2487 
f 1868/1/1868 2489/1/2489 2488/1/2488 
f 2490/1/2490 2488/1/2488 2489/1/2489 
f 1103/1/1103 1102/1/1102 2491/1/2491 
f 1904/1/1904 2491/1/2491 1102/1/1102 
f 1857/1/1857 2487/1/2487 2491/1/2491 
f 2492/1/2492 2491/1/2491 2487/1/2487 
f 2493/1/2493 2494/1/2494 2495/1/2495 
f 2294/1/2294 2495/1/2495 2494/1/2494 
f 2496/1/2496 2497/1/2497 2495/1/2495 
f 2498/1/2498 2495/1/2495 2497/1/2497 
f 2499/1/2499 2497/1/2497 2500/1/2500 
f 2291/1/2291 2500/1/2500 2497/1/2497 
f 1416/1/1416 1415/1/1415 2500/1/2500 
f 2501/1/2501 2500/1/2500 1415/1/1415 
f 2502/1/2502 2503/1/2503 2504/1/2504 
f 1935/1/1935 2504/1/2504 2503/1/2503 
f 2484/1/2484 2504/1/2504 1935/1/1935 
f 2505/1/2505 2506/1/2506 2504/1/2504 
f 2507/1/2507 2489/1/2489 2508/1/2508 
f 1867/1/1867 2508/1/2508 2489/1/2489 
f 1930/1/1930 2503/1/2503 2508/1/2508 
f 2509/1/2509 2508/1/2508 2503/1/2503 
f 2510/1/2510 60/1/60 2511/1/2511 
f 48/1/48 2511/1/2511 60/1/60 
f 47/1/47 2512/1/2512 2511/1/2511 
f 2513/1/2513 2511/1/2511 2512/1/2512 
f 2514/1/2514 2433/1/2433 2515/1/2515 
f 2433/1/2433 2432/1/2432 147/1/147 
f 2516/1/2516 2515/1/2515 147/1/147 
f 2517/1/2517 2515/1/2515 2516/1/2516 
f 2518/1/2518 2519/1/2519 2520/1/2520 
f 2521/1/2521 2522/1/2522 2519/1/2519 
f 2523/1/2523 2519/1/2519 2522/1/2522 
f 2523/1/2523 2524/1/2524 2520/1/2520 
f 2525/1/2525 2526/1/2526 2527/1/2527 
f 2517/1/2517 2527/1/2527 2526/1/2526 
f 2528/1/2528 2522/1/2522 2527/1/2527 
f 2529/1/2529 2527/1/2527 2522/1/2522 
f 2521/1/2521 2530/1/2530 2531/1/2531 
f 114/1/114 2531/1/2531 2530/1/2530 
f 113/1/113 2532/1/2532 2531/1/2531 
f 2529/1/2529 2531/1/2531 2532/1/2532 
f 2524/1/2524 2523/1/2523 2533/1/2533 
f 2528/1/2528 2516/1/2516 2533/1/2533 
f 146/1/146 1735/1/1735 2533/1/2533 
f 1735/1/1735 1734/1/1734 2534/1/2534 
f 23/1/23 31/1/31 2535/1/2535 
f 2530/1/2530 2535/1/2535 31/1/31 
f 2518/1/2518 2535/1/2535 2530/1/2530 
f 2536/1/2536 2537/1/2537 2535/1/2535 
f 2538/1/2538 2539/1/2539 2540/1/2540 
f 2541/1/2541 24/1/24 2542/1/2542 
f 2537/1/2537 2542/1/2542 24/1/24 
f 2538/1/2538 2542/1/2542 2537/1/2537 
f 2543/1/2543 2544/1/2544 2545/1/2545 
f 1727/1/1727 2545/1/2545 2544/1/2544 
f 1727/1/1727 1726/1/1726 2546/1/2546 
f 2547/1/2547 2545/1/2545 2546/1/2546 
f 2548/1/2548 2549/1/2549 2550/1/2550 
f 2547/1/2547 2550/1/2550 2549/1/2549 
f 2551/1/2551 2552/1/2552 2550/1/2550 
f 2553/1/2553 2550/1/2550 2552/1/2552 
f 2554/1/2554 2555/1/2555 2556/1/2556 
f 2513/1/2513 2556/1/2556 2555/1/2555 
f 2557/1/2557 2558/1/2558 2556/1/2556 
f 2553/1/2553 2556/1/2556 2558/1/2558 
f 2554/1/2554 2552/1/2552 2559/1/2559 
f 2560/1/2560 2559/1/2559 2552/1/2552 
f 2561/1/2561 2562/1/2562 2559/1/2559 
f 2563/1/2563 2559/1/2559 2562/1/2562 
f 2564/1/2564 2565/1/2565 2566/1/2566 
f 61/1/61 2566/1/2566 2565/1/2565 
f 2510/1/2510 2555/1/2555 2566/1/2566 
f 2563/1/2563 2566/1/2566 2555/1/2555 
f 161/1/161 2567/1/2567 1764/1/1764 
f 161/1/161 160/1/160 2568/1/2568 
f 2561/1/2561 2569/1/2569 2567/1/2567 
f 1766/1/1766 1764/1/1764 2567/1/2567 
f 2561/1/2561 2568/1/2568 2570/1/2570 
f 2568/1/2568 160/1/160 2571/1/2571 
f 2570/1/2570 2571/1/2571 2572/1/2572 
f 2562/1/2562 2570/1/2570 2573/1/2573 
f 2551/1/2551 2546/1/2546 2574/1/2574 
f 1726/1/1726 1767/1/1767 2574/1/2574 
f 2569/1/2569 2574/1/2574 1767/1/1767 
f 2560/1/2560 2574/1/2574 2569/1/2569 
f 2575/1/2575 2449/1/2449 2576/1/2576 
f 1878/1/1878 2576/1/2576 2449/1/2449 
f 1048/1/1048 2577/1/2577 2576/1/2576 
f 2578/1/2578 2576/1/2576 2577/1/2577 
f 2441/1/2441 2579/1/2579 2580/1/2580 
f 54/1/54 2565/1/2565 2579/1/2579 
f 2565/1/2565 2564/1/2564 2573/1/2573 
f 2580/1/2580 2579/1/2579 2573/1/2573 
f 1053/1/1053 2581/1/2581 2577/1/2577 
f 233/1/233 2582/1/2582 2581/1/2581 
f 2583/1/2583 2584/1/2584 2581/1/2581 
f 2577/1/2577 2581/1/2581 2584/1/2584 
f 2585/1/2585 2584/1/2584 2586/1/2586 
f 2587/1/2587 2586/1/2586 2584/1/2584 
f 2588/1/2588 2589/1/2589 2586/1/2586 
f 2590/1/2590 2586/1/2586 2589/1/2589 
f 2454/1/2454 2591/1/2591 2592/1/2592 
f 1032/1/1032 2591/1/2591 2454/1/2454 
f 1029/1/1029 2593/1/2593 2591/1/2591 
f 2593/1/2593 2594/1/2594 2592/1/2592 
f 208/1/208 1055/1/1055 2595/1/2595 
f 2596/1/2596 2595/1/2595 1055/1/1055 
f 2597/1/2597 2589/1/2589 2595/1/2595 
f 2598/1/2598 2595/1/2595 2589/1/2589 
f 2594/1/2594 2593/1/2593 2599/1/2599 
f 1028/1/1028 2599/1/2599 2593/1/2593 
f 230/1/230 2600/1/2600 2599/1/2599 
f 2601/1/2601 2599/1/2599 2600/1/2600 
f 2594/1/2594 2601/1/2601 2602/1/2602 
f 2603/1/2603 2602/1/2602 2601/1/2601 
f 2604/1/2604 2605/1/2605 2602/1/2602 
f 2606/1/2606 2602/1/2602 2605/1/2605 
f 223/1/223 1037/1/1037 2607/1/2607 
f 2608/1/2608 2607/1/2607 1037/1/1037 
f 2609/1/2609 2605/1/2605 2607/1/2607 
f 2610/1/2610 2607/1/2607 2605/1/2605 
f 2583/1/2583 2582/1/2582 2611/1/2611 
f 239/1/239 2611/1/2611 2582/1/2582 
f 1827/1/1827 2612/1/2612 2611/1/2611 
f 2612/1/2612 2613/1/2613 2614/1/2614 
f 2615/1/2615 2588/1/2588 2587/1/2587 
f 2587/1/2587 2583/1/2583 2614/1/2614 
f 2616/1/2616 2617/1/2617 2614/1/2614 
f 2618/1/2618 2615/1/2615 2617/1/2617 
f 2619/1/2619 2620/1/2620 2615/1/2615 
f 2619/1/2619 296/1/296 209/1/209 
f 2598/1/2598 2620/1/2620 209/1/209 
f 2588/1/2588 2615/1/2615 2620/1/2620 
f 229/1/229 2621/1/2621 2600/1/2600 
f 2622/1/2622 2621/1/2621 229/1/229 
f 2623/1/2623 2624/1/2624 2621/1/2621 
f 2600/1/2600 2621/1/2621 2624/1/2624 
f 2625/1/2625 2626/1/2626 2627/1/2627 
f 2603/1/2603 2627/1/2627 2626/1/2626 
f 2628/1/2628 2624/1/2624 2627/1/2627 
f 2629/1/2629 2627/1/2627 2624/1/2624 
f 1802/1/1802 1912/1/1912 2630/1/2630 
f 2442/1/2442 2630/1/2630 1912/1/1912 
f 2631/1/2631 2632/1/2632 2630/1/2630 
f 2633/1/2633 2630/1/2630 2632/1/2632 
f 2634/1/2634 224/1/224 2635/1/2635 
f 2610/1/2610 2635/1/2635 224/1/224 
f 2604/1/2604 2626/1/2626 2635/1/2635 
f 2636/1/2636 2635/1/2635 2626/1/2626 
f 1095/1/1095 1803/1/1803 2637/1/2637 
f 2633/1/2633 2637/1/2637 1803/1/1803 
f 2638/1/2638 2639/1/2639 2637/1/2637 
f 2639/1/2639 2640/1/2640 2641/1/2641 
f 2642/1/2642 2643/1/2643 2644/1/2644 
f 2645/1/2645 2644/1/2644 2643/1/2643 
f 2644/1/2644 2645/1/2645 2640/1/2640 
f 2646/1/2646 2644/1/2644 2639/1/2639 
f 181/1/181 186/1/186 2647/1/2647 
f 178/1/178 2648/1/2648 2647/1/2647 
f 2649/1/2649 2650/1/2650 2647/1/2647 
f 2457/1/2457 2647/1/2647 2650/1/2650 
f 2651/1/2651 2652/1/2652 2643/1/2643 
f 1211/1/1211 2652/1/2652 2651/1/2651 
f 2653/1/2653 2654/1/2654 2652/1/2652 
f 2652/1/2652 2654/1/2654 2655/1/2655 
f 2525/1/2525 2532/1/2532 2656/1/2656 
f 2532/1/2532 113/1/113 2657/1/2657 
f 2658/1/2658 2656/1/2656 2657/1/2657 
f 2659/1/2659 2656/1/2656 2658/1/2658 
f 2649/1/2649 2648/1/2648 2660/1/2660 
f 177/1/177 2660/1/2660 2648/1/2648 
f 2660/1/2660 177/1/177 140/1/140 
f 2661/1/2661 2660/1/2660 2439/1/2439 
f 2662/1/2662 2663/1/2663 2664/1/2664 
f 2663/1/2663 2430/1/2430 2429/1/2429 
f 2514/1/2514 2526/1/2526 2664/1/2664 
f 2659/1/2659 2664/1/2664 2526/1/2526 
f 104/1/104 110/1/110 2665/1/2665 
f 294/1/294 2665/1/2665 110/1/110 
f 2666/1/2666 2667/1/2667 2665/1/2665 
f 2668/1/2668 2665/1/2665 2667/1/2667 
f 2669/1/2669 2667/1/2667 2670/1/2670 
f 2671/1/2671 2670/1/2670 2667/1/2667 
f 2672/1/2672 2670/1/2670 2671/1/2671 
f 2662/1/2662 2658/1/2658 2670/1/2670 
f 100/1/100 105/1/105 2673/1/2673 
f 2668/1/2668 2673/1/2673 105/1/105 
f 2673/1/2673 2668/1/2668 2669/1/2669 
f 112/1/112 2673/1/2673 2657/1/2657 
f 2674/1/2674 2675/1/2675 2676/1/2676 
f 2616/1/2616 2676/1/2676 2675/1/2675 
f 2613/1/2613 2677/1/2677 2676/1/2676 
f 2678/1/2678 2676/1/2676 2677/1/2677 
f 2679/1/2679 2680/1/2680 2681/1/2681 
f 2435/1/2435 2681/1/2681 2680/1/2680 
f 2681/1/2681 2435/1/2435 2430/1/2430 
f 2663/1/2663 2662/1/2662 2672/1/2672 
f 291/1/291 297/1/297 2682/1/2682 
f 2619/1/2619 2682/1/2682 297/1/297 
f 2618/1/2618 2675/1/2675 2682/1/2682 
f 2683/1/2683 2682/1/2682 2675/1/2675 
f 1832/1/1832 1835/1/1835 2684/1/2684 
f 2437/1/2437 2684/1/2684 1835/1/1835 
f 2436/1/2436 2685/1/2685 2684/1/2684 
f 2686/1/2686 2684/1/2684 2685/1/2685 
f 2687/1/2687 2685/1/2685 2688/1/2688 
f 2685/1/2685 2436/1/2436 2680/1/2680 
f 2688/1/2688 2680/1/2680 2679/1/2679 
f 2678/1/2678 2688/1/2688 2689/1/2689 
f 1827/1/1827 1833/1/1833 2690/1/2690 
f 1833/1/1833 1832/1/1832 2686/1/2686 
f 2687/1/2687 2677/1/2677 2690/1/2690 
f 2612/1/2612 2690/1/2690 2677/1/2677 
f 2666/1/2666 292/1/292 2691/1/2691 
f 2683/1/2683 2691/1/2691 292/1/292 
f 2674/1/2674 2689/1/2689 2691/1/2691 
f 2671/1/2671 2691/1/2691 2689/1/2689 
f 2455/1/2455 2460/1/2460 2692/1/2692 
f 2693/1/2693 2694/1/2694 2692/1/2692 
f 2694/1/2694 2695/1/2695 2696/1/2696 
f 321/1/321 2692/1/2692 2696/1/2696 
f 2622/1/2622 2697/1/2697 2698/1/2698 
f 266/1/266 2697/1/2697 2622/1/2622 
f 322/1/322 2696/1/2696 2697/1/2697 
f 2695/1/2695 2698/1/2698 2697/1/2697 
f 2699/1/2699 2700/1/2700 2701/1/2701 
f 2702/1/2702 2701/1/2701 2700/1/2700 
f 2461/1/2461 2703/1/2703 2701/1/2701 
f 2704/1/2704 2701/1/2701 2703/1/2703 
f 2705/1/2705 2706/1/2706 2707/1/2707 
f 2706/1/2706 1300/1/1300 1305/1/1305 
f 1434/1/1434 2708/1/2708 2707/1/2707 
f 2709/1/2709 2707/1/2707 2708/1/2708 
f 1427/1/1427 1317/1/1317 2710/1/2710 
f 2711/1/2711 2710/1/2710 1317/1/1317 
f 2712/1/2712 2713/1/2713 2710/1/2710 
f 2714/1/2714 2710/1/2710 2713/1/2713 
f 2715/1/2715 2716/1/2716 2713/1/2713 
f 2709/1/2709 2716/1/2716 2715/1/2715 
f 2699/1/2699 2704/1/2704 2716/1/2716 
f 2717/1/2717 2713/1/2713 2716/1/2716 
f 1950/1/1950 1428/1/1428 2718/1/2718 
f 2714/1/2714 2718/1/2718 1428/1/1428 
f 2717/1/2717 2703/1/2703 2718/1/2718 
f 2464/1/2464 2718/1/2718 2703/1/2703 
f 1433/1/1433 2719/1/2719 2708/1/2708 
f 1433/1/1433 2720/1/2720 2721/1/2721 
f 2722/1/2722 2700/1/2700 2719/1/2719 
f 2708/1/2708 2719/1/2719 2700/1/2700 
f 2723/1/2723 2724/1/2724 1846/1/1846 
f 1417/1/1417 2725/1/2725 2723/1/2723 
f 2726/1/2726 2727/1/2727 2723/1/2723 
f 2724/1/2724 2723/1/2723 2727/1/2727 
f 1939/1/1939 1847/1/1847 2728/1/2728 
f 2724/1/2724 2728/1/2728 1847/1/1847 
f 2729/1/2729 2730/1/2730 2728/1/2728 
f 2485/1/2485 2728/1/2728 2730/1/2730 
f 2731/1/2731 2732/1/2732 2733/1/2733 
f 2734/1/2734 2733/1/2733 2732/1/2732 
f 1357/1/1357 1343/1/1343 2733/1/2733 
f 2735/1/2735 2733/1/2733 1343/1/1343 
f 1113/1/1113 2736/1/2736 2737/1/2737 
f 2738/1/2738 2737/1/2737 2736/1/2736 
f 2731/1/2731 2735/1/2735 2737/1/2737 
f 1114/1/1114 2737/1/2737 2735/1/2735 
f 2739/1/2739 2740/1/2740 2741/1/2741 
f 2740/1/2740 2486/1/2486 2490/1/2490 
f 2507/1/2507 2742/1/2742 2741/1/2741 
f 2743/1/2743 2741/1/2741 2742/1/2742 
f 2744/1/2744 2745/1/2745 2746/1/2746 
f 2747/1/2747 2746/1/2746 2745/1/2745 
f 2748/1/2748 2732/1/2732 2746/1/2746 
f 2749/1/2749 2746/1/2746 2732/1/2732 
f 2750/1/2750 2738/1/2738 2751/1/2751 
f 2752/1/2752 2739/1/2739 2743/1/2743 
f 2744/1/2744 2749/1/2749 2750/1/2750 
f 2738/1/2738 2750/1/2750 2749/1/2749 
f 2753/1/2753 2754/1/2754 2755/1/2755 
f 1040/1/1040 2755/1/2755 2754/1/2754 
f 1777/1/1777 1784/1/1784 2755/1/2755 
f 2756/1/2756 2755/1/2755 1784/1/1784 
f 2509/1/2509 2757/1/2757 2742/1/2742 
f 2509/1/2509 2502/1/2502 2758/1/2758 
f 2759/1/2759 2745/1/2745 2757/1/2757 
f 2742/1/2742 2757/1/2757 2745/1/2745 
f 2760/1/2760 2592/1/2592 2761/1/2761 
f 2606/1/2606 2761/1/2761 2592/1/2592 
f 2609/1/2609 2762/1/2762 2761/1/2761 
f 2763/1/2763 2761/1/2761 2762/1/2762 
f 1783/1/1783 1661/1/1661 2764/1/2764 
f 1105/1/1105 2764/1/2764 1661/1/1661 
f 2764/1/2764 1105/1/1105 2765/1/2765 
f 2756/1/2756 2764/1/2764 2766/1/2766 
f 2753/1/2753 2766/1/2766 2767/1/2767 
f 2768/1/2768 2767/1/2767 2766/1/2766 
f 2769/1/2769 2770/1/2770 2767/1/2767 
f 2771/1/2771 2767/1/2767 2770/1/2770 
f 2772/1/2772 2762/1/2762 2773/1/2773 
f 2608/1/2608 2773/1/2773 2762/1/2762 
f 1041/1/1041 2754/1/2754 2773/1/2773 
f 2771/1/2771 2773/1/2773 2754/1/2754 
f 2774/1/2774 2775/1/2775 2776/1/2776 
f 1058/1/1058 2776/1/2776 2775/1/2775 
f 1063/1/1063 1067/1/1067 2776/1/2776 
f 2777/1/2777 2776/1/2776 1067/1/1067 
f 2451/1/2451 2450/1/2450 2778/1/2778 
f 2763/1/2763 2778/1/2778 2450/1/2450 
f 2772/1/2772 2770/1/2770 2778/1/2778 
f 2770/1/2770 2769/1/2769 2779/1/2779 
f 2575/1/2575 2578/1/2578 2780/1/2780 
f 2590/1/2590 2780/1/2780 2578/1/2578 
f 2597/1/2597 2781/1/2781 2780/1/2780 
f 2782/1/2782 2780/1/2780 2781/1/2781 
f 1066/1/1066 1215/1/1215 2783/1/2783 
f 2784/1/2784 2783/1/2783 1215/1/1215 
f 2785/1/2785 2786/1/2786 2783/1/2783 
f 2777/1/2777 2783/1/2783 2786/1/2786 
f 2787/1/2787 2788/1/2788 2786/1/2786 
f 2789/1/2789 2788/1/2788 2787/1/2787 
f 2790/1/2790 2788/1/2788 2789/1/2789 
f 2774/1/2774 2786/1/2786 2788/1/2788 
f 2791/1/2791 2781/1/2781 2792/1/2792 
f 2596/1/2596 2792/1/2792 2781/1/2781 
f 1054/1/1054 2775/1/2775 2792/1/2792 
f 2790/1/2790 2792/1/2792 2775/1/2775 
f 2793/1/2793 2794/1/2794 2795/1/2795 
f 2796/1/2796 2797/1/2797 2795/1/2795 
f 2798/1/2798 2799/1/2799 2795/1/2795 
f 2800/1/2800 2795/1/2795 2799/1/2799 
f 2801/1/2801 2802/1/2802 2803/1/2803 
f 2802/1/2802 2448/1/2448 2447/1/2447 
f 2575/1/2575 2782/1/2782 2803/1/2803 
f 2789/1/2789 2803/1/2803 2782/1/2782 
f 1087/1/1087 1308/1/1308 2804/1/2804 
f 1309/1/1309 2805/1/2805 2804/1/2804 
f 2794/1/2794 2804/1/2804 2805/1/2805 
f 2806/1/2806 2804/1/2804 2794/1/2794 
f 1715/1/1715 1096/1/1096 2807/1/2807 
f 2641/1/2641 2807/1/2807 1096/1/1096 
f 2640/1/2640 2808/1/2808 2807/1/2807 
f 2809/1/2809 2807/1/2807 2808/1/2808 
f 2810/1/2810 2808/1/2808 2811/1/2811 
f 2645/1/2645 2811/1/2811 2808/1/2808 
f 2655/1/2655 2812/1/2812 2811/1/2811 
f 2800/1/2800 2811/1/2811 2812/1/2812 
f 2810/1/2810 2799/1/2799 2813/1/2813 
f 2814/1/2814 2813/1/2813 2799/1/2799 
f 1721/1/1721 1716/1/1716 2813/1/2813 
f 2809/1/2809 2813/1/2813 1716/1/1716 
f 2751/1/2751 2736/1/2736 2815/1/2815 
f 1128/1/1128 2815/1/2815 2736/1/2736 
f 1123/1/1123 2816/1/2816 2815/1/2815 
f 2817/1/2817 2815/1/2815 2816/1/2816 
f 1088/1/1088 2818/1/2818 2654/1/2654 
f 2806/1/2806 2818/1/2818 1088/1/1088 
f 2793/1/2793 2812/1/2812 2818/1/2818 
f 2654/1/2654 2818/1/2818 2812/1/2812 
f 2765/1/2765 1104/1/1104 2819/1/2819 
f 2820/1/2820 2819/1/2819 1104/1/1104 
f 2821/1/2821 2822/1/2822 2819/1/2819 
f 2768/1/2768 2819/1/2819 2822/1/2822 
f 1122/1/1122 2823/1/2823 2816/1/2816 
f 1109/1/1109 2452/1/2452 2823/1/2823 
f 2451/1/2451 2824/1/2824 2823/1/2823 
f 2824/1/2824 2825/1/2825 2816/1/2816 
f 2825/1/2825 2824/1/2824 2826/1/2826 
f 2779/1/2779 2826/1/2826 2824/1/2824 
f 2769/1/2769 2822/1/2822 2826/1/2826 
f 2827/1/2827 2826/1/2826 2822/1/2822 
f 2739/1/2739 2752/1/2752 2828/1/2828 
f 2817/1/2817 2828/1/2828 2752/1/2752 
f 2825/1/2825 2827/1/2827 2828/1/2828 
f 2828/1/2828 2827/1/2827 2821/1/2821 
f 2829/1/2829 1232/1/1232 1208/1/1208 
f 2830/1/2830 2829/1/2829 1213/1/1213 
f 2831/1/2831 2829/1/2829 2830/1/2830 
f 2831/1/2831 1233/1/1233 1232/1/1232 
f 2820/1/2820 2832/1/2832 2833/1/2833 
f 1103/1/1103 2492/1/2492 2832/1/2832 
f 2832/1/2832 2492/1/2492 2486/1/2486 
f 2833/1/2833 2832/1/2832 2740/1/2740 
f 2638/1/2638 2632/1/2632 2834/1/2834 
f 2835/1/2835 2834/1/2834 2632/1/2632 
f 2836/1/2836 2837/1/2837 2834/1/2834 
f 2646/1/2646 2834/1/2834 2837/1/2837 
f 2838/1/2838 2839/1/2839 2840/1/2840 
f 2839/1/2839 2785/1/2785 2784/1/2784 
f 2840/1/2840 2784/1/2784 1214/1/1214 
f 2831/1/2831 2840/1/2840 1248/1/1248 
f 2836/1/2836 2841/1/2841 2842/1/2842 
f 2787/1/2787 2842/1/2842 2841/1/2841 
f 2842/1/2842 2787/1/2787 2785/1/2785 
f 2843/1/2843 2842/1/2842 2839/1/2839 
f 2838/1/2838 2830/1/2830 2844/1/2844 
f 2651/1/2651 2844/1/2844 2830/1/2830 
f 2642/1/2642 2837/1/2837 2844/1/2844 
f 2843/1/2843 2844/1/2844 2837/1/2837 
f 2845/1/2845 2705/1/2705 2715/1/2715 
f 2712/1/2712 2846/1/2846 2847/1/2847 
f 2848/1/2848 2849/1/2849 2847/1/2847 
f 2845/1/2845 2847/1/2847 2849/1/2849 
f 2631/1/2631 2444/1/2444 2850/1/2850 
f 2802/1/2802 2850/1/2850 2444/1/2444 
f 2801/1/2801 2841/1/2841 2850/1/2850 
f 2835/1/2835 2850/1/2850 2841/1/2841 
f 1315/1/1315 2851/1/2851 2852/1/2852 
f 1315/1/1315 1300/1/1300 2706/1/2706 
f 2845/1/2845 2851/1/2851 2706/1/2706 
f 2853/1/2853 2852/1/2852 2851/1/2851 
f 2854/1/2854 1724/1/1724 1722/1/1722 
f 2814/1/2814 2855/1/2855 1722/1/1722 
f 2798/1/2798 2856/1/2856 2855/1/2855 
f 2848/1/2848 2854/1/2854 2855/1/2855 
f 2798/1/2798 2797/1/2797 2857/1/2857 
f 2858/1/2858 2857/1/2857 2797/1/2797 
f 2853/1/2853 2849/1/2849 2857/1/2857 
f 2856/1/2856 2857/1/2857 2849/1/2849 
f 2711/1/2711 2859/1/2859 2846/1/2846 
f 1324/1/1324 2859/1/2859 2711/1/2711 
f 1724/1/1724 2854/1/2854 2859/1/2859 
f 2846/1/2846 2859/1/2859 2854/1/2854 
f 2860/1/2860 2861/1/2861 2862/1/2862 
f 1328/1/1328 2862/1/2862 2861/1/2861 
f 1336/1/1336 1349/1/1349 2862/1/2862 
f 2863/1/2863 2862/1/2862 1349/1/1349 
f 1348/1/1348 1358/1/1358 2864/1/2864 
f 2734/1/2734 2864/1/2864 1358/1/1358 
f 2748/1/2748 2865/1/2865 2864/1/2864 
f 2863/1/2863 2864/1/2864 2865/1/2865 
f 2796/1/2796 2805/1/2805 2866/1/2866 
f 1312/1/1312 2866/1/2866 2805/1/2805 
f 1313/1/1313 2852/1/2852 2866/1/2866 
f 2858/1/2858 2866/1/2866 2852/1/2852 
f 2502/1/2502 2506/1/2506 2867/1/2867 
f 2868/1/2868 2867/1/2867 2506/1/2506 
f 2869/1/2869 2870/1/2870 2867/1/2867 
f 2758/1/2758 2867/1/2867 2870/1/2870 
f 2869/1/2869 2871/1/2871 2872/1/2872 
f 2873/1/2873 2872/1/2872 2871/1/2871 
f 1329/1/1329 2861/1/2861 2872/1/2872 
f 2874/1/2874 2872/1/2872 2861/1/2861 
f 2860/1/2860 2865/1/2865 2875/1/2875 
f 2747/1/2747 2875/1/2875 2865/1/2865 
f 2759/1/2759 2870/1/2870 2875/1/2875 
f 2874/1/2874 2875/1/2875 2870/1/2870 
f 2876/1/2876 2877/1/2877 2878/1/2878 
f 2879/1/2879 2878/1/2878 2877/1/2877 
f 2880/1/2880 2881/1/2881 2878/1/2878 
f 2882/1/2882 2878/1/2878 2881/1/2881 
f 2505/1/2505 2482/1/2482 2883/1/2883 
f 2884/1/2884 2883/1/2883 2482/1/2482 
f 2885/1/2885 2871/1/2871 2883/1/2883 
f 2868/1/2868 2883/1/2883 2871/1/2871 
f 2886/1/2886 2887/1/2887 2888/1/2888 
f 2501/1/2501 2888/1/2888 2887/1/2887 
f 1414/1/1414 2889/1/2889 2888/1/2888 
f 2879/1/2879 2888/1/2888 2889/1/2889 
f 2726/1/2726 2725/1/2725 2890/1/2890 
f 1423/1/1423 2890/1/2890 2725/1/2725 
f 2303/1/2303 2891/1/2891 2890/1/2890 
f 2892/1/2892 2890/1/2890 2891/1/2891 
f 2311/1/2311 2893/1/2893 2894/1/2894 
f 2882/1/2882 2894/1/2894 2893/1/2893 
f 2895/1/2895 2891/1/2891 2894/1/2894 
f 2302/1/2302 2894/1/2894 2891/1/2891 
f 2720/1/2720 1431/1/1431 2896/1/2896 
f 1431/1/1431 1430/1/1430 1454/1/1454 
f 1453/1/1453 2897/1/2897 2896/1/2896 
f 2898/1/2898 2896/1/2896 2897/1/2897 
f 2899/1/2899 2900/1/2900 2901/1/2901 
f 2399/1/2399 2901/1/2901 2900/1/2900 
f 2398/1/2398 2902/1/2902 2901/1/2901 
f 2903/1/2903 2901/1/2901 2902/1/2902 
f 2904/1/2904 2722/1/2722 2721/1/2721 
f 2721/1/2721 2720/1/2720 2898/1/2898 
f 2905/1/2905 2906/1/2906 2907/1/2907 
f 2904/1/2904 2907/1/2907 2906/1/2906 
f 2413/1/2413 2908/1/2908 2909/1/2909 
f 2910/1/2910 2909/1/2909 2908/1/2908 
f 2905/1/2905 2897/1/2897 2909/1/2909 
f 2417/1/2417 2909/1/2909 2897/1/2897 
f 2911/1/2911 2912/1/2912 2913/1/2913 
f 2903/1/2903 2913/1/2913 2912/1/2912 
f 2914/1/2914 2906/1/2906 2913/1/2913 
f 2910/1/2910 2913/1/2913 2906/1/2906 
f 2398/1/2398 2462/1/2462 2915/1/2915 
f 2462/1/2462 2461/1/2461 2702/1/2702 
f 2915/1/2915 2702/1/2702 2722/1/2722 
f 2914/1/2914 2902/1/2902 2915/1/2915 
f 2916/1/2916 2917/1/2917 2918/1/2918 
f 2381/1/2381 2918/1/2918 2917/1/2917 
f 2391/1/2391 2919/1/2919 2918/1/2918 
f 2920/1/2920 2918/1/2918 2919/1/2919 
f 2921/1/2921 2922/1/2922 2923/1/2923 
f 2920/1/2920 2923/1/2923 2922/1/2922 
f 2923/1/2923 2920/1/2920 2924/1/2924 
f 2925/1/2925 2923/1/2923 2926/1/2926 
f 2924/1/2924 2919/1/2919 2927/1/2927 
f 2393/1/2393 2927/1/2927 2919/1/2919 
f 2389/1/2389 2403/1/2403 2927/1/2927 
f 2928/1/2928 2927/1/2927 2403/1/2403 
f 2929/1/2929 2930/1/2930 2931/1/2931 
f 2932/1/2932 2931/1/2931 2930/1/2930 
f 2931/1/2931 2932/1/2932 1514/1/1514 
f 2289/1/2289 2933/1/2933 2931/1/2931 
f 2934/1/2934 2935/1/2935 2936/1/2936 
f 2935/1/2935 2406/1/2406 2405/1/2405 
f 1618/1/1618 2937/1/2937 2936/1/2936 
f 2925/1/2925 2936/1/2936 2937/1/2937 
f 2938/1/2938 2939/1/2939 2940/1/2940 
f 2941/1/2941 2940/1/2940 2939/1/2939 
f 2942/1/2942 2930/1/2930 2940/1/2940 
f 2943/1/2943 2940/1/2940 2930/1/2930 
f 2933/1/2933 2944/1/2944 2945/1/2945 
f 2297/1/2297 2944/1/2944 2933/1/2933 
f 2494/1/2494 2944/1/2944 2297/1/2297 
f 2945/1/2945 2944/1/2944 2494/1/2494 
f 2946/1/2946 2947/1/2947 2948/1/2948 
f 1613/1/1613 2948/1/2948 2947/1/2947 
f 1518/1/1518 2948/1/2948 1613/1/1613 
f 2949/1/2949 2948/1/2948 1518/1/1518 
f 2950/1/2950 1515/1/1515 2951/1/2951 
f 1515/1/1515 1514/1/1514 2932/1/2932 
f 2951/1/2951 2932/1/2932 2942/1/2942 
f 2952/1/2952 2946/1/2946 2949/1/2949 
f 2953/1/2953 2954/1/2954 2939/1/2939 
f 2955/1/2955 2478/1/2478 2954/1/2954 
f 2478/1/2478 2477/1/2477 2956/1/2956 
f 2957/1/2957 2939/1/2939 2954/1/2954 
f 2958/1/2958 2959/1/2959 2960/1/2960 
f 2961/1/2961 2960/1/2960 2959/1/2959 
f 2962/1/2962 2963/1/2963 2960/1/2960 
f 2964/1/2964 2960/1/2960 2963/1/2963 
f 2965/1/2965 2966/1/2966 2967/1/2967 
f 1625/1/1625 2967/1/2967 2966/1/2966 
f 1616/1/1616 2968/1/2968 2967/1/2967 
f 2964/1/2964 2967/1/2967 2968/1/2968 
f 2378/1/2378 2917/1/2917 2969/1/2969 
f 2917/1/2917 2916/1/2916 2970/1/2970 
f 2962/1/2962 2971/1/2971 2969/1/2969 
f 1642/1/1642 2969/1/2969 2971/1/2971 
f 2916/1/2916 2922/1/2922 2972/1/2972 
f 2973/1/2973 2972/1/2972 2922/1/2922 
f 2965/1/2965 2963/1/2963 2972/1/2972 
f 2970/1/2970 2972/1/2972 2963/1/2963 
f 2971/1/2971 2962/1/2962 2961/1/2961 
f 2974/1/2974 2465/1/2465 2975/1/2975 
f 1636/1/1636 1633/1/1633 2975/1/2975 
f 2971/1/2971 2975/1/2975 1633/1/1633 
f 2976/1/2976 2977/1/2977 2978/1/2978 
f 2953/1/2953 2977/1/2977 2976/1/2976 
f 2938/1/2938 2979/1/2979 2977/1/2977 
f 2980/1/2980 2978/1/2978 2977/1/2977 
f 2921/1/2921 2937/1/2937 2981/1/2981 
f 1622/1/1622 2981/1/2981 2937/1/2937 
f 1623/1/1623 2966/1/2966 2981/1/2981 
f 2973/1/2973 2981/1/2981 2966/1/2966 
f 2943/1/2943 2982/1/2982 2979/1/2979 
f 2929/1/2929 2945/1/2945 2982/1/2982 
f 2493/1/2493 2983/1/2983 2982/1/2982 
f 2979/1/2979 2982/1/2982 2983/1/2983 
f 2876/1/2876 2893/1/2893 2984/1/2984 
f 2316/1/2316 2984/1/2984 2893/1/2893 
f 2321/1/2321 2985/1/2985 2984/1/2984 
f 2986/1/2986 2984/1/2984 2985/1/2985 
f 2886/1/2886 2877/1/2877 2987/1/2987 
f 2986/1/2986 2987/1/2987 2877/1/2877 
f 2988/1/2988 2978/1/2978 2987/1/2987 
f 2989/1/2989 2987/1/2987 2978/1/2978 
f 2319/1/2319 2480/1/2480 2990/1/2990 
f 2480/1/2480 2955/1/2955 2976/1/2976 
f 2988/1/2988 2985/1/2985 2990/1/2990 
f 2320/1/2320 2990/1/2990 2985/1/2985 
f 2406/1/2406 2935/1/2935 2991/1/2991 
f 2992/1/2992 2991/1/2991 2935/1/2935 
f 2993/1/2993 2994/1/2994 2991/1/2991 
f 2995/1/2995 2991/1/2991 2994/1/2994 
f 2980/1/2980 2983/1/2983 2996/1/2996 
f 2498/1/2498 2996/1/2996 2983/1/2983 
f 2499/1/2499 2887/1/2887 2996/1/2996 
f 2989/1/2989 2996/1/2996 2887/1/2887 
f 2934/1/2934 2926/1/2926 2997/1/2997 
f 2928/1/2928 2997/1/2997 2926/1/2926 
f 2402/1/2402 2998/1/2998 2997/1/2997 
f 2992/1/2992 2997/1/2997 2998/1/2998 
f 2911/1/2911 2908/1/2908 2999/1/2999 
f 2412/1/2412 2999/1/2999 2908/1/2908 
f 3000/1/3000 3001/1/3001 2999/1/2999 
f 3002/1/3002 2999/1/2999 3001/1/3001 
f 2899/1/2899 2912/1/2912 3003/1/3003 
f 3002/1/3002 3003/1/3003 2912/1/2912 
f 3004/1/3004 2994/1/2994 3003/1/3003 
f 3005/1/3005 3003/1/3003 2994/1/2994 
f 3000/1/3000 2410/1/2410 3006/1/3006 
f 2407/1/2407 3006/1/3006 2410/1/2410 
f 2995/1/2995 3006/1/3006 2407/1/2407 
f 3004/1/3004 3001/1/3001 3006/1/3006 
f 2993/1/2993 2998/1/2998 3007/1/3007 
f 2401/1/2401 3007/1/3007 2998/1/2998 
f 2394/1/2394 2900/1/2900 3007/1/3007 
f 3005/1/3005 3007/1/3007 2900/1/2900 
f 3008/1/3008 3009/1/3009 3010/1/3010 
f 166/1/166 3010/1/3010 3009/1/3009 
f 172/1/172 3011/1/3011 3010/1/3010 
f 3012/1/3012 3010/1/3010 3011/1/3011 
f 3013/1/3013 3014/1/3014 3015/1/3015 
f 3014/1/3014 2458/1/2458 2650/1/2650 
f 3016/1/3016 3015/1/3015 2650/1/2650 
f 3012/1/3012 3015/1/3015 3016/1/3016 
f 2572/1/2572 2571/1/2571 3017/1/3017 
f 159/1/159 3017/1/3017 2571/1/2571 
f 167/1/167 3009/1/3009 3017/1/3017 
f 3018/1/3018 3017/1/3017 3009/1/3009 
f 3016/1/3016 2649/1/2649 2661/1/2661 
f 2438/1/2438 2580/1/2580 3019/1/3019 
f 2580/1/2580 2572/1/2572 3018/1/3018 
f 3008/1/3008 3016/1/3016 3019/1/3019 
f 2458/1/2458 3014/1/3014 3020/1/3020 
f 3021/1/3021 3020/1/3020 3014/1/3014 
f 3022/1/3022 3023/1/3023 3020/1/3020 
f 3023/1/3023 2693/1/2693 2459/1/2459 
f 3024/1/3024 3025/1/3025 3026/1/3026 
f 2629/1/2629 3026/1/3026 3025/1/3025 
f 2623/1/2623 2698/1/2698 3026/1/3026 
f 3027/1/3027 3026/1/3026 2698/1/2698 
f 314/1/314 3028/1/3028 3029/1/3029 
f 318/1/318 3030/1/3030 3028/1/3028 
f 3024/1/3024 3031/1/3031 3028/1/3028 
f 3029/1/3029 3028/1/3028 3031/1/3031 
f 3013/1/3013 3011/1/3011 3032/1/3032 
f 171/1/171 3032/1/3032 3011/1/3011 
f 170/1/170 3029/1/3029 3032/1/3032 
f 3021/1/3021 3032/1/3032 3029/1/3029 
f 2695/1/2695 2694/1/2694 3033/1/3033 
f 3023/1/3023 3033/1/3033 2694/1/2694 
f 3033/1/3033 3023/1/3023 3022/1/3022 
f 3027/1/3027 3033/1/3033 3031/1/3031 
f 317/1/317 3034/1/3034 3030/1/3030 
f 317/1/317 2634/1/2634 2636/1/2636 
f 2625/1/2625 3025/1/3025 3034/1/3034 
f 3030/1/3030 3034/1/3034 3025/1/3025 
f 2895/1/2895 2881/1/2881 3035/1/3035 
f 3036/1/3036 3035/1/3035 2881/1/2881 
f 3037/1/3037 3035/1/3035 3036/1/3036 
f 2726/1/2726 2892/1/2892 3035/1/3035 
f 2885/1/2885 2884/1/2884 3038/1/3038 
f 2481/1/2481 2730/1/2730 3038/1/3038 
f 3039/1/3039 3038/1/3038 2730/1/2730 
f 3040/1/3040 3041/1/3041 3038/1/3038 
f 1409/1/1409 3042/1/3042 3043/1/3043 
f 3044/1/3044 3042/1/3042 1409/1/1409 
f 3040/1/3040 3045/1/3045 3042/1/3042 
f 3043/1/3043 3042/1/3042 3045/1/3045 
f 2880/1/2880 2889/1/2889 3046/1/3046 
f 2889/1/2889 1414/1/1414 1413/1/1413 
f 3046/1/3046 1413/1/1413 1410/1/1410 
f 3047/1/3047 3036/1/3036 3046/1/3046 
f 2729/1/2729 2727/1/2727 3048/1/3048 
f 3037/1/3037 3048/1/3048 2727/1/2727 
f 3047/1/3047 3045/1/3045 3048/1/3048 
f 3039/1/3039 3048/1/3048 3045/1/3045 
f 3040/1/3040 3044/1/3044 3049/1/3049 
f 3044/1/3044 1331/1/1331 1330/1/1330 
f 3049/1/3049 1330/1/1330 1329/1/1329 
f 3041/1/3041 3049/1/3049 2873/1/2873 
f 2974/1/2974 2959/1/2959 3050/1/3050 
f 3051/1/3051 3050/1/3050 2959/1/2959 
f 3052/1/3052 3053/1/3053 3050/1/3050 
f 2467/1/2467 3050/1/3050 3053/1/3053 
f 2958/1/2958 2968/1/2968 3054/1/3054 
f 1615/1/1615 3054/1/3054 2968/1/2968 
f 3055/1/3055 3054/1/3054 1615/1/1615 
f 3051/1/3051 3054/1/3054 3055/1/3055 
f 1614/1/1614 2947/1/2947 3056/1/3056 
f 3057/1/3057 3056/1/3056 2947/1/2947 
f 3058/1/3058 3059/1/3059 3056/1/3056 
f 3055/1/3055 3056/1/3056 3059/1/3059 
f 2474/1/2474 2470/1/2470 3060/1/3060 
f 3053/1/3053 3060/1/3060 2470/1/2470 
f 3052/1/3052 3059/1/3059 3060/1/3060 
f 3061/1/3061 3060/1/3060 3059/1/3059 
f 2477/1/2477 2475/1/2475 3062/1/3062 
f 3061/1/3061 3062/1/3062 2475/1/2475 
f 3058/1/3058 3063/1/3063 3062/1/3062 
f 2956/1/2956 3062/1/3062 3063/1/3063 
f 2946/1/2946 2952/1/2952 3064/1/3064 
f 2941/1/2941 3064/1/3064 2952/1/2952 
f 2957/1/2957 3063/1/3063 3064/1/3064 
f 3057/1/3057 3064/1/3064 3063/1/3063 
f 2357/1/2357 2355/1/2355 3065/1/3065 
f 2376/1/2376 3065/1/3065 2355/1/2355 
f 2365/1/2365 3066/1/3066 3065/1/3065 
f 3066/1/3066 3067/1/3067 3068/1/3068 
f 3069/1/3069 3070/1/3070 3071/1/3071 
f 3067/1/3067 3066/1/3066 3071/1/3071 
f 2364/1/2364 3071/1/3071 3066/1/3066 
f 3072/1/3072 3071/1/3071 2364/1/2364 
f 3073/1/3073 3074/1/3074 3075/1/3075 
f 3072/1/3072 3075/1/3075 3074/1/3074 
f 2363/1/2363 2152/1/2152 3075/1/3075 
f 3076/1/3076 3075/1/3075 2152/1/2152 
f 3077/1/3077 3073/1/3073 3076/1/3076 
f 3076/1/3076 2151/1/2151 2154/1/2154 
f 2157/1/2157 3078/1/3078 3079/1/3079 
f 3077/1/3077 3079/1/3079 3078/1/3078 
f 3080/1/3080 3078/1/3078 3081/1/3081 
f 2161/1/2161 3081/1/3081 3078/1/3078 
f 3082/1/3082 3083/1/3083 3081/1/3081 
f 3084/1/3084 3081/1/3081 3083/1/3083 
f 3085/1/3085 3086/1/3086 3087/1/3087 
f 3083/1/3083 3087/1/3087 3086/1/3086 
f 3082/1/3082 2165/1/2165 3087/1/3087 
f 3088/1/3088 3087/1/3087 2165/1/2165 
f 3088/1/3088 3089/1/3089 3090/1/3090 
f 2164/1/2164 2169/1/2169 3089/1/3089 
f 2169/1/2169 2168/1/2168 3091/1/3091 
f 3090/1/3090 3089/1/3089 3091/1/3091 
f 2326/1/2326 2331/1/2331 3092/1/3092 
f 2342/1/2342 3092/1/3092 2331/1/2331 
f 2346/1/2346 3093/1/3093 3092/1/3092 
f 3094/1/3094 3092/1/3092 3093/1/3093 
f 3095/1/3095 3091/1/3091 3096/1/3096 
f 2327/1/2327 3096/1/3096 3091/1/3091 
f 3094/1/3094 3096/1/3096 2327/1/2327 
f 3097/1/3097 3096/1/3096 3094/1/3094 
f 2357/1/2357 3068/1/3068 3098/1/3098 
f 3068/1/3068 3067/1/3067 3099/1/3099 
f 3098/1/3098 3099/1/3099 3100/1/3100 
f 3093/1/3093 2346/1/2346 2350/1/2350 
f 3101/1/3101 3102/1/3102 3103/1/3103 
f 3104/1/3104 3105/1/3105 3103/1/3103 
f 3105/1/3105 3067/1/3067 3070/1/3070 
f 3106/1/3106 3103/1/3103 3070/1/3070 
f 3101/1/3101 3106/1/3106 3107/1/3107 
f 3069/1/3069 3074/1/3074 3107/1/3107 
f 3073/1/3073 3108/1/3108 3107/1/3107 
f 3109/1/3109 3107/1/3107 3108/1/3108 
f 3110/1/3110 3108/1/3108 3111/1/3111 
f 3077/1/3077 3111/1/3111 3108/1/3108 
f 3080/1/3080 3112/1/3112 3111/1/3111 
f 3113/1/3113 3111/1/3111 3112/1/3112 
f 3114/1/3114 3112/1/3112 3115/1/3115 
f 3084/1/3084 3115/1/3115 3112/1/3112 
f 3116/1/3116 3115/1/3115 3084/1/3084 
f 3116/1/3116 3117/1/3117 3118/1/3118 
f 3119/1/3119 3120/1/3120 3121/1/3121 
f 3116/1/3116 3121/1/3121 3120/1/3120 
f 3122/1/3122 3086/1/3086 3121/1/3121 
f 3123/1/3123 3121/1/3121 3086/1/3086 
f 3101/1/3101 3109/1/3109 3124/1/3124 
f 3109/1/3109 3110/1/3110 3125/1/3125 
f 3126/1/3126 3127/1/3127 3124/1/3124 
f 3128/1/3128 3124/1/3124 3127/1/3127 
f 3126/1/3126 3125/1/3125 3129/1/3129 
f 3113/1/3113 3129/1/3129 3125/1/3125 
f 3114/1/3114 3130/1/3130 3129/1/3129 
f 3131/1/3131 3132/1/3132 3129/1/3129 
f 3133/1/3133 3134/1/3134 3135/1/3135 
f 3123/1/3123 3135/1/3135 3134/1/3134 
f 3085/1/3085 3090/1/3090 3135/1/3135 
f 3136/1/3136 3135/1/3135 3090/1/3090 
f 3131/1/3131 3130/1/3130 3137/1/3137 
f 3118/1/3118 3137/1/3137 3130/1/3130 
f 3117/1/3117 3138/1/3138 3137/1/3137 
f 3139/1/3139 3140/1/3140 3137/1/3137 
f 3141/1/3141 3127/1/3127 3142/1/3142 
f 3132/1/3132 3142/1/3142 3127/1/3127 
f 3131/1/3131 3140/1/3140 3142/1/3142 
f 3143/1/3143 3142/1/3142 3140/1/3140 
f 3144/1/3144 3145/1/3145 3146/1/3146 
f 3143/1/3143 3146/1/3146 3145/1/3145 
f 3139/1/3139 3147/1/3147 3146/1/3146 
f 3148/1/3148 3146/1/3146 3147/1/3147 
f 3117/1/3117 3120/1/3120 3149/1/3149 
f 3150/1/3150 3149/1/3149 3120/1/3120 
f 3151/1/3151 3147/1/3147 3149/1/3149 
f 3138/1/3138 3149/1/3149 3147/1/3147 
f 3152/1/3152 3153/1/3153 3154/1/3154 
f 3099/1/3099 3154/1/3154 3153/1/3153 
f 3154/1/3154 3099/1/3099 3067/1/3067 
f 3105/1/3105 3104/1/3104 3155/1/3155 
f 3102/1/3102 3156/1/3156 3157/1/3157 
f 3128/1/3128 3156/1/3156 3102/1/3102 
f 3141/1/3141 3145/1/3145 3156/1/3156 
f 3157/1/3157 3156/1/3156 3145/1/3145 
f 3153/1/3153 3152/1/3152 3158/1/3158 
f 3158/1/3158 3133/1/3133 3136/1/3136 
f 3136/1/3136 3095/1/3095 3097/1/3097 
f 3097/1/3097 3100/1/3100 3153/1/3153 
f 3159/1/3159 3160/1/3160 3161/1/3161 
f 3158/1/3158 3161/1/3161 3160/1/3160 
f 3152/1/3152 3162/1/3162 3161/1/3161 
f 3163/1/3163 3161/1/3161 3162/1/3162 
f 3157/1/3157 3144/1/3144 3162/1/3162 
f 3155/1/3155 3164/1/3164 3162/1/3162 
f 3104/1/3104 3157/1/3157 3164/1/3164 
f 3151/1/3151 3165/1/3165 3166/1/3166 
f 3163/1/3163 3166/1/3166 3165/1/3165 
f 3148/1/3148 3166/1/3166 3163/1/3163 
f 3119/1/3119 3134/1/3134 3167/1/3167 
f 3160/1/3160 3167/1/3167 3134/1/3134 
f 3159/1/3159 3165/1/3165 3167/1/3167 
f 3150/1/3150 3167/1/3167 3165/1/3165 
f 3168/1/3168 3169/1/3169 3170/1/3170 
f 3171/1/3171 3169/1/3169 3168/1/3168 
f 1/1/1 20/1/20 3169/1/3169 
f 3169/1/3169 20/1/20 36/1/36 
f 3172/1/3172 3170/1/3170 3173/1/3173 
f 40/1/40 3173/1/3173 3170/1/3170 
f 33/1/33 28/1/28 3173/1/3173 
f 3174/1/3174 3173/1/3173 28/1/28 
f 1734/1/1734 1733/1/1733 3175/1/3175 
f 3176/1/3176 3175/1/3175 1733/1/1733 
f 3177/1/3177 3178/1/3178 3175/1/3175 
f 3179/1/3179 3180/1/3180 3175/1/3175 
f 3176/1/3176 3181/1/3181 3182/1/3182 
f 1738/1/1738 2232/1/2232 3181/1/3181 
f 3183/1/3183 3181/1/3181 2232/1/2232 
f 3184/1/3184 3182/1/3182 3181/1/3181 
f 3185/1/3185 3186/1/3186 3187/1/3187 
f 3178/1/3178 3187/1/3187 3186/1/3186 
f 3177/1/3177 3188/1/3188 3187/1/3187 
f 3189/1/3189 3187/1/3187 3188/1/3188 
f 2233/1/2233 2229/1/2229 3190/1/3190 
f 1745/1/1745 1741/1/1741 3190/1/3190 
f 2227/1/2227 3191/1/3191 3192/1/3192 
f 3193/1/3193 2224/1/2224 3194/1/3194 
f 1729/1/1729 3194/1/3194 2224/1/2224 
f 3195/1/3195 3196/1/3196 3194/1/3194 
f 3195/1/3195 2544/1/2544 3197/1/3197 
f 3198/1/3198 3199/1/3199 3200/1/3200 
f 47/1/47 53/1/53 3199/1/3199 
f 70/1/70 3201/1/3201 3199/1/3199 
f 3202/1/3202 3203/1/3203 3204/1/3204 
f 2538/1/2538 3205/1/3205 3204/1/3204 
f 2536/1/2536 2520/1/2520 3205/1/3205 
f 3202/1/3202 3205/1/3205 2520/1/2520 
f 3202/1/3202 2524/1/2524 2534/1/2534 
f 3180/1/3180 3206/1/3206 2534/1/2534 
f 3180/1/3180 3179/1/3179 3207/1/3207 
f 3203/1/3203 3202/1/3202 3206/1/3206 
f 3207/1/3207 3208/1/3208 3209/1/3209 
f 3179/1/3179 3186/1/3186 3208/1/3208 
f 3204/1/3204 3210/1/3210 3211/1/3211 
f 3203/1/3203 3209/1/3209 3210/1/3210 
f 3212/1/3212 3213/1/3213 3214/1/3214 
f 3215/1/3215 3214/1/3214 3213/1/3213 
f 2548/1/2548 2558/1/2558 3214/1/3214 
f 3216/1/3216 3214/1/3214 2558/1/2558 
f 2557/1/2557 2512/1/2512 3217/1/3217 
f 3198/1/3198 3217/1/3217 2512/1/2512 
f 3218/1/3218 3219/1/3219 3217/1/3217 
f 3216/1/3216 3217/1/3217 3219/1/3219 
f 3212/1/3212 3219/1/3219 3220/1/3220 
f 3221/1/3221 3220/1/3220 3219/1/3219 
f 3174/1/3174 3222/1/3222 3223/1/3223 
f 27/1/27 3224/1/3224 3222/1/3222 
f 3225/1/3225 3222/1/3222 3224/1/3224 
f 3226/1/3226 3223/1/3223 3222/1/3222 
f 3225/1/3225 3227/1/3227 3228/1/3228 
f 3226/1/3226 3228/1/3228 3229/1/3229 
f 3230/1/3230 3231/1/3231 3232/1/3232 
f 3232/1/3232 3231/1/3231 2421/1/2421 
f 3233/1/3233 3232/1/3232 2425/1/2425 
f 3234/1/3234 3232/1/3232 3233/1/3233 
f 3235/1/3235 3236/1/3236 3237/1/3237 
f 3238/1/3238 3237/1/3237 3239/1/3239 
f 3172/1/3172 3223/1/3223 3238/1/3238 
f 3235/1/3235 3238/1/3238 3223/1/3223 
f 2424/1/2424 2/1/2 3240/1/3240 
f 2/1/2 1/1/1 3171/1/3171 
f 3240/1/3240 3171/1/3171 3239/1/3239 
f 3241/1/3241 3233/1/3233 3240/1/3240 
f 3242/1/3242 3243/1/3243 3244/1/3244 
f 3239/1/3239 3237/1/3237 3243/1/3243 
f 3245/1/3245 3243/1/3243 3237/1/3237 
f 3246/1/3246 3188/1/3188 3247/1/3247 
f 3177/1/3177 3182/1/3182 3247/1/3247 
f 2426/1/2426 2421/1/2421 3231/1/3231 
f 19/1/19 97/1/97 16/1/16 
f 44/1/44 46/1/46 42/1/42 
f 89/1/89 86/1/86 87/1/87 
f 88/1/88 87/1/87 93/1/93 
f 99/1/99 98/1/98 97/1/97 
f 107/1/107 85/1/85 106/1/106 
f 108/1/108 106/1/106 85/1/85 
f 125/1/125 128/1/128 123/1/123 
f 132/1/132 134/1/134 130/1/130 
f 140/1/140 141/1/141 137/1/137 
f 138/1/138 137/1/137 141/1/141 
f 213/1/213 214/1/214 211/1/211 
f 216/1/216 211/1/211 214/1/214 
f 211/1/211 217/1/217 218/1/218 
f 182/1/182 259/1/259 258/1/258 
f 181/1/181 262/1/262 259/1/259 
f 287/1/287 288/1/288 285/1/285 
f 217/1/217 307/1/307 309/1/309 
f 257/1/257 261/1/261 319/1/319 
f 338/1/338 360/1/360 358/1/358 
f 363/1/363 365/1/365 362/1/362 
f 379/1/379 377/1/377 374/1/374 
f 373/1/373 398/1/398 403/1/403 
f 414/1/414 416/1/416 412/1/412 
f 420/1/420 422/1/422 423/1/423 
f 438/1/438 439/1/439 436/1/436 
f 443/1/443 415/1/415 444/1/444 
f 472/1/472 474/1/474 470/1/470 
f 484/1/484 482/1/482 481/1/481 
f 477/1/477 485/1/485 482/1/482 
f 487/1/487 482/1/482 485/1/485 
f 478/1/478 501/1/501 499/1/499 
f 483/1/483 474/1/474 501/1/501 
f 499/1/499 501/1/501 474/1/474 
f 508/1/508 510/1/510 506/1/506 
f 507/1/507 506/1/506 511/1/511 
f 512/1/512 511/1/511 513/1/513 
f 514/1/514 513/1/513 439/1/439 
f 445/1/445 515/1/515 514/1/514 
f 516/1/516 515/1/515 517/1/517 
f 479/1/479 519/1/519 416/1/416 
f 518/1/518 520/1/520 521/1/521 
f 534/1/534 535/1/535 532/1/532 
f 536/1/536 577/1/577 532/1/532 
f 546/1/546 544/1/544 543/1/543 
f 547/1/547 549/1/549 544/1/544 
f 553/1/553 551/1/551 550/1/550 
f 565/1/565 563/1/563 507/1/507 
f 568/1/568 569/1/569 566/1/566 
f 568/1/568 567/1/567 574/1/574 
f 537/1/537 577/1/577 576/1/576 
f 578/1/578 576/1/576 577/1/577 
f 580/1/580 576/1/576 578/1/578 
f 597/1/597 595/1/595 594/1/594 
f 590/1/590 585/1/585 601/1/601 
f 596/1/596 594/1/594 601/1/601 
f 602/1/602 611/1/611 591/1/591 
f 607/1/607 616/1/616 617/1/617 
f 592/1/592 617/1/617 616/1/616 
f 609/1/609 613/1/613 619/1/619 
f 600/1/600 619/1/619 613/1/613 
f 599/1/599 608/1/608 619/1/619 
f 618/1/618 619/1/619 608/1/608 
f 642/1/642 640/1/640 184/1/184 
f 643/1/643 641/1/641 640/1/640 
f 257/1/257 320/1/320 650/1/650 
f 648/1/648 653/1/653 652/1/652 
f 642/1/642 652/1/652 653/1/653 
f 260/1/260 258/1/258 652/1/652 
f 649/1/649 652/1/652 258/1/258 
f 662/1/662 674/1/674 676/1/676 
f 744/1/744 752/1/752 743/1/743 
f 469/1/469 786/1/786 471/1/471 
f 465/1/465 788/1/788 786/1/786 
f 465/1/465 464/1/464 794/1/794 
f 800/1/800 801/1/801 798/1/798 
f 803/1/803 798/1/798 801/1/801 
f 804/1/804 805/1/805 798/1/798 
f 799/1/799 798/1/798 805/1/805 
f 812/1/812 807/1/807 810/1/810 
f 841/1/841 842/1/842 839/1/839 
f 843/1/843 844/1/844 839/1/839 
f 771/1/771 865/1/865 864/1/864 
f 872/1/872 873/1/873 871/1/871 
f 875/1/875 866/1/866 871/1/871 
f 849/1/849 853/1/853 876/1/876 
f 877/1/877 876/1/876 878/1/878 
f 882/1/882 844/1/844 880/1/880 
f 848/1/848 880/1/880 844/1/844 
f 881/1/881 880/1/880 877/1/877 
f 885/1/885 884/1/884 881/1/881 
f 888/1/888 891/1/891 886/1/886 
f 890/1/890 891/1/891 888/1/888 
f 879/1/879 886/1/886 891/1/891 
f 894/1/894 896/1/896 892/1/892 
f 878/1/878 900/1/900 893/1/893 
f 922/1/922 925/1/925 921/1/921 
f 901/1/901 924/1/924 923/1/923 
f 919/1/919 925/1/925 923/1/923 
f 926/1/926 924/1/924 901/1/901 
f 350/1/350 928/1/928 933/1/933 
f 948/1/948 947/1/947 888/1/888 
f 958/1/958 959/1/959 956/1/956 
f 887/1/887 895/1/895 959/1/959 
f 955/1/955 965/1/965 543/1/543 
f 534/1/534 541/1/541 966/1/966 
f 954/1/954 966/1/966 963/1/963 
f 982/1/982 978/1/978 980/1/980 
f 981/1/981 984/1/984 983/1/983 
f 939/1/939 983/1/983 984/1/984 
f 938/1/938 951/1/951 983/1/983 
f 982/1/982 983/1/983 951/1/951 
f 986/1/986 985/1/985 980/1/980 
f 215/1/215 214/1/214 1042/1/1042 
f 1044/1/1044 1042/1/1042 214/1/214 
f 1043/1/1043 1042/1/1042 1046/1/1046 
f 1072/1/1072 1071/1/1071 1073/1/1073 
f 1082/1/1082 1080/1/1080 1079/1/1079 
f 1083/1/1083 1084/1/1084 1080/1/1080 
f 1086/1/1086 1080/1/1080 1084/1/1084 
f 1109/1/1109 1111/1/1111 1107/1/1107 
f 1114/1/1114 1116/1/1116 1112/1/1112 
f 1117/1/1117 1118/1/1118 1116/1/1116 
f 1121/1/1121 1111/1/1111 1119/1/1119 
f 1123/1/1123 1127/1/1127 1119/1/1119 
f 1124/1/1124 1127/1/1127 1125/1/1125 
f 1128/1/1128 1125/1/1125 1127/1/1127 
f 1129/1/1129 1126/1/1126 1125/1/1125 
f 1131/1/1131 1135/1/1135 1133/1/1133 
f 1134/1/1134 1133/1/1133 1138/1/1138 
f 1120/1/1120 1138/1/1138 1133/1/1133 
f 1139/1/1139 1138/1/1138 1120/1/1120 
f 1124/1/1124 1126/1/1126 1140/1/1140 
f 1141/1/1141 1140/1/1140 1126/1/1126 
f 1139/1/1139 1140/1/1140 1143/1/1143 
f 573/1/573 1151/1/1151 562/1/562 
f 1167/1/1167 1165/1/1165 1164/1/1164 
f 1167/1/1167 1168/1/1168 605/1/605 
f 1152/1/1152 1168/1/1168 1167/1/1167 
f 1136/1/1136 1143/1/1143 1169/1/1169 
f 1180/1/1180 1178/1/1178 1174/1/1174 
f 1221/1/1221 1217/1/1217 1219/1/1219 
f 1222/1/1222 1209/1/1209 1208/1/1208 
f 1225/1/1225 1222/1/1222 1223/1/1223 
f 1228/1/1228 1229/1/1229 1226/1/1226 
f 1225/1/1225 1226/1/1226 1229/1/1229 
f 1224/1/1224 1230/1/1230 1226/1/1226 
f 1238/1/1238 1241/1/1241 1236/1/1236 
f 1220/1/1220 1238/1/1238 1237/1/1237 
f 1239/1/1239 1238/1/1238 1220/1/1220 
f 1241/1/1241 1238/1/1238 1239/1/1239 
f 832/1/832 1242/1/1242 1073/1/1073 
f 1239/1/1239 1242/1/1242 1243/1/1243 
f 1233/1/1233 1248/1/1248 1247/1/1247 
f 1218/1/1218 1247/1/1247 1248/1/1248 
f 1228/1/1228 1245/1/1245 1256/1/1256 
f 1257/1/1257 1259/1/1259 1229/1/1229 
f 1263/1/1263 1262/1/1262 1260/1/1260 
f 1281/1/1281 1279/1/1279 1278/1/1278 
f 1275/1/1275 1287/1/1287 1284/1/1284 
f 1281/1/1281 1296/1/1296 1294/1/1294 
f 1280/1/1280 1298/1/1298 1296/1/1296 
f 1316/1/1316 1322/1/1322 1323/1/1323 
f 1328/1/1328 1335/1/1335 1334/1/1334 
f 1341/1/1341 1350/1/1350 1349/1/1349 
f 1354/1/1354 1350/1/1350 1352/1/1352 
f 1129/1/1129 1118/1/1118 1368/1/1368 
f 1117/1/1117 1347/1/1347 1370/1/1370 
f 1142/1/1142 1367/1/1367 1376/1/1376 
f 1378/1/1378 1379/1/1379 1376/1/1376 
f 1382/1/1382 1383/1/1383 1380/1/1380 
f 564/1/564 1385/1/1385 1384/1/1384 
f 1387/1/1387 1385/1/1385 564/1/564 
f 1378/1/1378 1386/1/1386 1385/1/1385 
f 1388/1/1388 1389/1/1389 1383/1/1383 
f 1390/1/1390 1386/1/1386 1389/1/1389 
f 1150/1/1150 1153/1/1153 1391/1/1391 
f 1161/1/1161 1379/1/1379 1391/1/1391 
f 1359/1/1359 1388/1/1388 1392/1/1392 
f 1371/1/1371 1394/1/1394 1381/1/1381 
f 1346/1/1346 1355/1/1355 1394/1/1394 
f 1393/1/1393 1394/1/1394 1355/1/1355 
f 1362/1/1362 1397/1/1397 1396/1/1396 
f 1333/1/1333 1401/1/1401 1399/1/1399 
f 1405/1/1405 1407/1/1407 1404/1/1404 
f 1408/1/1408 1332/1/1332 1331/1/1331 
f 1445/1/1445 1446/1/1446 1443/1/1443 
f 1448/1/1448 1443/1/1443 1446/1/1446 
f 1447/1/1447 1452/1/1452 1451/1/1451 
f 1454/1/1454 1451/1/1451 1452/1/1452 
f 1469/1/1469 1466/1/1466 1467/1/1467 
f 1363/1/1363 1396/1/1396 1470/1/1470 
f 1463/1/1463 1470/1/1470 1396/1/1396 
f 1481/1/1481 1483/1/1483 1479/1/1479 
f 1478/1/1478 1477/1/1477 1500/1/1500 
f 1501/1/1501 1500/1/1500 1494/1/1494 
f 1540/1/1540 1541/1/1541 1538/1/1538 
f 804/1/804 1542/1/1542 1541/1/1541 
f 804/1/804 803/1/803 1543/1/1543 
f 1542/1/1542 1543/1/1543 1544/1/1544 
f 1548/1/1548 1549/1/1549 1546/1/1546 
f 510/1/510 1546/1/1546 1549/1/1549 
f 508/1/508 1384/1/1384 1546/1/1546 
f 1547/1/1547 1546/1/1546 1384/1/1384 
f 1364/1/1364 1551/1/1551 1547/1/1547 
f 1553/1/1553 1552/1/1552 497/1/497 
f 1555/1/1555 1552/1/1552 1553/1/1553 
f 1535/1/1535 1523/1/1523 1556/1/1556 
f 1557/1/1557 1556/1/1556 1523/1/1523 
f 1536/1/1536 1556/1/1556 1559/1/1559 
f 480/1/480 487/1/487 1563/1/1563 
f 1545/1/1545 1555/1/1555 1565/1/1565 
f 1564/1/1564 1567/1/1567 1559/1/1559 
f 1570/1/1570 1569/1/1569 1540/1/1540 
f 811/1/811 810/1/810 1569/1/1569 
f 817/1/817 1575/1/1575 1573/1/1573 
f 1574/1/1574 1573/1/1573 1575/1/1575 
f 1579/1/1579 1597/1/1597 1578/1/1578 
f 1576/1/1576 1582/1/1582 1581/1/1581 
f 1583/1/1583 1584/1/1584 1581/1/1581 
f 1587/1/1587 1588/1/1588 1585/1/1585 
f 1445/1/1445 1572/1/1572 1588/1/1588 
f 1585/1/1585 1588/1/1588 1572/1/1572 
f 1652/1/1652 2037/1/2037 1650/1/1650 
f 1656/1/1656 1657/1/1657 1654/1/1654 
f 1679/1/1679 1676/1/1676 1677/1/1677 
f 1678/1/1678 1677/1/1677 1682/1/1682 
f 1690/1/1690 1689/1/1689 1204/1/1204 
f 1692/1/1692 1689/1/1689 1690/1/1690 
f 1486/1/1486 1699/1/1699 1697/1/1697 
f 1700/1/1700 1695/1/1695 1697/1/1697 
f 1703/1/1703 1704/1/1704 1701/1/1701 
f 1691/1/1691 1714/1/1714 1713/1/1713 
f 1749/1/1749 1752/1/1752 1753/1/1753 
f 1755/1/1755 1756/1/1756 1753/1/1753 
f 1742/1/1742 1744/1/1744 1757/1/1757 
f 41/1/41 1757/1/1757 1759/1/1759 
f 1776/1/1776 1772/1/1772 1774/1/1774 
f 1775/1/1775 1774/1/1774 1788/1/1788 
f 1044/1/1044 1788/1/1788 1774/1/1774 
f 1793/1/1793 1794/1/1794 1791/1/1791 
f 1797/1/1797 1790/1/1790 1795/1/1795 
f 1092/1/1092 1804/1/1804 1803/1/1803 
f 1843/1/1843 1844/1/1844 1842/1/1842 
f 1699/1/1699 1842/1/1842 1844/1/1844 
f 1891/1/1891 1892/1/1892 1889/1/1889 
f 1894/1/1894 1889/1/1889 1892/1/1892 
f 1714/1/1714 1899/1/1899 1898/1/1898 
f 1890/1/1890 1899/1/1899 1901/1/1901 
f 1908/1/1908 1906/1/1906 1905/1/1905 
f 1909/1/1909 1910/1/1910 1908/1/1908 
f 1916/1/1916 1919/1/1919 1920/1/1920 
f 1894/1/1894 1923/1/1923 1921/1/1921 
f 1923/1/1923 1894/1/1894 1893/1/1893 
f 1926/1/1926 1927/1/1927 1925/1/1925 
f 1849/1/1849 1938/1/1938 1937/1/1937 
f 1943/1/1943 1944/1/1944 1941/1/1941 
f 1942/1/1942 1941/1/1941 1945/1/1945 
f 1971/1/1971 1972/1/1972 1969/1/1969 
f 1653/1/1653 1973/1/1973 1969/1/1969 
f 1970/1/1970 1969/1/1969 1973/1/1973 
f 2008/1/2008 2010/1/2010 2006/1/2006 
f 2015/1/2015 2013/1/2013 1932/1/1932 
f 2037/1/2037 2038/1/2038 1973/1/1973 
f 2027/1/2027 2033/1/2033 2038/1/2038 
f 1821/1/1821 1826/1/1826 2043/1/2043 
f 1885/1/1885 1918/1/1918 2091/1/2091 
f 1995/1/1995 2091/1/2091 2092/1/2092 
f 2090/1/2090 2095/1/2095 2094/1/2094 
f 1805/1/1805 2109/1/2109 2108/1/2108 
f 2111/1/2111 2108/1/2108 2109/1/2109 
f 2110/1/2110 2109/1/2109 2112/1/2112 
f 2111/1/2111 2120/1/2120 2119/1/2119 
f 2124/1/2124 2125/1/2125 2123/1/2123 
f 2127/1/2127 2123/1/2123 2125/1/2125 
f 2125/1/2125 2128/1/2128 2131/1/2131 
f 2138/1/2138 2137/1/2137 1425/1/1425 
f 1946/1/1946 1945/1/1945 2145/1/2145 
f 2167/1/2167 2166/1/2166 1958/1/1958 
f 2177/1/2177 2176/1/2176 1856/1/1856 
f 2014/1/2014 2186/1/2186 1937/1/1937 
f 2183/1/2183 2186/1/2186 2188/1/2188 
f 1860/1/1860 2196/1/2196 2195/1/2195 
f 1907/1/1907 2199/1/2199 2197/1/2197 
f 1983/1/1983 2199/1/2199 1907/1/1907 
f 2198/1/2198 2201/1/2201 2200/1/2200 
f 2187/1/2187 2012/1/2012 2205/1/2205 
f 1861/1/1861 2195/1/2195 2206/1/2206 
f 1893/1/1893 1892/1/1892 2211/1/2211 
f 2208/1/2208 2211/1/2211 2212/1/2212 
f 2113/1/2113 2213/1/2213 2212/1/2212 
f 44/1/44 1759/1/1759 2221/1/2221 
f 2223/1/2223 2017/1/2017 2221/1/2221 
f 1776/1/1776 2242/1/2242 2094/1/2094 
f 1671/1/1671 1987/1/1987 2245/1/2245 
f 299/1/299 306/1/306 2246/1/2246 
f 2048/1/2048 2246/1/2246 306/1/306 
f 2054/1/2054 2247/1/2247 2246/1/2246 
f 2044/1/2044 2248/1/2248 1822/1/1822 
f 2106/1/2106 2119/1/2119 2249/1/2249 
f 2253/1/2253 2254/1/2254 2252/1/2252 
f 2256/1/2256 2252/1/2252 2254/1/2254 
f 2270/1/2270 2274/1/2274 2273/1/2273 
f 2273/1/2273 2274/1/2274 812/1/812 
f 1582/1/1582 2276/1/2276 2273/1/2273 
f 2256/1/2256 2276/1/2276 1582/1/1582 
f 1534/1/1534 2284/1/2284 1525/1/1525 
f 1513/1/1513 2287/1/2287 2286/1/2286 
f 2286/1/2286 2287/1/2287 2288/1/2288 
f 2345/1/2345 2347/1/2347 2341/1/2341 
f 2348/1/2348 2344/1/2344 2351/1/2351 
f 2349/1/2349 2356/1/2356 2355/1/2355 
f 1458/1/1458 2416/1/2416 1452/1/1452 
f 1457/1/1457 1587/1/1587 2418/1/2418 
f 1586/1/1586 1603/1/1603 2418/1/2418 
f 2421/1/2421 2422/1/2422 2419/1/2419 
f 2430/1/2430 2431/1/2431 2428/1/2428 
f 139/1/139 2440/1/2440 2439/1/2439 
f 2448/1/2448 2445/1/2445 2446/1/2446 
f 2568/1/2568 2567/1/2567 161/1/161 
f 2572/1/2572 2573/1/2573 2570/1/2570 
f 2641/1/2641 2637/1/2637 2639/1/2639 
f 2640/1/2640 2639/1/2639 2644/1/2644 
f 2655/1/2655 2643/1/2643 2652/1/2652 
f 140/1/140 2439/1/2439 2660/1/2660 
f 2429/1/2429 2664/1/2664 2663/1/2663 
f 2669/1/2669 2657/1/2657 2673/1/2673 
f 2430/1/2430 2663/1/2663 2681/1/2681 
f 2672/1/2672 2681/1/2681 2663/1/2663 
f 2680/1/2680 2688/1/2688 2685/1/2685 
f 2679/1/2679 2689/1/2689 2688/1/2688 
f 2686/1/2686 2690/1/2690 1833/1/1833 
f 1305/1/1305 2707/1/2707 2706/1/2706 
f 2721/1/2721 2719/1/2719 1433/1/1433 
f 1846/1/1846 1853/1/1853 2723/1/2723 
f 2490/1/2490 2741/1/2741 2740/1/2740 
f 2751/1/2751 2752/1/2752 2750/1/2750 
f 2743/1/2743 2750/1/2750 2752/1/2752 
f 2765/1/2765 2766/1/2766 2764/1/2764 
f 2779/1/2779 2778/1/2778 2770/1/2770 
f 2447/1/2447 2803/1/2803 2802/1/2802 
f 2821/1/2821 2833/1/2833 2828/1/2828 
f 1208/1/1208 1213/1/1213 2829/1/2829 
f 1232/1/1232 2829/1/2829 2831/1/2831 
f 2486/1/2486 2740/1/2740 2832/1/2832 
f 2784/1/2784 2840/1/2840 2839/1/2839 
f 1214/1/1214 1248/1/1248 2840/1/2840 
f 2785/1/2785 2839/1/2839 2842/1/2842 
f 1454/1/1454 2896/1/2896 1431/1/1431 
f 2898/1/2898 2907/1/2907 2721/1/2721 
f 2702/1/2702 2915/1/2915 2462/1/2462 
f 2722/1/2722 2904/1/2904 2915/1/2915 
f 2924/1/2924 2926/1/2926 2923/1/2923 
f 1514/1/1514 2286/1/2286 2931/1/2931 
f 2405/1/2405 2936/1/2936 2935/1/2935 
f 2932/1/2932 2951/1/2951 1515/1/1515 
f 2942/1/2942 2952/1/2952 2951/1/2951 
f 2949/1/2949 2951/1/2951 2952/1/2952 
f 2956/1/2956 2954/1/2954 2478/1/2478 
f 2970/1/2970 2969/1/2969 2917/1/2917 
f 3018/1/3018 3019/1/3019 2580/1/2580 
f 2459/1/2459 3020/1/3020 3023/1/3023 
f 3022/1/3022 3031/1/3031 3033/1/3033 
f 1413/1/1413 3046/1/3046 2889/1/2889 
f 1410/1/1410 3043/1/3043 3046/1/3046 
f 1329/1/1329 2873/1/2873 3049/1/3049 
f 3068/1/3068 3065/1/3065 3066/1/3066 
f 3099/1/3099 3098/1/3098 3068/1/3068 
f 3100/1/3100 3093/1/3093 3098/1/3098 
f 2350/1/2350 3098/1/3098 3093/1/3093 
f 3070/1/3070 3103/1/3103 3105/1/3105 
f 3067/1/3067 3105/1/3105 3154/1/3154 
f 3155/1/3155 3154/1/3154 3105/1/3105 
f 3158/1/3158 3248/1/3248 3153/1/3153 
f 3136/1/3136 3248/1/3248 3158/1/3158 
f 3097/1/3097 3248/1/3248 3136/1/3136 
f 3153/1/3153 3248/1/3248 3097/1/3097 
f 3162/1/3162 3164/1/3164 3157/1/3157 
f 36/1/36 3170/1/3170 3169/1/3169 
f 3236/1/3236 3235/1/3235 3229/1/3229 
f 2421/1/2421 2425/1/2425 3232/1/3232 
f 3237/1/3237 3238/1/3238 3235/1/3235 
f 3239/1/3239 3168/1/3168 3238/1/3238 
f 3171/1/3171 3240/1/3240 2/1/2 
f 3239/1/3239 3242/1/3242 3240/1/3240 
f 3/1/3 7/1/7 1/1/1 
f 2/1/2 2424/1/2424 4/1/4 
f 3/1/3 4/1/4 5/1/5 
f 6/1/6 13/1/13 7/1/7 
f 10/1/10 12/1/12 8/1/8 
f 10/1/10 17/1/17 11/1/11 
f 12/1/12 11/1/11 13/1/13 
f 6/1/6 5/1/5 8/1/8 
f 16/1/16 97/1/97 14/1/14 
f 15/1/15 13/1/13 11/1/11 
f 16/1/16 11/1/11 17/1/17 
f 22/1/22 36/1/36 20/1/20 
f 20/1/20 1/1/1 7/1/7 
f 21/1/21 7/1/7 13/1/13 
f 21/1/21 15/1/15 14/1/14 
f 25/1/25 29/1/29 23/1/23 
f 24/1/24 2541/1/2541 26/1/26 
f 25/1/25 26/1/26 27/1/27 
f 28/1/28 33/1/33 29/1/29 
f 32/1/32 35/1/35 30/1/30 
f 31/1/31 23/1/23 29/1/29 
f 32/1/32 29/1/29 33/1/33 
f 34/1/34 39/1/39 35/1/35 
f 37/1/37 40/1/40 36/1/36 
f 22/1/22 14/1/14 38/1/38 
f 37/1/37 38/1/38 39/1/39 
f 34/1/34 33/1/33 40/1/40 
f 43/1/43 1742/1/1742 41/1/41 
f 46/1/46 2216/1/2216 45/1/45 
f 49/1/49 53/1/53 47/1/47 
f 48/1/48 59/1/59 50/1/50 
f 49/1/49 50/1/50 51/1/51 
f 52/1/52 70/1/70 53/1/53 
f 56/1/56 61/1/61 54/1/54 
f 58/1/58 56/1/56 55/1/55 
f 60/1/60 56/1/56 58/1/58 
f 60/1/60 2510/1/2510 61/1/61 
f 64/1/64 65/1/65 62/1/62 
f 63/1/63 51/1/51 50/1/50 
f 64/1/64 50/1/50 59/1/59 
f 58/1/58 57/1/57 65/1/65 
f 68/1/68 71/1/71 66/1/66 
f 67/1/67 666/1/666 69/1/69 
f 68/1/68 69/1/69 70/1/70 
f 52/1/52 51/1/51 71/1/71 
f 74/1/74 78/1/78 72/1/72 
f 73/1/73 852/1/852 75/1/75 
f 74/1/74 75/1/75 76/1/76 
f 77/1/77 190/1/190 78/1/78 
f 79/1/79 83/1/83 19/1/19 
f 18/1/18 17/1/17 80/1/80 
f 79/1/79 80/1/80 81/1/81 
f 82/1/82 107/1/107 83/1/83 
f 86/1/86 89/1/89 84/1/84 
f 85/1/85 107/1/107 82/1/82 
f 86/1/86 82/1/82 81/1/81 
f 90/1/90 92/1/92 81/1/81 
f 80/1/80 17/1/17 10/1/10 
f 90/1/90 10/1/10 9/1/9 
f 91/1/91 95/1/95 92/1/92 
f 92/1/92 93/1/93 87/1/87 
f 93/1/93 92/1/92 95/1/95 
f 96/1/96 272/1/272 94/1/94 
f 98/1/98 38/1/38 14/1/14 
f 98/1/98 99/1/99 100/1/100 
f 101/1/101 39/1/39 38/1/38 
f 102/1/102 99/1/99 19/1/19 
f 83/1/83 107/1/107 103/1/103 
f 102/1/102 103/1/103 104/1/104 
f 105/1/105 100/1/100 99/1/99 
f 106/1/106 108/1/108 109/1/109 
f 110/1/110 104/1/104 103/1/103 
f 111/1/111 35/1/35 39/1/39 
f 101/1/101 100/1/100 112/1/112 
f 111/1/111 112/1/112 113/1/113 
f 114/1/114 30/1/30 35/1/35 
f 117/1/117 122/1/122 115/1/115 
f 119/1/119 117/1/117 116/1/116 
f 117/1/117 119/1/119 120/1/120 
f 121/1/121 129/1/129 122/1/122 
f 128/1/128 125/1/125 126/1/126 
f 121/1/121 128/1/128 127/1/127 
f 121/1/121 120/1/120 123/1/123 
f 134/1/134 115/1/115 133/1/133 
f 130/1/130 133/1/133 135/1/135 
f 136/1/136 1755/1/1755 131/1/131 
f 138/1/138 62/1/62 65/1/65 
f 65/1/65 57/1/57 139/1/139 
f 145/1/145 149/1/149 143/1/143 
f 145/1/145 144/1/144 146/1/146 
f 147/1/147 2432/1/2432 148/1/148 
f 148/1/148 150/1/150 149/1/149 
f 151/1/151 155/1/155 150/1/150 
f 148/1/148 2432/1/2432 152/1/152 
f 151/1/151 152/1/152 153/1/153 
f 154/1/154 252/1/252 155/1/155 
f 158/1/158 162/1/162 156/1/156 
f 157/1/157 167/1/167 159/1/159 
f 158/1/158 159/1/159 160/1/160 
f 161/1/161 1763/1/1763 162/1/162 
f 165/1/165 168/1/168 163/1/163 
f 164/1/164 172/1/172 166/1/166 
f 165/1/165 166/1/166 167/1/167 
f 157/1/157 156/1/156 168/1/168 
f 171/1/171 174/1/174 169/1/169 
f 164/1/164 174/1/174 171/1/171 
f 164/1/164 163/1/163 173/1/173 
f 174/1/174 173/1/173 175/1/175 
f 176/1/176 180/1/180 142/1/142 
f 141/1/141 140/1/140 177/1/177 
f 176/1/176 177/1/177 178/1/178 
f 179/1/179 185/1/185 180/1/180 
f 183/1/183 186/1/186 181/1/181 
f 182/1/182 260/1/260 184/1/184 
f 183/1/183 184/1/184 185/1/185 
f 179/1/179 178/1/178 186/1/186 
f 189/1/189 192/1/192 187/1/187 
f 188/1/188 72/1/72 78/1/78 
f 189/1/189 78/1/78 190/1/190 
f 191/1/191 193/1/193 192/1/192 
f 194/1/194 198/1/198 193/1/193 
f 191/1/191 190/1/190 195/1/195 
f 194/1/194 195/1/195 196/1/196 
f 197/1/197 199/1/199 198/1/198 
f 200/1/200 204/1/204 199/1/199 
f 197/1/197 196/1/196 201/1/201 
f 200/1/200 201/1/201 202/1/202 
f 203/1/203 205/1/205 204/1/204 
f 206/1/206 210/1/210 205/1/205 
f 203/1/203 202/1/202 207/1/207 
f 206/1/206 207/1/207 208/1/208 
f 209/1/209 296/1/296 210/1/210 
f 216/1/216 305/1/305 217/1/217 
f 221/1/221 225/1/225 219/1/219 
f 220/1/220 1038/1/1038 222/1/222 
f 221/1/221 222/1/222 223/1/223 
f 224/1/224 2634/1/2634 225/1/225 
f 228/1/228 232/1/232 226/1/226 
f 227/1/227 267/1/267 229/1/229 
f 228/1/228 229/1/229 230/1/230 
f 231/1/231 243/1/243 232/1/232 
f 235/1/235 239/1/239 233/1/233 
f 234/1/234 1052/1/1052 236/1/236 
f 235/1/235 236/1/236 237/1/237 
f 238/1/238 1827/1/1827 239/1/239 
f 242/1/242 245/1/245 240/1/240 
f 241/1/241 226/1/226 232/1/232 
f 242/1/242 232/1/232 243/1/243 
f 244/1/244 770/1/770 245/1/245 
f 248/1/248 251/1/251 246/1/246 
f 247/1/247 126/1/126 249/1/249 
f 249/1/249 302/1/302 250/1/250 
f 250/1/250 2035/1/2035 251/1/251 
f 253/1/253 256/1/256 252/1/252 
f 154/1/154 153/1/153 254/1/254 
f 254/1/254 1834/1/1834 255/1/255 
f 255/1/255 1838/1/1838 256/1/256 
f 259/1/259 261/1/261 257/1/257 
f 262/1/262 2455/1/2455 261/1/261 
f 265/1/265 268/1/268 263/1/263 
f 264/1/264 322/1/322 266/1/266 
f 265/1/265 266/1/266 267/1/267 
f 227/1/227 226/1/226 268/1/268 
f 271/1/271 274/1/274 269/1/269 
f 270/1/270 88/1/88 94/1/94 
f 271/1/271 94/1/94 272/1/272 
f 273/1/273 277/1/277 274/1/274 
f 276/1/276 192/1/192 193/1/193 
f 275/1/275 269/1/269 274/1/274 
f 276/1/276 274/1/274 277/1/277 
f 278/1/278 187/1/187 192/1/192 
f 281/1/281 282/1/282 279/1/279 
f 280/1/280 84/1/84 89/1/89 
f 281/1/281 89/1/89 88/1/88 
f 270/1/270 269/1/269 282/1/282 
f 284/1/284 198/1/198 199/1/199 
f 283/1/283 279/1/279 282/1/282 
f 284/1/284 282/1/282 269/1/269 
f 275/1/275 193/1/193 198/1/198 
f 288/1/288 109/1/109 108/1/108 
f 285/1/285 108/1/108 84/1/84 
f 280/1/280 279/1/279 286/1/286 
f 290/1/290 204/1/204 205/1/205 
f 289/1/289 287/1/287 286/1/286 
f 290/1/290 286/1/286 279/1/279 
f 283/1/283 199/1/199 204/1/204 
f 293/1/293 295/1/295 291/1/291 
f 292/1/292 2666/1/2666 294/1/294 
f 293/1/293 294/1/294 109/1/109 
f 288/1/288 287/1/287 295/1/295 
f 298/1/298 210/1/210 296/1/296 
f 297/1/297 291/1/291 295/1/295 
f 298/1/298 295/1/295 287/1/287 
f 289/1/289 205/1/205 210/1/210 
f 301/1/301 304/1/304 299/1/299 
f 300/1/300 2035/1/2035 250/1/250 
f 301/1/301 250/1/250 302/1/302 
f 303/1/303 308/1/308 304/1/304 
f 307/1/307 217/1/217 305/1/305 
f 306/1/306 299/1/299 304/1/304 
f 307/1/307 304/1/304 308/1/308 
f 310/1/310 314/1/314 170/1/170 
f 169/1/169 175/1/175 311/1/311 
f 310/1/310 311/1/311 312/1/312 
f 313/1/313 318/1/318 314/1/314 
f 316/1/316 219/1/219 225/1/225 
f 225/1/225 2634/1/2634 317/1/317 
f 315/1/315 317/1/317 318/1/318 
f 313/1/313 312/1/312 316/1/316 
f 261/1/261 2455/1/2455 321/1/321 
f 319/1/319 321/1/321 322/1/322 
f 264/1/264 263/1/263 320/1/320 
f 323/1/323 268/1/268 226/1/226 
f 241/1/241 240/1/240 324/1/324 
f 323/1/323 324/1/324 325/1/325 
f 326/1/326 263/1/263 268/1/268 
f 329/1/329 333/1/333 327/1/327 
f 328/1/328 347/1/347 330/1/330 
f 329/1/329 330/1/330 331/1/331 
f 332/1/332 929/1/929 333/1/333 
f 336/1/336 340/1/340 334/1/334 
f 335/1/335 931/1/931 337/1/337 
f 336/1/336 337/1/337 338/1/338 
f 339/1/339 344/1/344 340/1/340 
f 343/1/343 346/1/346 341/1/341 
f 342/1/342 334/1/334 340/1/340 
f 343/1/343 340/1/340 344/1/344 
f 345/1/345 366/1/366 346/1/346 
f 348/1/348 352/1/352 347/1/347 
f 328/1/328 327/1/327 349/1/349 
f 348/1/348 349/1/349 350/1/350 
f 351/1/351 378/1/378 352/1/352 
f 354/1/354 330/1/330 347/1/347 
f 353/1/353 376/1/376 355/1/355 
f 354/1/354 355/1/355 356/1/356 
f 357/1/357 331/1/331 330/1/330 
f 360/1/360 331/1/331 357/1/357 
f 358/1/358 357/1/357 356/1/356 
f 361/1/361 363/1/363 359/1/359 
f 362/1/362 364/1/364 344/1/344 
f 339/1/339 338/1/338 359/1/359 
f 365/1/365 368/1/368 364/1/364 
f 367/1/367 370/1/370 366/1/366 
f 345/1/345 344/1/344 364/1/364 
f 367/1/367 364/1/364 368/1/368 
f 369/1/369 392/1/392 370/1/370 
f 371/1/371 375/1/375 366/1/366 
f 370/1/370 392/1/392 372/1/372 
f 371/1/371 372/1/372 373/1/373 
f 374/1/374 378/1/378 375/1/375 
f 377/1/377 379/1/379 376/1/376 
f 353/1/353 347/1/347 352/1/352 
f 377/1/377 352/1/352 378/1/378 
f 381/1/381 355/1/355 376/1/376 
f 380/1/380 402/1/402 382/1/382 
f 381/1/381 382/1/382 383/1/383 
f 384/1/384 356/1/356 355/1/355 
f 385/1/385 361/1/361 356/1/356 
f 384/1/384 383/1/383 386/1/386 
f 385/1/385 386/1/386 387/1/387 
f 361/1/361 385/1/385 388/1/388 
f 389/1/389 391/1/391 368/1/368 
f 365/1/365 363/1/363 388/1/388 
f 389/1/389 388/1/388 387/1/387 
f 390/1/390 394/1/394 391/1/391 
f 393/1/393 396/1/396 392/1/392 
f 369/1/369 368/1/368 391/1/391 
f 393/1/393 391/1/391 394/1/394 
f 395/1/395 399/1/399 396/1/396 
f 398/1/398 373/1/373 372/1/372 
f 372/1/372 392/1/392 396/1/396 
f 397/1/397 396/1/396 399/1/399 
f 398/1/398 397/1/397 400/1/400 
f 403/1/403 404/1/404 402/1/402 
f 380/1/380 376/1/376 379/1/379 
f 398/1/398 401/1/401 404/1/404 
f 407/1/407 411/1/411 405/1/405 
f 406/1/406 442/1/442 408/1/408 
f 407/1/407 408/1/408 409/1/409 
f 410/1/410 901/1/901 411/1/411 
f 416/1/416 444/1/444 415/1/415 
f 412/1/412 415/1/415 405/1/405 
f 417/1/417 421/1/421 413/1/413 
f 420/1/420 424/1/424 418/1/418 
f 419/1/419 414/1/414 413/1/413 
f 420/1/420 413/1/413 421/1/421 
f 425/1/425 429/1/429 418/1/418 
f 424/1/424 423/1/423 426/1/426 
f 425/1/425 426/1/426 427/1/427 
f 428/1/428 430/1/430 429/1/429 
f 431/1/431 435/1/435 430/1/430 
f 428/1/428 427/1/427 432/1/432 
f 431/1/431 432/1/432 433/1/433 
f 434/1/434 440/1/440 435/1/435 
f 434/1/434 436/1/436 439/1/439 
f 434/1/434 433/1/433 441/1/441 
f 441/1/441 442/1/442 437/1/437 
f 443/1/443 437/1/437 442/1/442 
f 406/1/406 405/1/405 415/1/415 
f 443/1/443 445/1/445 438/1/438 
f 447/1/447 386/1/386 383/1/383 
f 446/1/446 467/1/467 448/1/448 
f 448/1/448 450/1/450 449/1/449 
f 449/1/449 387/1/387 386/1/386 
f 452/1/452 449/1/449 450/1/450 
f 451/1/451 455/1/455 453/1/453 
f 452/1/452 453/1/453 394/1/394 
f 390/1/390 387/1/387 449/1/449 
f 454/1/454 457/1/457 399/1/399 
f 395/1/395 394/1/394 453/1/453 
f 454/1/454 453/1/453 455/1/455 
f 456/1/456 459/1/459 457/1/457 
f 458/1/458 461/1/461 401/1/401 
f 400/1/400 399/1/399 457/1/457 
f 458/1/458 457/1/457 459/1/459 
f 460/1/460 463/1/463 461/1/461 
f 462/1/462 404/1/404 401/1/401 
f 464/1/464 462/1/462 461/1/461 
f 462/1/462 464/1/464 465/1/465 
f 466/1/466 402/1/402 404/1/404 
f 468/1/468 469/1/469 467/1/467 
f 446/1/446 383/1/383 382/1/382 
f 468/1/468 382/1/382 402/1/402 
f 466/1/466 465/1/465 469/1/469 
f 470/1/470 473/1/473 450/1/450 
f 448/1/448 467/1/467 471/1/471 
f 474/1/474 483/1/483 473/1/473 
f 475/1/475 479/1/479 414/1/414 
f 419/1/419 418/1/418 476/1/476 
f 475/1/475 476/1/476 477/1/477 
f 478/1/478 500/1/500 479/1/479 
f 482/1/482 487/1/487 480/1/480 
f 488/1/488 489/1/489 455/1/455 
f 451/1/451 450/1/450 473/1/473 
f 488/1/488 473/1/473 483/1/483 
f 481/1/481 480/1/480 489/1/489 
f 485/1/485 477/1/477 476/1/476 
f 490/1/490 476/1/476 418/1/418 
f 429/1/429 430/1/430 491/1/491 
f 491/1/491 486/1/486 485/1/485 
f 492/1/492 494/1/494 459/1/459 
f 456/1/456 455/1/455 489/1/489 
f 492/1/492 489/1/489 480/1/480 
f 493/1/493 496/1/496 494/1/494 
f 495/1/495 498/1/498 463/1/463 
f 460/1/460 459/1/459 494/1/494 
f 495/1/495 494/1/494 496/1/496 
f 497/1/497 795/1/795 498/1/498 
f 501/1/501 478/1/478 477/1/477 
f 504/1/504 505/1/505 502/1/502 
f 503/1/503 486/1/486 491/1/491 
f 504/1/504 491/1/491 430/1/430 
f 435/1/435 440/1/440 505/1/505 
f 510/1/510 1550/1/1550 509/1/509 
f 506/1/506 509/1/509 502/1/502 
f 511/1/511 502/1/502 505/1/505 
f 439/1/439 513/1/513 505/1/505 
f 516/1/516 512/1/512 514/1/514 
f 515/1/515 445/1/445 444/1/444 
f 519/1/519 517/1/517 444/1/444 
f 519/1/519 479/1/479 500/1/500 
f 520/1/520 518/1/518 517/1/517 
f 520/1/520 500/1/500 523/1/523 
f 521/1/521 523/1/523 524/1/524 
f 525/1/525 526/1/526 522/1/522 
f 527/1/527 531/1/531 526/1/526 
f 525/1/525 524/1/524 528/1/528 
f 527/1/527 528/1/528 529/1/529 
f 530/1/530 540/1/540 531/1/531 
f 532/1/532 577/1/577 537/1/537 
f 539/1/539 533/1/533 537/1/537 
f 538/1/538 526/1/526 531/1/531 
f 539/1/539 531/1/531 540/1/540 
f 541/1/541 534/1/534 533/1/533 
f 544/1/544 548/1/548 542/1/542 
f 549/1/549 554/1/554 548/1/548 
f 552/1/552 555/1/555 550/1/550 
f 553/1/553 542/1/542 548/1/548 
f 551/1/551 548/1/548 554/1/554 
f 556/1/556 560/1/560 555/1/555 
f 552/1/552 554/1/554 557/1/557 
f 556/1/556 557/1/557 558/1/558 
f 559/1/559 596/1/596 560/1/560 
f 563/1/563 565/1/565 561/1/561 
f 562/1/562 1150/1/1150 564/1/564 
f 507/1/507 563/1/563 564/1/564 
f 569/1/569 561/1/561 565/1/565 
f 566/1/566 565/1/565 512/1/512 
f 516/1/516 518/1/518 567/1/567 
f 569/1/569 568/1/568 570/1/570 
f 573/1/573 571/1/571 570/1/570 
f 571/1/571 573/1/573 561/1/561 
f 567/1/567 518/1/518 522/1/522 
f 574/1/574 522/1/522 526/1/526 
f 538/1/538 537/1/537 575/1/575 
f 580/1/580 568/1/568 575/1/575 
f 580/1/580 579/1/579 581/1/581 
f 581/1/581 614/1/614 583/1/583 
f 582/1/582 583/1/583 572/1/572 
f 570/1/570 568/1/568 580/1/580 
f 584/1/584 586/1/586 579/1/579 
f 578/1/578 536/1/536 550/1/550 
f 584/1/584 550/1/550 555/1/555 
f 585/1/585 590/1/590 586/1/586 
f 589/1/589 592/1/592 587/1/587 
f 588/1/588 579/1/579 586/1/586 
f 589/1/589 586/1/586 590/1/590 
f 591/1/591 612/1/612 592/1/592 
f 595/1/595 600/1/600 593/1/593 
f 597/1/597 604/1/604 598/1/598 
f 595/1/595 598/1/598 599/1/599 
f 585/1/585 555/1/555 560/1/560 
f 601/1/601 594/1/594 593/1/593 
f 603/1/603 608/1/608 599/1/599 
f 603/1/603 598/1/598 604/1/604 
f 605/1/605 614/1/614 606/1/606 
f 603/1/603 606/1/606 607/1/607 
f 611/1/611 613/1/613 609/1/609 
f 611/1/611 610/1/610 612/1/612 
f 602/1/602 593/1/593 613/1/613 
f 615/1/615 606/1/606 614/1/614 
f 581/1/581 579/1/579 588/1/588 
f 615/1/615 588/1/588 587/1/587 
f 616/1/616 607/1/607 606/1/606 
f 617/1/617 592/1/592 612/1/612 
f 610/1/610 609/1/609 618/1/618 
f 622/1/622 623/1/623 620/1/620 
f 621/1/621 66/1/66 71/1/71 
f 622/1/622 71/1/71 51/1/51 
f 63/1/63 62/1/62 623/1/623 
f 624/1/624 623/1/623 62/1/62 
f 138/1/138 142/1/142 625/1/625 
f 624/1/624 625/1/625 626/1/626 
f 627/1/627 620/1/620 623/1/623 
f 628/1/628 632/1/632 620/1/620 
f 627/1/627 626/1/626 629/1/629 
f 628/1/628 629/1/629 630/1/630 
f 631/1/631 659/1/659 632/1/632 
f 634/1/634 626/1/626 625/1/625 
f 625/1/625 142/1/142 180/1/180 
f 633/1/633 180/1/180 185/1/185 
f 633/1/633 635/1/635 636/1/636 
f 637/1/637 639/1/639 630/1/630 
f 637/1/637 629/1/629 626/1/626 
f 637/1/637 634/1/634 636/1/636 
f 638/1/638 647/1/647 639/1/639 
f 641/1/641 636/1/636 635/1/635 
f 635/1/635 185/1/185 184/1/184 
f 641/1/641 645/1/645 638/1/638 
f 641/1/641 643/1/643 644/1/644 
f 644/1/644 657/1/657 646/1/646 
f 645/1/645 646/1/646 647/1/647 
f 650/1/650 651/1/651 648/1/648 
f 650/1/650 320/1/320 263/1/263 
f 326/1/326 325/1/325 651/1/651 
f 654/1/654 644/1/644 643/1/643 
f 654/1/654 653/1/653 648/1/648 
f 655/1/655 733/1/733 656/1/656 
f 654/1/654 656/1/656 657/1/657 
f 658/1/658 661/1/661 66/1/66 
f 621/1/621 620/1/620 632/1/632 
f 658/1/658 632/1/632 659/1/659 
f 660/1/660 662/1/662 661/1/661 
f 663/1/663 665/1/665 661/1/661 
f 665/1/665 664/1/664 666/1/666 
f 67/1/67 66/1/66 661/1/661 
f 669/1/669 675/1/675 667/1/667 
f 667/1/667 3249/1/3249 670/1/670 
f 663/1/663 662/1/662 669/1/669 
f 660/1/660 659/1/659 671/1/671 
f 672/1/672 671/1/671 673/1/673 
f 674/1/674 662/1/662 660/1/660 
f 676/1/676 678/1/678 675/1/675 
f 674/1/674 673/1/673 677/1/677 
f 677/1/677 685/1/685 678/1/678 
f 681/1/681 696/1/696 679/1/679 
f 679/1/679 673/1/673 671/1/671 
f 680/1/680 671/1/671 659/1/659 
f 631/1/631 630/1/630 681/1/681 
f 684/1/684 687/1/687 682/1/682 
f 683/1/683 675/1/675 678/1/678 
f 684/1/684 678/1/678 685/1/685 
f 686/1/686 688/1/688 687/1/687 
f 690/1/690 687/1/687 688/1/688 
f 689/1/689 9/1/9 8/1/8 
f 690/1/690 8/1/8 5/1/5 
f 691/1/691 682/1/682 687/1/687 
f 694/1/694 695/1/695 692/1/692 
f 695/1/695 694/1/694 685/1/685 
f 695/1/695 677/1/677 673/1/673 
f 692/1/692 695/1/695 679/1/679 
f 686/1/686 685/1/685 694/1/694 
f 697/1/697 694/1/694 693/1/693 
f 697/1/697 698/1/698 688/1/688 
f 699/1/699 91/1/91 9/1/9 
f 689/1/689 688/1/688 700/1/700 
f 699/1/699 700/1/700 701/1/701 
f 699/1/699 702/1/702 95/1/95 
f 703/1/703 705/1/705 696/1/696 
f 681/1/681 630/1/630 639/1/639 
f 703/1/703 639/1/639 647/1/647 
f 704/1/704 712/1/712 705/1/705 
f 700/1/700 707/1/707 706/1/706 
f 700/1/700 688/1/688 698/1/698 
f 707/1/707 698/1/698 693/1/693 
f 708/1/708 709/1/709 706/1/706 
f 710/1/710 711/1/711 709/1/709 
f 708/1/708 693/1/693 692/1/692 
f 692/1/692 696/1/696 705/1/705 
f 705/1/705 712/1/712 711/1/711 
f 713/1/713 715/1/715 712/1/712 
f 704/1/704 647/1/647 646/1/646 
f 713/1/713 646/1/646 657/1/657 
f 714/1/714 729/1/729 715/1/715 
f 716/1/716 711/1/711 712/1/712 
f 715/1/715 729/1/729 717/1/717 
f 716/1/716 717/1/717 718/1/718 
f 719/1/719 709/1/709 711/1/711 
f 720/1/720 723/1/723 701/1/701 
f 706/1/706 709/1/709 719/1/719 
f 719/1/719 718/1/718 721/1/721 
f 723/1/723 720/1/720 721/1/721 
f 724/1/724 725/1/725 272/1/272 
f 96/1/96 95/1/95 702/1/702 
f 724/1/724 702/1/702 701/1/701 
f 723/1/723 722/1/722 725/1/725 
f 728/1/728 731/1/731 726/1/726 
f 727/1/727 718/1/718 717/1/717 
f 728/1/728 717/1/717 729/1/729 
f 730/1/730 745/1/745 731/1/731 
f 732/1/732 730/1/730 729/1/729 
f 714/1/714 657/1/657 656/1/656 
f 732/1/732 656/1/656 733/1/733 
f 734/1/734 745/1/745 730/1/730 
f 735/1/735 721/1/721 718/1/718 
f 727/1/727 726/1/726 736/1/736 
f 736/1/736 722/1/722 721/1/721 
f 737/1/737 739/1/739 733/1/733 
f 655/1/655 648/1/648 651/1/651 
f 737/1/737 651/1/651 325/1/325 
f 738/1/738 744/1/744 739/1/739 
f 740/1/740 742/1/742 277/1/277 
f 273/1/273 272/1/272 725/1/725 
f 740/1/740 725/1/725 722/1/722 
f 741/1/741 746/1/746 742/1/742 
f 734/1/734 733/1/733 739/1/739 
f 743/1/743 752/1/752 745/1/745 
f 747/1/747 749/1/749 746/1/746 
f 741/1/741 722/1/722 736/1/736 
f 747/1/747 736/1/736 726/1/726 
f 748/1/748 750/1/750 749/1/749 
f 751/1/751 753/1/753 750/1/750 
f 748/1/748 726/1/726 731/1/731 
f 751/1/751 731/1/731 745/1/745 
f 752/1/752 744/1/744 753/1/753 
f 754/1/754 756/1/756 744/1/744 
f 738/1/738 325/1/325 324/1/324 
f 754/1/754 324/1/324 240/1/240 
f 755/1/755 768/1/768 756/1/756 
f 757/1/757 759/1/759 187/1/187 
f 278/1/278 277/1/277 742/1/742 
f 757/1/757 742/1/742 746/1/746 
f 758/1/758 760/1/760 759/1/759 
f 761/1/761 763/1/763 760/1/760 
f 758/1/758 746/1/746 749/1/749 
f 761/1/761 749/1/749 750/1/750 
f 762/1/762 764/1/764 763/1/763 
f 765/1/765 766/1/766 764/1/764 
f 762/1/762 750/1/750 753/1/753 
f 765/1/765 753/1/753 744/1/744 
f 756/1/756 768/1/768 766/1/766 
f 755/1/755 769/1/769 767/1/767 
f 755/1/755 240/1/240 245/1/245 
f 769/1/769 245/1/245 770/1/770 
f 769/1/769 771/1/771 772/1/772 
f 773/1/773 775/1/775 72/1/72 
f 188/1/188 187/1/187 759/1/759 
f 773/1/773 759/1/759 760/1/760 
f 774/1/774 776/1/776 775/1/775 
f 777/1/777 779/1/779 776/1/776 
f 774/1/774 760/1/760 763/1/763 
f 777/1/777 763/1/763 764/1/764 
f 778/1/778 780/1/780 779/1/779 
f 781/1/781 782/1/782 780/1/780 
f 778/1/778 764/1/764 766/1/766 
f 781/1/781 766/1/766 768/1/768 
f 767/1/767 772/1/772 782/1/782 
f 784/1/784 852/1/852 73/1/73 
f 73/1/73 72/1/72 775/1/775 
f 783/1/783 775/1/775 776/1/776 
f 785/1/785 860/1/860 784/1/784 
f 787/1/787 472/1/472 471/1/471 
f 788/1/788 802/1/802 787/1/787 
f 791/1/791 793/1/793 789/1/789 
f 790/1/790 529/1/529 528/1/528 
f 791/1/791 528/1/528 524/1/524 
f 792/1/792 802/1/802 793/1/793 
f 464/1/464 463/1/463 498/1/498 
f 794/1/794 498/1/498 795/1/795 
f 796/1/796 802/1/802 788/1/788 
f 792/1/792 524/1/524 523/1/523 
f 523/1/523 500/1/500 499/1/499 
f 797/1/797 499/1/499 472/1/472 
f 787/1/787 802/1/802 792/1/792 
f 807/1/807 812/1/812 806/1/806 
f 805/1/805 804/1/804 808/1/808 
f 807/1/807 808/1/808 809/1/809 
f 815/1/815 820/1/820 813/1/813 
f 814/1/814 2253/1/2253 816/1/816 
f 815/1/815 816/1/816 817/1/817 
f 815/1/815 818/1/818 819/1/819 
f 823/1/823 827/1/827 821/1/821 
f 822/1/822 1249/1/1249 824/1/824 
f 823/1/823 824/1/824 825/1/825 
f 826/1/826 828/1/828 827/1/827 
f 829/1/829 833/1/833 828/1/828 
f 826/1/826 825/1/825 830/1/830 
f 829/1/829 830/1/830 831/1/831 
f 832/1/832 846/1/846 833/1/833 
f 836/1/836 838/1/838 834/1/834 
f 835/1/835 821/1/821 827/1/827 
f 836/1/836 827/1/827 828/1/828 
f 837/1/837 843/1/843 838/1/838 
f 842/1/842 834/1/834 838/1/838 
f 844/1/844 882/1/882 840/1/840 
f 845/1/845 848/1/848 843/1/843 
f 837/1/837 828/1/828 833/1/833 
f 845/1/845 833/1/833 846/1/846 
f 847/1/847 849/1/849 848/1/848 
f 850/1/850 853/1/853 849/1/849 
f 847/1/847 846/1/846 851/1/851 
f 850/1/850 851/1/851 852/1/852 
f 784/1/784 860/1/860 853/1/853 
f 856/1/856 859/1/859 854/1/854 
f 855/1/855 992/1/992 857/1/857 
f 856/1/856 857/1/857 841/1/841 
f 858/1/858 883/1/883 859/1/859 
f 861/1/861 863/1/863 860/1/860 
f 785/1/785 776/1/776 779/1/779 
f 861/1/861 779/1/779 780/1/780 
f 862/1/862 868/1/868 863/1/863 
f 866/1/866 875/1/875 864/1/864 
f 771/1/771 770/1/770 867/1/867 
f 867/1/867 872/1/872 866/1/866 
f 869/1/869 870/1/870 868/1/868 
f 862/1/862 780/1/780 782/1/782 
f 869/1/869 782/1/782 772/1/772 
f 864/1/864 875/1/875 870/1/870 
f 873/1/873 547/1/547 546/1/546 
f 546/1/546 545/1/545 874/1/874 
f 853/1/853 860/1/860 863/1/863 
f 876/1/876 863/1/863 868/1/868 
f 880/1/880 848/1/848 849/1/849 
f 884/1/884 885/1/885 883/1/883 
f 858/1/858 841/1/841 840/1/840 
f 884/1/884 840/1/840 882/1/882 
f 890/1/890 883/1/883 885/1/885 
f 892/1/892 895/1/895 887/1/887 
f 886/1/886 879/1/879 893/1/893 
f 896/1/896 964/1/964 895/1/895 
f 898/1/898 896/1/896 894/1/894 
f 897/1/897 875/1/875 874/1/874 
f 898/1/898 874/1/874 545/1/545 
f 899/1/899 964/1/964 896/1/896 
f 878/1/878 868/1/868 870/1/870 
f 900/1/900 870/1/870 875/1/875 
f 900/1/900 897/1/897 894/1/894 
f 903/1/903 411/1/411 901/1/901 
f 903/1/903 902/1/902 904/1/904 
f 903/1/903 905/1/905 421/1/421 
f 417/1/417 405/1/405 411/1/411 
f 908/1/908 909/1/909 906/1/906 
f 908/1/908 907/1/907 409/1/409 
f 908/1/908 408/1/408 442/1/442 
f 908/1/908 441/1/441 433/1/433 
f 912/1/912 914/1/914 910/1/910 
f 911/1/911 427/1/427 426/1/426 
f 912/1/912 426/1/426 423/1/423 
f 913/1/913 922/1/922 914/1/914 
f 913/1/913 423/1/423 422/1/422 
f 422/1/422 421/1/421 905/1/905 
f 915/1/915 905/1/905 904/1/904 
f 916/1/916 922/1/922 913/1/913 
f 917/1/917 918/1/918 906/1/906 
f 909/1/909 433/1/433 432/1/432 
f 917/1/917 432/1/432 427/1/427 
f 911/1/911 910/1/910 918/1/918 
f 921/1/921 925/1/925 919/1/919 
f 920/1/920 906/1/906 918/1/918 
f 921/1/921 918/1/918 910/1/910 
f 923/1/923 916/1/916 904/1/904 
f 925/1/925 922/1/922 916/1/916 
f 926/1/926 920/1/920 919/1/919 
f 926/1/926 410/1/410 409/1/409 
f 907/1/907 906/1/906 920/1/920 
f 928/1/928 350/1/350 349/1/349 
f 349/1/349 327/1/327 333/1/333 
f 927/1/927 333/1/333 929/1/929 
f 930/1/930 931/1/931 928/1/928 
f 932/1/932 337/1/337 931/1/931 
f 932/1/932 930/1/930 929/1/929 
f 932/1/932 332/1/332 331/1/331 
f 360/1/360 338/1/338 337/1/337 
f 933/1/933 335/1/335 334/1/334 
f 342/1/342 341/1/341 934/1/934 
f 933/1/933 928/1/928 931/1/931 
f 935/1/935 934/1/934 341/1/341 
f 346/1/346 366/1/366 375/1/375 
f 935/1/935 375/1/375 378/1/378 
f 351/1/351 350/1/350 934/1/934 
f 936/1/936 859/1/859 883/1/883 
f 890/1/890 889/1/889 937/1/937 
f 936/1/936 937/1/937 938/1/938 
f 939/1/939 854/1/854 859/1/859 
f 940/1/940 944/1/944 529/1/529 
f 790/1/790 789/1/789 941/1/941 
f 940/1/940 941/1/941 942/1/942 
f 943/1/943 949/1/949 944/1/944 
f 947/1/947 948/1/948 945/1/945 
f 946/1/946 938/1/938 937/1/937 
f 947/1/947 937/1/937 889/1/889 
f 950/1/950 952/1/952 949/1/949 
f 943/1/943 942/1/942 951/1/951 
f 950/1/950 951/1/951 938/1/938 
f 946/1/946 945/1/945 952/1/952 
f 953/1/953 955/1/955 542/1/542 
f 553/1/553 536/1/536 535/1/535 
f 953/1/953 535/1/535 534/1/534 
f 954/1/954 957/1/957 955/1/955 
f 958/1/958 945/1/945 948/1/948 
f 895/1/895 964/1/964 956/1/956 
f 962/1/962 963/1/963 960/1/960 
f 961/1/961 949/1/949 952/1/952 
f 962/1/962 952/1/952 945/1/945 
f 962/1/962 958/1/958 957/1/957 
f 965/1/965 956/1/956 964/1/964 
f 899/1/899 545/1/545 543/1/543 
f 955/1/955 957/1/957 956/1/956 
f 541/1/541 540/1/540 967/1/967 
f 966/1/966 967/1/967 960/1/960 
f 968/1/968 967/1/967 540/1/540 
f 530/1/530 529/1/529 944/1/944 
f 968/1/968 944/1/944 949/1/949 
f 961/1/961 960/1/960 967/1/967 
f 970/1/970 974/1/974 819/1/819 
f 969/1/969 1437/1/1437 971/1/971 
f 970/1/970 971/1/971 972/1/972 
f 973/1/973 1007/1/1007 974/1/974 
f 975/1/975 977/1/977 789/1/789 
f 793/1/793 802/1/802 801/1/801 
f 975/1/975 801/1/801 800/1/800 
f 976/1/976 979/1/979 977/1/977 
f 978/1/978 982/1/982 942/1/942 
f 941/1/941 789/1/789 977/1/977 
f 978/1/978 977/1/977 979/1/979 
f 985/1/985 989/1/989 981/1/981 
f 985/1/985 986/1/986 987/1/987 
f 988/1/988 1002/1/1002 989/1/989 
f 989/1/989 1002/1/1002 990/1/990 
f 991/1/991 990/1/990 992/1/992 
f 855/1/855 854/1/854 984/1/984 
f 984/1/984 981/1/981 989/1/989 
f 995/1/995 998/1/998 993/1/993 
f 994/1/994 1007/1/1007 996/1/996 
f 996/1/996 1255/1/1255 997/1/997 
f 997/1/997 1018/1/1018 998/1/998 
f 1001/1/1001 1004/1/1004 999/1/999 
f 1000/1/1000 992/1/992 990/1/990 
f 1001/1/1001 990/1/990 1002/1/1002 
f 1003/1/1003 1012/1/1012 1004/1/1004 
f 1006/1/1006 813/1/813 820/1/820 
f 820/1/820 819/1/819 974/1/974 
f 1005/1/1005 974/1/974 1007/1/1007 
f 1006/1/1006 1005/1/1005 994/1/994 
f 1009/1/1009 988/1/988 987/1/987 
f 1009/1/1009 1008/1/1008 1010/1/1010 
f 1009/1/1009 1011/1/1011 1012/1/1012 
f 1003/1/1003 1002/1/1002 988/1/988 
f 1014/1/1014 1016/1/1016 999/1/999 
f 1013/1/1013 1018/1/1018 1015/1/1015 
f 1014/1/1014 1015/1/1015 821/1/821 
f 835/1/835 834/1/834 1016/1/1016 
f 998/1/998 1019/1/1019 1017/1/1017 
f 1019/1/1019 998/1/998 1018/1/1018 
f 1013/1/1013 999/1/999 1004/1/1004 
f 1019/1/1019 1004/1/1004 1012/1/1012 
f 1020/1/1020 1016/1/1016 834/1/834 
f 842/1/842 841/1/841 857/1/857 
f 1020/1/1020 857/1/857 992/1/992 
f 1000/1/1000 999/1/999 1016/1/1016 
f 1011/1/1011 1022/1/1022 1017/1/1017 
f 1011/1/1011 1010/1/1010 1021/1/1021 
f 1022/1/1022 1021/1/1021 813/1/813 
f 1006/1/1006 993/1/993 1017/1/1017 
f 1025/1/1025 1026/1/1026 1023/1/1023 
f 1024/1/1024 872/1/872 867/1/867 
f 1025/1/1025 867/1/867 770/1/770 
f 244/1/244 243/1/243 1026/1/1026 
f 1027/1/1027 1026/1/1026 243/1/243 
f 231/1/231 230/1/230 1028/1/1028 
f 1027/1/1027 1028/1/1028 1029/1/1029 
f 1030/1/1030 1023/1/1023 1026/1/1026 
f 1031/1/1031 1035/1/1035 1023/1/1023 
f 1030/1/1030 1029/1/1029 1032/1/1032 
f 1031/1/1031 1032/1/1032 1033/1/1033 
f 1034/1/1034 1106/1/1106 1035/1/1035 
f 1037/1/1037 223/1/223 222/1/222 
f 1036/1/1036 222/1/222 1038/1/1038 
f 1039/1/1039 1777/1/1777 1040/1/1040 
f 1036/1/1036 1040/1/1040 1041/1/1041 
f 1042/1/1042 1044/1/1044 1045/1/1045 
f 1050/1/1050 1053/1/1053 1048/1/1048 
f 1049/1/1049 1876/1/1876 1051/1/1051 
f 1050/1/1050 1051/1/1051 1052/1/1052 
f 234/1/234 233/1/233 1053/1/1053 
f 1056/1/1056 1058/1/1058 1054/1/1054 
f 1055/1/1055 208/1/208 207/1/207 
f 1056/1/1056 207/1/207 202/1/202 
f 1057/1/1057 1063/1/1063 1058/1/1058 
f 1061/1/1061 1062/1/1062 1059/1/1059 
f 1060/1/1060 196/1/196 195/1/195 
f 1061/1/1061 195/1/195 190/1/190 
f 77/1/77 76/1/76 1062/1/1062 
f 1064/1/1064 1065/1/1065 1063/1/1063 
f 1057/1/1057 202/1/202 201/1/201 
f 1064/1/1064 201/1/201 196/1/196 
f 1060/1/1060 1059/1/1059 1065/1/1065 
f 1068/1/1068 1070/1/1070 1066/1/1066 
f 1067/1/1067 1063/1/1063 1065/1/1065 
f 1068/1/1068 1065/1/1065 1059/1/1059 
f 1069/1/1069 1075/1/1075 1070/1/1070 
f 1072/1/1072 76/1/76 75/1/75 
f 75/1/75 852/1/852 851/1/851 
f 851/1/851 846/1/846 1073/1/1073 
f 1076/1/1076 1077/1/1077 1075/1/1075 
f 1069/1/1069 1059/1/1059 1062/1/1062 
f 1076/1/1076 1062/1/1062 76/1/76 
f 1072/1/1072 1074/1/1074 1077/1/1077 
f 1080/1/1080 1086/1/1086 1078/1/1078 
f 1089/1/1089 1091/1/1091 1087/1/1087 
f 1088/1/1088 2653/1/2653 1090/1/1090 
f 1089/1/1089 1090/1/1090 1081/1/1081 
f 1079/1/1079 1078/1/1078 1091/1/1091 
f 1094/1/1094 1805/1/1805 1092/1/1092 
f 1093/1/1093 1092/1/1092 1095/1/1095 
f 1096/1/1096 1715/1/1715 1097/1/1097 
f 1093/1/1093 1097/1/1097 1098/1/1098 
f 1101/1/1101 1105/1/1105 1099/1/1099 
f 1100/1/1100 1905/1/1905 1102/1/1102 
f 1101/1/1101 1102/1/1102 1103/1/1103 
f 1104/1/1104 2765/1/2765 1105/1/1105 
f 1107/1/1107 1110/1/1110 1106/1/1106 
f 1034/1/1034 1033/1/1033 1108/1/1108 
f 1111/1/1111 1121/1/1121 1110/1/1110 
f 1114/1/1114 1342/1/1342 1115/1/1115 
f 1118/1/1118 1129/1/1129 1112/1/1112 
f 1122/1/1122 1119/1/1119 1111/1/1111 
f 1119/1/1119 1127/1/1127 1124/1/1124 
f 1125/1/1125 1128/1/1128 1113/1/1113 
f 1130/1/1130 1132/1/1132 872/1/872 
f 1024/1/1024 1023/1/1023 1035/1/1035 
f 1130/1/1130 1035/1/1035 1106/1/1106 
f 1131/1/1131 1134/1/1134 1132/1/1132 
f 1135/1/1135 1131/1/1131 1106/1/1106 
f 1135/1/1135 1110/1/1110 1121/1/1121 
f 1138/1/1138 1139/1/1139 1136/1/1136 
f 1140/1/1140 1141/1/1141 1142/1/1142 
f 1144/1/1144 557/1/557 554/1/554 
f 549/1/549 547/1/547 1145/1/1145 
f 1144/1/1144 1145/1/1145 1146/1/1146 
f 1147/1/1147 558/1/558 557/1/557 
f 1148/1/1148 1145/1/1145 547/1/547 
f 873/1/873 872/1/872 1132/1/1132 
f 1148/1/1148 1132/1/1132 1134/1/1134 
f 1149/1/1149 1146/1/1146 1145/1/1145 
f 1151/1/1151 1153/1/1153 1150/1/1150 
f 1151/1/1151 573/1/573 572/1/572 
f 1152/1/1152 1166/1/1166 1153/1/1153 
f 1149/1/1149 1134/1/1134 1137/1/1137 
f 1137/1/1137 1136/1/1136 1155/1/1155 
f 1155/1/1155 1163/1/1163 1156/1/1156 
f 1154/1/1154 1156/1/1156 1146/1/1146 
f 1159/1/1159 1166/1/1166 1157/1/1157 
f 1157/1/1157 1163/1/1163 1160/1/1160 
f 1158/1/1158 1160/1/1160 1161/1/1161 
f 1162/1/1162 1164/1/1164 558/1/558 
f 1147/1/1147 1146/1/1146 1156/1/1156 
f 1162/1/1162 1156/1/1156 1163/1/1163 
f 1157/1/1157 1166/1/1166 1164/1/1164 
f 1165/1/1165 1167/1/1167 604/1/604 
f 597/1/597 596/1/596 559/1/559 
f 559/1/559 558/1/558 1164/1/1164 
f 1152/1/1152 572/1/572 583/1/583 
f 1168/1/1168 583/1/583 614/1/614 
f 1143/1/1143 1142/1/1142 1170/1/1170 
f 1169/1/1169 1170/1/1170 1161/1/1161 
f 1169/1/1169 1160/1/1160 1163/1/1163 
f 1173/1/1173 1177/1/1177 1171/1/1171 
f 1172/1/1172 1179/1/1179 1174/1/1174 
f 1173/1/1173 1174/1/1174 1175/1/1175 
f 1176/1/1176 1191/1/1191 1177/1/1177 
f 1178/1/1178 1183/1/1183 1175/1/1175 
f 1178/1/1178 1180/1/1180 1181/1/1181 
f 1182/1/1182 1194/1/1194 1183/1/1183 
f 1176/1/1176 1175/1/1175 1183/1/1183 
f 1183/1/1183 1194/1/1194 1185/1/1185 
f 1184/1/1184 1185/1/1185 1186/1/1186 
f 1187/1/1187 1191/1/1191 1176/1/1176 
f 1190/1/1190 1711/1/1711 1188/1/1188 
f 1189/1/1189 1188/1/1188 1191/1/1191 
f 1187/1/1187 1186/1/1186 1192/1/1192 
f 1189/1/1189 1192/1/1192 1193/1/1193 
f 1196/1/1196 1185/1/1185 1194/1/1194 
f 1195/1/1195 1675/1/1675 1197/1/1197 
f 1196/1/1196 1197/1/1197 1198/1/1198 
f 1199/1/1199 1186/1/1186 1185/1/1185 
f 1200/1/1200 1202/1/1202 1193/1/1193 
f 1200/1/1200 1192/1/1192 1186/1/1186 
f 1201/1/1201 1200/1/1200 1199/1/1199 
f 1201/1/1201 1688/1/1688 1202/1/1202 
f 1204/1/1204 1688/1/1688 1201/1/1201 
f 1203/1/1203 1201/1/1201 1198/1/1198 
f 1205/1/1205 1685/1/1685 1206/1/1206 
f 1203/1/1203 1206/1/1206 1207/1/1207 
f 1210/1/1210 1213/1/1213 1208/1/1208 
f 1209/1/1209 1081/1/1081 1090/1/1090 
f 1090/1/1090 2653/1/2653 1211/1/1211 
f 1210/1/1210 1211/1/1211 1212/1/1212 
f 1216/1/1216 1218/1/1218 1214/1/1214 
f 1215/1/1215 1066/1/1066 1070/1/1070 
f 1216/1/1216 1070/1/1070 1075/1/1075 
f 1217/1/1217 1221/1/1221 1218/1/1218 
f 1217/1/1217 1075/1/1075 1077/1/1077 
f 1077/1/1077 1074/1/1074 1220/1/1220 
f 1222/1/1222 1225/1/1225 1083/1/1083 
f 1222/1/1222 1082/1/1082 1081/1/1081 
f 1230/1/1230 1240/1/1240 1227/1/1227 
f 1231/1/1231 1235/1/1235 1224/1/1224 
f 1223/1/1223 1208/1/1208 1232/1/1232 
f 1231/1/1231 1232/1/1232 1233/1/1233 
f 1234/1/1234 1236/1/1236 1235/1/1235 
f 1242/1/1242 1239/1/1239 1074/1/1074 
f 1242/1/1242 832/1/832 831/1/831 
f 1244/1/1244 1235/1/1235 1236/1/1236 
f 1241/1/1241 1240/1/1240 1230/1/1230 
f 1244/1/1244 1230/1/1230 1224/1/1224 
f 1246/1/1246 830/1/830 825/1/825 
f 1245/1/1245 1228/1/1228 1227/1/1227 
f 1246/1/1246 1227/1/1227 1240/1/1240 
f 1243/1/1243 831/1/831 830/1/830 
f 1247/1/1247 1218/1/1218 1221/1/1221 
f 1234/1/1234 1247/1/1247 1237/1/1237 
f 1250/1/1250 1251/1/1251 1249/1/1249 
f 822/1/822 821/1/821 1015/1/1015 
f 1250/1/1250 1015/1/1015 1018/1/1018 
f 997/1/997 1255/1/1255 1251/1/1251 
f 1252/1/1252 996/1/996 1007/1/1007 
f 973/1/973 972/1/972 1253/1/1253 
f 1253/1/1253 1265/1/1265 1254/1/1254 
f 1252/1/1252 1254/1/1254 1255/1/1255 
f 1245/1/1245 825/1/825 824/1/824 
f 1256/1/1256 824/1/824 1249/1/1249 
f 1258/1/1258 1260/1/1260 1257/1/1257 
f 1259/1/1259 1084/1/1084 1083/1/1083 
f 1259/1/1259 1257/1/1257 1260/1/1260 
f 1261/1/1261 1085/1/1085 1084/1/1084 
f 1264/1/1264 1268/1/1268 1262/1/1262 
f 1258/1/1258 1249/1/1249 1251/1/1251 
f 1263/1/1263 1251/1/1251 1255/1/1255 
f 1267/1/1267 1254/1/1254 1265/1/1265 
f 1267/1/1267 1266/1/1266 1268/1/1268 
f 1264/1/1264 1255/1/1255 1254/1/1254 
f 1261/1/1261 1260/1/1260 1269/1/1269 
f 1270/1/1270 1269/1/1269 1271/1/1271 
f 1270/1/1270 1272/1/1272 1085/1/1085 
f 1273/1/1273 1277/1/1277 1265/1/1265 
f 1273/1/1273 1253/1/1253 972/1/972 
f 1274/1/1274 1285/1/1285 1275/1/1275 
f 1273/1/1273 1275/1/1275 1276/1/1276 
f 1279/1/1279 1268/1/1268 1266/1/1266 
f 1266/1/1266 1265/1/1265 1277/1/1277 
f 1277/1/1277 1276/1/1276 1280/1/1280 
f 1282/1/1282 1283/1/1283 1271/1/1271 
f 1269/1/1269 1260/1/1260 1262/1/1262 
f 1282/1/1282 1262/1/1262 1268/1/1268 
f 1279/1/1279 1281/1/1281 1283/1/1283 
f 1287/1/1287 1275/1/1275 1285/1/1285 
f 1286/1/1286 1303/1/1303 1288/1/1288 
f 1287/1/1287 1288/1/1288 1289/1/1289 
f 1291/1/1291 1078/1/1078 1086/1/1086 
f 1086/1/1086 1085/1/1085 1272/1/1272 
f 1290/1/1290 1272/1/1272 1271/1/1271 
f 1291/1/1291 1290/1/1290 1292/1/1292 
f 1294/1/1294 1295/1/1295 1293/1/1293 
f 1292/1/1292 1271/1/1271 1283/1/1283 
f 1296/1/1296 1297/1/1297 1295/1/1295 
f 1298/1/1298 1299/1/1299 1297/1/1297 
f 1298/1/1298 1280/1/1280 1276/1/1276 
f 1284/1/1284 1289/1/1289 1299/1/1299 
f 1302/1/1302 1305/1/1305 1300/1/1300 
f 1301/1/1301 1289/1/1289 1288/1/1288 
f 1302/1/1302 1288/1/1288 1303/1/1303 
f 1304/1/1304 1434/1/1434 1305/1/1305 
f 1306/1/1306 1091/1/1091 1078/1/1078 
f 1291/1/1291 1293/1/1293 1307/1/1307 
f 1307/1/1307 1309/1/1309 1308/1/1308 
f 1308/1/1308 1087/1/1087 1091/1/1091 
f 1310/1/1310 1312/1/1312 1309/1/1309 
f 1307/1/1307 1293/1/1293 1295/1/1295 
f 1310/1/1310 1295/1/1295 1297/1/1297 
f 1311/1/1311 1313/1/1313 1312/1/1312 
f 1314/1/1314 1315/1/1315 1313/1/1313 
f 1311/1/1311 1297/1/1297 1299/1/1299 
f 1314/1/1314 1299/1/1299 1289/1/1289 
f 1301/1/1301 1300/1/1300 1315/1/1315 
f 1318/1/1318 1322/1/1322 1316/1/1316 
f 1317/1/1317 1427/1/1427 1319/1/1319 
f 1318/1/1318 1319/1/1319 1320/1/1320 
f 1321/1/1321 2124/1/2124 1322/1/1322 
f 1322/1/1322 2124/1/2124 1325/1/1325 
f 1323/1/1323 1325/1/1325 1326/1/1326 
f 1327/1/1327 1724/1/1724 1324/1/1324 
f 1330/1/1330 1335/1/1335 1328/1/1328 
f 1332/1/1332 1335/1/1335 1330/1/1330 
f 1335/1/1335 1332/1/1332 1333/1/1333 
f 1337/1/1337 1341/1/1341 1336/1/1336 
f 1334/1/1334 1333/1/1333 1338/1/1338 
f 1337/1/1337 1338/1/1338 1339/1/1339 
f 1340/1/1340 1351/1/1351 1341/1/1341 
f 1344/1/1344 1115/1/1115 1342/1/1342 
f 1343/1/1343 1357/1/1357 1345/1/1345 
f 1344/1/1344 1345/1/1345 1346/1/1346 
f 1347/1/1347 1117/1/1117 1115/1/1115 
f 1350/1/1350 1354/1/1354 1348/1/1348 
f 1350/1/1350 1341/1/1341 1351/1/1351 
f 1356/1/1356 1354/1/1354 1353/1/1353 
f 1355/1/1355 1346/1/1346 1345/1/1345 
f 1356/1/1356 1345/1/1345 1357/1/1357 
f 1358/1/1358 1348/1/1348 1354/1/1354 
f 1361/1/1361 1365/1/1365 1359/1/1359 
f 1360/1/1360 1374/1/1374 1362/1/1362 
f 1361/1/1361 1362/1/1362 1363/1/1363 
f 1364/1/1364 1390/1/1390 1365/1/1365 
f 1368/1/1368 1369/1/1369 1366/1/1366 
f 1367/1/1367 1142/1/1142 1141/1/1141 
f 1118/1/1118 1117/1/1117 1369/1/1369 
f 1371/1/1371 1366/1/1366 1369/1/1369 
f 1347/1/1347 1346/1/1346 1371/1/1371 
f 1372/1/1372 1375/1/1375 1351/1/1351 
f 1340/1/1340 1339/1/1339 1373/1/1373 
f 1372/1/1372 1373/1/1373 1374/1/1374 
f 1360/1/1360 1359/1/1359 1375/1/1375 
f 1367/1/1367 1366/1/1366 1377/1/1377 
f 1379/1/1379 1161/1/1161 1170/1/1170 
f 1383/1/1383 1378/1/1378 1377/1/1377 
f 1380/1/1380 1377/1/1377 1366/1/1366 
f 1386/1/1386 1390/1/1390 1384/1/1384 
f 1388/1/1388 1359/1/1359 1365/1/1365 
f 1386/1/1386 1378/1/1378 1383/1/1383 
f 1153/1/1153 1166/1/1166 1159/1/1159 
f 1379/1/1379 1378/1/1378 1387/1/1387 
f 1392/1/1392 1393/1/1393 1353/1/1353 
f 1352/1/1352 1351/1/1351 1375/1/1375 
f 1388/1/1388 1382/1/1382 1393/1/1393 
f 1393/1/1393 1382/1/1382 1381/1/1381 
f 1397/1/1397 1398/1/1398 1395/1/1395 
f 1397/1/1397 1362/1/1362 1374/1/1374 
f 1373/1/1373 1339/1/1339 1398/1/1398 
f 1400/1/1400 1395/1/1395 1398/1/1398 
f 1398/1/1398 1339/1/1339 1338/1/1338 
f 1401/1/1401 1405/1/1405 1400/1/1400 
f 1404/1/1404 1406/1/1406 1402/1/1402 
f 1403/1/1403 1395/1/1395 1400/1/1400 
f 1407/1/1407 1416/1/1416 1406/1/1406 
f 1401/1/1401 1333/1/1333 1332/1/1332 
f 1408/1/1408 1409/1/1409 1410/1/1410 
f 1408/1/1408 1411/1/1411 1405/1/1405 
f 1407/1/1407 1405/1/1405 1411/1/1411 
f 1411/1/1411 1410/1/1410 1413/1/1413 
f 1412/1/1412 1413/1/1413 1414/1/1414 
f 1407/1/1407 1412/1/1412 1415/1/1415 
f 1419/1/1419 1423/1/1423 1417/1/1417 
f 1418/1/1418 2173/1/2173 1420/1/1420 
f 1419/1/1419 1420/1/1420 1421/1/1421 
f 1422/1/1422 2303/1/2303 1423/1/1423 
f 1426/1/1426 1429/1/1429 1424/1/1424 
f 1425/1/1425 1320/1/1320 1319/1/1319 
f 1426/1/1426 1319/1/1319 1427/1/1427 
f 1428/1/1428 1950/1/1950 1429/1/1429 
f 1432/1/1432 1435/1/1435 1430/1/1430 
f 1431/1/1431 2720/1/2720 1433/1/1433 
f 1432/1/1432 1433/1/1433 1434/1/1434 
f 1304/1/1304 1303/1/1303 1435/1/1435 
f 1436/1/1436 1439/1/1439 1285/1/1285 
f 1274/1/1274 972/1/972 971/1/971 
f 1436/1/1436 971/1/971 1437/1/1437 
f 1438/1/1438 1440/1/1440 1439/1/1439 
f 1442/1/1442 1439/1/1439 1440/1/1440 
f 1441/1/1441 1430/1/1430 1435/1/1435 
f 1442/1/1442 1435/1/1435 1303/1/1303 
f 1286/1/1286 1285/1/1285 1439/1/1439 
f 1443/1/1443 1448/1/1448 1440/1/1440 
f 1438/1/1438 1437/1/1437 1444/1/1444 
f 1449/1/1449 1444/1/1444 1437/1/1437 
f 969/1/969 819/1/819 818/1/818 
f 1449/1/1449 818/1/818 817/1/817 
f 1450/1/1450 1445/1/1445 1444/1/1444 
f 1451/1/1451 1454/1/1454 1430/1/1430 
f 1441/1/1441 1440/1/1440 1448/1/1448 
f 1446/1/1446 1445/1/1445 1455/1/1455 
f 1456/1/1456 1455/1/1455 1457/1/1457 
f 1456/1/1456 1458/1/1458 1447/1/1447 
f 1459/1/1459 1463/1/1463 1395/1/1395 
f 1403/1/1403 1402/1/1402 1460/1/1460 
f 1459/1/1459 1460/1/1460 1461/1/1461 
f 1462/1/1462 1468/1/1468 1463/1/1463 
f 1466/1/1466 1469/1/1469 1464/1/1464 
f 1465/1/1465 1532/1/1532 1467/1/1467 
f 1470/1/1470 1463/1/1463 1468/1/1468 
f 1467/1/1467 1532/1/1532 1471/1/1471 
f 1474/1/1474 1503/1/1503 1472/1/1472 
f 1472/1/1472 1498/1/1498 1475/1/1475 
f 1473/1/1473 1475/1/1475 1476/1/1476 
f 1473/1/1473 1477/1/1477 1478/1/1478 
f 1483/1/1483 1489/1/1489 1482/1/1482 
f 1482/1/1482 1507/1/1507 1484/1/1484 
f 1479/1/1479 1484/1/1484 1485/1/1485 
f 1488/1/1488 1492/1/1492 1486/1/1486 
f 1488/1/1488 1487/1/1487 1489/1/1489 
f 1488/1/1488 1483/1/1483 1481/1/1481 
f 1488/1/1488 1490/1/1490 1491/1/1491 
f 1494/1/1494 1491/1/1491 1490/1/1490 
f 1480/1/1480 1493/1/1493 1490/1/1490 
f 1493/1/1493 1480/1/1480 1485/1/1485 
f 1495/1/1495 1502/1/1502 1494/1/1494 
f 1497/1/1497 1476/1/1476 1475/1/1475 
f 1496/1/1496 1475/1/1475 1498/1/1498 
f 1499/1/1499 1486/1/1486 1492/1/1492 
f 1497/1/1497 1496/1/1496 1492/1/1492 
f 1477/1/1477 1476/1/1476 1497/1/1497 
f 1500/1/1500 1497/1/1497 1491/1/1491 
f 1504/1/1504 1506/1/1506 1503/1/1503 
f 1474/1/1474 1478/1/1478 1501/1/1501 
f 1504/1/1504 1501/1/1501 1502/1/1502 
f 1505/1/1505 1705/1/1705 1506/1/1506 
f 1509/1/1509 1484/1/1484 1507/1/1507 
f 1508/1/1508 1705/1/1705 1505/1/1505 
f 1509/1/1509 1505/1/1505 1502/1/1502 
f 1495/1/1495 1485/1/1485 1484/1/1484 
f 1512/1/1512 1516/1/1516 1510/1/1510 
f 1511/1/1511 1526/1/1526 1513/1/1513 
f 1512/1/1512 1513/1/1513 1514/1/1514 
f 1515/1/1515 2950/1/2950 1516/1/1516 
f 1517/1/1517 1521/1/1521 1510/1/1510 
f 1516/1/1516 2950/1/2950 1518/1/1518 
f 1517/1/1517 1518/1/1518 1519/1/1519 
f 1520/1/1520 1529/1/1529 1521/1/1521 
f 1524/1/1524 1527/1/1527 1522/1/1522 
f 1523/1/1523 1535/1/1535 1525/1/1525 
f 1524/1/1524 1525/1/1525 1526/1/1526 
f 1511/1/1511 1510/1/1510 1527/1/1527 
f 1528/1/1528 1531/1/1531 1522/1/1522 
f 1527/1/1527 1510/1/1510 1521/1/1521 
f 1528/1/1528 1521/1/1521 1529/1/1529 
f 1530/1/1530 1539/1/1539 1531/1/1531 
f 1533/1/1533 1537/1/1537 1532/1/1532 
f 1465/1/1465 1464/1/1464 1534/1/1534 
f 1533/1/1533 1534/1/1534 1535/1/1535 
f 1536/1/1536 1548/1/1548 1537/1/1537 
f 1540/1/1540 809/1/809 808/1/808 
f 1542/1/1542 1545/1/1545 1538/1/1538 
f 803/1/803 802/1/802 796/1/796 
f 1543/1/1543 796/1/796 795/1/795 
f 1537/1/1537 1548/1/1548 1547/1/1547 
f 1364/1/1364 1363/1/1363 1471/1/1471 
f 1471/1/1471 1532/1/1532 1537/1/1537 
f 1552/1/1552 1544/1/1544 795/1/795 
f 1555/1/1555 1545/1/1545 1544/1/1544 
f 1556/1/1556 1557/1/1557 1558/1/1558 
f 1560/1/1560 1562/1/1562 486/1/486 
f 503/1/503 502/1/502 509/1/509 
f 509/1/509 1550/1/1550 1561/1/1561 
f 1561/1/1561 1554/1/1554 1562/1/1562 
f 487/1/487 486/1/486 1562/1/1562 
f 1553/1/1553 1563/1/1563 1562/1/1562 
f 1553/1/1553 496/1/496 493/1/493 
f 1555/1/1555 1554/1/1554 1564/1/1564 
f 1565/1/1565 1564/1/1564 1558/1/1558 
f 1567/1/1567 1561/1/1561 1550/1/1550 
f 1549/1/1549 1548/1/1548 1559/1/1559 
f 1564/1/1564 1554/1/1554 1561/1/1561 
f 1568/1/1568 1557/1/1557 1522/1/1522 
f 1531/1/1531 1539/1/1539 1538/1/1538 
f 1568/1/1568 1538/1/1538 1545/1/1545 
f 1566/1/1566 1558/1/1558 1557/1/1557 
f 1569/1/1569 810/1/810 809/1/809 
f 1570/1/1570 1583/1/1583 1571/1/1571 
f 1574/1/1574 1580/1/1580 1572/1/1572 
f 1572/1/1572 1445/1/1445 1450/1/1450 
f 1574/1/1574 1576/1/1576 1577/1/1577 
f 1578/1/1578 1597/1/1597 1580/1/1580 
f 1582/1/1582 811/1/811 1571/1/1571 
f 1584/1/1584 1579/1/1579 1577/1/1577 
f 1587/1/1587 1457/1/1457 1455/1/1455 
f 1589/1/1589 1591/1/1591 1583/1/1583 
f 1570/1/1570 1539/1/1539 1530/1/1530 
f 1589/1/1589 1530/1/1530 1529/1/1529 
f 1590/1/1590 1593/1/1593 1591/1/1591 
f 1592/1/1592 1595/1/1595 1579/1/1579 
f 1584/1/1584 1583/1/1583 1591/1/1591 
f 1592/1/1592 1591/1/1591 1593/1/1593 
f 1594/1/1594 1605/1/1605 1595/1/1595 
f 1596/1/1596 1598/1/1598 1586/1/1586 
f 1597/1/1597 1596/1/1596 1585/1/1585 
f 1597/1/1597 1579/1/1579 1595/1/1595 
f 1595/1/1595 1605/1/1605 1598/1/1598 
f 1599/1/1599 1601/1/1601 1593/1/1593 
f 1590/1/1590 1529/1/1529 1520/1/1520 
f 1599/1/1599 1520/1/1520 1519/1/1519 
f 1600/1/1600 1609/1/1609 1601/1/1601 
f 1604/1/1604 1607/1/1607 1602/1/1602 
f 1603/1/1603 1586/1/1586 1598/1/1598 
f 1604/1/1604 1598/1/1598 1605/1/1605 
f 1606/1/1606 1611/1/1611 1607/1/1607 
f 1606/1/1606 1605/1/1605 1594/1/1594 
f 1594/1/1594 1593/1/1593 1601/1/1601 
f 1608/1/1608 1601/1/1601 1609/1/1609 
f 1608/1/1608 1610/1/1610 1611/1/1611 
f 1612/1/1612 1617/1/1617 1609/1/1609 
f 1600/1/1600 1519/1/1519 1613/1/1613 
f 1612/1/1612 1613/1/1613 1614/1/1614 
f 1612/1/1612 1615/1/1615 1616/1/1616 
f 1620/1/1620 1622/1/1622 1618/1/1618 
f 1619/1/1619 1602/1/1602 1607/1/1607 
f 1620/1/1620 1607/1/1607 1611/1/1611 
f 1621/1/1621 1623/1/1623 1622/1/1622 
f 1624/1/1624 1625/1/1625 1623/1/1623 
f 1621/1/1621 1611/1/1611 1610/1/1610 
f 1624/1/1624 1610/1/1610 1609/1/1609 
f 1617/1/1617 1616/1/1616 1625/1/1625 
f 1628/1/1628 1632/1/1632 1626/1/1626 
f 1627/1/1627 1636/1/1636 1629/1/1629 
f 1628/1/1628 1629/1/1629 1630/1/1630 
f 1631/1/1631 2159/1/2159 1632/1/1632 
f 1635/1/1635 1643/1/1643 1633/1/1633 
f 1634/1/1634 1633/1/1633 1636/1/1636 
f 1627/1/1627 1626/1/1626 1637/1/1637 
f 1634/1/1634 1637/1/1637 1638/1/1638 
f 1641/1/1641 1644/1/1644 1639/1/1639 
f 1640/1/1640 2378/1/2378 1642/1/1642 
f 1641/1/1641 1642/1/1642 1643/1/1643 
f 1635/1/1635 1638/1/1638 1644/1/1644 
f 1647/1/1647 1649/1/1649 1645/1/1645 
f 1646/1/1646 1652/1/1652 1648/1/1648 
f 1647/1/1647 1648/1/1648 156/1/156 
f 162/1/162 1763/1/1763 1649/1/1649 
f 1651/1/1651 163/1/163 168/1/168 
f 168/1/168 156/1/156 1648/1/1648 
f 1650/1/1650 2037/1/2037 1653/1/1653 
f 1654/1/1654 173/1/173 163/1/163 
f 1651/1/1651 1653/1/1653 1655/1/1655 
f 1657/1/1657 175/1/175 173/1/173 
f 1660/1/1660 1909/1/1909 1658/1/1658 
f 1659/1/1659 1658/1/1658 1099/1/1099 
f 1661/1/1661 1783/1/1783 1662/1/1662 
f 1659/1/1659 1662/1/1662 1663/1/1663 
f 1664/1/1664 1666/1/1666 302/1/302 
f 249/1/249 126/1/126 125/1/125 
f 1664/1/1664 125/1/125 124/1/124 
f 1665/1/1665 1814/1/1814 1666/1/1666 
f 1667/1/1667 1670/1/1670 118/1/118 
f 116/1/116 115/1/115 134/1/134 
f 134/1/134 132/1/132 1668/1/1668 
f 1667/1/1667 1668/1/1668 1669/1/1669 
f 1673/1/1673 1674/1/1674 1671/1/1671 
f 1672/1/1672 308/1/308 303/1/303 
f 1673/1/1673 303/1/303 302/1/302 
f 1666/1/1666 1814/1/1814 1674/1/1674 
f 1676/1/1676 1679/1/1679 1675/1/1675 
f 1676/1/1676 1195/1/1195 1194/1/1194 
f 1676/1/1676 1182/1/1182 1181/1/1181 
f 1682/1/1682 1684/1/1684 1680/1/1680 
f 1681/1/1681 1771/1/1771 1683/1/1683 
f 1677/1/1677 1181/1/1181 1684/1/1684 
f 1686/1/1686 1687/1/1687 1685/1/1685 
f 1205/1/1205 1198/1/1198 1197/1/1197 
f 1686/1/1686 1197/1/1197 1675/1/1675 
f 1679/1/1679 1678/1/1678 1687/1/1687 
f 1689/1/1689 1202/1/1202 1688/1/1688 
f 1692/1/1692 1193/1/1193 1202/1/1202 
f 1695/1/1695 1700/1/1700 1693/1/1693 
f 1693/1/1693 2005/1/2005 1696/1/1696 
f 1694/1/1694 1696/1/1696 1507/1/1507 
f 1694/1/1694 1482/1/1482 1489/1/1489 
f 1699/1/1699 1845/1/1845 1698/1/1698 
f 1695/1/1695 1489/1/1489 1487/1/1487 
f 1704/1/1704 1503/1/1503 1506/1/1506 
f 1701/1/1701 1506/1/1506 1705/1/1705 
f 1706/1/1706 2191/1/2191 1702/1/1702 
f 1707/1/1707 1706/1/1706 1705/1/1705 
f 1508/1/1508 1507/1/1507 1696/1/1696 
f 1696/1/1696 2005/1/2005 1708/1/1708 
f 1708/1/1708 2191/1/2191 1706/1/1706 
f 1710/1/1710 1171/1/1171 1177/1/1177 
f 1177/1/1177 1191/1/1191 1188/1/1188 
f 1709/1/1709 1188/1/1188 1711/1/1711 
f 1712/1/1712 1900/1/1900 1710/1/1710 
f 1713/1/1713 1712/1/1712 1711/1/1711 
f 1190/1/1190 1193/1/1193 1692/1/1692 
f 1714/1/1714 1900/1/1900 1712/1/1712 
f 1717/1/1717 1097/1/1097 1715/1/1715 
f 1716/1/1716 1721/1/1721 1718/1/1718 
f 1717/1/1717 1718/1/1718 1719/1/1719 
f 1720/1/1720 1098/1/1098 1097/1/1097 
f 1723/1/1723 1718/1/1718 1721/1/1721 
f 1327/1/1327 1723/1/1723 1722/1/1722 
f 1725/1/1725 1723/1/1723 1327/1/1327 
f 1725/1/1725 1719/1/1719 1718/1/1718 
f 1728/1/1728 1732/1/1732 1726/1/1726 
f 1727/1/1727 3195/1/3195 1729/1/1729 
f 1728/1/1728 1729/1/1729 1730/1/1730 
f 1731/1/1731 1769/1/1769 1732/1/1732 
f 1735/1/1735 1736/1/1736 1733/1/1733 
f 1735/1/1735 146/1/146 144/1/144 
f 1736/1/1736 144/1/144 143/1/143 
f 1733/1/1733 1736/1/1736 1737/1/1737 
f 1741/1/1741 1745/1/1745 1739/1/1739 
f 1740/1/1740 1739/1/1739 1742/1/1742 
f 1744/1/1744 1742/1/1742 1739/1/1739 
f 1743/1/1743 1739/1/1739 1745/1/1745 
f 1743/1/1743 1746/1/1746 1747/1/1747 
f 1743/1/1743 1748/1/1748 1749/1/1749 
f 1751/1/1751 1748/1/1748 1747/1/1747 
f 1750/1/1750 1669/1/1669 1668/1/1668 
f 1751/1/1751 1668/1/1668 132/1/132 
f 1752/1/1752 1749/1/1749 1748/1/1748 
f 1752/1/1752 132/1/132 131/1/131 
f 1756/1/1756 1758/1/1758 1754/1/1754 
f 1744/1/1744 1749/1/1749 1754/1/1754 
f 1757/1/1757 1754/1/1754 1758/1/1758 
f 1762/1/1762 1765/1/1765 1760/1/1760 
f 1761/1/1761 1645/1/1645 1649/1/1649 
f 1762/1/1762 1649/1/1649 1763/1/1763 
f 1764/1/1764 1766/1/1766 1765/1/1765 
f 1768/1/1768 1765/1/1765 1766/1/1766 
f 1767/1/1767 1726/1/1726 1732/1/1732 
f 1768/1/1768 1732/1/1732 1769/1/1769 
f 1770/1/1770 1760/1/1760 1765/1/1765 
f 1772/1/1772 1776/1/1776 1771/1/1771 
f 1681/1/1681 1680/1/1680 1773/1/1773 
f 1772/1/1772 1773/1/1773 1045/1/1045 
f 1778/1/1778 1782/1/1782 1777/1/1777 
f 1039/1/1039 1038/1/1038 1779/1/1779 
f 1778/1/1778 1779/1/1779 1780/1/1780 
f 1781/1/1781 1786/1/1786 1782/1/1782 
f 1785/1/1785 1662/1/1662 1783/1/1783 
f 1784/1/1784 1777/1/1777 1782/1/1782 
f 1785/1/1785 1782/1/1782 1786/1/1786 
f 1787/1/1787 1663/1/1663 1662/1/1662 
f 1788/1/1788 1044/1/1044 213/1/213 
f 1790/1/1790 1797/1/1797 1789/1/1789 
f 1794/1/1794 218/1/218 309/1/309 
f 1791/1/1791 309/1/309 308/1/308 
f 1672/1/1672 1671/1/1671 1792/1/1792 
f 1790/1/1790 213/1/213 212/1/212 
f 1795/1/1795 212/1/212 218/1/218 
f 1794/1/1794 1793/1/1793 1796/1/1796 
f 1800/1/1800 1801/1/1801 1798/1/1798 
f 1799/1/1799 1780/1/1780 1779/1/1779 
f 1800/1/1800 1779/1/1779 1038/1/1038 
f 220/1/220 219/1/219 1801/1/1801 
f 1804/1/1804 1807/1/1807 1802/1/1802 
f 1804/1/1804 1092/1/1092 1805/1/1805 
f 1806/1/1806 1914/1/1914 1807/1/1807 
f 1808/1/1808 1810/1/1810 129/1/129 
f 1808/1/1808 127/1/127 126/1/126 
f 247/1/247 246/1/246 1809/1/1809 
f 1809/1/1809 1812/1/1812 1810/1/1810 
f 1811/1/1811 133/1/133 115/1/115 
f 122/1/122 129/1/129 1810/1/1810 
f 1813/1/1813 1811/1/1811 1810/1/1810 
f 1813/1/1813 135/1/135 133/1/133 
f 1815/1/1815 1817/1/1817 1814/1/1814 
f 1665/1/1665 124/1/124 123/1/123 
f 1815/1/1815 123/1/123 120/1/120 
f 1816/1/1816 1818/1/1818 1817/1/1817 
f 1819/1/1819 1820/1/1820 1818/1/1818 
f 1816/1/1816 120/1/120 119/1/119 
f 119/1/119 118/1/118 1670/1/1670 
f 1670/1/1670 1669/1/1669 1820/1/1820 
f 1823/1/1823 1824/1/1824 1821/1/1821 
f 1822/1/1822 1798/1/1798 1801/1/1801 
f 1823/1/1823 1801/1/1801 219/1/219 
f 316/1/316 312/1/312 1824/1/1824 
f 1825/1/1825 1824/1/1824 312/1/312 
f 1825/1/1825 311/1/311 175/1/175 
f 1826/1/1826 1825/1/1825 1657/1/1657 
f 1826/1/1826 1821/1/1821 1824/1/1824 
f 1828/1/1828 1833/1/1833 1827/1/1827 
f 238/1/238 237/1/237 1829/1/1829 
f 1828/1/1828 1829/1/1829 1830/1/1830 
f 1828/1/1828 1831/1/1831 1832/1/1832 
f 1836/1/1836 255/1/255 1834/1/1834 
f 1835/1/1835 1832/1/1832 1831/1/1831 
f 1836/1/1836 1831/1/1831 1830/1/1830 
f 255/1/255 1836/1/1836 1837/1/1837 
f 1839/1/1839 1841/1/1841 1498/1/1498 
f 1839/1/1839 1472/1/1472 1503/1/1503 
f 1704/1/1704 1703/1/1703 1840/1/1840 
f 1840/1/1840 1843/1/1843 1841/1/1841 
f 1842/1/1842 1699/1/1699 1486/1/1486 
f 1499/1/1499 1498/1/1498 1841/1/1841 
f 1848/1/1848 1852/1/1852 1846/1/1846 
f 1847/1/1847 1939/1/1939 1849/1/1849 
f 1848/1/1848 1849/1/1849 1850/1/1850 
f 1851/1/1851 1855/1/1855 1852/1/1852 
f 1854/1/1854 1418/1/1418 1417/1/1417 
f 1853/1/1853 1846/1/1846 1852/1/1852 
f 1854/1/1854 1852/1/1852 1855/1/1855 
f 1856/1/1856 2173/1/2173 1418/1/1418 
f 1859/1/1859 1863/1/1863 1857/1/1857 
f 1858/1/1858 1902/1/1902 1860/1/1860 
f 1859/1/1859 1860/1/1860 1861/1/1861 
f 1862/1/1862 1868/1/1868 1863/1/1863 
f 1866/1/1866 1869/1/1869 1864/1/1864 
f 1865/1/1865 1930/1/1930 1867/1/1867 
f 1866/1/1866 1867/1/1867 1868/1/1868 
f 1862/1/1862 1861/1/1861 1869/1/1869 
f 1870/1/1870 1872/1/1872 1680/1/1680 
f 1684/1/1684 1181/1/1181 1180/1/1180 
f 1870/1/1870 1180/1/1180 1179/1/1179 
f 1871/1/1871 1874/1/1874 1872/1/1872 
f 1873/1/1873 1875/1/1875 1047/1/1047 
f 1046/1/1046 1045/1/1045 1773/1/1773 
f 1872/1/1872 1873/1/1873 1773/1/1773 
f 1873/1/1873 1872/1/1872 1874/1/1874 
f 1877/1/1877 1881/1/1881 1876/1/1876 
f 1049/1/1049 1048/1/1048 1878/1/1878 
f 1877/1/1877 1878/1/1878 1879/1/1879 
f 1880/1/1880 1887/1/1887 1881/1/1881 
f 1884/1/1884 1888/1/1888 1882/1/1882 
f 1884/1/1884 1883/1/1883 1885/1/1885 
f 1884/1/1884 1886/1/1886 1887/1/1887 
f 1880/1/1880 1879/1/1879 1888/1/1888 
f 1889/1/1889 1894/1/1894 1895/1/1895 
f 1896/1/1896 1897/1/1897 1890/1/1890 
f 1899/1/1899 1890/1/1890 1897/1/1897 
f 1714/1/1714 1691/1/1691 1901/1/1901 
f 1903/1/1903 1907/1/1907 1902/1/1902 
f 1858/1/1858 1857/1/1857 1904/1/1904 
f 1903/1/1903 1904/1/1904 1905/1/1905 
f 1906/1/1906 1984/1/1984 1907/1/1907 
f 1100/1/1100 1099/1/1099 1658/1/1658 
f 1910/1/1910 1984/1/1984 1906/1/1906 
f 1913/1/1913 1916/1/1916 1911/1/1911 
f 1912/1/1912 1802/1/1802 1807/1/1807 
f 1913/1/1913 1807/1/1807 1914/1/1914 
f 1915/1/1915 1917/1/1917 1916/1/1916 
f 1919/1/1919 1916/1/1916 1917/1/1917 
f 1918/1/1918 1885/1/1885 1883/1/1883 
f 1919/1/1919 1883/1/1883 1882/1/1882 
f 1925/1/1925 1923/1/1923 1922/1/1922 
f 1925/1/1925 1929/1/1929 1921/1/1921 
f 1926/1/1926 1703/1/1703 1702/1/1702 
f 1702/1/1702 2191/1/2191 1928/1/1928 
f 1925/1/1925 1927/1/1927 1928/1/1928 
f 1931/1/1931 1935/1/1935 1930/1/1930 
f 1865/1/1865 1864/1/1864 1932/1/1932 
f 1932/1/1932 1936/1/1936 1933/1/1933 
f 1931/1/1931 1933/1/1933 1934/1/1934 
f 1938/1/1938 1933/1/1933 1936/1/1936 
f 1938/1/1938 1849/1/1849 1939/1/1939 
f 1940/1/1940 1934/1/1934 1933/1/1933 
f 1944/1/1944 1700/1/1700 1698/1/1698 
f 1941/1/1941 1698/1/1698 1845/1/1845 
f 1949/1/1949 1952/1/1952 1947/1/1947 
f 1948/1/1948 1424/1/1424 1429/1/1429 
f 1949/1/1949 1429/1/1429 1950/1/1950 
f 1951/1/1951 2383/1/2383 1952/1/1952 
f 1955/1/1955 1959/1/1959 1953/1/1953 
f 1954/1/1954 2308/1/2308 1956/1/1956 
f 1955/1/1955 1956/1/1956 1957/1/1957 
f 1958/1/1958 1960/1/1960 1959/1/1959 
f 1962/1/1962 1959/1/1959 1960/1/1960 
f 1961/1/1961 2159/1/2159 1631/1/1631 
f 1962/1/1962 1631/1/1631 1630/1/1630 
f 1963/1/1963 1953/1/1953 1959/1/1959 
f 1966/1/1966 1968/1/1968 1964/1/1964 
f 1965/1/1965 2027/1/2027 1967/1/1967 
f 1966/1/1966 1967/1/1967 1652/1/1652 
f 1646/1/1646 1645/1/1645 1968/1/1968 
f 1972/1/1972 1656/1/1656 1655/1/1655 
f 1977/1/1977 1979/1/1979 1975/1/1975 
f 1976/1/1976 2051/1/2051 1978/1/1978 
f 1977/1/1977 1978/1/1978 1786/1/1786 
f 1781/1/1781 1780/1/1780 1979/1/1979 
f 1982/1/1982 1985/1/1985 1980/1/1980 
f 1981/1/1981 2060/1/2060 1983/1/1983 
f 1982/1/1982 1983/1/1983 1984/1/1984 
f 1910/1/1910 1909/1/1909 1985/1/1985 
f 1988/1/1988 1990/1/1990 1986/1/1986 
f 1987/1/1987 1671/1/1671 1674/1/1674 
f 1988/1/1988 1674/1/1674 1814/1/1814 
f 1989/1/1989 2082/1/2082 1990/1/1990 
f 1993/1/1993 1995/1/1995 1991/1/1991 
f 1992/1/1992 1685/1/1685 1687/1/1687 
f 1993/1/1993 1687/1/1687 1678/1/1678 
f 1994/1/1994 2093/1/2093 1995/1/1995 
f 1998/1/1998 2000/1/2000 1996/1/1996 
f 1997/1/1997 1775/1/1775 1789/1/1789 
f 1998/1/1998 1789/1/1789 1797/1/1797 
f 1999/1/1999 2101/1/2101 2000/1/2000 
f 2003/1/2003 2181/1/2181 2001/1/2001 
f 2001/1/2001 2178/1/2178 2004/1/2004 
f 2002/1/2002 2004/1/2004 2005/1/2005 
f 1693/1/1693 1700/1/1700 2003/1/2003 
f 2010/1/2010 2060/1/2060 2009/1/2009 
f 2006/1/2006 2009/1/2009 1171/1/1171 
f 1710/1/1710 1900/1/1900 2007/1/2007 
f 2013/1/2013 2015/1/2015 2011/1/2011 
f 2012/1/2012 2187/1/2187 2014/1/2014 
f 2013/1/2013 2014/1/2014 1936/1/1936 
f 2018/1/2018 2020/1/2020 2016/1/2016 
f 2017/1/2017 2223/1/2223 2019/1/2019 
f 2018/1/2018 2019/1/2019 1769/1/1769 
f 1731/1/1731 1730/1/1730 2020/1/2020 
f 2021/1/2021 2024/1/2024 1755/1/1755 
f 136/1/136 135/1/135 2022/1/2022 
f 2021/1/2021 2022/1/2022 1964/1/1964 
f 2023/1/2023 2030/1/2030 2024/1/2024 
f 1965/1/1965 1964/1/1964 2022/1/2022 
f 2025/1/2025 2022/1/2022 135/1/135 
f 2025/1/2025 1813/1/1813 1812/1/1812 
f 2025/1/2025 2026/1/2026 2027/1/2027 
f 2028/1/2028 1968/1/1968 1645/1/1645 
f 1761/1/1761 1760/1/1760 2029/1/2029 
f 2028/1/2028 2029/1/2029 2030/1/2030 
f 2023/1/2023 1964/1/1964 1968/1/1968 
f 2031/1/2031 2026/1/2026 1812/1/1812 
f 2031/1/2031 1809/1/1809 246/1/246 
f 2032/1/2032 1974/1/1974 2033/1/2033 
f 2033/1/2033 2027/1/2027 2026/1/2026 
f 2034/1/2034 1970/1/1970 1974/1/1974 
f 2032/1/2032 246/1/246 251/1/251 
f 2034/1/2034 251/1/251 2035/1/2035 
f 2036/1/2036 1971/1/1971 1970/1/1970 
f 2037/1/2037 1652/1/1652 1967/1/1967 
f 2038/1/2038 2033/1/2033 1974/1/1974 
f 2039/1/2039 2036/1/2036 2035/1/2035 
f 300/1/300 299/1/299 2040/1/2040 
f 2039/1/2039 2040/1/2040 2041/1/2041 
f 2039/1/2039 2042/1/2042 1971/1/1971 
f 1972/1/1972 1971/1/1971 2042/1/2042 
f 2042/1/2042 2041/1/2041 2044/1/2044 
f 2043/1/2043 1826/1/1826 1656/1/1656 
f 2045/1/2045 2048/1/2048 305/1/305 
f 216/1/216 215/1/215 2046/1/2046 
f 2045/1/2045 2046/1/2046 1975/1/1975 
f 2047/1/2047 2054/1/2054 2048/1/2048 
f 2049/1/2049 2046/1/2046 215/1/215 
f 1043/1/1043 1047/1/1047 2050/1/2050 
f 2049/1/2049 2050/1/2050 2051/1/2051 
f 1976/1/1976 1975/1/1975 2046/1/2046 
f 2052/1/2052 1979/1/1979 1780/1/1780 
f 1799/1/1799 1798/1/1798 2053/1/2053 
f 2052/1/2052 2053/1/2053 2054/1/2054 
f 2047/1/2047 1975/1/1975 1979/1/1979 
f 2055/1/2055 2058/1/2058 1874/1/1874 
f 1871/1/1871 1179/1/1179 2056/1/2056 
f 2055/1/2055 2056/1/2056 1980/1/1980 
f 2057/1/2057 2063/1/2063 2058/1/2058 
f 2059/1/2059 2056/1/2056 1179/1/1179 
f 1172/1/1172 1171/1/1171 2009/1/2009 
f 2059/1/2059 2009/1/2009 2060/1/2060 
f 1981/1/1981 1980/1/1980 2056/1/2056 
f 2061/1/2061 1985/1/1985 1909/1/1909 
f 1660/1/1660 1663/1/1663 2062/1/2062 
f 2061/1/2061 2062/1/2062 2063/1/2063 
f 2057/1/2057 1980/1/1980 1985/1/1985 
f 2066/1/2066 2068/1/2068 2064/1/2064 
f 2065/1/2065 143/1/143 149/1/149 
f 2066/1/2066 149/1/149 150/1/150 
f 2067/1/2067 2069/1/2069 2068/1/2068 
f 2070/1/2070 2072/1/2072 2069/1/2069 
f 2067/1/2067 150/1/150 155/1/155 
f 2070/1/2070 155/1/155 252/1/252 
f 2071/1/2071 2074/1/2074 2072/1/2072 
f 2073/1/2073 2076/1/2076 2069/1/2069 
f 2073/1/2073 2072/1/2072 2074/1/2074 
f 1820/1/1820 2073/1/2073 2075/1/2075 
f 1820/1/1820 1669/1/1669 2076/1/2076 
f 2078/1/2078 1750/1/1750 1747/1/1747 
f 2077/1/2077 2064/1/2064 2068/1/2068 
f 2078/1/2078 2068/1/2068 2069/1/2069 
f 2076/1/2076 1669/1/1669 1750/1/1750 
f 2079/1/2079 2081/1/2081 2074/1/2074 
f 2071/1/2071 252/1/252 256/1/256 
f 2079/1/2079 256/1/256 1838/1/1838 
f 2080/1/2080 2082/1/2082 2081/1/2081 
f 2083/1/2083 1990/1/1990 2082/1/2082 
f 2080/1/2080 1838/1/1838 1837/1/1837 
f 2083/1/2083 1837/1/1837 1830/1/1830 
f 2084/1/2084 1986/1/1986 1990/1/1990 
f 2085/1/2085 1817/1/1817 1818/1/1818 
f 2075/1/2075 2074/1/2074 2081/1/2081 
f 2085/1/2085 2081/1/2081 2082/1/2082 
f 1989/1/1989 1814/1/1814 1817/1/1817 
f 2088/1/2088 2090/1/2090 2086/1/2086 
f 2087/1/2087 1887/1/1887 1886/1/1886 
f 2088/1/2088 1886/1/1886 1885/1/1885 
f 2089/1/2089 2093/1/2093 2090/1/2090 
f 1918/1/1918 1917/1/1917 2092/1/2092 
f 2091/1/2091 1995/1/1995 2093/1/2093 
f 2095/1/2095 1683/1/1683 1771/1/1771 
f 2095/1/2095 2090/1/2090 2093/1/2093 
f 1994/1/1994 1678/1/1678 1683/1/1683 
f 2098/1/2098 2100/1/2100 2096/1/2096 
f 2097/1/2097 237/1/237 236/1/236 
f 2098/1/2098 236/1/236 1052/1/1052 
f 2099/1/2099 2101/1/2101 2100/1/2100 
f 2102/1/2102 2000/1/2000 2101/1/2101 
f 2099/1/2099 1052/1/1052 1051/1/1051 
f 2102/1/2102 1051/1/1051 1876/1/1876 
f 2103/1/2103 1996/1/1996 2000/1/2000 
f 2105/1/2105 1796/1/1796 1793/1/1793 
f 2104/1/2104 2096/1/2096 2100/1/2100 
f 2105/1/2105 2100/1/2100 2101/1/2101 
f 1999/1/1999 1797/1/1797 1796/1/1796 
f 2108/1/2108 2111/1/2111 2106/1/2106 
f 2107/1/2107 1914/1/1914 1806/1/1806 
f 2109/1/2109 1805/1/1805 1094/1/1094 
f 1094/1/1094 1098/1/1098 2113/1/2113 
f 2112/1/2112 2113/1/2113 2114/1/2114 
f 2117/1/2117 2110/1/2110 2115/1/2115 
f 2115/1/2115 2114/1/2114 2118/1/2118 
f 2116/1/2116 2118/1/2118 1891/1/1891 
f 2116/1/2116 1901/1/1901 1691/1/1691 
f 2120/1/2120 1690/1/1690 1207/1/1207 
f 2120/1/2120 2111/1/2111 2110/1/2110 
f 2117/1/2117 1691/1/1691 1690/1/1690 
f 2123/1/2123 2127/1/2127 2121/1/2121 
f 2122/1/2122 1326/1/1326 1325/1/1325 
f 2128/1/2128 2125/1/2125 2124/1/2124 
f 1321/1/1321 1320/1/1320 2129/1/2129 
f 2128/1/2128 2129/1/2129 2130/1/2130 
f 2132/1/2132 2134/1/2134 2126/1/2126 
f 2131/1/2131 2130/1/2130 2133/1/2133 
f 2132/1/2132 2133/1/2133 1843/1/1843 
f 1840/1/1840 1703/1/1703 2134/1/2134 
f 2136/1/2136 1926/1/1926 1924/1/1924 
f 2135/1/2135 2121/1/2121 2127/1/2127 
f 2136/1/2136 2127/1/2127 2126/1/2126 
f 2134/1/2134 1703/1/1703 1926/1/1926 
f 2137/1/2137 2129/1/2129 1320/1/1320 
f 2137/1/2137 2138/1/2138 2139/1/2139 
f 2140/1/2140 2130/1/2130 2129/1/2129 
f 2141/1/2141 2138/1/2138 1424/1/1424 
f 1948/1/1948 1947/1/1947 2142/1/2142 
f 2141/1/2141 2142/1/2142 2143/1/2143 
f 2144/1/2144 2139/1/2139 2138/1/2138 
f 2145/1/2145 2147/1/2147 2139/1/2139 
f 2144/1/2144 2143/1/2143 2146/1/2146 
f 1945/1/1945 1845/1/1845 2147/1/2147 
f 2148/1/2148 2147/1/2147 1845/1/1845 
f 1844/1/1844 1843/1/1843 2133/1/2133 
f 2148/1/2148 2133/1/2133 2130/1/2130 
f 2140/1/2140 2139/1/2139 2147/1/2147 
f 2149/1/2149 2153/1/2153 1639/1/1639 
f 1644/1/1644 1638/1/1638 2150/1/2150 
f 2149/1/2149 2150/1/2150 2151/1/2151 
f 2152/1/2152 2363/1/2363 2153/1/2153 
f 2150/1/2150 2155/1/2155 2154/1/2154 
f 2150/1/2150 1638/1/1638 1637/1/1637 
f 2155/1/2155 1637/1/1637 1626/1/1626 
f 2156/1/2156 2157/1/2157 2154/1/2154 
f 2158/1/2158 2161/1/2161 2157/1/2157 
f 2156/1/2156 1626/1/1626 1632/1/1632 
f 2158/1/2158 1632/1/1632 2159/1/2159 
f 2160/1/2160 3082/1/3082 2161/1/2161 
f 2162/1/2162 2160/1/2160 2159/1/2159 
f 1961/1/1961 1960/1/1960 2163/1/2163 
f 2162/1/2162 2163/1/2163 2164/1/2164 
f 2165/1/2165 3082/1/3082 2160/1/2160 
f 2166/1/2166 2163/1/2163 1960/1/1960 
f 2166/1/2166 2167/1/2167 2168/1/2168 
f 2169/1/2169 2164/1/2164 2163/1/2163 
f 2172/1/2172 2175/1/2175 2170/1/2170 
f 2171/1/2171 1421/1/1421 1420/1/1420 
f 2172/1/2172 1420/1/1420 2173/1/2173 
f 2174/1/2174 2181/1/2181 2175/1/2175 
f 2176/1/2176 2174/1/2174 2173/1/2173 
f 2176/1/2176 2177/1/2177 2178/1/2178 
f 2001/1/2001 2181/1/2181 2174/1/2174 
f 2180/1/2180 1944/1/1944 1943/1/1943 
f 2179/1/2179 2170/1/2170 2175/1/2175 
f 2180/1/2180 2175/1/2175 2181/1/2181 
f 2003/1/2003 1700/1/1700 1944/1/1944 
f 2182/1/2182 2177/1/2177 1855/1/1855 
f 1851/1/1851 1850/1/1850 2183/1/2183 
f 2182/1/2182 2183/1/2183 2184/1/2184 
f 2185/1/2185 2178/1/2178 2177/1/2177 
f 2186/1/2186 2183/1/2183 1850/1/1850 
f 2186/1/2186 2014/1/2014 2187/1/2187 
f 2188/1/2188 2187/1/2187 2189/1/2189 
f 2190/1/2190 2189/1/2189 1929/1/1929 
f 2190/1/2190 1928/1/1928 2191/1/2191 
f 2190/1/2190 2192/1/2192 2184/1/2184 
f 2193/1/2193 1708/1/1708 2005/1/2005 
f 2193/1/2193 2004/1/2004 2178/1/2178 
f 2193/1/2193 2185/1/2185 2184/1/2184 
f 2192/1/2192 2191/1/2191 1708/1/1708 
f 2196/1/2196 2198/1/2198 2194/1/2194 
f 2196/1/2196 1860/1/1860 1902/1/1902 
f 2197/1/2197 2008/1/2008 2198/1/2198 
f 2199/1/2199 1983/1/1983 2060/1/2060 
f 2010/1/2010 2008/1/2008 2197/1/2197 
f 2201/1/2201 1898/1/1898 1897/1/1897 
f 2201/1/2201 2198/1/2198 2008/1/2008 
f 2007/1/2007 1900/1/1900 1898/1/1898 
f 2202/1/2202 2200/1/2200 1897/1/1897 
f 1896/1/1896 1895/1/1895 2203/1/2203 
f 2202/1/2202 2203/1/2203 2011/1/2011 
f 2204/1/2204 2194/1/2194 2200/1/2200 
f 2205/1/2205 2203/1/2203 1895/1/1895 
f 2189/1/2189 2205/1/2205 1921/1/1921 
f 2012/1/2012 2011/1/2011 2203/1/2203 
f 2206/1/2206 2015/1/2015 1864/1/1864 
f 2206/1/2206 2195/1/2195 2194/1/2194 
f 2204/1/2204 2011/1/2011 2015/1/2015 
f 2207/1/2207 2135/1/2135 1924/1/1924 
f 1922/1/1922 1893/1/1893 2208/1/2208 
f 2207/1/2207 2208/1/2208 2209/1/2209 
f 2135/1/2135 2207/1/2207 2210/1/2210 
f 1892/1/1892 1891/1/1891 2118/1/2118 
f 2211/1/2211 2118/1/2118 2114/1/2114 
f 2213/1/2213 2214/1/2214 2209/1/2209 
f 2213/1/2213 2113/1/2113 1098/1/1098 
f 1720/1/1720 1719/1/1719 2214/1/2214 
f 2215/1/2215 2214/1/2214 1719/1/1719 
f 1725/1/1725 1326/1/1326 2122/1/2122 
f 2215/1/2215 2122/1/2122 2121/1/2121 
f 2210/1/2210 2209/1/2209 2214/1/2214 
f 2217/1/2217 2220/1/2220 2216/1/2216 
f 46/1/46 44/1/44 2218/1/2218 
f 2217/1/2217 2218/1/2218 2016/1/2016 
f 2219/1/2219 2227/1/2227 2220/1/2220 
f 1759/1/1759 1758/1/1758 2222/1/2222 
f 2017/1/2017 2016/1/2016 2218/1/2218 
f 2225/1/2225 2020/1/2020 1730/1/1730 
f 2224/1/2224 3193/1/3193 2226/1/2226 
f 2225/1/2225 2226/1/2226 2227/1/2227 
f 2219/1/2219 2016/1/2016 2020/1/2020 
f 2228/1/2228 2230/1/2230 2064/1/2064 
f 2077/1/2077 1747/1/1747 1746/1/1746 
f 2228/1/2228 1746/1/1746 1745/1/1745 
f 2229/1/2229 2233/1/2233 2230/1/2230 
f 2232/1/2232 1738/1/1738 1737/1/1737 
f 2065/1/2065 2231/1/2231 1737/1/1737 
f 2065/1/2065 2064/1/2064 2230/1/2230 
f 2231/1/2231 2230/1/2230 2233/1/2233 
f 2234/1/2234 2029/1/2029 1760/1/1760 
f 1770/1/1770 1769/1/1769 2019/1/2019 
f 2234/1/2234 2019/1/2019 2223/1/2223 
f 2235/1/2235 2030/1/2030 2029/1/2029 
f 2236/1/2236 2222/1/2222 1758/1/1758 
f 1756/1/1756 1755/1/1755 2024/1/2024 
f 2236/1/2236 2024/1/2024 2030/1/2030 
f 2235/1/2235 2223/1/2223 2222/1/2222 
f 2237/1/2237 2050/1/2050 1047/1/1047 
f 1875/1/1875 1874/1/1874 2058/1/2058 
f 2237/1/2237 2058/1/2058 2063/1/2063 
f 2238/1/2238 2051/1/2051 2050/1/2050 
f 2239/1/2239 1978/1/1978 2051/1/2051 
f 2238/1/2238 2063/1/2063 2062/1/2062 
f 2239/1/2239 2062/1/2062 1663/1/1663 
f 1787/1/1787 1786/1/1786 1978/1/1978 
f 2240/1/2240 2241/1/2241 1996/1/1996 
f 2103/1/2103 1876/1/1876 1881/1/1881 
f 2240/1/2240 1881/1/1881 1887/1/1887 
f 2087/1/2087 2086/1/2086 2241/1/2241 
f 2242/1/2242 2241/1/2241 2086/1/2086 
f 2242/1/2242 1776/1/1776 1775/1/1775 
f 1997/1/1997 1996/1/1996 2241/1/2241 
f 2243/1/2243 2244/1/2244 1986/1/1986 
f 2084/1/2084 1830/1/1830 1829/1/1829 
f 2243/1/2243 1829/1/1829 237/1/237 
f 2097/1/2097 2096/1/2096 2244/1/2244 
f 1987/1/1987 1986/1/1986 2244/1/2244 
f 2245/1/2245 2244/1/2244 2096/1/2096 
f 2104/1/2104 1793/1/1793 1792/1/1792 
f 2247/1/2247 2041/1/2041 2040/1/2040 
f 2248/1/2248 2053/1/2053 1798/1/1798 
f 2248/1/2248 2044/1/2044 2041/1/2041 
f 2247/1/2247 2054/1/2054 2053/1/2053 
f 2119/1/2119 1207/1/1207 1206/1/1206 
f 2249/1/2249 1206/1/1206 1685/1/1685 
f 1992/1/1992 1991/1/1991 2250/1/2250 
f 2107/1/2107 2106/1/2106 2250/1/2250 
f 2250/1/2250 1991/1/1991 2092/1/2092 
f 2251/1/2251 2092/1/2092 1917/1/1917 
f 2107/1/2107 2251/1/2251 1915/1/1915 
f 2252/1/2252 2256/1/2256 1576/1/1576 
f 1575/1/1575 817/1/817 816/1/816 
f 2257/1/2257 2259/1/2259 987/1/987 
f 2257/1/2257 986/1/986 979/1/979 
f 2257/1/2257 976/1/976 800/1/800 
f 2258/1/2258 2268/1/2268 2259/1/2259 
f 2262/1/2262 2263/1/2263 2260/1/2260 
f 2261/1/2261 1010/1/1010 1008/1/1008 
f 2262/1/2262 1008/1/1008 987/1/987 
f 2259/1/2259 2268/1/2268 2263/1/2263 
f 2265/1/2265 2268/1/2268 2258/1/2258 
f 2258/1/2258 800/1/800 799/1/799 
f 2264/1/2264 799/1/799 806/1/806 
f 2264/1/2264 2266/1/2266 2267/1/2267 
f 2269/1/2269 2263/1/2263 2268/1/2268 
f 2265/1/2265 2267/1/2267 2270/1/2270 
f 2269/1/2269 2270/1/2270 2271/1/2271 
f 2272/1/2272 2260/1/2260 2263/1/2263 
f 2274/1/2274 2270/1/2270 2267/1/2267 
f 2266/1/2266 806/1/806 812/1/812 
f 2276/1/2276 2256/1/2256 2255/1/2255 
f 2276/1/2276 2275/1/2275 2271/1/2271 
f 2275/1/2275 2255/1/2255 2254/1/2254 
f 2254/1/2254 2253/1/2253 2278/1/2278 
f 2277/1/2277 2278/1/2278 2260/1/2260 
f 2272/1/2272 2271/1/2271 2275/1/2275 
f 2279/1/2279 2278/1/2278 2253/1/2253 
f 814/1/814 813/1/813 1021/1/1021 
f 2279/1/2279 1021/1/1021 1010/1/1010 
f 2261/1/2261 2260/1/2260 2278/1/2278 
f 2280/1/2280 1469/1/1469 1468/1/1468 
f 1462/1/1462 1461/1/1461 2281/1/2281 
f 2283/1/2283 2280/1/2280 2281/1/2281 
f 2283/1/2283 1464/1/1464 1469/1/1469 
f 2285/1/2285 1526/1/1526 1525/1/1525 
f 2284/1/2284 1534/1/1534 1464/1/1464 
f 2283/1/2283 2282/1/2282 2285/1/2285 
f 2287/1/2287 1513/1/1513 1526/1/1526 
f 2287/1/2287 2285/1/2285 2282/1/2282 
f 2290/1/2290 2292/1/2292 1461/1/1461 
f 2290/1/2290 1460/1/1460 1402/1/1402 
f 2290/1/2290 1406/1/1406 1416/1/1416 
f 2291/1/2291 2496/1/2496 2292/1/2292 
f 2293/1/2293 2281/1/2281 1461/1/1461 
f 2292/1/2292 2496/1/2496 2294/1/2294 
f 2293/1/2293 2294/1/2294 2295/1/2295 
f 2293/1/2293 2296/1/2296 2282/1/2282 
f 2298/1/2298 2296/1/2296 2295/1/2295 
f 2298/1/2298 2297/1/2297 2289/1/2289 
f 2288/1/2288 2282/1/2282 2296/1/2296 
f 2301/1/2301 2304/1/2304 2299/1/2299 
f 2300/1/2300 2311/1/2311 2302/1/2302 
f 2301/1/2301 2302/1/2302 2303/1/2303 
f 1422/1/1422 1421/1/1421 2304/1/2304 
f 2307/1/2307 2310/1/2310 2305/1/2305 
f 2306/1/2306 1957/1/1957 1956/1/1956 
f 2307/1/2307 1956/1/1956 2308/1/2308 
f 2309/1/2309 2319/1/2319 2310/1/2310 
f 2312/1/2312 2316/1/2316 2311/1/2311 
f 2300/1/2300 2299/1/2299 2313/1/2313 
f 2312/1/2312 2313/1/2313 2314/1/2314 
f 2315/1/2315 2321/1/2321 2316/1/2316 
f 2318/1/2318 2305/1/2305 2310/1/2310 
f 2320/1/2320 2317/1/2317 2310/1/2310 
f 2317/1/2317 2320/1/2320 2321/1/2321 
f 2317/1/2317 2315/1/2315 2314/1/2314 
f 2322/1/2322 2304/1/2304 1421/1/1421 
f 2171/1/2171 2170/1/2170 2323/1/2323 
f 2322/1/2322 2323/1/2323 2324/1/2324 
f 2325/1/2325 2299/1/2299 2304/1/2304 
f 2328/1/2328 2329/1/2329 2326/1/2326 
f 2327/1/2327 2168/1/2168 2167/1/2167 
f 2328/1/2328 2167/1/2167 1957/1/1957 
f 2306/1/2306 2305/1/2305 2329/1/2329 
f 2332/1/2332 2333/1/2333 2330/1/2330 
f 2331/1/2331 2326/1/2326 2329/1/2329 
f 2332/1/2332 2329/1/2329 2305/1/2305 
f 2318/1/2318 2314/1/2314 2333/1/2333 
f 2334/1/2334 2333/1/2333 2314/1/2314 
f 2334/1/2334 2313/1/2313 2299/1/2299 
f 2325/1/2325 2324/1/2324 2335/1/2335 
f 2335/1/2335 2330/1/2330 2333/1/2333 
f 2338/1/2338 2340/1/2340 2336/1/2336 
f 2336/1/2336 2324/1/2324 2323/1/2323 
f 2337/1/2337 2323/1/2323 2170/1/2170 
f 2179/1/2179 1943/1/1943 2338/1/2338 
f 2339/1/2339 2342/1/2342 2330/1/2330 
f 2335/1/2335 2324/1/2324 2336/1/2336 
f 2339/1/2339 2336/1/2336 2340/1/2340 
f 2341/1/2341 2346/1/2346 2342/1/2342 
f 2343/1/2343 2345/1/2345 2340/1/2340 
f 2338/1/2338 1943/1/1943 1942/1/1942 
f 2343/1/2343 1942/1/1942 1946/1/1946 
f 2344/1/2344 2348/1/2348 2345/1/2345 
f 2347/1/2347 2350/1/2350 2346/1/2346 
f 2347/1/2347 2345/1/2345 2348/1/2348 
f 2349/1/2349 2357/1/2357 2350/1/2350 
f 2344/1/2344 1946/1/1946 2146/1/2146 
f 2351/1/2351 2146/1/2146 2143/1/2143 
f 2353/1/2353 2358/1/2358 2352/1/2352 
f 2356/1/2356 2359/1/2359 2354/1/2354 
f 2349/1/2349 2348/1/2348 2352/1/2352 
f 2356/1/2356 2352/1/2352 2358/1/2358 
f 2362/1/2362 2374/1/2374 2360/1/2360 
f 2360/1/2360 1639/1/1639 2153/1/2153 
f 2361/1/2361 2153/1/2153 2363/1/2363 
f 2361/1/2361 2364/1/2364 2365/1/2365 
f 2366/1/2366 2368/1/2368 2358/1/2358 
f 2353/1/2353 2143/1/2143 2142/1/2142 
f 2366/1/2366 2142/1/2142 1947/1/1947 
f 2367/1/2367 2370/1/2370 2368/1/2368 
f 2359/1/2359 2358/1/2358 2368/1/2368 
f 2369/1/2369 2368/1/2368 2370/1/2370 
f 2369/1/2369 2371/1/2371 2372/1/2372 
f 2373/1/2373 2354/1/2354 2359/1/2359 
f 2375/1/2375 2377/1/2377 2374/1/2374 
f 2362/1/2362 2365/1/2365 2376/1/2376 
f 2375/1/2375 2376/1/2376 2354/1/2354 
f 2373/1/2373 2372/1/2372 2377/1/2377 
f 2379/1/2379 2381/1/2381 2378/1/2378 
f 1640/1/1640 1639/1/1639 2360/1/2360 
f 2379/1/2379 2360/1/2360 2374/1/2374 
f 2380/1/2380 2391/1/2391 2381/1/2381 
f 2382/1/2382 2385/1/2385 2370/1/2370 
f 2367/1/2367 1947/1/1947 1952/1/1952 
f 2382/1/2382 1952/1/1952 2383/1/2383 
f 2384/1/2384 2387/1/2387 2385/1/2385 
f 2371/1/2371 2370/1/2370 2385/1/2385 
f 2386/1/2386 2385/1/2385 2387/1/2387 
f 2386/1/2386 2388/1/2388 2389/1/2389 
f 2390/1/2390 2372/1/2372 2371/1/2371 
f 2392/1/2392 2393/1/2393 2391/1/2391 
f 2380/1/2380 2374/1/2374 2377/1/2377 
f 2392/1/2392 2377/1/2377 2372/1/2372 
f 2390/1/2390 2389/1/2389 2393/1/2393 
f 2396/1/2396 2399/1/2399 2394/1/2394 
f 2384/1/2384 2396/1/2396 2395/1/2395 
f 2384/1/2384 2383/1/2383 2397/1/2397 
f 2396/1/2396 2397/1/2397 2398/1/2398 
f 2400/1/2400 2388/1/2388 2387/1/2387 
f 2395/1/2395 2394/1/2394 2401/1/2401 
f 2400/1/2400 2401/1/2401 2402/1/2402 
f 2403/1/2403 2389/1/2389 2388/1/2388 
f 2404/1/2404 2409/1/2409 1602/1/1602 
f 1619/1/1619 1618/1/1618 2405/1/2405 
f 2404/1/2404 2405/1/2405 2406/1/2406 
f 2409/1/2409 2404/1/2404 2407/1/2407 
f 2411/1/2411 2415/1/2415 2408/1/2408 
f 2410/1/2410 3000/1/3000 2412/1/2412 
f 2411/1/2411 2412/1/2412 2413/1/2413 
f 2414/1/2414 1457/1/1457 2415/1/2415 
f 2416/1/2416 1458/1/1458 1457/1/1457 
f 2414/1/2414 2413/1/2413 2417/1/2417 
f 1452/1/1452 2416/1/2416 2417/1/2417 
f 2409/1/2409 2408/1/2408 2415/1/2415 
f 1603/1/1603 1602/1/1602 2409/1/2409 
f 2419/1/2419 667/1/667 675/1/675 
f 683/1/683 682/1/682 2420/1/2420 
f 2422/1/2422 3249/1/3249 667/1/667 
f 2423/1/2423 2420/1/2420 682/1/682 
f 691/1/691 5/1/5 4/1/4 
f 2423/1/2423 4/1/4 2424/1/2424 
f 2425/1/2425 2421/1/2421 2420/1/2420 
f 2427/1/2427 2422/1/2422 2421/1/2421 
f 2431/1/2431 153/1/153 152/1/152 
f 2428/1/2428 152/1/152 2432/1/2432 
f 2433/1/2433 2514/1/2514 2429/1/2429 
f 2434/1/2434 254/1/254 153/1/153 
f 2431/1/2431 2430/1/2430 2435/1/2435 
f 2434/1/2434 2435/1/2435 2436/1/2436 
f 2437/1/2437 1834/1/1834 254/1/254 
f 2440/1/2440 2441/1/2441 2438/1/2438 
f 2440/1/2440 139/1/139 57/1/57 
f 55/1/55 54/1/54 2441/1/2441 
f 2444/1/2444 2631/1/2631 2442/1/2442 
f 2443/1/2443 2442/1/2442 1911/1/1911 
f 2443/1/2443 1920/1/1920 1882/1/1882 
f 2445/1/2445 2448/1/2448 2444/1/2444 
f 2445/1/2445 1882/1/1882 1888/1/1888 
f 2446/1/2446 1888/1/1888 1879/1/1879 
f 2449/1/2449 2575/1/2575 2447/1/2447 
f 2452/1/2452 2453/1/2453 2450/1/2450 
f 2452/1/2452 1109/1/1109 1108/1/1108 
f 2453/1/2453 1108/1/1108 1033/1/1033 
f 2454/1/2454 2760/1/2760 2450/1/2450 
f 2456/1/2456 2460/1/2460 2455/1/2455 
f 262/1/262 181/1/181 2457/1/2457 
f 2456/1/2456 2457/1/2457 2458/1/2458 
f 2459/1/2459 2693/1/2693 2460/1/2460 
f 2463/1/2463 2464/1/2464 2461/1/2461 
f 2462/1/2462 2398/1/2398 2397/1/2397 
f 2463/1/2463 2397/1/2397 2383/1/2383 
f 1951/1/1951 1950/1/1950 2464/1/2464 
f 2466/1/2466 1629/1/1629 1636/1/1636 
f 2465/1/2465 2974/1/2974 2467/1/2467 
f 2466/1/2466 2467/1/2467 2468/1/2468 
f 2469/1/2469 1630/1/1630 1629/1/1629 
f 2471/1/2471 2469/1/2469 2468/1/2468 
f 2470/1/2470 2474/1/2474 2472/1/2472 
f 2471/1/2471 2472/1/2472 1953/1/1953 
f 1963/1/1963 1630/1/1630 2469/1/2469 
f 2473/1/2473 2476/1/2476 2308/1/2308 
f 1954/1/1954 1953/1/1953 2472/1/2472 
f 2473/1/2473 2472/1/2472 2474/1/2474 
f 2475/1/2475 2477/1/2477 2476/1/2476 
f 2479/1/2479 2476/1/2476 2477/1/2477 
f 2478/1/2478 2955/1/2955 2480/1/2480 
f 2479/1/2479 2480/1/2480 2319/1/2319 
f 2309/1/2309 2308/1/2308 2476/1/2476 
f 2483/1/2483 2485/1/2485 2481/1/2481 
f 2482/1/2482 2505/1/2505 2484/1/2484 
f 2483/1/2483 2484/1/2484 1934/1/1934 
f 1940/1/1940 1939/1/1939 2485/1/2485 
f 2488/1/2488 2490/1/2490 2486/1/2486 
f 2487/1/2487 1857/1/1857 1863/1/1863 
f 2488/1/2488 1863/1/1863 1868/1/1868 
f 2489/1/2489 2507/1/2507 2490/1/2490 
f 2491/1/2491 2492/1/2492 1103/1/1103 
f 1102/1/1102 1905/1/1905 1904/1/1904 
f 2491/1/2491 1904/1/1904 1857/1/1857 
f 2487/1/2487 2486/1/2486 2492/1/2492 
f 2495/1/2495 2498/1/2498 2493/1/2493 
f 2494/1/2494 2295/1/2295 2294/1/2294 
f 2495/1/2495 2294/1/2294 2496/1/2496 
f 2497/1/2497 2499/1/2499 2498/1/2498 
f 2500/1/2500 2501/1/2501 2499/1/2499 
f 2497/1/2497 2496/1/2496 2291/1/2291 
f 2500/1/2500 2291/1/2291 1416/1/1416 
f 1415/1/1415 1414/1/1414 2501/1/2501 
f 2504/1/2504 2506/1/2506 2502/1/2502 
f 2503/1/2503 1930/1/1930 1935/1/1935 
f 1935/1/1935 1934/1/1934 2484/1/2484 
f 2504/1/2504 2484/1/2484 2505/1/2505 
f 2508/1/2508 2509/1/2509 2507/1/2507 
f 2489/1/2489 1868/1/1868 1867/1/1867 
f 2508/1/2508 1867/1/1867 1930/1/1930 
f 2503/1/2503 2502/1/2502 2509/1/2509 
f 2511/1/2511 2513/1/2513 2510/1/2510 
f 60/1/60 59/1/59 48/1/48 
f 2511/1/2511 48/1/48 47/1/47 
f 2512/1/2512 2557/1/2557 2513/1/2513 
f 2515/1/2515 2517/1/2517 2514/1/2514 
f 147/1/147 2515/1/2515 2433/1/2433 
f 147/1/147 146/1/146 2516/1/2516 
f 2516/1/2516 2528/1/2528 2517/1/2517 
f 2520/1/2520 2536/1/2536 2518/1/2518 
f 2519/1/2519 2518/1/2518 2521/1/2521 
f 2522/1/2522 2528/1/2528 2523/1/2523 
f 2520/1/2520 2519/1/2519 2523/1/2523 
f 2527/1/2527 2529/1/2529 2525/1/2525 
f 2526/1/2526 2514/1/2514 2517/1/2517 
f 2527/1/2527 2517/1/2517 2528/1/2528 
f 2522/1/2522 2521/1/2521 2529/1/2529 
f 2531/1/2531 2529/1/2529 2521/1/2521 
f 2530/1/2530 30/1/30 114/1/114 
f 2531/1/2531 114/1/114 113/1/113 
f 2532/1/2532 2525/1/2525 2529/1/2529 
f 2533/1/2533 2534/1/2534 2524/1/2524 
f 2533/1/2533 2523/1/2523 2528/1/2528 
f 2533/1/2533 2516/1/2516 146/1/146 
f 2534/1/2534 2533/1/2533 1735/1/1735 
f 2535/1/2535 2537/1/2537 23/1/23 
f 31/1/31 30/1/30 2530/1/2530 
f 2530/1/2530 2521/1/2521 2518/1/2518 
f 2535/1/2535 2518/1/2518 2536/1/2536 
f 2540/1/2540 2542/1/2542 2538/1/2538 
f 2542/1/2542 2540/1/2540 2541/1/2541 
f 24/1/24 23/1/23 2537/1/2537 
f 2537/1/2537 2536/1/2536 2538/1/2538 
f 2545/1/2545 2547/1/2547 2543/1/2543 
f 2544/1/2544 3195/1/3195 1727/1/1727 
f 2546/1/2546 2545/1/2545 1727/1/1727 
f 2546/1/2546 2551/1/2551 2547/1/2547 
f 2550/1/2550 2553/1/2553 2548/1/2548 
f 2549/1/2549 2543/1/2543 2547/1/2547 
f 2550/1/2550 2547/1/2547 2551/1/2551 
f 2552/1/2552 2554/1/2554 2553/1/2553 
f 2556/1/2556 2553/1/2553 2554/1/2554 
f 2555/1/2555 2510/1/2510 2513/1/2513 
f 2556/1/2556 2513/1/2513 2557/1/2557 
f 2558/1/2558 2548/1/2548 2553/1/2553 
f 2559/1/2559 2563/1/2563 2554/1/2554 
f 2552/1/2552 2551/1/2551 2560/1/2560 
f 2559/1/2559 2560/1/2560 2561/1/2561 
f 2562/1/2562 2564/1/2564 2563/1/2563 
f 2566/1/2566 2563/1/2563 2564/1/2564 
f 2565/1/2565 54/1/54 61/1/61 
f 2566/1/2566 61/1/61 2510/1/2510 
f 2555/1/2555 2554/1/2554 2563/1/2563 
f 1764/1/1764 1763/1/1763 161/1/161 
f 2567/1/2567 2568/1/2568 2561/1/2561 
f 2567/1/2567 2569/1/2569 1766/1/1766 
f 2570/1/2570 2562/1/2562 2561/1/2561 
f 2571/1/2571 2570/1/2570 2568/1/2568 
f 2573/1/2573 2564/1/2564 2562/1/2562 
f 2574/1/2574 2560/1/2560 2551/1/2551 
f 2574/1/2574 2546/1/2546 1726/1/1726 
f 1767/1/1767 1766/1/1766 2569/1/2569 
f 2569/1/2569 2561/1/2561 2560/1/2560 
f 2576/1/2576 2578/1/2578 2575/1/2575 
f 2449/1/2449 1879/1/1879 1878/1/1878 
f 2576/1/2576 1878/1/1878 1048/1/1048 
f 2577/1/2577 2585/1/2585 2578/1/2578 
f 2580/1/2580 2438/1/2438 2441/1/2441 
f 2579/1/2579 2441/1/2441 54/1/54 
f 2573/1/2573 2579/1/2579 2565/1/2565 
f 2573/1/2573 2572/1/2572 2580/1/2580 
f 2577/1/2577 1048/1/1048 1053/1/1053 
f 2581/1/2581 1053/1/1053 233/1/233 
f 2581/1/2581 2582/1/2582 2583/1/2583 
f 2584/1/2584 2585/1/2585 2577/1/2577 
f 2586/1/2586 2590/1/2590 2585/1/2585 
f 2584/1/2584 2583/1/2583 2587/1/2587 
f 2586/1/2586 2587/1/2587 2588/1/2588 
f 2589/1/2589 2597/1/2597 2590/1/2590 
f 2592/1/2592 2760/1/2760 2454/1/2454 
f 2454/1/2454 1033/1/1033 1032/1/1032 
f 2591/1/2591 1032/1/1032 1029/1/1029 
f 2592/1/2592 2591/1/2591 2593/1/2593 
f 2595/1/2595 2598/1/2598 208/1/208 
f 1055/1/1055 1054/1/1054 2596/1/2596 
f 2595/1/2595 2596/1/2596 2597/1/2597 
f 2589/1/2589 2588/1/2588 2598/1/2598 
f 2599/1/2599 2601/1/2601 2594/1/2594 
f 2593/1/2593 1029/1/1029 1028/1/1028 
f 2599/1/2599 1028/1/1028 230/1/230 
f 2600/1/2600 2628/1/2628 2601/1/2601 
f 2602/1/2602 2606/1/2606 2594/1/2594 
f 2601/1/2601 2628/1/2628 2603/1/2603 
f 2602/1/2602 2603/1/2603 2604/1/2604 
f 2605/1/2605 2609/1/2609 2606/1/2606 
f 2607/1/2607 2610/1/2610 223/1/223 
f 1037/1/1037 1041/1/1041 2608/1/2608 
f 2607/1/2607 2608/1/2608 2609/1/2609 
f 2605/1/2605 2604/1/2604 2610/1/2610 
f 2611/1/2611 2614/1/2614 2583/1/2583 
f 2582/1/2582 233/1/233 239/1/239 
f 2611/1/2611 239/1/239 1827/1/1827 
f 2614/1/2614 2611/1/2611 2612/1/2612 
f 2587/1/2587 2617/1/2617 2615/1/2615 
f 2614/1/2614 2617/1/2617 2587/1/2587 
f 2614/1/2614 2613/1/2613 2616/1/2616 
f 2617/1/2617 2616/1/2616 2618/1/2618 
f 2615/1/2615 2618/1/2618 2619/1/2619 
f 209/1/209 2620/1/2620 2619/1/2619 
f 209/1/209 208/1/208 2598/1/2598 
f 2620/1/2620 2598/1/2598 2588/1/2588 
f 2600/1/2600 230/1/230 229/1/229 
f 229/1/229 267/1/267 2622/1/2622 
f 2621/1/2621 2622/1/2622 2623/1/2623 
f 2624/1/2624 2628/1/2628 2600/1/2600 
f 2627/1/2627 2629/1/2629 2625/1/2625 
f 2626/1/2626 2604/1/2604 2603/1/2603 
f 2627/1/2627 2603/1/2603 2628/1/2628 
f 2624/1/2624 2623/1/2623 2629/1/2629 
f 2630/1/2630 2633/1/2633 1802/1/1802 
f 1912/1/1912 1911/1/1911 2442/1/2442 
f 2630/1/2630 2442/1/2442 2631/1/2631 
f 2632/1/2632 2638/1/2638 2633/1/2633 
f 2635/1/2635 2636/1/2636 2634/1/2634 
f 224/1/224 223/1/223 2610/1/2610 
f 2635/1/2635 2610/1/2610 2604/1/2604 
f 2626/1/2626 2625/1/2625 2636/1/2636 
f 2637/1/2637 2641/1/2641 1095/1/1095 
f 1803/1/1803 1802/1/1802 2633/1/2633 
f 2637/1/2637 2633/1/2633 2638/1/2638 
f 2644/1/2644 2646/1/2646 2642/1/2642 
f 2643/1/2643 2655/1/2655 2645/1/2645 
f 2639/1/2639 2638/1/2638 2646/1/2646 
f 2647/1/2647 2457/1/2457 181/1/181 
f 2647/1/2647 186/1/186 178/1/178 
f 2647/1/2647 2648/1/2648 2649/1/2649 
f 2650/1/2650 2458/1/2458 2457/1/2457 
f 2643/1/2643 2642/1/2642 2651/1/2651 
f 2651/1/2651 1212/1/1212 1211/1/1211 
f 2652/1/2652 1211/1/1211 2653/1/2653 
f 2656/1/2656 2659/1/2659 2525/1/2525 
f 2657/1/2657 2656/1/2656 2532/1/2532 
f 2657/1/2657 2669/1/2669 2658/1/2658 
f 2658/1/2658 2662/1/2662 2659/1/2659 
f 2660/1/2660 2661/1/2661 2649/1/2649 
f 2648/1/2648 178/1/178 177/1/177 
f 2439/1/2439 2438/1/2438 2661/1/2661 
f 2664/1/2664 2659/1/2659 2662/1/2662 
f 2664/1/2664 2429/1/2429 2514/1/2514 
f 2526/1/2526 2525/1/2525 2659/1/2659 
f 2665/1/2665 2668/1/2668 104/1/104 
f 110/1/110 109/1/109 294/1/294 
f 2665/1/2665 294/1/294 2666/1/2666 
f 2667/1/2667 2669/1/2669 2668/1/2668 
f 2670/1/2670 2658/1/2658 2669/1/2669 
f 2667/1/2667 2666/1/2666 2671/1/2671 
f 2671/1/2671 2679/1/2679 2672/1/2672 
f 2670/1/2670 2672/1/2672 2662/1/2662 
f 2673/1/2673 112/1/112 100/1/100 
f 105/1/105 104/1/104 2668/1/2668 
f 2657/1/2657 113/1/113 112/1/112 
f 2676/1/2676 2678/1/2678 2674/1/2674 
f 2675/1/2675 2618/1/2618 2616/1/2616 
f 2676/1/2676 2616/1/2616 2613/1/2613 
f 2677/1/2677 2687/1/2687 2678/1/2678 
f 2681/1/2681 2672/1/2672 2679/1/2679 
f 2680/1/2680 2436/1/2436 2435/1/2435 
f 2682/1/2682 2683/1/2683 291/1/291 
f 297/1/297 296/1/296 2619/1/2619 
f 2682/1/2682 2619/1/2619 2618/1/2618 
f 2675/1/2675 2674/1/2674 2683/1/2683 
f 2684/1/2684 2686/1/2686 1832/1/1832 
f 1835/1/1835 1834/1/1834 2437/1/2437 
f 2684/1/2684 2437/1/2437 2436/1/2436 
f 2685/1/2685 2687/1/2687 2686/1/2686 
f 2688/1/2688 2678/1/2678 2687/1/2687 
f 2689/1/2689 2674/1/2674 2678/1/2678 
f 2690/1/2690 2612/1/2612 1827/1/1827 
f 2690/1/2690 2686/1/2686 2687/1/2687 
f 2677/1/2677 2613/1/2613 2612/1/2612 
f 2691/1/2691 2671/1/2671 2666/1/2666 
f 292/1/292 291/1/291 2683/1/2683 
f 2691/1/2691 2683/1/2683 2674/1/2674 
f 2689/1/2689 2679/1/2679 2671/1/2671 
f 2692/1/2692 321/1/321 2455/1/2455 
f 2692/1/2692 2460/1/2460 2693/1/2693 
f 2696/1/2696 2692/1/2692 2694/1/2694 
f 2696/1/2696 322/1/322 321/1/321 
f 2698/1/2698 2623/1/2623 2622/1/2622 
f 2622/1/2622 267/1/267 266/1/266 
f 2697/1/2697 266/1/266 322/1/322 
f 2697/1/2697 2696/1/2696 2695/1/2695 
f 2701/1/2701 2704/1/2704 2699/1/2699 
f 2700/1/2700 2722/1/2722 2702/1/2702 
f 2701/1/2701 2702/1/2702 2461/1/2461 
f 2703/1/2703 2717/1/2717 2704/1/2704 
f 2707/1/2707 2709/1/2709 2705/1/2705 
f 2707/1/2707 1305/1/1305 1434/1/1434 
f 2708/1/2708 2699/1/2699 2709/1/2709 
f 2710/1/2710 2714/1/2714 1427/1/1427 
f 1317/1/1317 1316/1/1316 2711/1/2711 
f 2710/1/2710 2711/1/2711 2712/1/2712 
f 2713/1/2713 2717/1/2717 2714/1/2714 
f 2713/1/2713 2712/1/2712 2715/1/2715 
f 2715/1/2715 2705/1/2705 2709/1/2709 
f 2716/1/2716 2709/1/2709 2699/1/2699 
f 2716/1/2716 2704/1/2704 2717/1/2717 
f 2718/1/2718 2464/1/2464 1950/1/1950 
f 1428/1/1428 1427/1/1427 2714/1/2714 
f 2718/1/2718 2714/1/2714 2717/1/2717 
f 2703/1/2703 2461/1/2461 2464/1/2464 
f 2708/1/2708 1434/1/1434 1433/1/1433 
f 2719/1/2719 2721/1/2721 2722/1/2722 
f 2700/1/2700 2699/1/2699 2708/1/2708 
f 2723/1/2723 1853/1/1853 1417/1/1417 
f 2723/1/2723 2725/1/2725 2726/1/2726 
f 2727/1/2727 2729/1/2729 2724/1/2724 
f 2728/1/2728 2485/1/2485 1939/1/1939 
f 1847/1/1847 1846/1/1846 2724/1/2724 
f 2728/1/2728 2724/1/2724 2729/1/2729 
f 2730/1/2730 2481/1/2481 2485/1/2485 
f 2733/1/2733 2735/1/2735 2731/1/2731 
f 2732/1/2732 2748/1/2748 2734/1/2734 
f 2733/1/2733 2734/1/2734 1357/1/1357 
f 1343/1/1343 1342/1/1342 2735/1/2735 
f 2737/1/2737 1114/1/1114 1113/1/1113 
f 2736/1/2736 2751/1/2751 2738/1/2738 
f 2737/1/2737 2738/1/2738 2731/1/2731 
f 2735/1/2735 1342/1/1342 1114/1/1114 
f 2741/1/2741 2743/1/2743 2739/1/2739 
f 2741/1/2741 2490/1/2490 2507/1/2507 
f 2742/1/2742 2744/1/2744 2743/1/2743 
f 2746/1/2746 2749/1/2749 2744/1/2744 
f 2745/1/2745 2759/1/2759 2747/1/2747 
f 2746/1/2746 2747/1/2747 2748/1/2748 
f 2732/1/2732 2731/1/2731 2749/1/2749 
f 2750/1/2750 2743/1/2743 2744/1/2744 
f 2749/1/2749 2731/1/2731 2738/1/2738 
f 2755/1/2755 2756/1/2756 2753/1/2753 
f 2754/1/2754 1041/1/1041 1040/1/1040 
f 2755/1/2755 1040/1/1040 1777/1/1777 
f 1784/1/1784 1783/1/1783 2756/1/2756 
f 2742/1/2742 2507/1/2507 2509/1/2509 
f 2758/1/2758 2757/1/2757 2509/1/2509 
f 2757/1/2757 2758/1/2758 2759/1/2759 
f 2745/1/2745 2744/1/2744 2742/1/2742 
f 2761/1/2761 2763/1/2763 2760/1/2760 
f 2592/1/2592 2594/1/2594 2606/1/2606 
f 2761/1/2761 2606/1/2606 2609/1/2609 
f 2762/1/2762 2772/1/2772 2763/1/2763 
f 2764/1/2764 2756/1/2756 1783/1/1783 
f 1661/1/1661 1099/1/1099 1105/1/1105 
f 2766/1/2766 2753/1/2753 2756/1/2756 
f 2767/1/2767 2771/1/2771 2753/1/2753 
f 2766/1/2766 2765/1/2765 2768/1/2768 
f 2767/1/2767 2768/1/2768 2769/1/2769 
f 2770/1/2770 2772/1/2772 2771/1/2771 
f 2773/1/2773 2771/1/2771 2772/1/2772 
f 2762/1/2762 2609/1/2609 2608/1/2608 
f 2773/1/2773 2608/1/2608 1041/1/1041 
f 2754/1/2754 2753/1/2753 2771/1/2771 
f 2776/1/2776 2777/1/2777 2774/1/2774 
f 2775/1/2775 1054/1/1054 1058/1/1058 
f 2776/1/2776 1058/1/1058 1063/1/1063 
f 1067/1/1067 1066/1/1066 2777/1/2777 
f 2778/1/2778 2779/1/2779 2451/1/2451 
f 2450/1/2450 2760/1/2760 2763/1/2763 
f 2778/1/2778 2763/1/2763 2772/1/2772 
f 2780/1/2780 2782/1/2782 2575/1/2575 
f 2578/1/2578 2585/1/2585 2590/1/2590 
f 2780/1/2780 2590/1/2590 2597/1/2597 
f 2781/1/2781 2791/1/2791 2782/1/2782 
f 2783/1/2783 2777/1/2777 1066/1/1066 
f 1215/1/1215 1214/1/1214 2784/1/2784 
f 2783/1/2783 2784/1/2784 2785/1/2785 
f 2786/1/2786 2774/1/2774 2777/1/2777 
f 2786/1/2786 2785/1/2785 2787/1/2787 
f 2787/1/2787 2801/1/2801 2789/1/2789 
f 2789/1/2789 2791/1/2791 2790/1/2790 
f 2788/1/2788 2790/1/2790 2774/1/2774 
f 2792/1/2792 2790/1/2790 2791/1/2791 
f 2781/1/2781 2597/1/2597 2596/1/2596 
f 2792/1/2792 2596/1/2596 1054/1/1054 
f 2775/1/2775 2774/1/2774 2790/1/2790 
f 2795/1/2795 2800/1/2800 2793/1/2793 
f 2795/1/2795 2794/1/2794 2796/1/2796 
f 2795/1/2795 2797/1/2797 2798/1/2798 
f 2799/1/2799 2810/1/2810 2800/1/2800 
f 2803/1/2803 2789/1/2789 2801/1/2801 
f 2803/1/2803 2447/1/2447 2575/1/2575 
f 2782/1/2782 2791/1/2791 2789/1/2789 
f 2804/1/2804 2806/1/2806 1087/1/1087 
f 2804/1/2804 1308/1/1308 1309/1/1309 
f 2805/1/2805 2796/1/2796 2794/1/2794 
f 2794/1/2794 2793/1/2793 2806/1/2806 
f 2807/1/2807 2809/1/2809 1715/1/1715 
f 1096/1/1096 1095/1/1095 2641/1/2641 
f 2807/1/2807 2641/1/2641 2640/1/2640 
f 2808/1/2808 2810/1/2810 2809/1/2809 
f 2811/1/2811 2800/1/2800 2810/1/2810 
f 2808/1/2808 2640/1/2640 2645/1/2645 
f 2811/1/2811 2645/1/2645 2655/1/2655 
f 2812/1/2812 2793/1/2793 2800/1/2800 
f 2813/1/2813 2809/1/2809 2810/1/2810 
f 2799/1/2799 2798/1/2798 2814/1/2814 
f 2813/1/2813 2814/1/2814 1721/1/1721 
f 1716/1/1716 1715/1/1715 2809/1/2809 
f 2815/1/2815 2817/1/2817 2751/1/2751 
f 2736/1/2736 1113/1/1113 1128/1/1128 
f 2815/1/2815 1128/1/1128 1123/1/1123 
f 2816/1/2816 2825/1/2825 2817/1/2817 
f 2654/1/2654 2653/1/2653 1088/1/1088 
f 1088/1/1088 1087/1/1087 2806/1/2806 
f 2818/1/2818 2806/1/2806 2793/1/2793 
f 2812/1/2812 2655/1/2655 2654/1/2654 
f 2819/1/2819 2768/1/2768 2765/1/2765 
f 1104/1/1104 1103/1/1103 2820/1/2820 
f 2819/1/2819 2820/1/2820 2821/1/2821 
f 2822/1/2822 2769/1/2769 2768/1/2768 
f 2816/1/2816 1123/1/1123 1122/1/1122 
f 2823/1/2823 1122/1/1122 1109/1/1109 
f 2823/1/2823 2452/1/2452 2451/1/2451 
f 2816/1/2816 2823/1/2823 2824/1/2824 
f 2826/1/2826 2827/1/2827 2825/1/2825 
f 2824/1/2824 2451/1/2451 2779/1/2779 
f 2826/1/2826 2779/1/2779 2769/1/2769 
f 2822/1/2822 2821/1/2821 2827/1/2827 
f 2828/1/2828 2833/1/2833 2739/1/2739 
f 2752/1/2752 2751/1/2751 2817/1/2817 
f 2828/1/2828 2817/1/2817 2825/1/2825 
f 1213/1/1213 1212/1/1212 2830/1/2830 
f 2830/1/2830 2838/1/2838 2831/1/2831 
f 2833/1/2833 2821/1/2821 2820/1/2820 
f 2832/1/2832 2820/1/2820 1103/1/1103 
f 2740/1/2740 2739/1/2739 2833/1/2833 
f 2834/1/2834 2646/1/2646 2638/1/2638 
f 2632/1/2632 2631/1/2631 2835/1/2835 
f 2834/1/2834 2835/1/2835 2836/1/2836 
f 2837/1/2837 2642/1/2642 2646/1/2646 
f 2840/1/2840 2831/1/2831 2838/1/2838 
f 1248/1/1248 1233/1/1233 2831/1/2831 
f 2842/1/2842 2843/1/2843 2836/1/2836 
f 2841/1/2841 2801/1/2801 2787/1/2787 
f 2839/1/2839 2838/1/2838 2843/1/2843 
f 2844/1/2844 2843/1/2843 2838/1/2838 
f 2830/1/2830 1212/1/1212 2651/1/2651 
f 2844/1/2844 2651/1/2651 2642/1/2642 
f 2837/1/2837 2836/1/2836 2843/1/2843 
f 2715/1/2715 2847/1/2847 2845/1/2845 
f 2847/1/2847 2715/1/2715 2712/1/2712 
f 2847/1/2847 2846/1/2846 2848/1/2848 
f 2849/1/2849 2853/1/2853 2845/1/2845 
f 2850/1/2850 2835/1/2835 2631/1/2631 
f 2444/1/2444 2448/1/2448 2802/1/2802 
f 2850/1/2850 2802/1/2802 2801/1/2801 
f 2841/1/2841 2836/1/2836 2835/1/2835 
f 2852/1/2852 1313/1/1313 1315/1/1315 
f 2706/1/2706 2851/1/2851 1315/1/1315 
f 2706/1/2706 2705/1/2705 2845/1/2845 
f 2851/1/2851 2845/1/2845 2853/1/2853 
f 1722/1/1722 2855/1/2855 2854/1/2854 
f 1722/1/1722 1721/1/1721 2814/1/2814 
f 2855/1/2855 2814/1/2814 2798/1/2798 
f 2855/1/2855 2856/1/2856 2848/1/2848 
f 2857/1/2857 2856/1/2856 2798/1/2798 
f 2797/1/2797 2796/1/2796 2858/1/2858 
f 2857/1/2857 2858/1/2858 2853/1/2853 
f 2849/1/2849 2848/1/2848 2856/1/2856 
f 2846/1/2846 2712/1/2712 2711/1/2711 
f 2711/1/2711 1316/1/1316 1324/1/1324 
f 2859/1/2859 1324/1/1324 1724/1/1724 
f 2854/1/2854 2848/1/2848 2846/1/2846 
f 2862/1/2862 2863/1/2863 2860/1/2860 
f 2861/1/2861 1329/1/1329 1328/1/1328 
f 2862/1/2862 1328/1/1328 1336/1/1336 
f 1349/1/1349 1348/1/1348 2863/1/2863 
f 2864/1/2864 2863/1/2863 1348/1/1348 
f 1358/1/1358 1357/1/1357 2734/1/2734 
f 2864/1/2864 2734/1/2734 2748/1/2748 
f 2865/1/2865 2860/1/2860 2863/1/2863 
f 2866/1/2866 2858/1/2858 2796/1/2796 
f 2805/1/2805 1309/1/1309 1312/1/1312 
f 2866/1/2866 1312/1/1312 1313/1/1313 
f 2852/1/2852 2853/1/2853 2858/1/2858 
f 2867/1/2867 2758/1/2758 2502/1/2502 
f 2506/1/2506 2505/1/2505 2868/1/2868 
f 2867/1/2867 2868/1/2868 2869/1/2869 
f 2870/1/2870 2759/1/2759 2758/1/2758 
f 2872/1/2872 2874/1/2874 2869/1/2869 
f 2871/1/2871 2885/1/2885 2873/1/2873 
f 2872/1/2872 2873/1/2873 1329/1/1329 
f 2861/1/2861 2860/1/2860 2874/1/2874 
f 2875/1/2875 2874/1/2874 2860/1/2860 
f 2865/1/2865 2748/1/2748 2747/1/2747 
f 2875/1/2875 2747/1/2747 2759/1/2759 
f 2870/1/2870 2869/1/2869 2874/1/2874 
f 2878/1/2878 2882/1/2882 2876/1/2876 
f 2877/1/2877 2886/1/2886 2879/1/2879 
f 2878/1/2878 2879/1/2879 2880/1/2880 
f 2881/1/2881 2895/1/2895 2882/1/2882 
f 2883/1/2883 2868/1/2868 2505/1/2505 
f 2482/1/2482 2481/1/2481 2884/1/2884 
f 2883/1/2883 2884/1/2884 2885/1/2885 
f 2871/1/2871 2869/1/2869 2868/1/2868 
f 2888/1/2888 2879/1/2879 2886/1/2886 
f 2887/1/2887 2499/1/2499 2501/1/2501 
f 2888/1/2888 2501/1/2501 1414/1/1414 
f 2889/1/2889 2880/1/2880 2879/1/2879 
f 2890/1/2890 2892/1/2892 2726/1/2726 
f 2725/1/2725 1417/1/1417 1423/1/1423 
f 2890/1/2890 1423/1/1423 2303/1/2303 
f 2891/1/2891 2895/1/2895 2892/1/2892 
f 2894/1/2894 2302/1/2302 2311/1/2311 
f 2893/1/2893 2876/1/2876 2882/1/2882 
f 2894/1/2894 2882/1/2882 2895/1/2895 
f 2891/1/2891 2303/1/2303 2302/1/2302 
f 2896/1/2896 2898/1/2898 2720/1/2720 
f 2896/1/2896 1454/1/1454 1453/1/1453 
f 2897/1/2897 2905/1/2905 2898/1/2898 
f 2901/1/2901 2903/1/2903 2899/1/2899 
f 2900/1/2900 2394/1/2394 2399/1/2399 
f 2901/1/2901 2399/1/2399 2398/1/2398 
f 2902/1/2902 2914/1/2914 2903/1/2903 
f 2721/1/2721 2907/1/2907 2904/1/2904 
f 2907/1/2907 2898/1/2898 2905/1/2905 
f 2906/1/2906 2914/1/2914 2904/1/2904 
f 2909/1/2909 2417/1/2417 2413/1/2413 
f 2908/1/2908 2911/1/2911 2910/1/2910 
f 2909/1/2909 2910/1/2910 2905/1/2905 
f 2897/1/2897 1453/1/1453 2417/1/2417 
f 2913/1/2913 2910/1/2910 2911/1/2911 
f 2912/1/2912 2899/1/2899 2903/1/2903 
f 2913/1/2913 2903/1/2903 2914/1/2914 
f 2906/1/2906 2905/1/2905 2910/1/2910 
f 2915/1/2915 2902/1/2902 2398/1/2398 
f 2915/1/2915 2904/1/2904 2914/1/2914 
f 2918/1/2918 2920/1/2920 2916/1/2916 
f 2917/1/2917 2378/1/2378 2381/1/2381 
f 2918/1/2918 2381/1/2381 2391/1/2391 
f 2919/1/2919 2924/1/2924 2920/1/2920 
f 2923/1/2923 2925/1/2925 2921/1/2921 
f 2922/1/2922 2916/1/2916 2920/1/2920 
f 2926/1/2926 2934/1/2934 2925/1/2925 
f 2927/1/2927 2928/1/2928 2924/1/2924 
f 2919/1/2919 2391/1/2391 2393/1/2393 
f 2927/1/2927 2393/1/2393 2389/1/2389 
f 2403/1/2403 2402/1/2402 2928/1/2928 
f 2931/1/2931 2933/1/2933 2929/1/2929 
f 2930/1/2930 2942/1/2942 2932/1/2932 
f 2931/1/2931 2286/1/2286 2289/1/2289 
f 2936/1/2936 2925/1/2925 2934/1/2934 
f 2936/1/2936 2405/1/2405 1618/1/1618 
f 2937/1/2937 2921/1/2921 2925/1/2925 
f 2940/1/2940 2943/1/2943 2938/1/2938 
f 2939/1/2939 2957/1/2957 2941/1/2941 
f 2940/1/2940 2941/1/2941 2942/1/2942 
f 2930/1/2930 2929/1/2929 2943/1/2943 
f 2945/1/2945 2929/1/2929 2933/1/2933 
f 2933/1/2933 2289/1/2289 2297/1/2297 
f 2297/1/2297 2295/1/2295 2494/1/2494 
f 2494/1/2494 2493/1/2493 2945/1/2945 
f 2948/1/2948 2949/1/2949 2946/1/2946 
f 2947/1/2947 1614/1/1614 1613/1/1613 
f 1613/1/1613 1519/1/1519 1518/1/1518 
f 1518/1/1518 2950/1/2950 2949/1/2949 
f 2951/1/2951 2949/1/2949 2950/1/2950 
f 2939/1/2939 2938/1/2938 2953/1/2953 
f 2954/1/2954 2953/1/2953 2955/1/2955 
f 2954/1/2954 2956/1/2956 2957/1/2957 
f 2960/1/2960 2964/1/2964 2958/1/2958 
f 2959/1/2959 2974/1/2974 2961/1/2961 
f 2960/1/2960 2961/1/2961 2962/1/2962 
f 2963/1/2963 2965/1/2965 2964/1/2964 
f 2967/1/2967 2964/1/2964 2965/1/2965 
f 2966/1/2966 1623/1/1623 1625/1/1625 
f 2967/1/2967 1625/1/1625 1616/1/1616 
f 2968/1/2968 2958/1/2958 2964/1/2964 
f 2969/1/2969 1642/1/1642 2378/1/2378 
f 2969/1/2969 2970/1/2970 2962/1/2962 
f 2971/1/2971 1643/1/1643 1642/1/1642 
f 2972/1/2972 2970/1/2970 2916/1/2916 
f 2922/1/2922 2921/1/2921 2973/1/2973 
f 2972/1/2972 2973/1/2973 2965/1/2965 
f 2963/1/2963 2962/1/2962 2970/1/2970 
f 2961/1/2961 2975/1/2975 2971/1/2971 
f 2975/1/2975 2961/1/2961 2974/1/2974 
f 2975/1/2975 2465/1/2465 1636/1/1636 
f 1633/1/1633 1643/1/1643 2971/1/2971 
f 2978/1/2978 2988/1/2988 2976/1/2976 
f 2976/1/2976 2955/1/2955 2953/1/2953 
f 2977/1/2977 2953/1/2953 2938/1/2938 
f 2977/1/2977 2979/1/2979 2980/1/2980 
f 2981/1/2981 2973/1/2973 2921/1/2921 
f 2937/1/2937 1618/1/1618 1622/1/1622 
f 2981/1/2981 1622/1/1622 1623/1/1623 
f 2966/1/2966 2965/1/2965 2973/1/2973 
f 2979/1/2979 2938/1/2938 2943/1/2943 
f 2982/1/2982 2943/1/2943 2929/1/2929 
f 2982/1/2982 2945/1/2945 2493/1/2493 
f 2983/1/2983 2980/1/2980 2979/1/2979 
f 2984/1/2984 2986/1/2986 2876/1/2876 
f 2893/1/2893 2311/1/2311 2316/1/2316 
f 2984/1/2984 2316/1/2316 2321/1/2321 
f 2985/1/2985 2988/1/2988 2986/1/2986 
f 2987/1/2987 2989/1/2989 2886/1/2886 
f 2877/1/2877 2876/1/2876 2986/1/2986 
f 2987/1/2987 2986/1/2986 2988/1/2988 
f 2978/1/2978 2980/1/2980 2989/1/2989 
f 2990/1/2990 2320/1/2320 2319/1/2319 
f 2976/1/2976 2990/1/2990 2480/1/2480 
f 2990/1/2990 2976/1/2976 2988/1/2988 
f 2985/1/2985 2321/1/2321 2320/1/2320 
f 2991/1/2991 2995/1/2995 2406/1/2406 
f 2935/1/2935 2934/1/2934 2992/1/2992 
f 2991/1/2991 2992/1/2992 2993/1/2993 
f 2994/1/2994 3004/1/3004 2995/1/2995 
f 2996/1/2996 2989/1/2989 2980/1/2980 
f 2983/1/2983 2493/1/2493 2498/1/2498 
f 2996/1/2996 2498/1/2498 2499/1/2499 
f 2887/1/2887 2886/1/2886 2989/1/2989 
f 2997/1/2997 2992/1/2992 2934/1/2934 
f 2926/1/2926 2924/1/2924 2928/1/2928 
f 2997/1/2997 2928/1/2928 2402/1/2402 
f 2998/1/2998 2993/1/2993 2992/1/2992 
f 2999/1/2999 3002/1/3002 2911/1/2911 
f 2908/1/2908 2413/1/2413 2412/1/2412 
f 2999/1/2999 2412/1/2412 3000/1/3000 
f 3001/1/3001 3004/1/3004 3002/1/3002 
f 3003/1/3003 3005/1/3005 2899/1/2899 
f 2912/1/2912 2911/1/2911 3002/1/3002 
f 3003/1/3003 3002/1/3002 3004/1/3004 
f 2994/1/2994 2993/1/2993 3005/1/3005 
f 3006/1/3006 3001/1/3001 3000/1/3000 
f 2410/1/2410 2408/1/2408 2407/1/2407 
f 2407/1/2407 2406/1/2406 2995/1/2995 
f 3006/1/3006 2995/1/2995 3004/1/3004 
f 3007/1/3007 3005/1/3005 2993/1/2993 
f 2998/1/2998 2402/1/2402 2401/1/2401 
f 3007/1/3007 2401/1/2401 2394/1/2394 
f 2900/1/2900 2899/1/2899 3005/1/3005 
f 3010/1/3010 3012/1/3012 3008/1/3008 
f 3009/1/3009 167/1/167 166/1/166 
f 3010/1/3010 166/1/166 172/1/172 
f 3011/1/3011 3013/1/3013 3012/1/3012 
f 3015/1/3015 3012/1/3012 3013/1/3013 
f 2650/1/2650 3015/1/3015 3014/1/3014 
f 2650/1/2650 2649/1/2649 3016/1/3016 
f 3016/1/3016 3008/1/3008 3012/1/3012 
f 3017/1/3017 3018/1/3018 2572/1/2572 
f 2571/1/2571 160/1/160 159/1/159 
f 3017/1/3017 159/1/159 167/1/167 
f 3009/1/3009 3008/1/3008 3018/1/3018 
f 2661/1/2661 3019/1/3019 3016/1/3016 
f 3019/1/3019 2661/1/2661 2438/1/2438 
f 3019/1/3019 3018/1/3018 3008/1/3008 
f 3020/1/3020 2459/1/2459 2458/1/2458 
f 3014/1/3014 3013/1/3013 3021/1/3021 
f 3020/1/3020 3021/1/3021 3022/1/3022 
f 3026/1/3026 3027/1/3027 3024/1/3024 
f 3025/1/3025 2625/1/2625 2629/1/2629 
f 3026/1/3026 2629/1/2629 2623/1/2623 
f 2698/1/2698 2695/1/2695 3027/1/3027 
f 3029/1/3029 170/1/170 314/1/314 
f 3028/1/3028 314/1/314 318/1/318 
f 3028/1/3028 3030/1/3030 3024/1/3024 
f 3031/1/3031 3022/1/3022 3029/1/3029 
f 3032/1/3032 3021/1/3021 3013/1/3013 
f 3011/1/3011 172/1/172 171/1/171 
f 3032/1/3032 171/1/171 170/1/170 
f 3029/1/3029 3022/1/3022 3021/1/3021 
f 3033/1/3033 3027/1/3027 2695/1/2695 
f 2694/1/2694 2693/1/2693 3023/1/3023 
f 3031/1/3031 3024/1/3024 3027/1/3027 
f 3030/1/3030 318/1/318 317/1/317 
f 2636/1/2636 3034/1/3034 317/1/317 
f 3034/1/3034 2636/1/2636 2625/1/2625 
f 3025/1/3025 3024/1/3024 3030/1/3030 
f 3035/1/3035 2892/1/2892 2895/1/2895 
f 2881/1/2881 2880/1/2880 3036/1/3036 
f 3036/1/3036 3047/1/3047 3037/1/3037 
f 3035/1/3035 3037/1/3037 2726/1/2726 
f 3038/1/3038 3041/1/3041 2885/1/2885 
f 3038/1/3038 2884/1/2884 2481/1/2481 
f 2730/1/2730 2729/1/2729 3039/1/3039 
f 3038/1/3038 3039/1/3039 3040/1/3040 
f 3043/1/3043 1410/1/1410 1409/1/1409 
f 1409/1/1409 1331/1/1331 3044/1/3044 
f 3042/1/3042 3044/1/3044 3040/1/3040 
f 3045/1/3045 3047/1/3047 3043/1/3043 
f 3046/1/3046 3036/1/3036 2880/1/2880 
f 3046/1/3046 3043/1/3043 3047/1/3047 
f 3048/1/3048 3039/1/3039 2729/1/2729 
f 2727/1/2727 2726/1/2726 3037/1/3037 
f 3048/1/3048 3037/1/3037 3047/1/3047 
f 3045/1/3045 3040/1/3040 3039/1/3039 
f 3049/1/3049 3041/1/3041 3040/1/3040 
f 1330/1/1330 3049/1/3049 3044/1/3044 
f 2873/1/2873 2885/1/2885 3041/1/3041 
f 3050/1/3050 2467/1/2467 2974/1/2974 
f 2959/1/2959 2958/1/2958 3051/1/3051 
f 3050/1/3050 3051/1/3051 3052/1/3052 
f 3053/1/3053 2468/1/2468 2467/1/2467 
f 3054/1/3054 3051/1/3051 2958/1/2958 
f 2968/1/2968 1616/1/1616 1615/1/1615 
f 1615/1/1615 1614/1/1614 3055/1/3055 
f 3055/1/3055 3052/1/3052 3051/1/3051 
f 3056/1/3056 3055/1/3055 1614/1/1614 
f 2947/1/2947 2946/1/2946 3057/1/3057 
f 3056/1/3056 3057/1/3057 3058/1/3058 
f 3059/1/3059 3052/1/3052 3055/1/3055 
f 3060/1/3060 3061/1/3061 2474/1/2474 
f 2470/1/2470 2468/1/2468 3053/1/3053 
f 3060/1/3060 3053/1/3053 3052/1/3052 
f 3059/1/3059 3058/1/3058 3061/1/3061 
f 3062/1/3062 2956/1/2956 2477/1/2477 
f 2475/1/2475 2474/1/2474 3061/1/3061 
f 3062/1/3062 3061/1/3061 3058/1/3058 
f 3063/1/3063 2957/1/2957 2956/1/2956 
f 3064/1/3064 3057/1/3057 2946/1/2946 
f 2952/1/2952 2942/1/2942 2941/1/2941 
f 3064/1/3064 2941/1/2941 2957/1/2957 
f 3063/1/3063 3058/1/3058 3057/1/3057 
f 3065/1/3065 3068/1/3068 2357/1/2357 
f 2355/1/2355 2354/1/2354 2376/1/2376 
f 3065/1/3065 2376/1/2376 2365/1/2365 
f 3071/1/3071 3072/1/3072 3069/1/3069 
f 3071/1/3071 3070/1/3070 3067/1/3067 
f 3066/1/3066 2365/1/2365 2364/1/2364 
f 2364/1/2364 2363/1/2363 3072/1/3072 
f 3075/1/3075 3076/1/3076 3073/1/3073 
f 3074/1/3074 3069/1/3069 3072/1/3072 
f 3075/1/3075 3072/1/3072 2363/1/2363 
f 2152/1/2152 2151/1/2151 3076/1/3076 
f 3076/1/3076 3079/1/3079 3077/1/3077 
f 2154/1/2154 3079/1/3079 3076/1/3076 
f 3079/1/3079 2154/1/2154 2157/1/2157 
f 3078/1/3078 3080/1/3080 3077/1/3077 
f 3081/1/3081 3084/1/3084 3080/1/3080 
f 3078/1/3078 2157/1/2157 2161/1/2161 
f 3081/1/3081 2161/1/2161 3082/1/3082 
f 3083/1/3083 3122/1/3122 3084/1/3084 
f 3087/1/3087 3088/1/3088 3085/1/3085 
f 3086/1/3086 3122/1/3122 3083/1/3083 
f 3087/1/3087 3083/1/3083 3082/1/3082 
f 2165/1/2165 2164/1/2164 3088/1/3088 
f 3090/1/3090 3085/1/3085 3088/1/3088 
f 3089/1/3089 3088/1/3088 2164/1/2164 
f 3091/1/3091 3089/1/3089 2169/1/2169 
f 3091/1/3091 3095/1/3095 3090/1/3090 
f 3092/1/3092 3094/1/3094 2326/1/2326 
f 2331/1/2331 2330/1/2330 2342/1/2342 
f 3092/1/3092 2342/1/2342 2346/1/2346 
f 3093/1/3093 3100/1/3100 3094/1/3094 
f 3096/1/3096 3097/1/3097 3095/1/3095 
f 3091/1/3091 2168/1/2168 2327/1/2327 
f 2327/1/2327 2326/1/2326 3094/1/3094 
f 3094/1/3094 3100/1/3100 3097/1/3097 
f 3098/1/3098 2350/1/2350 2357/1/2357 
f 3103/1/3103 3106/1/3106 3101/1/3101 
f 3103/1/3103 3102/1/3102 3104/1/3104 
f 3070/1/3070 3069/1/3069 3106/1/3106 
f 3107/1/3107 3109/1/3109 3101/1/3101 
f 3107/1/3107 3106/1/3106 3069/1/3069 
f 3107/1/3107 3074/1/3074 3073/1/3073 
f 3108/1/3108 3110/1/3110 3109/1/3109 
f 3111/1/3111 3113/1/3113 3110/1/3110 
f 3108/1/3108 3073/1/3073 3077/1/3077 
f 3111/1/3111 3077/1/3077 3080/1/3080 
f 3112/1/3112 3114/1/3114 3113/1/3113 
f 3115/1/3115 3118/1/3118 3114/1/3114 
f 3112/1/3112 3080/1/3080 3084/1/3084 
f 3084/1/3084 3122/1/3122 3116/1/3116 
f 3118/1/3118 3115/1/3115 3116/1/3116 
f 3121/1/3121 3123/1/3123 3119/1/3119 
f 3120/1/3120 3117/1/3117 3116/1/3116 
f 3121/1/3121 3116/1/3116 3122/1/3122 
f 3086/1/3086 3085/1/3085 3123/1/3123 
f 3124/1/3124 3128/1/3128 3101/1/3101 
f 3125/1/3125 3124/1/3124 3109/1/3109 
f 3124/1/3124 3125/1/3125 3126/1/3126 
f 3127/1/3127 3141/1/3141 3128/1/3128 
f 3129/1/3129 3132/1/3132 3126/1/3126 
f 3125/1/3125 3110/1/3110 3113/1/3113 
f 3129/1/3129 3113/1/3113 3114/1/3114 
f 3129/1/3129 3130/1/3130 3131/1/3131 
f 3135/1/3135 3136/1/3136 3133/1/3133 
f 3134/1/3134 3119/1/3119 3123/1/3123 
f 3135/1/3135 3123/1/3123 3085/1/3085 
f 3090/1/3090 3095/1/3095 3136/1/3136 
f 3137/1/3137 3140/1/3140 3131/1/3131 
f 3130/1/3130 3114/1/3114 3118/1/3118 
f 3137/1/3137 3118/1/3118 3117/1/3117 
f 3137/1/3137 3138/1/3138 3139/1/3139 
f 3142/1/3142 3143/1/3143 3141/1/3141 
f 3127/1/3127 3126/1/3126 3132/1/3132 
f 3142/1/3142 3132/1/3132 3131/1/3131 
f 3140/1/3140 3139/1/3139 3143/1/3143 
f 3146/1/3146 3148/1/3148 3144/1/3144 
f 3145/1/3145 3141/1/3141 3143/1/3143 
f 3146/1/3146 3143/1/3143 3139/1/3139 
f 3147/1/3147 3151/1/3151 3148/1/3148 
f 3149/1/3149 3138/1/3138 3117/1/3117 
f 3120/1/3120 3119/1/3119 3150/1/3150 
f 3149/1/3149 3150/1/3150 3151/1/3151 
f 3147/1/3147 3139/1/3139 3138/1/3138 
f 3154/1/3154 3155/1/3155 3152/1/3152 
f 3153/1/3153 3100/1/3100 3099/1/3099 
f 3157/1/3157 3104/1/3104 3102/1/3102 
f 3102/1/3102 3101/1/3101 3128/1/3128 
f 3156/1/3156 3128/1/3128 3141/1/3141 
f 3145/1/3145 3144/1/3144 3157/1/3157 
f 3161/1/3161 3163/1/3163 3159/1/3159 
f 3160/1/3160 3133/1/3133 3158/1/3158 
f 3161/1/3161 3158/1/3158 3152/1/3152 
f 3162/1/3162 3144/1/3144 3163/1/3163 
f 3162/1/3162 3152/1/3152 3155/1/3155 
f 3164/1/3164 3155/1/3155 3104/1/3104 
f 3166/1/3166 3148/1/3148 3151/1/3151 
f 3165/1/3165 3159/1/3159 3163/1/3163 
f 3163/1/3163 3144/1/3144 3148/1/3148 
f 3167/1/3167 3150/1/3150 3119/1/3119 
f 3134/1/3134 3133/1/3133 3160/1/3160 
f 3167/1/3167 3160/1/3160 3159/1/3159 
f 3165/1/3165 3151/1/3151 3150/1/3150 
f 3170/1/3170 3172/1/3172 3168/1/3168 
f 3168/1/3168 3239/1/3239 3171/1/3171 
f 3169/1/3169 3171/1/3171 1/1/1 
f 3173/1/3173 3174/1/3174 3172/1/3172 
f 3170/1/3170 36/1/36 40/1/40 
f 3173/1/3173 40/1/40 33/1/33 
f 28/1/28 27/1/27 3174/1/3174 
f 3224/1/3224 27/1/27 26/1/26 
f 3175/1/3175 3180/1/3180 1734/1/1734 
f 1733/1/1733 1738/1/1738 3176/1/3176 
f 3175/1/3175 3176/1/3176 3177/1/3177 
f 3175/1/3175 3178/1/3178 3179/1/3179 
f 3182/1/3182 3177/1/3177 3176/1/3176 
f 3181/1/3181 3176/1/3176 1738/1/1738 
f 2232/1/2232 2233/1/2233 3183/1/3183 
f 3181/1/3181 3183/1/3183 3184/1/3184 
f 3187/1/3187 3189/1/3189 3185/1/3185 
f 3186/1/3186 3179/1/3179 3178/1/3178 
f 3187/1/3187 3178/1/3178 3177/1/3177 
f 3188/1/3188 3246/1/3246 3189/1/3189 
f 3190/1/3190 3183/1/3183 2233/1/2233 
f 3190/1/3190 2229/1/2229 1745/1/1745 
f 3192/1/3192 2220/1/2220 2227/1/2227 
f 3191/1/3191 2227/1/2227 2226/1/2226 
f 2224/1/2224 1730/1/1730 1729/1/1729 
f 3194/1/3194 1729/1/1729 3195/1/3195 
f 3197/1/3197 3196/1/3196 3195/1/3195 
f 3200/1/3200 3218/1/3218 3198/1/3198 
f 3199/1/3199 3198/1/3198 47/1/47 
f 3199/1/3199 53/1/53 70/1/70 
f 3201/1/3201 70/1/70 69/1/69 
f 3204/1/3204 3205/1/3205 3202/1/3202 
f 3204/1/3204 2539/1/2539 2538/1/2538 
f 3205/1/3205 2538/1/2538 2536/1/2536 
f 2520/1/2520 2524/1/2524 3202/1/3202 
f 2534/1/2534 3206/1/3206 3202/1/3202 
f 2534/1/2534 1734/1/1734 3180/1/3180 
f 3207/1/3207 3206/1/3206 3180/1/3180 
f 3206/1/3206 3207/1/3207 3203/1/3203 
f 3209/1/3209 3203/1/3203 3207/1/3207 
f 3208/1/3208 3207/1/3207 3179/1/3179 
f 3211/1/3211 2539/1/2539 3204/1/3204 
f 3210/1/3210 3204/1/3204 3203/1/3203 
f 2549/1/2549 2548/1/2548 3215/1/3215 
f 3214/1/3214 3216/1/3216 3212/1/3212 
f 3214/1/3214 3215/1/3215 2548/1/2548 
f 2558/1/2558 2557/1/2557 3216/1/3216 
f 3217/1/3217 3216/1/3216 2557/1/2557 
f 2512/1/2512 47/1/47 3198/1/3198 
f 3217/1/3217 3198/1/3198 3218/1/3218 
f 3219/1/3219 3212/1/3212 3216/1/3216 
f 3219/1/3219 3218/1/3218 3221/1/3221 
f 3223/1/3223 3172/1/3172 3174/1/3174 
f 3222/1/3222 3174/1/3174 27/1/27 
f 3224/1/3224 3250/1/3250 3225/1/3225 
f 3222/1/3222 3225/1/3225 3226/1/3226 
f 3228/1/3228 3226/1/3226 3225/1/3225 
f 3229/1/3229 3235/1/3235 3226/1/3226 
f 3232/1/3232 3234/1/3234 3230/1/3230 
f 2425/1/2425 2424/1/2424 3233/1/3233 
f 3233/1/3233 3241/1/3241 3234/1/3234 
f 3238/1/3238 3168/1/3168 3172/1/3172 
f 3223/1/3223 3226/1/3226 3235/1/3235 
f 3240/1/3240 3233/1/3233 2424/1/2424 
f 3240/1/3240 3242/1/3242 3241/1/3241 
f 3244/1/3244 3241/1/3241 3242/1/3242 
f 3243/1/3243 3242/1/3242 3239/1/3239 
f 3237/1/3237 3236/1/3236 3245/1/3245 
f 3247/1/3247 3188/1/3188 3177/1/3177 
# 0 polygons - 6431 triangles

