# 3ds Max Wavefront OBJ Exporter v0.99 - (c)2007 guruware
# File Created: 22.04.2025 15:13:20

mtllib ala_izq.mtl

#
# object alaizq
#

v  -1.4804 0.3981 0.8766
v  -1.4979 0.5569 1.0695
v  -1.5496 0.6230 1.0056
v  -1.5691 0.7658 1.1960
v  -1.6219 0.8188 1.1417
v  -1.5958 0.6735 0.9503
v  -1.5194 0.4739 0.8085
v  -1.6436 1.0479 1.4681
v  -1.6361 0.9467 1.3199
v  -1.5743 0.8791 1.3715
v  -1.5090 0.6977 1.2593
v  -1.5092 0.7951 1.4283
v  -1.5731 0.9630 1.5175
v  -1.1799 0.6390 1.3140
v  -1.1694 0.7297 1.4729
v  -1.3957 0.7190 1.4828
v  -1.1742 0.7383 1.6148
v  -1.5031 0.8620 1.5677
v  -1.4025 0.6197 1.3304
v  -1.1796 0.5102 1.1235
v  -1.3867 0.4998 1.1351
v  -1.3635 0.3616 0.9284
v  -0.2219 0.2919 1.1859
v  -0.3597 0.3716 1.1995
v  -0.3977 0.2664 1.0162
v  -0.5904 0.3610 1.0313
v  -0.6114 0.2471 0.8248
v  -0.4357 0.1483 0.8181
v  -0.2756 0.1847 1.0187
v  -1.1661 0.3979 0.9040
v  -0.8834 0.3645 0.8508
v  -0.8784 0.4872 1.0598
v  -0.5682 0.4678 1.2291
v  -0.8659 0.6127 1.2592
v  -0.9407 0.7765 0.4300
v  -1.0439 0.8867 0.3817
v  -1.0238 0.9910 0.5902
v  -1.1395 1.0829 0.5287
v  -1.1065 1.2010 0.7194
v  -1.0076 1.0913 0.7981
v  -0.9127 0.8854 0.6359
v  -0.4873 0.9988 1.1700
v  -0.5299 0.9078 1.0401
v  -0.6842 0.9906 1.0364
v  -0.7255 0.8937 0.8579
v  -0.8812 0.9920 0.8383
v  -0.8479 1.0851 1.0191
v  -0.8162 1.1685 1.1571
v  -0.6412 1.0838 1.1630
v  -1.0416 1.4118 0.9992
v  -0.9471 1.2843 1.1031
v  -0.9896 1.1843 0.9826
v  -1.0777 1.3052 0.8900
v  -1.4529 1.1373 0.7120
v  -1.2820 1.2087 0.6880
v  -1.3174 1.0760 0.5087
v  -1.1748 0.9553 0.3422
v  -1.3518 0.9391 0.3391
v  -1.4747 0.9841 0.5503
v  -1.9481 2.0494 2.3349
v  -1.8632 2.0138 2.3863
v  -1.9292 2.2427 2.5124
v  -1.8469 2.2338 2.5480
v  -1.9399 2.4464 2.7022
v  -2.0162 2.4518 2.6621
v  -1.9996 2.2598 2.4652
v  -1.1702 0.7602 1.7053
v  -1.3736 0.8241 1.6996
v  -1.3552 0.8675 1.7696
v  -1.4825 0.9526 1.7482
v  -1.4933 0.9119 1.6669
v  -1.3854 0.7808 1.6088
v  -1.1211 0.9118 1.8457
v  -1.3105 0.9785 1.8821
v  -1.3330 0.9158 1.8353
v  -1.4518 1.0488 1.8894
v  -1.4675 0.9974 1.8275
v  -1.1395 0.8444 1.8158
v  -1.5747 1.0579 1.7010
v  -1.6500 1.1122 1.5697
v  -1.5722 1.0186 1.6194
v  -1.5783 1.0963 1.7845
v  -1.6623 1.2044 1.7242
v  -1.5820 1.1401 1.8553
v  -1.6548 1.1591 1.6471
v  -0.8524 0.6750 1.4473
v  -0.5372 0.5574 1.4129
v  -0.5457 0.5252 1.5903
v  -0.8666 0.6350 1.6160
v  -0.8739 0.6387 1.7209
v  -0.5618 0.5167 1.7107
v  -0.5636 0.5643 1.7844
v  -0.8675 0.6843 1.7808
v  -0.8540 0.7482 1.8068
v  -1.1575 0.7962 1.7660
v  -0.5541 0.6389 1.8137
v  -0.5420 0.7158 1.8146
v  -0.8413 0.8194 1.8140
v  -0.3171 0.4530 1.3629
v  -0.1671 0.3655 1.3247
v  -0.1473 0.3628 1.4716
v  -0.3068 0.4453 1.5268
v  1.5111 -0.0296 1.2663
v  1.5751 0.0144 1.3208
v  1.5196 -0.0947 1.4137
v  1.5459 -0.0597 1.4626
v  1.4129 -0.0886 1.5314
v  1.3892 -0.1176 1.4862
v  1.4558 -0.1221 1.3600
v  1.5257 0.0337 1.5464
v  1.4590 -0.0065 1.5807
v  1.4375 -0.0506 1.5628
v  1.5579 -0.0197 1.5058
v  1.6023 0.0481 1.3704
v  1.6040 0.0817 1.4246
v  1.5661 0.1166 1.4893
v  1.3492 0.0410 1.2034
v  1.3677 -0.0411 1.2440
v  1.2105 -0.0463 1.2108
v  1.2980 0.1144 1.1905
v  1.2169 -0.0018 1.1528
v  1.3990 0.1586 1.2111
v  1.4813 0.0735 1.2138
v  -1.0181 1.4794 1.0563
v  -0.9184 1.3569 1.1694
v  -1.0099 1.5309 1.1021
v  -0.8961 1.4163 1.1998
v  -0.7622 1.3095 1.2520
v  -0.7993 1.2354 1.2408
v  0.5545 -0.1362 1.1720
v  0.6382 -0.0180 1.3262
v  0.5117 0.0394 1.3388
v  0.5465 0.0711 1.5166
v  0.3926 0.0970 1.3474
v  0.3373 -0.0264 1.1863
v  0.4451 -0.0827 1.1808
v  0.7017 0.0255 1.4896
v  0.7391 0.0361 1.6037
v  0.5742 0.0845 1.6373
v  0.6077 0.1292 1.7068
v  0.4629 0.1812 1.7295
v  0.4331 0.1333 1.6571
v  0.4074 0.8350 1.3109
v  0.3516 0.7632 1.2661
v  0.1938 0.8779 1.2477
v  0.1362 0.7856 1.2502
v  0.0214 0.8804 1.2389
v  0.0624 0.9769 1.2457
v  0.2473 0.9696 1.2910
v  0.4104 0.8343 1.4736
v  0.4214 0.8521 1.3941
v  0.2679 1.0050 1.3983
v  0.0981 1.0680 1.3013
v  0.1185 1.1123 1.4107
v  0.2477 0.9732 1.4996
v  0.0794 1.0349 1.6002
v  0.0465 0.9762 1.6664
v  0.1810 0.8622 1.6368
v  0.3499 0.7350 1.6068
v  0.3839 0.7913 1.5396
v  0.2199 0.9243 1.5731
v  0.1062 1.0871 1.5223
v  -1.0164 1.5875 1.1665
v  -0.8918 1.4684 1.2467
v  -0.9004 1.5094 1.3057
v  -0.7406 1.4055 1.3409
v  -0.7431 1.3675 1.2874
v  -0.7615 1.4247 1.4650
v  -0.7490 1.4248 1.4009
v  -0.9143 1.5384 1.3685
v  -1.0322 1.6350 1.2416
v  -1.0494 1.6741 1.3239
v  -0.9232 1.5527 1.4405
v  -1.8339 1.6549 2.0856
v  -1.7321 1.5819 2.1401
v  -1.8086 1.7778 2.2730
v  -1.6936 1.7448 2.3106
v  -1.7672 1.9923 2.4254
v  -1.9016 1.8355 2.2101
v  -1.6047 1.5367 2.1645
v  -1.4819 1.5126 2.1645
v  -1.5841 1.7309 2.3252
v  -1.3982 1.6839 2.3532
v  -1.4946 1.9268 2.5218
v  -1.6720 1.9835 2.4573
v  -1.2956 1.4586 2.1778
v  -0.9737 1.3402 2.2213
v  -1.0514 1.5584 2.4254
v  -0.6901 1.3517 2.5591
v  -0.7492 1.5676 2.8028
v  -1.1337 1.7871 2.6324
v  -0.6409 1.1515 2.3187
v  -0.3381 1.0220 2.3893
v  -0.3659 1.1932 2.6642
v  -0.1093 1.0843 2.7385
v  -0.1337 1.2651 3.0351
v  -0.4071 1.3876 2.9408
v  1.8181 0.5460 3.0247
v  2.0014 0.7068 3.4341
v  2.0120 0.6351 3.4381
v  1.7311 0.3874 2.5866
v  1.6882 0.4437 2.5843
v  1.7693 0.5740 3.0345
v  1.9703 0.7630 3.4376
v  0.5751 0.9506 2.3958
v  0.3363 1.0850 2.3797
v  0.4249 1.2100 2.6693
v  0.1769 1.3228 2.6406
v  0.2167 1.4694 2.9214
v  0.4911 1.3551 2.9713
v  0.6842 1.0462 2.7313
v  -1.1436 1.9471 1.9868
v  -1.1770 2.0871 2.1474
v  -0.9809 1.9542 2.2482
v  -1.0102 2.1312 2.4227
v  -0.7811 2.0148 2.5164
v  -0.7677 1.8460 2.3204
v  -0.9688 1.8052 2.0683
v  0.6518 0.9710 3.2437
v  0.6183 0.7815 2.8986
v  0.8422 0.6911 2.9420
v  0.8083 0.6007 2.5392
v  1.0403 0.5031 2.5672
v  1.0975 0.5821 2.9928
v  0.9053 0.8844 3.2992
v  -1.5404 2.2709 1.7573
v  -1.5778 2.4078 1.8461
v  -1.3238 2.3115 1.9551
v  -1.3859 2.4722 2.0957
v  -1.2267 2.2600 2.3061
v  -1.2782 2.1824 1.8264
v  1.4803 0.2646 1.4374
v  1.4330 0.2770 1.5274
v  1.4715 0.2129 1.5460
v  1.4242 0.2439 1.6456
v  1.4806 0.1563 1.5700
v  1.5416 0.1930 1.4542
v  0.7737 0.0696 1.6726
v  0.8113 0.1228 1.7211
v  0.6413 0.1903 1.7486
v  0.6690 0.2538 1.7646
v  0.4929 0.2503 1.7621
v  -1.0531 1.6804 1.6002
v  -0.9254 1.5193 1.6072
v  -0.9297 1.5319 1.5257
v  -0.7792 1.3941 1.5299
v  -1.0557 1.7038 1.4115
v  -1.0450 1.7098 1.5142
v  -1.0810 1.7244 1.7082
v  -1.1116 1.8177 1.8322
v  -0.9585 1.6641 1.8905
v  -0.7783 1.6903 2.1270
v  -0.7916 1.5397 1.9306
v  -0.9375 1.5704 1.7395
v  -1.4725 1.1796 1.9609
v  -1.6147 1.2754 1.9446
v  -1.5923 1.1912 1.9004
v  -1.6949 1.3182 1.8478
v  -1.6748 1.2553 1.7937
v  -1.4500 1.0969 1.9228
v  -1.6622 1.4123 2.0254
v  -1.7712 1.5137 1.9824
v  -1.7259 1.4015 1.9045
v  -1.5251 1.3422 2.0381
v  -1.1281 1.1129 1.9062
v  -1.3244 1.1441 1.9473
v  -1.3026 1.0440 1.9101
v  -1.1117 0.9936 1.8639
v  -1.3887 1.3136 2.0285
v  -1.1968 1.2681 2.0221
v  -0.8319 0.8965 1.8204
v  -0.5355 0.7746 1.8317
v  -0.5498 0.8442 1.9162
v  -0.8421 1.0036 1.8856
v  -0.8988 1.1484 2.0363
v  -0.5917 0.9716 2.0932
v  -0.0820 0.6794 1.9832
v  -0.2853 0.7546 1.9447
v  -0.2822 0.6859 1.8670
v  -0.2928 0.6287 1.8423
v  -0.0905 0.6043 1.9214
v  -0.1066 0.9186 2.4485
v  -0.3115 0.8633 2.1388
v  -0.0990 0.7697 2.1871
v  1.4347 0.3422 1.8520
v  1.4731 0.2952 1.8707
v  1.4282 0.2659 1.7248
v  1.4433 0.2155 1.7426
v  1.4344 0.1960 1.6706
v  1.3930 0.3133 1.6997
v  1.6350 0.4753 2.5800
v  1.5747 0.3625 2.1751
v  1.5840 0.3040 2.1881
v  1.4897 0.2427 1.8797
v  1.5281 0.4075 2.1617
v  0.0308 0.9516 1.7624
v  0.1784 0.8567 1.7335
v  0.2011 0.8915 1.8761
v  0.3868 0.7752 1.8441
v  0.3540 0.7402 1.7012
v  0.4673 0.8518 2.0883
v  0.2543 0.9672 2.1059
v  0.0517 0.9999 1.9003
v  0.0730 1.0665 2.1222
v  -0.9212 1.5340 1.6608
v  -1.0645 1.6808 1.6474
v  -0.7888 1.4388 1.7587
v  -0.7767 1.4040 1.6602
v  -1.2380 2.0637 1.7033
v  -1.2057 1.9697 1.6013
v  -1.4633 2.0655 1.5667
v  -1.5003 2.1588 1.6567
v  -3.2082 3.8786 2.9000
v  -3.2327 3.8552 2.8694
v  -3.1967 3.8822 2.8547
v  -3.2303 3.8813 2.8145
v  -3.1906 3.9316 2.8023
v  -3.1605 3.9318 2.8489
v  -3.1794 3.9048 2.8976
v  -3.3230 3.9926 2.8775
v  -3.3057 4.0340 2.8581
v  -3.3275 3.9998 2.8147
v  -3.2756 4.0683 2.7860
v  -3.2654 4.0130 2.7547
v  -3.3200 3.9483 2.7785
v  -3.3448 3.9503 2.8595
v  -3.2784 4.0044 2.9452
v  -3.2485 4.0524 2.9404
v  -3.2802 4.0542 2.9008
v  -3.2330 4.1276 2.8836
v  -3.2599 4.1077 2.8339
v  -3.3099 3.9937 2.9159
v  -3.1391 3.9544 2.8962
v  -3.1238 3.9889 2.9422
v  -3.1716 3.9307 2.9417
v  -3.1855 3.9712 2.9741
v  -3.2431 3.9192 2.9566
v  -3.2209 3.8858 2.9294
v  -3.1105 3.9964 2.8524
v  -3.1381 4.0016 2.8042
v  -3.0706 4.0572 2.8082
v  -3.0491 4.0523 2.8618
v  -3.0233 4.0629 2.9126
v  -3.0913 4.0211 2.8990
v  -3.1652 4.0317 2.7572
v  -3.2283 3.9573 2.7554
v  -3.0908 4.0918 2.7609
v  -3.1933 4.0862 2.7265
v  -3.1947 4.2032 2.8061
v  -3.2058 4.1537 2.7521
v  -3.1084 4.2215 2.7263
v  -3.1031 4.1446 2.7199
v  -3.1995 4.1242 2.9322
v  -3.1299 4.2057 2.9230
v  -3.1640 4.2172 2.8668
v  -3.0699 4.2897 2.8525
v  -3.0955 4.2766 2.7833
v  -3.1624 4.0903 2.9713
v  -3.0957 4.1661 2.9667
v  -3.0680 4.1072 2.9801
v  -3.0029 4.1643 2.9843
v  -3.0169 4.2243 2.9594
v  -3.0036 4.0969 2.9696
v  -3.0702 4.0571 2.9416
v  -3.1290 4.0357 2.9818
v  -2.9812 4.0589 2.8775
v  -2.9985 4.0704 2.8183
v  -2.9312 4.0638 2.8341
v  -2.9210 4.0538 2.8979
v  -2.9627 4.0675 2.9403
v  -3.0084 4.1062 2.7659
v  -3.0089 4.1628 2.7309
v  -2.9255 4.1603 2.7512
v  -2.9322 4.0988 2.7766
v  -2.9824 4.2912 2.7827
v  -2.9987 4.2347 2.7344
v  -2.9091 4.2244 2.7603
v  -3.0419 4.2711 2.9151
v  -2.9451 4.2869 2.9138
v  -2.9630 4.3058 2.8516
v  -2.8718 4.3052 2.8617
v  -2.8897 4.2748 2.8016
v  -2.9347 4.1854 2.9871
v  -2.9350 4.2442 2.9618
v  -2.8691 4.1858 2.9995
v  -2.8604 4.2458 2.9753
v  -2.8609 4.2896 2.9271
v  -2.9056 4.0731 2.9575
v  -2.8882 4.1217 2.9989
v  -2.9471 4.1186 2.9852
v  -2.8316 4.0639 2.3989
v  -2.9114 4.0775 2.3530
v  -2.8740 4.0917 2.2980
v  -2.9840 4.0956 2.3141
v  -2.9441 4.1114 2.2514
v  -2.8973 4.1512 2.2409
v  -2.8414 4.1400 2.2629
v  -2.7906 4.0790 2.3460
v  -2.8043 4.0230 2.5180
v  -2.7378 4.0084 2.5681
v  -2.7642 4.0668 2.6204
v  -2.8828 4.0403 2.4617
v  -2.8203 4.0957 2.5598
v  -2.7476 4.0521 2.4581
v  -2.7313 4.2112 2.6205
v  -2.8035 4.2294 2.5691
v  -2.8279 4.1604 2.5845
v  -2.8895 4.2453 2.5208
v  -2.9061 4.1755 2.5271
v  -2.8989 4.1113 2.5028
v  -2.7639 4.1406 2.6404
v  -2.6958 4.2661 2.5943
v  -2.7671 4.2739 2.5319
v  -2.7274 4.2953 2.4856
v  -2.8097 4.3153 2.4325
v  -2.8543 4.2999 2.4878
v  -2.6504 4.2960 2.5524
v  -2.5993 4.2894 2.4966
v  -2.6874 4.2870 2.4327
v  -2.6565 4.2483 2.3847
v  -2.7422 4.2635 2.3237
v  -2.7676 4.3134 2.3720
v  -2.6456 4.1817 2.3565
v  -2.5526 4.1670 2.4216
v  -2.5950 4.1064 2.4548
v  -2.7379 4.1949 2.3002
v  -2.6684 4.1129 2.3713
v  -2.5637 4.2401 2.4485
v  -2.7548 4.1248 2.3069
v  -2.7076 4.0755 2.4129
v  -2.6337 4.0705 2.4885
v  -2.6742 4.0319 2.5180
v  -2.8738 4.0893 2.7868
v  -2.8649 4.1540 2.7612
v  -2.8230 4.0868 2.7949
v  -2.8743 4.0581 2.8510
v  -2.8137 4.1522 2.7666
v  -2.8470 4.2199 2.7722
v  -2.8255 4.2757 2.8106
v  -2.7936 4.2219 2.7744
v  -2.7982 4.2906 2.9448
v  -2.8075 4.3093 2.8748
v  -2.7516 4.3121 2.8872
v  -2.7705 4.2763 2.8200
v  -2.8118 4.1803 3.0166
v  -2.7999 4.2415 2.9915
v  -2.7436 4.2321 3.0101
v  -2.7423 4.2871 2.9611
v  -2.8325 4.1151 3.0155
v  -2.8494 4.0677 2.9747
v  -2.7980 4.0419 2.9894
v  -2.7783 4.0936 3.0345
v  -2.7557 4.1659 3.0377
v  -2.8216 4.0545 2.8612
v  -2.8117 4.0353 2.9259
v  -2.8653 4.0484 2.9169
v  -2.7614 4.1628 2.7678
v  -2.7762 4.0921 2.7916
v  -2.7312 4.0993 2.7816
v  -2.7273 4.0291 2.8250
v  -2.7341 4.0354 2.6545
v  -2.7327 4.1186 2.6806
v  -2.7196 4.1024 2.7067
v  -2.6659 4.1809 2.7080
v  -2.6877 4.1956 2.6687
v  -2.6451 4.2726 2.8226
v  -2.5942 4.2701 2.7899
v  -2.6403 4.2390 2.7515
v  -2.6242 4.2417 2.7093
v  -2.6819 4.2379 2.7753
v  -2.6683 4.1718 2.7495
v  -2.7077 4.2783 2.8270
v  -2.7358 4.2299 2.7797
v  -2.7117 4.1738 2.7673
v  -2.6477 4.2564 2.6569
v  -2.5920 4.2863 2.6258
v  -2.6806 4.2857 2.9746
v  -2.6885 4.3127 2.8954
v  -2.6229 4.3031 2.8917
v  -2.6970 4.1417 3.0670
v  -2.6824 4.2180 3.0303
v  -2.6182 4.2065 3.0510
v  -2.6138 4.2813 2.9796
v  -2.7200 3.9913 2.6886
v  -2.7373 4.0056 2.7582
v  -2.7083 4.0966 2.7445
v  -2.4144 4.2150 2.6249
v  -2.4840 4.2291 2.5257
v  -2.5308 4.2741 2.5760
v  -2.4734 4.2514 2.6726
v  -2.2998 4.1438 2.7019
v  -2.2087 4.1336 2.8229
v  -2.1912 4.0558 2.7876
v  -2.2998 4.0688 2.6864
v  -2.4359 4.0564 2.5963
v  -2.3821 4.1458 2.5768
v  -2.3448 4.1986 2.7483
v  -2.4636 4.1523 2.4839
v  -2.5289 4.0892 2.5306
v  -2.5199 3.9974 2.5931
v  -2.5736 4.0399 2.5509
v  -2.6257 3.9999 2.5690
v  -2.6937 3.9894 2.6045
v  -2.6722 3.9439 2.6272
v  -2.5855 3.9383 2.6033
v  -2.5792 3.8684 2.6162
v  -2.6494 3.8827 2.6459
v  -2.6239 3.8102 2.6582
v  -2.6817 3.8196 2.7287
v  -2.7002 3.9017 2.7123
v  -2.5930 3.7322 2.6643
v  -2.5587 3.8035 2.6212
v  -2.5552 3.6565 2.6649
v  -2.5404 3.7293 2.6142
v  -2.6057 3.6483 2.7275
v  -2.6505 3.7325 2.7317
v  -2.4035 3.6522 2.5754
v  -2.4343 3.7129 2.5797
v  -2.4336 3.7093 2.5368
v  -2.4651 3.7631 2.5725
v  -2.4634 3.7459 2.5198
v  -2.4475 3.7097 2.4500
v  -2.4762 3.7223 2.6056
v  -2.4401 3.6571 2.6107
v  -2.5057 3.6600 2.6181
v  -2.5029 3.7844 2.6030
v  -2.3506 3.4975 2.4232
v  -2.3187 3.5230 2.3647
v  -2.2639 3.4092 2.3509
v  -2.2112 3.4628 2.3342
v  -2.1305 3.3525 2.3403
v  -2.1841 3.2785 2.3347
v  -2.2421 3.2331 2.3660
v  -2.2984 3.3760 2.3999
v  -2.3099 3.6434 2.3176
v  -2.3704 3.6211 2.3615
v  -2.4153 3.7077 2.3405
v  -2.2648 3.5583 2.3369
v  -2.4001 3.6044 2.4349
v  -2.3385 3.7253 2.2874
v  -2.2692 3.7508 2.2783
v  -2.2444 3.6815 2.3181
v  -2.1897 3.7360 2.3523
v  -2.1554 3.6777 2.3855
v  -2.2054 3.6090 2.3416
v  -2.3407 3.9528 2.6167
v  -2.3894 3.9871 2.6362
v  -2.2810 4.0061 2.6759
v  -2.1819 3.9863 2.7593
v  -2.2510 3.9626 2.6524
v  -2.4650 3.9539 2.6180
v  -2.4110 3.9187 2.6166
v  -2.4586 3.8777 2.5910
v  -2.5130 3.9001 2.6128
v  -2.3805 3.9179 2.5661
v  -2.3070 3.9485 2.5905
v  -2.3690 3.9249 2.5900
v  -2.2955 3.9469 2.5588
v  -2.5207 3.8431 2.6067
v  -2.4866 3.8212 2.5730
v  -2.5036 3.8076 2.5145
v  -2.4721 3.8825 2.5212
v  -2.4939 3.9071 2.4173
v  -2.4815 3.8020 2.4285
v  -2.3890 3.9291 2.5197
v  -2.3916 3.9678 2.4518
v  -2.2917 3.9583 2.5165
v  -2.4278 3.8850 2.2740
v  -2.4327 3.7974 2.3123
v  -2.3517 3.8792 2.1697
v  -2.3469 3.8058 2.2329
v  -2.4195 4.0523 2.2481
v  -2.4050 4.0391 2.1684
v  -2.4216 3.9648 2.2198
v  -2.3625 3.9550 2.1255
v  -2.4538 3.9972 2.3156
v  -2.2150 3.9045 2.1747
v  -2.1692 3.9603 2.2068
v  -2.1652 3.9004 2.2737
v  -2.1593 4.0004 2.2532
v  -2.1547 3.9706 2.3166
v  -2.1739 3.8511 2.3525
v  -2.2111 3.7912 2.3041
v  -2.2147 3.8447 2.2393
v  -2.2765 3.8204 2.2208
v  -2.1947 4.0609 2.2455
v  -2.1931 4.0329 2.3500
v  -2.2633 4.0972 2.2495
v  -2.2766 4.0551 2.3626
v  -2.1977 3.9818 2.4442
v  -2.1618 3.9174 2.4042
v  -2.2469 4.0482 2.1057
v  -2.2244 3.9827 2.1208
v  -2.2878 3.9527 2.0779
v  -2.2756 3.8797 2.1458
v  -2.3697 4.0109 2.1126
v  -2.3125 4.0513 2.0629
v  -2.2882 3.9970 2.4572
v  -2.3760 4.0310 2.3573
v  -2.3547 4.0912 2.2512
v  -2.3374 4.1123 2.1437
v  -2.2514 4.0874 2.1555
v  -2.1982 4.0323 2.1688
v  -1.4112 1.3988 0.9547
v  -1.2257 1.4463 0.9453
v  -1.2512 1.3304 0.8442
v  -1.4303 1.2790 0.8528
v  -1.2089 1.5199 0.9970
v  -1.3988 1.4749 1.0110
v  -1.3933 1.5343 1.0554
v  -1.2026 1.5776 1.0376
v  -1.5491 1.3572 0.9696
v  -1.5255 1.4401 1.0318
v  -1.6305 1.4254 1.0401
v  -1.6111 1.5033 1.0948
v  -1.5101 1.5054 1.0814
v  -1.3947 1.6069 1.1161
v  -1.2057 1.6493 1.0966
v  -1.3996 1.6828 1.1869
v  -1.2136 1.7165 1.1706
v  -1.6073 1.5878 1.1493
v  -1.5056 1.5799 1.1442
v  -1.5072 1.6545 1.2139
v  -1.4038 1.7584 1.2578
v  -1.2197 1.7795 1.2583
v  -1.4054 1.8300 1.3243
v  -1.2155 1.8354 1.3454
v  -1.5108 1.7226 1.2818
v  -1.6059 1.6523 1.2223
v  -1.6065 1.7047 1.2941
v  -1.5178 1.7845 1.3465
v  -1.4084 1.9542 1.4496
v  -1.4305 2.0023 1.5020
v  -1.1861 1.9188 1.5445
v  -1.1959 1.8783 1.4402
v  -1.4038 1.8950 1.3879
v  -1.1824 1.9008 1.5157
v  -1.5296 1.8407 1.4062
v  -1.6142 1.7576 1.3555
v  -1.6284 1.8084 1.4125
v  -1.5579 1.8961 1.4690
v  -1.6056 1.0882 0.7310
v  -1.5793 1.2336 0.8662
v  -1.6936 1.2191 0.8740
v  -1.6595 1.3348 0.9728
v  -1.7364 0.9198 0.5839
v  -1.7542 1.0802 0.7472
v  -1.6189 0.9404 0.5743
v  -1.4924 0.8316 0.4047
v  -1.6318 0.8117 0.4241
v  -1.8274 0.9946 0.7740
v  -1.8006 0.8598 0.6238
v  -1.7579 0.8004 0.6859
v  -1.7380 0.7962 0.4434
v  -1.7832 0.7384 0.4838
v  -1.7420 0.6784 0.5289
v  -1.7582 1.2356 0.8952
v  -1.7488 1.3227 0.9744
v  -1.8128 1.1839 0.8660
v  -1.8302 1.2888 0.9713
v  -1.7931 0.9381 0.8527
v  -1.8265 1.0632 0.9937
v  -1.8516 1.1136 0.9071
v  -1.8915 1.2246 1.0192
v  -1.7421 1.5161 1.1078
v  -1.7466 1.4273 1.0368
v  -1.8457 1.3941 1.0700
v  -1.7158 0.9004 1.0213
v  -1.7440 1.0461 1.1868
v  -1.7895 1.0545 1.0913
v  -1.8537 1.1499 1.2069
v  -1.8818 1.1678 1.1080
v  -1.7475 0.9221 0.9355
v  -1.8191 1.1664 1.3414
v  -1.6953 1.0045 1.2615
v  -1.6716 0.8652 1.0866
v  -1.7232 1.1117 1.4092
v  -1.9216 1.4184 1.2196
v  -1.9158 1.3311 1.1240
v  -1.9150 1.2626 1.1973
v  -1.8549 1.4843 1.1609
v  -1.8918 1.2238 1.2577
v  -1.8955 1.2616 1.3334
v  -1.9259 1.3366 1.2820
v  -1.7413 1.1806 1.5171
v  -1.7405 1.2417 1.5958
v  -1.8360 1.3029 1.5484
v  -1.8315 1.2394 1.4645
v  -1.8637 1.5515 1.2306
v  -1.7432 1.5901 1.1740
v  -1.7486 1.6551 1.2349
v  -1.9084 1.3692 1.4845
v  -1.9005 1.3110 1.4099
v  -1.9325 1.3929 1.3518
v  -1.9398 1.4448 1.4132
v  -1.9266 1.5283 1.3510
v  -1.9214 1.4779 1.2924
v  -1.8732 1.6078 1.2886
v  -1.8814 1.6630 1.3472
v  -1.7552 1.7130 1.2947
v  -1.7614 1.7633 1.3546
v  -1.9351 1.5845 1.4080
v  -1.9457 1.5047 1.4727
v  -1.9461 1.5676 1.5262
v  -1.9386 1.6436 1.4642
v  -1.8303 1.3740 1.6200
v  -1.9138 1.4345 1.5532
v  -1.8374 1.4662 1.6841
v  -1.9136 1.5025 1.6010
v  -1.7505 1.3625 1.7382
v  -1.7410 1.3010 1.6700
v  -1.9303 1.6812 1.6241
v  -1.9247 1.7638 1.5747
v  -1.9346 1.7027 1.5186
v  -1.8819 1.7709 1.4616
v  -1.8854 1.7176 1.4055
v  -1.9405 1.6292 1.5718
v  -1.7654 1.8074 1.4161
v  -1.7775 1.8499 1.4789
v  -1.6646 1.8627 1.4737
v  -1.9191 1.5660 1.6190
v  -1.8996 1.5869 1.6654
v  -1.7387 1.9262 1.5470
v  -1.6136 1.9569 1.5427
v  -1.6742 2.0371 1.6177
v  -1.8009 1.5156 1.8523
v  -1.7711 1.4324 1.7948
v  -1.8387 1.5370 1.7480
v  -1.8079 1.8953 1.5413
v  -1.8770 1.8258 1.5215
v  -1.8779 1.8880 1.5897
v  -1.8556 1.9850 1.6410
v  -1.8570 1.6212 1.8020
v  -1.8995 1.7269 1.7658
v  -1.8919 1.6447 1.7111
v  -1.9241 1.7459 1.6763
v  -1.9285 1.8257 1.7354
v  -1.9231 1.9152 1.7000
v  -1.9186 1.8327 1.6353
v  -1.8686 2.0918 1.7318
v  -1.7146 2.1395 1.6966
v  -1.7447 2.2547 1.7821
v  -1.8893 1.7448 2.0175
v  -1.8385 1.6167 1.9247
v  -1.8824 1.7193 1.8704
v  -1.9173 1.8421 1.9575
v  -1.9429 1.9410 1.9209
v  -1.9181 1.8232 1.8354
v  -1.9431 1.9224 1.8071
v  -1.9602 2.0374 1.8921
v  -1.9467 2.1277 1.8571
v  -1.9332 2.0141 1.7734
v  -1.8857 2.2053 1.8149
v  -1.9043 2.3280 1.9032
v  -1.9334 2.4763 2.0121
v  -1.8165 2.5311 1.9855
v  -1.7762 2.3776 1.8736
v  -1.6256 2.5765 1.9576
v  -1.9912 2.1092 2.2609
v  -1.9431 1.9158 2.1323
v  -1.9518 2.0036 2.0659
v  -1.9925 2.1827 2.1921
v  -1.9898 2.2546 2.1477
v  -1.9623 2.0888 2.0249
v  -1.9772 2.1716 1.9905
v  -1.9956 2.3265 2.1082
v  -1.9850 2.4026 2.0607
v  -1.9620 2.2540 1.9489
v  -2.1001 2.4850 2.5409
v  -2.0381 2.3002 2.3968
v  -2.0417 2.3598 2.3314
v  -2.7671 4.0493 2.8577
v  -2.7200 3.9703 2.8803
v  -2.7514 3.9965 2.9910
v  -2.7583 4.0089 2.9177
v  -2.5989 3.6800 2.9134
v  -2.6335 3.7774 2.9360
v  -2.6727 3.7569 2.8340
v  -2.7051 3.8494 2.8344
v  -2.6291 3.6617 2.8180
v  -2.7316 4.0510 3.0637
v  -2.6891 4.0203 3.0908
v  -2.6415 4.1208 3.1050
v  -2.7287 3.9270 2.8001
v  -2.5970 3.7965 3.1315
v  -2.5943 3.7886 3.0758
v  -2.6594 3.6892 3.1474
v  -2.6793 3.7214 3.1965
v  -2.6988 3.7560 3.2571
v  -2.6092 3.8011 3.2102
v  -2.5928 3.8952 3.1744
v  -2.6177 3.9015 3.0898
v  -2.6881 3.9101 2.9773
v  -2.6878 3.7645 3.3242
v  -2.6109 3.8189 3.2859
v  -2.6655 3.7746 3.4091
v  -2.6003 3.8446 3.3499
v  -2.5792 3.9003 3.3044
v  -2.5841 3.8961 3.2488
v  -2.7936 3.2976 3.3600
v  -2.6713 3.3197 3.4609
v  -2.6982 3.3712 3.4794
v  -2.5325 3.3664 3.5404
v  -2.5524 3.4145 3.5526
v  -2.5736 3.4689 3.5568
v  -2.7210 3.4324 3.4852
v  -2.8216 3.3582 3.3791
v  -2.5632 2.9974 3.1807
v  -2.5115 2.9547 3.1343
v  -2.4542 3.0144 3.2600
v  -2.4193 2.9595 3.2084
v  -2.3567 3.0257 3.2948
v  -2.3751 3.0888 3.3505
v  -2.4846 3.0687 3.2998
v  -2.4599 2.9112 3.0861
v  -2.3979 2.8654 3.0242
v  -2.3707 2.9027 3.1402
v  -2.3128 2.8623 3.0983
v  -2.2956 2.9162 3.1738
v  -2.3250 2.9583 3.2263
v  -2.6114 2.9823 2.9692
v  -2.5368 2.9368 2.9167
v  -2.5366 2.9306 3.0173
v  -2.4726 2.8904 2.9666
v  -2.5997 2.9812 3.0662
v  -2.5570 3.0431 2.8105
v  -2.4938 2.9972 2.7759
v  -2.5261 2.9590 2.8379
v  -2.4608 2.9293 2.7966
v  -2.4663 2.8997 2.8663
v  -2.5965 3.0014 2.8809
v  -2.3971 2.8618 2.8118
v  -2.4037 2.8496 2.9084
v  -2.3103 2.7874 2.8245
v  -2.3086 2.7982 2.9488
v  -2.3056 2.8069 2.7408
v  -2.1962 2.6886 2.6238
v  -2.1910 2.6619 2.6934
v  -2.0696 2.4624 2.6075
v  -2.1723 2.6524 2.7674
v  -2.5618 3.2550 2.9382
v  -2.4790 3.2023 2.8939
v  -2.5657 3.1591 2.8492
v  -2.4762 3.1028 2.8058
v  -2.6379 3.1040 2.8642
v  -2.6521 3.2193 2.8983
v  -2.1048 2.5305 2.4778
v  -2.0931 2.6005 2.4372
v  -2.0364 2.4288 2.2867
v  -2.0236 2.5043 2.2502
v  -1.9637 2.9607 2.2190
v  -1.8831 2.7563 2.0958
v  -1.9716 2.6609 2.1668
v  -1.6858 2.7968 2.1001
v  -2.0756 2.6812 2.4035
v  -2.0609 2.7591 2.3637
v  -2.0084 2.5817 2.2109
v  -2.0713 3.1267 2.3038
v  -2.0023 3.2244 2.3198
v  -1.8109 3.0401 2.2854
v  -2.0520 2.8772 2.3265
v  -2.1479 3.0767 2.3531
v  -2.2952 2.8683 2.6975
v  -2.1872 2.7554 2.5838
v  -2.1619 2.8331 2.5538
v  -2.3926 2.9080 2.7485
v  -2.4499 2.9675 2.7600
v  -2.3895 2.9787 2.7378
v  -2.2680 2.9879 2.7060
v  -2.3818 3.1420 2.8587
v  -2.3249 3.0824 2.7951
v  -2.4166 3.0408 2.7668
v  -2.2224 3.1438 2.7004
v  -2.2643 3.1619 2.7826
v  -2.2711 3.2558 2.7551
v  -2.3198 3.2053 2.8472
v  -2.2875 3.2651 2.8270
v  -2.2522 3.2615 2.6727
v  -2.2479 3.2699 2.5951
v  -2.2172 3.1475 2.6097
v  -2.2170 3.1392 2.5202
v  -2.1818 3.0412 2.5250
v  -2.1978 3.0138 2.5940
v  -2.1983 3.0965 2.4301
v  -2.2729 3.2364 2.4365
v  -2.1392 2.9724 2.4497
v  -2.1407 2.8940 2.4982
v  -2.9596 4.0586 2.4153
v  -2.9709 4.1265 2.4544
v  -3.0168 4.1341 2.4226
v  -3.0300 4.0905 2.3788
v  -2.9126 4.2777 2.2547
v  -2.8276 4.2743 2.2817
v  -2.8249 4.2074 2.2582
v  -2.9062 4.2085 2.2300
v  -2.9435 4.3339 2.3602
v  -3.0025 4.3135 2.3877
v  -2.9393 4.3150 2.4452
v  -2.9752 4.2521 2.4744
v  -2.8887 4.3309 2.3894
v  -2.9790 4.1848 2.4719
v  -3.0345 4.1834 2.4188
v  -2.9312 4.3174 2.3094
v  -2.8505 4.3210 2.3302
v  -3.0512 4.2179 2.2810
v  -3.0802 4.2389 2.3361
v  -3.0146 4.2942 2.3145
v  -3.0479 4.2504 2.4185
v  -3.0003 4.2529 2.2570
v  -3.0779 4.1584 2.3561
v  -3.0506 4.1502 2.2762
v  -2.9821 4.1816 2.2387
v  -3.3131 3.8830 2.9164
v  -3.2764 3.8494 2.8933
v  -3.3029 3.8520 2.8233
v  -3.2533 3.8587 2.8335
v  -3.3400 3.8990 2.8351
v  -3.2757 3.9008 2.7787
v  -3.3190 3.9376 2.9205
v  -3.2683 3.9649 2.9641
v  -3.2168 4.0208 2.9740
v  -2.3875 3.2644 2.9126
v  -2.4483 3.3232 2.9613
v  -2.3886 3.3904 2.8724
v  -2.3276 3.3187 2.8499
v  -2.5575 3.5728 2.7194
v  -2.5872 3.5762 2.8046
v  -2.5213 3.5114 2.7951
v  -2.5062 3.5263 2.8936
v  -2.5586 3.5967 2.8995
v  -2.3788 3.3897 2.6936
v  -2.3066 3.3379 2.6800
v  -2.3267 3.3241 2.7568
v  -2.3899 3.3874 2.7732
v  -2.5035 3.5054 2.7103
v  -2.4436 3.4442 2.7024
v  -2.4585 3.4464 2.7845
v  -2.4512 3.4582 2.8843
v  -2.3458 3.4763 2.4938
v  -2.3886 3.5795 2.5074
v  -2.3727 3.5682 2.5681
v  -2.4188 3.6631 2.5185
v  -2.3498 3.4173 2.6321
v  -2.3295 3.4657 2.5748
v  -2.2985 3.3643 2.5392
v  -2.2897 3.3562 2.6107
v  -2.4371 3.5488 2.6206
v  -2.3886 3.5189 2.6068
v  -2.4049 3.4752 2.6447
v  -2.4606 3.5309 2.6514
v  -2.2643 3.2630 2.5170
v  -2.3184 3.3617 2.4641
v  -2.3987 3.5880 2.6097
v  -2.4642 3.5981 2.6157
v  -2.5111 3.5902 2.6592
v  -2.5131 3.3271 3.5262
v  -2.4351 3.3446 3.6136
v  -2.4129 3.3122 3.5966
v  -2.3384 3.3287 3.6775
v  -2.3608 3.3686 3.6923
v  -2.4561 3.3838 3.6306
v  -2.5760 3.6347 3.0141
v  -2.5892 3.7231 3.0365
v  -2.6407 3.6295 3.1136
v  -2.5512 3.5473 3.0028
v  -2.5198 3.4659 2.9997
v  -2.6065 3.3832 3.0339
v  -2.6118 3.4651 3.0699
v  -2.6311 3.5528 3.0840
v  -2.4891 3.3906 2.9885
v  -2.5990 3.3152 2.9831
v  -2.7228 3.3513 2.9890
v  -2.7420 3.4203 3.0282
v  -2.8307 3.3629 3.0546
v  -2.8705 3.4321 3.0920
v  -2.7649 3.4954 3.0645
v  -2.6999 3.2856 2.9442
v  -2.7628 3.2396 2.9740
v  -2.7132 3.1738 2.9255
v  -2.7353 3.2079 3.3173
v  -2.7040 3.1695 3.2944
v  -2.5910 3.2094 3.3964
v  -2.5604 3.1715 3.3707
v  -2.4694 3.2672 3.4865
v  -2.6179 3.2429 3.4185
v  -2.7675 3.1184 3.0849
v  -2.8151 3.1740 3.1238
v  -2.8064 3.2014 3.0390
v  -2.8417 3.2567 3.0748
v  -2.7985 3.3015 3.0141
v  -2.7565 3.1394 2.9953
v  -2.7646 3.2490 3.3386
v  -2.6446 3.2777 3.4405
v  -2.4917 3.2959 3.5073
v  -2.8721 3.3122 3.1114
v  -2.8468 3.2230 3.1535
v  -2.8733 3.2737 3.1820
v  -2.9033 3.3348 3.2127
v  -2.9071 3.3769 3.1507
v  -2.6952 3.0479 3.0292
v  -2.6716 3.0454 3.1220
v  -2.6163 3.0629 3.2248
v  -2.7354 3.1105 3.1725
v  -2.8085 3.2066 3.2305
v  -2.7787 3.1612 3.2065
v  -2.6652 3.1253 3.2645
v  -2.6819 3.0660 2.9365
v  -2.8377 3.2514 3.2544
v  -2.8698 3.3044 3.2802
v  -1.4181 2.7091 2.6006
v  -1.3135 2.4821 2.4589
v  -1.4618 2.6959 2.2444
v  -1.5441 2.9273 2.3887
v  -1.0807 2.3468 2.5912
v  -1.1678 2.5662 2.7445
v  -0.8851 2.4251 2.8859
v  -0.8279 2.2169 2.7102
v  -1.5122 2.9043 2.7192
v  -1.2511 2.7510 2.8775
v  -1.3137 2.8873 2.9792
v  -0.9556 2.7584 3.1255
v  -0.9279 2.6139 3.0254
v  0.2415 1.6682 3.1996
v  0.5314 1.5730 3.2570
v  0.2742 1.8970 3.4329
v  0.5683 1.8202 3.4991
v  0.8537 1.4484 3.3464
v  0.7840 1.1984 3.0597
v  2.1639 0.9339 3.8016
v  2.1476 0.9959 3.7870
v  2.2930 1.2403 4.0822
v  2.3398 1.1791 4.1026
v  2.3190 1.1101 4.1432
v  2.1469 0.8722 3.8180
v  0.7030 1.4590 3.7945
v  0.6773 1.2040 3.5418
v  0.9622 1.1235 3.6064
v  1.1850 0.7595 3.3794
v  1.2687 0.9926 3.7155
v  1.0150 1.3800 3.8757
v  -0.2274 1.7537 3.4921
v  -0.5203 1.8735 3.3940
v  -0.4640 1.6270 3.1854
v  -0.8175 1.8080 3.0278
v  -0.1797 1.5006 3.2875
v  -1.6443 2.3895 2.7928
v  -1.8424 2.4389 2.7236
v  -1.7544 2.2280 2.5775
v  -1.5710 2.1723 2.6537
v  -0.8826 2.0419 3.2306
v  -1.2866 2.2393 2.9930
v  -1.2164 2.0179 2.8214
v  -0.9600 2.3965 3.5297
v  -1.3728 2.5861 3.2763
v  -1.3364 2.4351 3.1543
v  -1.7086 2.5764 2.9523
v  -0.9294 2.2419 3.4044
v  -2.0328 2.6321 2.8800
v  -2.1207 2.6402 2.8337
v  -2.1015 2.8007 3.0529
v  -2.2116 2.7735 3.0032
v  -1.7548 2.7195 3.0782
v  -1.9606 2.7853 3.0030
v  -1.9179 2.6311 2.8858
v  -1.1013 2.9418 3.9521
v  -1.5224 3.0764 3.6981
v  -1.5004 3.0379 3.6512
v  -1.9021 3.1580 3.5164
v  -1.8975 3.1118 3.4853
v  -1.9085 3.0441 3.4916
v  -1.4987 2.9787 3.6349
v  -1.0537 2.8649 3.8560
v  -1.0744 2.9048 3.9033
v  -0.4595 2.7352 4.3664
v  -0.7388 2.8233 4.1823
v  -0.7121 2.7709 4.1313
v  -0.7031 2.7324 4.0992
v  -0.4247 2.6753 4.3044
v  1.3218 2.0302 5.0433
v  0.8917 2.1930 4.8446
v  0.9080 2.1476 4.7869
v  1.2671 2.1077 5.1661
v  0.8269 2.2519 4.9739
v  0.5256 2.3078 4.7306
v  0.5542 2.2743 4.6689
v  1.0102 2.2789 4.0890
v  0.6663 2.3708 3.9613
v  0.7049 2.4702 3.9993
v  0.4773 2.5861 3.8311
v  0.4903 2.6792 3.9443
v  0.7160 2.5477 4.0700
v  1.0383 2.3708 4.1219
v  -1.5840 3.0399 2.8126
v  -1.6074 3.1068 2.8771
v  -1.3387 2.9660 3.0395
v  -1.3255 3.0452 3.0654
v  -0.9675 2.9008 3.2306
v  -0.9648 2.8373 3.1807
v  -1.0550 3.2313 3.5287
v  -1.0263 3.1913 3.4741
v  -1.3387 3.3446 3.2414
v  -1.6052 3.4731 3.0966
v  -1.3721 3.3547 3.2940
v  -1.6322 3.4634 3.1714
v  -1.3902 3.3921 3.3612
v  -1.2670 3.1689 3.0473
v  -1.6053 3.1861 2.8926
v  -1.5520 3.3703 2.9303
v  -1.2560 3.2802 3.0965
v  -0.9199 3.1531 3.3072
v  -0.9108 3.0423 3.2202
v  -1.3001 3.3233 3.1803
v  -1.5639 3.4305 2.9832
v  -1.5836 3.4671 3.0399
v  -0.9897 3.1564 3.4130
v  -1.6388 3.1167 2.5261
v  -1.6841 3.2484 2.6263
v  -1.8283 3.2505 2.4169
v  -1.8390 3.4132 2.5276
v  -1.7135 3.3346 2.6767
v  -1.6982 3.2560 2.7109
v  -1.7434 3.4035 2.7256
v  -1.8459 3.5120 2.5865
v  -1.8363 3.5709 2.6523
v  -1.7584 3.4585 2.7931
v  -1.5773 3.2792 2.9043
v  -1.7471 3.5170 2.8371
v  -1.8544 3.6052 2.7264
v  -1.8550 3.6428 2.8080
v  -1.7405 3.5716 2.9008
v  -2.1583 3.5318 2.3566
v  -2.1148 3.6117 2.4083
v  -2.0567 3.5452 2.4290
v  -2.0901 3.4466 2.3729
v  -1.9839 3.3529 2.3878
v  -1.9842 3.4787 2.4703
v  -2.1687 3.9312 2.7192
v  -2.1481 3.8985 2.6565
v  -2.2259 3.9369 2.6156
v  -2.2084 3.9295 2.5639
v  -1.9591 3.5715 2.5341
v  -2.0332 3.6280 2.5039
v  -1.9374 3.6340 2.5957
v  -2.0568 3.7723 2.5507
v  -2.1144 3.8700 2.5659
v  -2.0603 3.8233 2.6339
v  -2.0136 3.7594 2.6798
v  -2.0015 3.7322 2.6192
v  -2.0417 3.7869 2.5969
v  -2.1165 3.7688 2.4549
v  -2.0789 3.7036 2.4769
v  -2.0074 3.6969 2.5665
v  -2.1426 3.8915 2.4772
v  -2.1601 3.8097 2.4181
v  -2.2019 3.9457 2.5086
v  -1.9345 3.6780 2.6562
v  -1.9603 3.6886 2.7395
v  2.7722 1.9706 4.8730
v  2.8532 1.8921 4.9462
v  2.8116 1.8055 4.8739
v  2.8974 1.7484 4.9551
v  2.8365 1.7049 4.9155
v  2.7694 1.7196 4.8377
v  2.7192 1.8571 4.7739
v  2.8401 1.6542 4.9448
v  2.7458 1.6541 4.8594
v  2.7336 1.5947 4.8973
v  2.6616 1.5800 4.8059
v  2.6703 1.6446 4.7468
v  2.6406 1.7338 4.7026
v  2.9217 1.6819 4.9972
v  2.9634 1.7342 5.0542
v  2.9519 1.6587 5.0971
v  2.9016 1.6149 5.0307
v  2.9203 1.8492 5.1856
v  2.9653 1.7856 5.1249
v  2.9365 1.8655 5.0746
v  2.8998 1.7684 5.2504
v  2.9488 1.7081 5.1778
v  2.9289 1.8100 5.0085
v  2.8208 1.5925 4.9709
v  2.8598 1.5545 5.0811
v  2.8937 1.5862 5.1427
v  2.7828 1.5395 5.1626
v  2.7690 1.5253 5.1075
v  2.7894 1.5399 5.0189
v  2.8331 1.6665 5.2790
v  2.8855 1.6264 5.2124
v  2.7778 1.5617 5.2225
v  2.6445 1.5955 5.2588
v  2.6271 1.5401 5.2010
v  2.5002 1.5928 5.2661
v  2.4766 1.5102 5.1966
v  2.6353 1.5081 5.1460
v  -1.0917 2.6607 3.8482
v  -0.7397 2.5467 4.0674
v  -0.7122 2.6532 4.0766
v  -0.4490 2.4758 4.2084
v  -0.4239 2.5691 4.2304
v  -1.0658 2.7671 3.8458
v  -1.0011 2.5404 3.6241
v  -1.4319 2.7318 3.3714
v  -1.4033 2.6773 3.3346
v  -1.7809 2.8068 3.1289
v  -0.9835 2.4858 3.5936
v  -1.9651 2.8463 3.0576
v  -1.8220 2.8486 3.1664
v  -2.0229 2.8674 3.0930
v  -1.9364 2.9423 3.4922
v  -1.5231 2.8762 3.6395
v  -1.9341 2.8699 3.4295
v  -1.5321 2.7891 3.6067
v  -2.1275 2.9797 3.3818
v  -2.1270 3.0496 3.4320
v  -2.2271 3.0447 3.3908
v  -2.1038 2.9394 3.3152
v  -2.2114 2.9913 3.3234
v  -1.5212 2.7558 3.5474
v  -1.5013 2.7466 3.4853
v  -1.9091 2.8501 3.3608
v  -1.0494 2.6071 3.7132
v  -1.0823 2.6076 3.7867
v  -1.8954 2.8449 3.3003
v  -2.0788 2.9186 3.2322
v  -2.0607 2.9015 3.1574
v  -2.1735 2.9486 3.2433
v  -2.1554 2.8955 3.1433
v  -1.8653 2.8480 3.2316
v  -2.2407 2.8643 3.1166
v  -2.2488 2.9335 3.1978
v  -2.0704 2.9178 3.2819
v  -2.2744 2.9878 3.2786
v  -2.2975 3.0477 3.3475
v  -1.4686 2.7488 3.4262
v  -1.0198 2.5911 3.6618
v  -2.3897 3.1467 3.3925
v  -2.4131 3.1937 3.4257
v  -2.5224 3.1244 3.3366
v  -2.3887 3.2838 3.5764
v  -2.4288 3.2390 3.4727
v  -2.3605 3.2605 3.5618
v  -2.3127 3.2914 3.6588
v  -2.3040 3.1103 3.4070
v  -2.3041 3.1728 3.4473
v  -2.2200 3.1199 3.4272
v  -2.1154 3.1261 3.4412
v  -2.1045 3.1727 3.4731
v  -2.2009 3.1873 3.4795
v  -2.3318 3.2282 3.5244
v  -2.3198 3.2066 3.4884
v  -2.2247 3.2083 3.5305
v  -2.2833 3.2639 3.6342
v  -2.3250 3.2436 3.5606
v  -2.2400 3.2239 3.5711
v  -2.2547 3.2425 3.6085
v  -2.0793 3.1940 3.5138
v  -2.1057 3.2057 3.5416
v  -1.9070 3.1943 3.5754
v  -1.9204 3.2300 3.6276
v  -2.1809 3.2676 3.7067
v  -2.2134 3.3027 3.7432
v  -2.0046 3.2883 3.8338
v  -2.0422 3.3246 3.8807
v  -2.2420 3.3527 3.7691
v  -2.1324 3.2314 3.6222
v  -2.1530 3.2480 3.6646
v  -1.9525 3.2780 3.7324
v  -1.9755 3.2781 3.7844
v  -1.9335 3.2624 3.6779
v  -2.1201 3.2184 3.5797
v  -1.7090 3.3301 4.0790
v  -1.3850 3.3451 4.4071
v  -1.4467 3.3597 4.4689
v  -1.7616 3.3366 4.1406
v  -1.8101 3.3899 4.1887
v  -2.0765 3.3807 3.9178
v  -1.1487 3.0143 4.0363
v  -1.5509 3.1268 3.7699
v  -1.2053 3.1123 4.1363
v  -1.5839 3.1826 3.8494
v  -1.2642 3.2179 4.2347
v  -1.6210 3.2400 3.9243
v  -1.6526 3.2930 3.9852
v  -1.3152 3.3033 4.3160
v  -1.3471 3.3438 4.3625
v  -1.6765 3.3257 4.0303
v  -0.8822 3.4446 5.0382
v  -0.9657 3.4853 5.1088
v  -1.1692 3.4337 4.8080
v  -1.2251 3.5129 4.8517
v  -1.5028 3.4225 4.5171
v  -1.1019 3.3928 4.7490
v  -0.8030 2.9249 4.2851
v  -0.5431 2.8526 4.4914
v  -0.8789 3.0636 4.4121
v  -0.6371 3.0188 4.6468
v  -0.7026 3.2216 4.7978
v  -0.9449 3.2214 4.5394
v  -1.0056 3.3438 4.6475
v  -0.7666 3.3752 4.9289
v  -0.8205 3.4354 4.9923
v  -1.0515 3.3908 4.7042
v  -0.0803 3.4943 5.8501
v  0.2614 3.4754 6.1087
v  0.1674 3.4737 6.2028
v  0.5868 3.4389 6.5185
v  0.4819 3.4886 6.6117
v  0.0652 3.5256 6.2898
v  -0.1790 3.5045 5.9355
v  0.2831 3.4312 6.0438
v  0.2957 3.3010 5.9594
v  -0.0404 3.4727 5.7828
v  0.7202 3.2765 6.2188
v  0.6905 3.3937 6.3421
v  -0.5603 3.8067 4.8046
v  -0.5319 3.6886 4.7732
v  -0.8677 3.7341 4.4266
v  -1.2405 3.7696 4.0430
v  -1.2330 3.8584 4.0655
v  -1.2475 3.9519 4.1070
v  -0.9149 3.9351 4.5019
v  -0.8925 3.8312 4.4675
v  -0.5853 3.9398 4.8230
v  -1.4806 3.7899 3.7052
v  -1.4895 3.8577 3.7310
v  -1.6658 3.8536 3.4660
v  -1.6933 3.9086 3.4871
v  -1.5110 3.9278 3.7652
v  -1.0912 3.2656 3.6093
v  -1.4053 3.4582 3.4715
v  -1.6331 3.5113 3.2710
v  -1.6472 3.5782 3.3538
v  -1.4282 3.5293 3.5833
v  -1.1200 3.3414 3.7387
v  -1.2066 3.6439 3.9927
v  -1.4792 3.6729 3.6805
v  -1.4865 3.7311 3.6972
v  -1.6727 3.6950 3.4272
v  -1.6578 3.7480 3.4355
v  -1.6516 3.7987 3.4468
v  -1.2241 3.7098 4.0171
v  -1.4537 3.6043 3.6458
v  -1.1756 3.5525 3.9456
v  -1.1426 3.4486 3.8646
v  -1.6653 3.6364 3.4028
v  -1.8958 3.8358 3.1596
v  -1.9712 3.8709 3.0662
v  -1.9618 3.9075 3.1195
v  -2.0219 3.9632 3.0907
v  -1.9980 3.9688 3.1962
v  -1.9345 3.9268 3.2041
v  -1.8871 3.8687 3.1894
v  -1.8493 3.6613 3.0649
v  -1.7609 3.5651 3.0833
v  -1.7398 3.5952 2.9872
v  -1.8348 3.6792 2.9205
v  -1.8109 3.5863 3.2208
v  -1.7677 3.5385 3.1789
v  -1.7852 3.8152 3.2723
v  -1.7885 3.8578 3.2916
v  -1.8795 3.8970 3.2309
v  -1.8132 3.8969 3.3113
v  -1.9264 3.7378 2.8464
v  -2.0270 3.7789 2.7778
v  -1.9980 3.8266 2.8873
v  -1.9064 3.7612 2.9514
v  -1.9045 3.7628 3.0121
v  -1.9442 3.7988 3.0028
v  -1.8969 3.7559 3.1153
v  -1.8926 3.7006 3.1132
v  -2.0661 3.9166 2.9973
v  -2.0289 3.8774 2.9328
v  -2.1005 3.9344 2.8453
v  -2.0944 3.8813 2.7924
v  -2.1278 3.9923 2.8908
v  -1.8961 3.8007 3.1310
v  -1.9689 3.8326 3.0255
v  -2.0889 3.8392 2.7125
v  -1.8086 3.7228 3.2484
v  -1.7967 3.7711 3.2599
v  -1.8222 3.6577 3.2429
v  -1.8340 3.9667 3.5330
v  -1.7448 3.9544 3.5169
v  -1.8661 3.9343 3.3258
v  -1.9376 3.9574 3.3285
v  -1.6429 3.9926 3.8867
v  -1.5680 3.9899 3.8169
v  -1.3261 3.9942 4.1878
v  -1.8300 4.0104 3.7842
v  -1.7192 4.0473 4.0003
v  -1.6890 4.0065 3.9492
v  -1.4611 4.0350 4.3275
v  -1.4132 3.9955 4.2725
v  -1.8463 3.9806 3.6611
v  -0.9880 3.9993 4.5734
v  -1.0863 3.9868 4.6640
v  -0.7625 4.0368 4.9819
v  -0.6556 4.0483 4.8877
v  -1.1447 4.0343 4.7116
v  -1.5045 4.0802 4.3749
v  -1.2151 4.0915 4.7521
v  -0.9247 4.1326 5.0581
v  -0.8328 4.0679 5.0269
v  0.1337 4.0150 5.9417
v  0.0606 4.0447 6.0460
v  0.3677 4.0887 6.2678
v  0.1977 4.1460 6.3576
v  0.5045 4.1881 6.6027
v  0.7063 4.1450 6.5231
v  0.4561 4.0564 6.1668
v  0.3646 3.7134 6.6751
v  -0.0311 3.7268 6.3578
v  0.0023 3.6181 6.3449
v  -0.3268 3.6598 6.0540
v  -0.2743 3.5745 6.0091
v  0.4188 3.6086 6.6535
v  -1.5546 3.5908 4.5493
v  -1.5308 3.5091 4.5359
v  -1.2594 3.5886 4.8732
v  -1.0265 3.5819 5.1549
v  -1.0635 3.6580 5.1740
v  -1.2956 3.6602 4.8926
v  -2.1025 3.4447 3.9451
v  -2.2649 3.4055 3.7890
v  -2.2799 3.4607 3.8043
v  -2.3792 3.4145 3.7075
v  -2.1157 3.5103 3.9602
v  -1.8437 3.4635 4.2198
v  -1.8598 3.5425 4.2324
v  -2.1205 3.5635 3.9707
v  -2.2875 3.5135 3.8202
v  -2.1124 3.6210 3.9647
v  -2.2824 3.5656 3.8366
v  -2.4096 3.5310 3.7712
v  -2.3948 3.4677 3.7295
v  -2.4771 3.4332 3.6512
v  -2.5040 3.4845 3.6710
v  -1.8675 3.6078 4.2370
v  -1.8815 3.6667 4.2418
v  -1.5721 3.6654 4.5554
v  -1.6085 3.7339 4.5731
v  -2.2633 3.6177 3.8586
v  -2.3254 3.6234 3.8527
v  -2.1289 3.6779 3.9763
v  -2.1830 3.7393 4.0139
v  -1.9803 3.9477 3.4313
v  -1.9558 3.9800 3.5513
v  -2.0290 4.0083 3.5297
v  -1.9448 4.0724 3.7411
v  -1.8970 4.0286 3.7348
v  -2.1643 4.0197 3.3597
v  -2.1246 3.9950 3.3769
v  -2.1124 4.0074 3.3008
v  -2.0716 3.9972 3.2949
v  -2.1349 4.0209 3.2716
v  -2.0092 3.9780 3.3100
v  -2.0481 4.0017 3.2042
v  -2.0913 4.0226 3.2302
v  -2.0672 3.9656 3.3926
v  2.0667 3.6404 7.2624
v  1.9966 3.6453 7.3743
v  1.9173 3.5871 7.3362
v  2.0960 3.6955 7.3000
v  2.0564 3.7213 7.3825
v  1.9864 3.7491 7.4295
v  1.9150 3.7181 7.4343
v  1.9977 4.0198 7.2367
v  1.9223 4.0014 7.3502
v  2.0053 3.9674 7.3601
v  2.0723 3.9095 7.2031
v  2.0307 3.9263 7.1358
v  1.9101 4.0754 7.1680
v  1.7511 3.8665 7.4074
v  1.8776 3.8729 7.4396
v  1.8855 3.9380 7.4053
v  1.9931 3.8600 7.4281
v  2.0030 3.9128 7.4024
v  1.8042 4.0422 7.3027
v  1.7578 3.9596 7.3716
v  2.1046 3.8340 7.3437
v  2.0972 3.8847 7.3207
v  2.1000 3.7957 7.2027
v  2.0893 3.8524 7.1954
v  2.0653 3.9456 7.2912
v  1.9871 3.8042 7.4353
v  1.8825 3.7970 7.4478
v  1.7698 3.7744 7.4160
v  1.8187 3.6761 7.4076
v  2.0908 3.7877 7.3684
v  2.1107 3.7434 7.2499
v  2.0054 3.5743 7.2086
v  2.0234 3.6324 7.0837
v  2.0767 3.6893 7.1598
v  2.0482 3.7606 7.1005
v  1.9655 3.9592 7.0477
v  2.0316 3.8363 7.0979
v  1.9693 3.8314 7.0091
v  -2.2744 4.3315 3.7282
v  -2.1776 4.4839 4.0364
v  -2.1087 4.4707 4.0150
v  -1.9851 4.6617 4.3839
v  -1.9287 4.6088 4.3675
v  -2.0493 4.4371 3.9946
v  -2.2071 4.3182 3.7041
v  -2.3530 4.3184 3.7319
v  -2.2619 4.4703 4.0378
v  -2.3543 4.4338 4.0600
v  -2.2586 4.6635 4.4449
v  -2.1541 4.6926 4.4174
v  -2.3615 4.0848 3.3354
v  -2.3321 4.1963 3.4959
v  -2.2687 4.1811 3.4783
v  -2.1494 4.2826 3.6836
v  -2.2165 4.1469 3.4697
v  -2.3033 4.0709 3.3227
v  -2.4151 4.0845 3.3470
v  -2.4001 4.1861 3.5051
v  -2.4830 4.1581 3.5361
v  -2.4411 4.2819 3.7575
v  -2.1349 4.0528 3.1654
v  -2.1764 4.0480 3.2321
v  -2.2346 4.0741 3.2022
v  -2.2503 4.0507 3.3198
v  -2.2056 4.0364 3.3360
v  -2.5624 3.9659 3.3196
v  -2.4972 4.0577 3.3615
v  -2.4899 4.0566 3.2428
v  -2.6005 4.0129 3.1973
v  -2.5716 4.0013 3.2473
v  -2.6375 4.0125 3.1381
v  -2.5126 4.1010 3.1632
v  -2.5840 4.1145 3.1403
v  -2.1750 4.0663 2.9385
v  -2.2250 4.1560 2.9847
v  -2.2051 4.1006 3.0964
v  -2.1149 4.0377 3.0290
v  -2.2721 4.1884 2.8723
v  -2.0798 4.0196 3.1118
v  -2.5498 4.2056 3.0691
v  -2.4897 4.2043 3.0839
v  -2.4519 4.2616 2.9703
v  -2.5412 4.2773 2.9740
v  -2.3078 4.0753 3.1994
v  -2.3032 4.1367 3.1145
v  -2.3852 4.1251 3.1288
v  -2.3760 4.0735 3.2131
v  -2.5509 4.2716 2.7202
v  -2.4925 4.2710 2.8325
v  -2.4141 4.2389 2.7909
v  -2.3554 4.2333 2.9147
v  -2.5602 4.2873 2.8685
v  -2.4499 4.1892 3.1008
v  -2.3983 4.2144 3.0647
v  -2.3147 4.2016 3.0259
v  -2.4295 4.0676 3.2280
v  -2.4418 4.1052 3.1455
v  -2.5868 3.8993 3.4074
v  -2.5737 3.9803 3.4904
v  -2.6349 3.8267 3.4961
v  -2.5854 3.5824 3.6968
v  -2.5440 3.5339 3.6841
v  -2.4689 3.5771 3.7855
v  -2.6126 3.5956 3.5387
v  -2.5945 3.5247 3.5452
v  -2.6148 3.6328 3.7171
v  -2.6436 3.6705 3.6511
v  -2.5260 3.6229 3.8065
v  -2.5868 3.6820 3.8093
v  -2.6485 3.7418 3.7702
v  -2.6404 3.7431 3.5759
v  -2.6643 3.6827 3.4814
v  -2.6686 3.8168 3.6970
v  -2.6307 3.8946 3.6011
v  -2.3804 3.7532 4.0614
v  -2.4652 3.6629 3.9134
v  -2.3913 3.6312 3.8820
v  -2.2944 3.7471 4.0166
v  -2.6014 3.9888 3.7500
v  -2.5567 4.0815 3.6345
v  -2.5231 4.2114 3.8516
v  -2.6100 3.8190 3.9025
v  -2.6224 3.9054 3.8397
v  -2.5634 4.0212 4.0413
v  -2.5526 4.1128 3.9628
v  -2.4691 3.8257 4.0874
v  -2.5437 3.7331 3.9214
v  -2.4696 4.2637 4.2577
v  -2.4363 4.3609 4.1510
v  -2.3409 4.5853 4.5340
v  -2.1490 4.1564 4.6796
v  -2.2497 4.2099 4.7187
v  -2.3586 3.9939 4.3515
v  -2.4220 4.0914 4.3551
v  -2.5332 3.9264 4.0830
v  -2.2633 3.9386 4.3096
v  -2.4606 4.1754 4.3258
v  -2.3243 4.3044 4.7251
v  -2.3603 4.3949 4.6948
v  -2.3805 4.4861 4.6344
v  -2.2898 4.8175 5.0919
v  -2.2468 4.9206 5.0076
v  -2.2133 5.1258 5.5016
v  -2.1790 5.2452 5.4282
v  -2.0772 5.3122 5.3441
v  -2.1549 4.9834 4.9281
v  -1.9733 4.6239 5.5658
v  -2.0863 4.7069 5.5760
v  -2.1535 4.4745 5.1686
v  -2.2396 4.5819 5.1682
v  -2.0428 4.4139 5.1396
v  -2.1639 4.8412 5.5575
v  -2.1995 4.9883 5.5358
v  -2.2733 4.7035 5.1396
v  -1.6023 6.0039 7.0641
v  -1.4894 6.1030 7.0036
v  -1.5916 5.8744 6.6923
v  -1.4863 5.9242 6.6499
v  -1.6123 5.7685 6.3750
v  -1.7117 5.7221 6.4148
v  -1.6806 5.7905 6.7405
v  -1.7209 5.5585 6.8714
v  -1.7395 5.6881 6.8102
v  -1.8243 5.5326 6.5362
v  -1.6358 5.7347 7.1931
v  -1.6588 5.8772 7.1322
v  -1.7875 5.6364 6.4631
v  -1.3871 5.5302 7.2263
v  -1.5416 5.5934 7.2406
v  -1.6392 5.4123 6.9047
v  -1.8116 5.4067 6.5996
v  -1.7331 5.2640 6.6130
v  -1.4882 5.3466 6.8649
v  0.7346 0.4813 1.2819
v  0.4954 0.5783 1.2784
v  0.5593 0.6573 1.2827
v  0.6136 0.7232 1.3223
v  0.7909 0.5526 1.2949
v  0.6206 0.7220 1.4647
v  0.6333 0.7453 1.3933
v  0.8630 0.6471 1.4666
v  0.8692 0.6555 1.3859
v  0.8409 0.6170 1.3245
v  0.5886 0.6741 1.5240
v  0.5564 0.6232 1.5971
v  0.7937 0.5627 1.6063
v  0.8203 0.5879 1.5281
v  1.7273 1.9814 4.3132
v  1.3783 2.1133 4.1578
v  1.3799 2.1701 4.2157
v  1.7011 1.8974 4.2190
v  1.3611 2.0205 4.0711
v  1.0043 2.2073 4.0408
v  1.4202 0.1248 1.6859
v  1.4606 0.0862 1.6059
v  1.3561 0.0496 1.6854
v  1.4082 0.0145 1.6246
v  1.3771 -0.1313 1.4257
v  1.2899 -0.1111 1.4200
v  1.3357 -0.1058 1.3258
v  1.1773 -0.0946 1.3657
v  1.2010 -0.0803 1.2727
v  1.3938 0.1359 1.8831
v  1.3627 0.0921 1.7452
v  1.4168 0.1470 1.7469
v  1.4554 0.1780 1.8841
v  2.7368 1.5227 5.0469
v  2.6492 1.5006 5.0013
v  2.6929 1.5374 4.9423
v  2.4949 1.4929 4.9078
v  2.6045 1.5041 4.8508
v  2.5109 1.4880 4.6149
v  2.6005 1.5488 4.7265
v  2.5344 1.4669 4.7804
v  2.4526 1.4218 4.6681
v  2.4138 1.4755 4.8069
v  2.4851 1.4733 5.1197
v  2.4925 1.4673 5.0217
v  2.6366 1.4906 5.0741
v  2.7539 1.5999 5.2638
v  2.7205 1.7150 5.3075
v  2.8010 1.8527 5.2788
v  2.7012 1.9496 5.3277
v  2.5945 1.7575 5.2894
v  1.7009 4.0845 7.2466
v  1.8256 4.1132 7.0988
v  1.7369 4.1365 7.0212
v  1.9018 3.9921 6.9658
v  1.6244 3.9755 7.3337
v  1.6098 3.8401 7.3494
v  1.5861 4.1356 7.1830
v  1.4995 4.0046 7.3381
v  1.8573 3.4811 7.0844
v  1.9229 3.5382 6.9521
v  1.9645 3.5894 7.0181
v  1.9526 3.6919 6.9277
v  1.9976 3.7262 7.0085
v  1.9337 3.5365 7.1497
v  1.9132 3.8271 6.9290
v  1.8506 3.8329 6.8560
v  2.7972 2.0630 5.0005
v  2.8705 1.9645 5.0393
v  2.8566 1.9849 5.1399
v  2.9096 1.9019 5.1348
v  2.8368 1.9427 5.2212
v  2.7765 2.0505 5.2772
v  0.4549 2.3575 4.8479
v  0.6744 2.4165 5.2431
v  1.1346 2.3389 5.4266
v  0.9758 2.6664 5.7287
v  0.5050 2.6875 5.5467
v  0.3036 2.5068 5.0851
v  0.1436 2.7577 5.3531
v  0.3671 3.0123 5.7992
v  0.8311 3.0125 5.9975
v  -0.0251 3.3475 5.7097
v  0.0281 3.0694 5.5732
v  0.0167 0.3347 0.8715
v  0.1991 0.1738 0.9206
v  0.1156 0.0650 0.6887
v  0.3093 -0.0826 0.7352
v  0.2177 -0.1884 0.4957
v  0.0314 -0.0452 0.4580
v  -0.0617 0.2245 0.6540
v  0.2676 -0.1573 1.0433
v  0.1898 -0.2788 0.8756
v  0.2952 -0.3388 0.8663
v  0.4824 -0.2690 1.0258
v  0.3753 -0.2165 1.0376
v  0.9085 -0.2556 0.8147
v  0.8876 -0.2824 0.8477
v  0.7620 -0.3745 0.6577
v  1.0213 -0.1581 0.9835
v  1.0018 -0.1825 1.0160
v  0.9639 -0.2034 1.0481
v  0.8515 -0.3049 0.8810
v  0.7342 -0.3982 0.6927
v  1.0987 -0.1163 1.1614
v  1.1114 -0.0932 1.1150
v  1.0677 -0.1315 1.2073
v  1.1155 -0.0534 1.0696
v  1.0670 -0.0040 1.0694
v  1.0025 -0.1218 0.9624
v  1.1836 0.0657 1.1346
v  0.8894 -0.2143 0.7903
v  0.7811 -0.3513 0.6243
v  0.7934 -0.3105 0.5847
v  0.7584 -0.2613 0.5548
v  0.8438 -0.1884 0.7781
v  0.9525 -0.0925 0.9586
v  0.6221 0.3328 1.2131
v  0.3881 0.4315 1.2082
v  0.4474 0.5148 1.2563
v  0.2397 0.6235 1.2323
v  0.2846 0.6798 1.2659
v  0.6858 0.4202 1.2562
v  0.1850 0.5532 1.1752
v  0.2965 0.3048 1.0998
v  0.5279 0.1975 1.1132
v  0.4172 0.0458 0.9552
v  0.1018 0.4470 1.0546
v  2.3395 1.4361 4.6767
v  2.2653 1.2927 4.4567
v  2.3616 1.2833 4.4544
v  2.1882 1.0383 4.2017
v  2.2683 1.0576 4.1805
v  2.4275 1.3275 4.4143
v  0.9063 1.7202 3.5914
v  1.2340 1.6167 3.7005
v  1.1510 1.3299 3.4588
v  1.4424 1.2248 3.5698
v  1.3301 0.9787 3.2463
v  1.0491 1.0612 3.1681
v  0.9920 2.1079 3.9576
v  1.3086 1.8507 3.9111
v  1.6324 1.7265 4.0560
v  1.5337 1.4860 3.8459
v  0.9566 1.9438 3.7998
v  2.1247 0.8220 3.8415
v  1.9936 0.5755 3.4630
v  2.0813 0.7691 3.8790
v  1.5533 0.2345 2.1958
v  1.7119 0.3006 2.6010
v  1.6474 0.2269 2.6198
v  1.4894 0.1945 2.1997
v  1.8771 0.3948 3.0338
v  1.9537 0.5122 3.5009
v  1.8052 0.3324 3.0664
v  1.8995 0.4840 3.0068
v  1.0157 0.6555 2.5021
v  0.7876 0.7884 2.4502
v  0.9136 0.8823 2.8231
v  1.1641 0.7717 2.8951
v  0.6094 2.0959 4.5565
v  0.9401 1.9586 4.6914
v  0.9165 2.0437 4.7453
v  1.3310 1.8973 4.9381
v  1.3359 1.9990 4.9820
v  0.5826 2.1885 4.6061
v  1.5651 0.1548 1.3111
v  1.5710 0.1780 1.3758
v  1.4908 0.2569 1.3561
v  1.5427 0.1182 1.2595
v  1.4521 0.2040 1.2410
v  1.4745 0.2386 1.2897
v  1.2788 -0.0168 1.6366
v  1.3492 -0.0369 1.6041
v  1.3040 -0.0731 1.5592
v  1.2199 -0.0667 1.5813
v  1.1961 -0.0944 1.4959
v  1.2825 -0.0990 1.4971
v  0.8221 0.5659 1.8268
v  0.5971 0.6647 1.8316
v  0.6820 0.7244 2.0994
v  0.9097 0.6165 2.1156
v  0.5610 0.6335 1.6877
v  0.7906 0.5564 1.6807
v  0.5943 0.6499 2.5281
v  0.5729 0.5334 2.1773
v  0.7616 0.4876 2.1727
v  0.5396 0.3988 1.9314
v  0.7092 0.3546 1.9140
v  0.9012 0.2911 1.8983
v  0.9736 0.4129 2.1751
v  0.5179 0.3198 1.7699
v  0.6846 0.2901 1.8017
v  0.8463 0.1913 1.7350
v  0.8682 0.2324 1.7754
v  0.5287 0.3496 1.8166
v  1.7238 3.6367 7.3478
v  1.8376 3.5464 7.2766
v  1.7490 3.5168 7.2141
v  1.6481 3.7415 7.3556
v  1.5202 3.6965 7.3205
v  1.6275 3.5999 7.2857
v  1.4215 3.8111 7.3454
v  0.2643 3.8548 5.7183
v  0.5695 3.8780 5.9538
v  0.5668 3.7740 5.9248
v  0.9373 3.8252 6.1771
v  0.9437 3.7340 6.1363
v  0.5697 3.6815 5.8779
v  0.2687 3.7429 5.6756
v  0.5389 4.0184 6.0273
v  0.9061 4.0809 6.2868
v  0.9426 3.9402 6.1968
v  0.2240 3.9947 5.8000
v  0.9294 2.4981 4.3361
v  0.8808 2.5042 4.4046
v  1.2818 2.4215 4.5059
v  1.2086 2.4798 4.6292
v  1.6232 2.3655 4.8051
v  1.7019 2.3052 4.6700
v  1.3206 2.4027 4.4447
v  1.2606 2.7395 5.4266
v  1.4734 2.5493 5.0671
v  1.0461 2.6090 4.8886
v  0.8020 2.5457 4.5301
v  0.6468 2.6578 4.7742
v  0.8473 2.7990 5.2136
v  2.5259 1.5493 4.5521
v  2.6121 1.6190 4.6551
v  2.5578 1.6889 4.6011
v  2.3968 1.4550 4.3227
v  2.4516 1.3926 4.3586
v  2.4749 1.6125 4.5020
v  1.3521 1.2563 3.9996
v  1.4267 1.5064 4.2521
v  1.0578 1.6129 4.1339
v  1.0866 1.7914 4.3324
v  0.7594 1.9063 4.1736
v  0.7332 1.7078 4.0119
v  0.7453 2.0202 4.3479
v  0.7606 1.9915 4.2784
v  1.1014 1.8929 4.4202
v  1.4718 1.6852 4.4562
v  1.4891 1.7691 4.5567
v  1.4811 1.8044 4.6163
v  1.0876 1.9376 4.4823
v  2.3990 2.3315 5.7746
v  2.3601 2.2841 5.8083
v  2.5512 2.1309 5.4867
v  2.3636 2.3729 5.7123
v  2.6288 2.1990 5.4777
v  2.1693 2.6212 6.0866
v  2.2221 2.5809 6.1731
v  2.2047 2.4718 6.2876
v  2.5730 2.2608 5.4048
v  2.7361 2.1230 5.3422
v  2.6718 2.0362 5.3818
v  2.7738 2.1179 5.1611
v  2.6891 2.1879 5.2539
v  1.7393 2.2815 4.6052
v  1.7911 2.2758 4.5243
v  1.3811 2.3954 4.3725
v  1.4212 2.3445 4.2990
v  1.0377 2.4447 4.1857
v  0.9891 2.4780 4.2625
v  1.4018 2.2491 4.2634
v  1.7911 2.1330 4.3965
v  1.7437 2.0388 4.3689
v  0.6782 2.0357 4.4704
v  1.0012 1.9204 4.6065
v  0.9667 1.9210 4.6485
v  1.3504 1.7492 4.8189
v  1.3305 1.7943 4.8851
v  0.6430 2.0517 4.5127
v  1.3888 1.7643 4.7567
v  1.0494 1.9462 4.5522
v  0.7150 2.0314 4.4144
v  1.4420 1.8068 4.6928
v  2.0301 3.0260 6.4141
v  1.9359 3.3105 6.7677
v  2.0601 2.9593 6.5201
v  1.8384 3.2415 6.8194
v  1.9736 2.8833 6.5775
v  1.8406 3.3955 6.9820
v  1.8900 3.3779 6.6599
v  1.8904 3.5545 6.7705
v  1.9141 3.4709 6.8889
v  0.4750 2.8515 5.0591
v  0.3406 3.1121 5.3050
v  0.6751 3.0669 5.5196
v  0.2656 3.3671 5.4783
v  0.5784 3.3616 5.7258
v  1.0573 3.0194 5.7880
v  0.9809 3.4016 5.9713
v  0.5669 3.5666 5.8153
v  0.2527 3.5270 5.5760
v  0.2579 3.6322 5.6405
v  0.9719 3.6376 6.0460
v  1.3981 4.0362 7.3701
v  1.4364 4.1610 7.2371
v  1.1574 4.1827 7.2486
v  1.1606 4.1403 7.4238
v  1.0698 3.9989 7.5083
v  1.2915 3.8796 7.3863
v  0.1517 3.9181 6.7311
v  -0.2198 3.9368 6.4148
v  -0.0899 3.8085 6.3715
v  -0.4262 3.8277 6.0945
v  -0.3591 3.7536 6.0708
v  0.3020 3.7913 6.6883
v  -1.4264 5.6592 6.2964
v  -1.3043 5.8195 6.5799
v  -1.2938 5.6764 6.5763
v  -1.1062 5.8771 6.8873
v  -1.0706 5.7544 6.8822
v  -1.2717 5.5464 6.5564
v  -1.4040 5.5162 6.2695
v  -1.1309 6.0221 6.8762
v  -1.3804 5.9133 6.6033
v  -1.5048 5.7580 6.3257
v  -1.2225 6.1265 6.8971
v  1.1698 0.3065 1.2476
v  0.9684 0.3854 1.2804
v  1.0200 0.4425 1.2981
v  1.0627 0.4962 1.3216
v  1.2194 0.3502 1.2739
v  1.0628 0.5364 1.5308
v  1.0295 0.5187 1.6045
v  1.2214 0.4518 1.5978
v  1.2529 0.4459 1.5175
v  1.2825 0.4343 1.4329
v  1.1033 0.5638 1.4520
v  1.8134 0.8104 3.4030
v  1.5979 0.8814 3.3361
v  1.7275 1.1133 3.6839
v  1.8325 1.3573 3.9815
v  1.9693 1.0485 3.7491
v  2.4001 1.8271 4.6062
v  2.1122 1.9229 4.4967
v  2.1767 2.0269 4.5345
v  1.8185 2.2261 4.4457
v  2.2207 2.1369 4.6005
v  2.4895 1.9482 4.6389
v  1.2430 0.1732 1.8741
v  1.1935 0.1050 1.7482
v  1.2927 0.0793 1.7453
v  1.2680 0.0451 1.6975
v  1.3321 0.1368 1.8782
v  2.2041 1.5977 5.0203
v  2.2205 1.6000 4.9322
v  2.3849 1.5041 4.9871
v  2.3748 1.5084 4.8846
v  2.3736 1.5021 5.0866
v  1.9539 1.0619 4.1911
v  1.8355 0.7974 3.8777
v  1.9895 0.7651 3.8944
v  1.8507 0.5144 3.5177
v  2.1053 1.0407 4.2060
v  1.5250 4.1663 7.0765
v  1.6563 4.1440 6.9437
v  1.5158 4.1304 6.8180
v  1.8300 4.0154 6.8898
v  1.7516 4.0276 6.8171
v  2.7178 2.1199 4.9520
v  2.5516 2.1591 4.8641
v  2.5305 2.2364 4.9852
v  2.6792 2.1655 5.0970
v  2.6974 2.0218 4.8135
v  1.9517 2.6174 5.9388
v  1.6266 2.6275 5.7242
v  1.4835 3.0519 6.0123
v  1.4079 3.4610 6.1942
v  1.7948 3.0345 6.2426
v  0.5383 -0.2794 0.5682
v  0.3892 -0.2573 0.5375
v  0.4935 -0.1454 0.7651
v  0.6189 0.0006 0.9551
v  0.6506 -0.1496 0.7703
v  1.1147 0.1302 1.1515
v  1.2215 0.1887 1.1936
v  1.0969 0.2625 1.2178
v  1.3040 0.2288 1.2298
v  1.3507 0.2691 1.2599
v  1.2547 0.3911 1.3059
v  1.3779 0.3039 1.2973
v  0.9091 0.3330 1.2498
v  1.0036 0.1978 1.1720
v  0.8335 0.2587 1.1981
v  1.3997 0.3253 1.3548
v  1.2787 0.4162 1.3602
v  1.3987 0.3370 1.4301
v  1.3644 0.3511 1.5168
v  1.3323 0.3674 1.6031
v  1.3946 0.2979 1.6194
v  1.0957 0.5409 1.3699
v  1.3319 0.3782 1.6759
v  1.2226 0.4604 1.6611
v  1.2753 0.5027 1.7991
v  1.3814 0.4097 1.8227
v  1.0277 0.5178 1.6683
v  1.0759 0.5624 1.8034
v  1.5796 0.4903 2.5732
v  1.7336 0.5866 3.0263
v  1.6359 0.6218 2.9987
v  1.9252 0.7856 3.4301
v  2.0956 1.0249 3.7743
v  2.1074 1.3085 4.0234
v  2.2381 1.2733 4.0593
v  1.4314 0.6952 2.9475
v  1.4745 0.5145 2.5588
v  1.2712 0.5785 2.5318
v  2.4071 1.6425 4.4774
v  2.4835 1.7243 4.5757
v  2.3435 1.7699 4.5308
v  2.5444 1.7778 4.6621
v  2.6388 1.8966 4.7113
v  2.5426 2.0706 4.7326
v  2.0753 1.8667 4.4321
v  2.2760 1.6842 4.4357
v  2.0215 1.7749 4.3481
v  0.8079 -0.2046 1.1110
v  0.9089 -0.1091 1.2746
v  0.7798 -0.0688 1.3024
v  0.8612 -0.0153 1.4570
v  0.6851 -0.1744 1.1425
v  0.9954 -0.0660 1.4305
v  1.0401 -0.0854 1.5517
v  0.9020 -0.0282 1.5776
v  0.9409 0.0006 1.6489
v  1.0893 -0.0872 1.3962
v  1.1279 -0.1006 1.5186
v  1.1608 -0.0657 1.6017
v  1.0805 -0.0530 1.6267
v  1.0038 -0.1260 1.2433
v  0.9009 -0.2174 1.0816
v  1.1272 0.0059 1.6739
v  0.9826 0.0558 1.6961
v  1.0201 0.1211 1.7178
v  1.1683 0.0670 1.7046
v  1.0447 0.1612 1.7594
v  1.0899 0.2276 1.8823
v  1.2157 -0.0068 1.6530
v  2.1144 1.4850 4.6381
v  2.1752 1.5573 4.7509
v  1.8614 1.6291 4.6804
v  1.8796 1.6601 4.7417
v  1.8279 1.5653 4.5706
v  1.8700 1.7010 4.8285
v  2.2154 1.5810 4.8334
v  1.8323 1.6712 4.9061
v  2.3259 1.5033 4.7961
v  2.2630 1.4613 4.6593
v  1.4373 0.2894 2.6219
v  1.5611 0.3863 3.0732
v  1.3479 0.4697 3.0416
v  1.4724 0.6582 3.4426
v  1.2562 0.3838 2.5999
v  1.7074 0.5728 3.4929
v  1.5840 0.8898 3.8020
v  1.6900 1.1534 4.1021
v  1.6984 0.3330 3.0842
v  1.5553 0.2375 2.6282
v  2.1962 1.6505 5.1550
v  2.2599 1.7758 5.2471
v  1.8389 1.8259 5.0935
v  2.3228 1.8985 5.3287
v  1.8511 1.9040 5.2099
v  1.8031 1.7102 5.0330
v  1.8467 1.9326 5.2632
v  2.2473 2.0453 5.4765
v  1.7832 2.0130 5.3659
v  2.5648 1.9253 5.3318
v  2.5687 2.0022 5.3814
v  2.3272 1.9544 5.3719
v  2.4740 2.1142 5.4901
v  2.4828 1.7721 5.2723
v  2.3824 1.6035 5.2468
v  1.5432 3.2050 6.7185
v  1.5224 3.3480 6.8799
v  1.1684 3.4161 6.6024
v  1.5230 3.4223 6.9655
v  1.1464 3.4601 6.7071
v  0.6787 3.4511 6.4128
v  1.1978 3.2810 6.4530
v  1.0505 3.4401 6.8268
v  1.4427 3.4666 7.0609
v  1.3231 3.5188 7.1492
v  0.9329 3.4721 6.9273
v  1.7275 3.4527 7.0604
v  1.6458 3.4942 7.1639
v  1.5256 3.5654 7.2421
v  1.7296 3.3637 6.9791
v  1.7445 3.2168 6.8049
v  0.8355 3.5798 6.9875
v  1.2099 3.6136 7.2066
v  1.1044 3.7034 7.2452
v  0.7453 3.6708 7.0289
v  0.6745 3.7503 7.0346
v  1.0119 3.7815 7.2636
v  0.8208 3.9534 7.2758
v  0.5172 3.9190 7.0450
v  1.2962 3.7451 7.3309
v  1.1915 3.8120 7.3701
v  0.9697 3.9580 7.3962
v  1.4091 3.6594 7.2894
v  -1.2593 5.7383 7.5655
v  -1.3908 5.8046 7.5582
v  -1.2705 5.9671 7.8225
v  -1.3370 6.0732 7.7732
v  -1.4894 5.9207 7.5189
v  -1.3375 6.1806 7.7150
v  -1.4605 6.1825 7.3959
v  -1.5112 6.0553 7.4612
v  -1.2912 6.2792 7.6597
v  -1.1822 6.3456 7.6080
v  -1.3337 6.2632 7.3352
v  -1.1933 6.2878 7.2847
v  -1.3507 6.1467 6.9503
v  -1.0802 6.2571 7.2370
v  -0.9670 6.3524 7.5091
v  -0.8990 6.2723 7.4879
v  -0.9953 6.1707 7.2112
v  -0.9480 6.0491 7.2204
v  -0.8634 6.1671 7.5094
v  -0.8550 6.0655 7.5495
v  -0.9418 5.9316 7.2480
v  1.0145 4.1731 7.1012
v  1.2634 4.1452 7.0276
v  1.0180 4.1418 6.8036
v  1.1354 4.1144 6.7298
v  0.8130 4.1141 6.4349
v  0.8011 4.2212 6.8628
v  1.2387 4.0827 6.5922
v  1.5987 4.0179 6.6976
v  1.3023 3.9793 6.4762
v  1.3935 4.1735 7.1383
v  1.3912 4.1411 6.9584
v  1.1229 4.1743 7.1958
v  1.3010 3.8573 6.4573
v  1.6092 3.8770 6.6721
v  1.6181 3.7553 6.6392
v  1.3039 3.7529 6.4269
v  1.3403 3.6460 6.3389
v  1.6375 3.6335 6.5787
v  1.6781 3.4157 6.4714
v  1.7968 3.6012 6.7027
v  1.8124 3.3906 6.6048
v  1.7916 3.7178 6.7507
v  1.9013 3.6511 6.8310
v  1.7720 3.8597 6.7868
v  2.3479 2.3128 5.2433
v  2.4696 2.2853 5.0794
v  2.1344 2.3037 4.8789
v  2.1873 2.2807 4.7944
v  2.0272 2.3168 5.0385
v  2.2206 2.2241 4.6947
v  2.6164 2.2180 5.1933
v  2.5005 2.2863 5.3485
v  2.3089 2.3845 5.6648
v  2.1566 2.3866 5.5650
v  2.1143 2.6271 6.0368
v  1.9616 3.0408 6.3469
v  1.8407 2.4062 5.3502
v  1.8608 2.8792 6.5415
v  1.6463 2.8700 6.4728
v  1.8093 2.4627 6.1720
v  2.0447 2.4631 6.2419
v  2.2788 2.2646 5.8126
v  2.0475 2.2057 5.7853
v  1.4249 2.5505 5.9786
v  1.6237 2.2472 5.6337
v  1.2775 2.9398 6.2571
v  0.7697 -0.1580 0.7665
v  0.6642 -0.2649 0.5622
v  0.7783 -0.0134 0.9457
v  0.8852 -0.0537 0.9513
v  0.7174 -0.3253 0.9565
v  0.7977 -0.3222 0.9176
v  0.6899 -0.4242 0.7336
v  0.5132 -0.4317 0.8216
v  0.6040 -0.3102 0.9984
v  0.6185 -0.4424 0.7794
v  0.7363 0.1482 1.0912
v  0.8974 0.1065 1.0765
v  1.0010 0.0461 1.0764
v  2.3357 1.4873 4.2968
v  2.2107 1.5348 4.2476
v  1.9423 1.6010 4.1885
v  2.0455 1.3096 4.4443
v  1.7768 1.4016 4.3573
v  2.1938 1.2951 4.4551
v  1.3409 0.2567 2.1848
v  1.1755 0.3239 2.1809
v  1.4308 0.2140 2.1928
v  1.4643 0.4442 2.1456
v  1.3569 0.5029 2.1265
v  1.1534 0.5510 2.1205
v  2.3622 1.5276 5.1659
v  2.1911 1.6096 5.0790
v  1.8087 1.6708 4.9659
v  -2.7613 3.5616 3.4519
v  -2.7359 3.4977 3.4672
v  -2.8557 3.5450 3.4185
v  -2.8635 3.4945 3.3969
v  -2.8436 3.4277 3.3900
v  -2.9263 3.5167 3.1259
v  -2.8006 3.5792 3.0936
v  -2.8375 3.6649 3.1229
v  -2.9969 3.4913 3.2926
v  -3.0221 3.5425 3.2319
v  -2.9672 3.4567 3.1893
v  -2.9521 3.4112 3.2496
v  -2.9715 3.6052 3.1675
v  -2.9795 3.6828 3.2263
v  -2.8474 3.7267 3.1916
v  -2.9464 3.7329 3.2741
v  -2.8504 3.7718 3.2661
v  -3.0317 3.6272 3.2882
v  -3.0067 3.5695 3.3415
v  -2.9598 3.6498 3.3903
v  -2.9734 3.7050 3.3329
v  -2.8382 3.7371 3.4262
v  -2.8486 3.7808 3.3441
v  -2.9186 3.5870 3.4073
v  -2.8026 3.6445 3.4529
v  -2.9501 3.5220 3.3665
v  -2.9365 3.4501 3.3376
v  -2.9044 3.3756 3.3072
v  -2.0928 4.0395 3.5148
v  -2.1451 4.0749 3.5006
v  -2.0590 4.1904 3.7389
v  -2.0047 4.1185 3.7303
v  -2.1077 4.2376 3.6877
v  -2.1814 4.1105 3.4819
v  -1.9024 4.5438 4.3847
v  -1.8773 4.4829 4.4177
v  -1.9659 4.3482 4.0500
v  -2.0095 4.3846 4.0035
v  -1.8037 4.1527 4.0681
v  -1.7565 4.0970 4.0440
v  -1.5659 4.1491 4.4241
v  -1.8620 4.2109 4.0592
v  -1.9032 4.2741 4.0698
v  -1.7790 4.3552 4.4469
v  -1.7130 4.2902 4.4562
v  -1.9039 4.3434 4.1548
v  -1.8284 4.4258 4.4581
v  -0.2141 4.5660 6.7480
v  0.1450 4.3266 6.6912
v  -0.1078 4.3126 6.4282
v  -0.0827 4.1005 6.1403
v  -0.3603 4.2532 6.2177
v  -0.4279 4.5320 6.4760
v  -0.9793 5.5711 6.8613
v  -1.1802 5.3621 6.5323
v  -1.2435 5.4649 6.5385
v  -1.3770 5.2980 6.2257
v  -1.3924 5.3811 6.2415
v  -1.0387 5.6825 6.8711
v  -0.6496 4.4638 6.2618
v  -0.8542 4.6523 6.2896
v  -0.6586 4.7339 6.5152
v  -0.8389 4.9472 6.5313
v  -0.6495 5.0614 6.8211
v  -0.4636 4.8041 6.7929
v  -0.8310 5.3432 6.8408
v  -1.0294 5.1726 6.5341
v  -1.0216 4.8351 6.2950
v  -1.1976 5.0298 6.2702
v  -1.3300 5.1996 6.2365
v  0.3930 4.3756 6.9597
v  -0.0422 4.5865 7.0647
v  0.0951 4.6243 7.3258
v  0.5630 4.3653 7.2078
v  -0.7658 5.8593 7.5744
v  -0.8526 5.7380 7.2440
v  -0.9151 5.8625 7.2516
v  -0.8282 5.9986 7.5680
v  -0.3523 5.2361 7.4715
v  -0.4946 5.1502 7.1714
v  -0.7005 5.4668 7.2183
v  -0.5882 5.5693 7.5406
v  -0.3036 4.8614 7.1241
v  -0.1618 4.9303 7.4022
v  0.6474 4.3481 7.3392
v  0.6374 4.3495 7.3160
v  0.1539 4.6352 7.4537
v  -0.2487 5.3007 7.6524
v  -0.0812 4.9732 7.5641
v  -0.0467 4.9944 7.6697
v  0.1594 4.6465 7.4954
v  0.1634 4.6543 7.6248
v  0.6397 4.3402 7.4588
v  0.5572 4.2638 7.4845
v  -0.2059 5.3268 7.7860
v  -0.2569 5.2996 7.9169
v  -0.0893 4.9636 7.7825
v  -0.2065 4.9079 7.7927
v  0.0618 4.5888 7.6405
v  0.5021 4.2626 7.4397
v  0.3865 4.2478 7.3513
v  -0.0099 4.5472 7.6162
v  -0.5735 5.1251 7.6997
v  -0.4109 4.7890 7.6340
v  -0.2972 4.8521 7.7557
v  -0.1280 4.4853 7.5271
v  -0.3861 5.2419 7.9243
v  -0.4724 5.1934 7.8460
v  -1.0606 5.6054 7.5463
v  -1.1737 5.6947 7.5734
v  -1.3062 5.4838 7.2250
v  -0.9393 5.7634 7.8260
v  -1.0634 5.8665 7.8486
v  -1.1606 5.8986 7.8431
v  -0.3362 4.4056 7.3265
v  0.1240 4.1680 7.1548
v  -0.1786 4.1415 6.8569
v  -0.5984 4.7021 7.4167
v  -0.7437 5.0231 7.4564
v  -0.8885 4.9482 7.1010
v  -0.7564 4.6704 7.0747
v  -0.5407 4.3999 7.0026
v  -1.2151 5.4002 7.2044
v  -1.0601 5.2050 7.1551
v  -0.8958 5.3595 7.4947
v  -0.7403 5.5009 7.7480
v  -1.6046 5.1781 6.5673
v  -1.5359 5.1093 6.5496
v  -1.4175 5.2917 6.8556
v  -1.3503 5.2049 6.8442
v  -0.7831 4.3648 6.6820
v  -0.4911 4.1353 6.5436
v  -0.7850 4.0884 6.2828
v  -0.5495 3.9392 6.1464
v  -0.9629 4.5948 6.7450
v  -1.0972 4.8105 6.7800
v  -1.2625 4.6885 6.4823
v  -1.1506 4.5089 6.4519
v  -1.0067 4.3094 6.3976
v  -1.4726 5.0208 6.5366
v  -1.3757 4.8697 6.5124
v  -1.2335 5.0301 6.8149
v  -1.2244 4.2175 5.9935
v  -1.0629 4.0522 5.8958
v  -0.9509 4.0817 6.0586
v  -0.8961 3.9288 5.7959
v  -0.7603 3.9416 5.9449
v  -1.1383 4.2632 6.1677
v  -1.2608 4.4366 6.2288
v  -1.3546 4.5971 6.2643
v  -1.4186 4.5212 6.1072
v  -1.3339 4.3741 6.0625
v  -2.0809 4.1135 4.6677
v  -1.9699 4.3717 5.1208
v  -2.0077 4.0828 4.6815
v  -1.9080 4.3122 5.1229
v  -1.8190 4.5085 5.5235
v  -1.8886 4.5793 5.5376
v  -2.0955 3.8924 4.3306
v  -1.9495 3.8967 4.4713
v  -1.9465 3.7908 4.3180
v  -1.7354 3.8680 4.6543
v  -1.7914 3.9504 4.7259
v  -1.9088 4.0505 4.7329
v  -1.9182 3.7194 4.2575
v  -1.6700 3.7987 4.6057
v  -2.1891 3.9075 4.2891
v  -1.7264 0.7697 0.7525
v  -1.7061 0.6428 0.5767
v  -1.7008 0.5648 0.6212
v  -1.6974 0.7419 0.8256
v  -1.6419 0.7163 0.8876
v  -1.6247 0.5532 0.6995
v  -1.5692 0.5191 0.7596
v  0.3238 0.1592 1.6649
v  0.3516 0.1973 1.7463
v  0.2544 0.1860 1.7661
v  0.3063 0.1761 1.5315
v  0.2274 0.1637 1.6648
v  0.4137 0.1341 1.5261
v  0.3850 0.2772 1.7763
v  0.4140 0.3616 1.7721
v  0.3282 0.3885 1.7923
v  0.2961 0.2842 1.8065
v  -0.4393 1.1004 1.2904
v  -0.4566 1.0626 1.2356
v  -0.6171 1.1465 1.2363
v  -0.6058 1.1896 1.2923
v  0.3137 2.0891 4.2114
v  0.4894 2.0829 4.2989
v  0.4515 2.0945 4.3728
v  0.5181 2.0744 4.2178
v  0.5191 2.0356 4.1489
v  0.3421 2.0852 4.1193
v  0.5048 1.9384 4.0673
v  0.3256 2.0306 4.0668
v  -0.5957 2.7295 3.4322
v  -0.2542 2.5988 3.5760
v  -0.2591 2.5305 3.5239
v  -0.5965 2.5833 3.3195
v  -0.5980 2.6607 3.3811
v  -0.7738 1.3946 1.5999
v  -0.5930 1.2741 1.6175
v  -0.5899 1.2719 1.5545
v  -0.4069 1.1800 1.5806
v  -0.3876 1.2066 1.5249
v  -0.5709 1.3006 1.4976
v  -0.7139 3.8152 5.6990
v  -0.5658 3.7981 5.8504
v  -0.6420 3.8555 5.8854
v  -0.7854 3.8650 5.7340
v  -1.7957 5.6194 6.2270
v  -1.7012 5.6745 6.1842
v  -1.7738 5.6263 6.0329
v  -1.8828 5.5724 6.0846
v  -1.8635 5.5329 6.2679
v  -1.5852 5.6674 6.1241
v  -1.5054 5.5549 6.0891
v  -1.6432 5.6157 5.9627
v  -1.4579 5.2756 6.0238
v  -1.4755 5.4107 6.0528
v  -1.4999 5.3468 5.8720
v  -1.5464 5.4991 5.9125
v  -1.4978 5.2030 5.8566
v  -1.4457 5.1950 6.0195
v  -1.4016 5.1064 6.0345
v  -1.4944 5.1222 5.8675
v  -0.0378 3.6089 5.2728
v  0.0784 3.6129 5.4322
v  0.0802 3.5223 5.3815
v  0.0912 3.3974 5.3010
v  -0.0270 3.5293 5.2371
v  0.3821 2.6957 4.1961
v  0.3345 2.7225 4.2849
v  0.5681 2.6144 4.3393
v  0.4942 2.6584 4.4626
v  0.6164 2.5937 4.2591
v  0.4565 2.7253 4.0758
v  0.6804 2.5908 4.1624
v  -1.5091 4.5558 5.1668
v  -1.4038 4.4618 5.1657
v  -1.5488 4.3838 4.8402
v  -1.4492 4.2984 4.8343
v  -1.6383 4.2246 4.4575
v  -1.6383 4.4590 4.8330
v  -1.2776 4.3556 5.1526
v  -1.1013 4.2249 5.1131
v  -1.3271 4.1904 4.7987
v  0.0872 3.0471 4.8325
v  0.0102 3.2381 5.0402
v  0.1453 3.1850 5.1467
v  -0.0230 3.4244 5.1797
v  0.2435 2.9575 4.9305
v  0.2717 2.7745 4.4027
v  0.1806 2.8861 4.6034
v  0.3706 2.7727 4.6823
v  -0.5729 0.8124 0.8587
v  -0.6178 0.7101 0.6542
v  -0.7654 0.7874 0.6560
v  -0.8062 0.6759 0.4531
v  0.2119 0.2017 1.5298
v  0.1791 0.1980 1.3554
v  0.2800 0.1508 1.3544
v  0.2174 0.0411 1.1901
v  -0.1162 -0.0879 0.8648
v  -0.0569 0.0315 1.0439
v  -0.1262 0.0761 1.0374
v  -0.0345 -0.1402 0.8733
v  0.0296 -0.0183 1.0460
v  0.0149 0.1475 1.1947
v  -0.0586 0.1877 1.1919
v  0.0391 0.2621 1.4889
v  0.0178 0.2730 1.3308
v  0.0939 0.2378 1.3455
v  0.1029 0.1020 1.1943
v  0.1217 0.2264 1.5133
v  -0.0630 0.3096 1.3194
v  -0.0396 0.3086 1.4666
v  -0.1304 0.2316 1.1872
v  0.0742 -0.2073 0.8767
v  0.1462 -0.0840 1.0441
v  -0.3254 0.0668 0.8258
v  -0.2471 0.0067 0.8385
v  -0.1926 0.1239 1.0278
v  -0.1827 -0.0414 0.8525
v  -0.3361 0.3503 0.4168
v  -0.2744 0.4510 0.6321
v  -0.1850 0.3510 0.6378
v  -0.1100 0.4607 0.8483
v  -0.2433 0.2550 0.4139
v  -0.4926 0.4794 0.4328
v  -0.4224 0.6047 0.6267
v  -0.3488 0.5348 0.6268
v  -0.2862 0.6395 0.8349
v  -0.2037 0.5595 0.8395
v  -0.4169 0.4214 0.4234
v  -0.3693 0.7026 0.8381
v  -0.5085 0.6563 0.6403
v  -0.5714 0.5338 0.4452
v  -0.6682 0.5985 0.4522
v  -0.4595 0.7549 0.8488
v  -0.3183 0.7926 1.0271
v  -0.2281 0.7322 1.0243
v  -0.1722 0.8149 1.1643
v  -0.0689 0.7489 1.1595
v  -0.1350 0.6590 1.0257
v  -0.2677 0.8782 1.1633
v  -0.4128 0.8479 1.0337
v  -0.3679 0.9349 1.1676
v  0.0955 0.7286 1.2163
v  0.0424 0.6615 1.1597
v  -0.0219 0.8106 1.2286
v  -0.1315 0.8686 1.2464
v  -0.2323 0.9328 1.2411
v  -0.2024 0.9845 1.2835
v  -0.0908 0.9452 1.2493
v  -0.0316 0.5667 1.0307
v  0.3087 1.9434 3.9966
v  0.3164 1.7667 3.8739
v  0.4964 1.7490 3.9282
v  0.4944 1.5130 3.7308
v  -0.3116 1.0367 1.2878
v  -0.3330 0.9981 1.2338
v  0.4905 1.2647 3.4915
v  0.3486 1.2980 3.4633
v  0.3582 1.0740 3.1770
v  0.4830 1.0326 3.2043
v  0.3346 1.5386 3.6964
v  0.1971 1.5789 3.6543
v  0.2242 1.3399 3.4269
v  0.1109 1.3881 3.3845
v  0.1427 1.1642 3.1121
v  0.2480 1.1203 3.1445
v  -0.2794 2.3224 3.3349
v  -0.5936 2.4445 3.2058
v  -0.3040 2.1398 3.1701
v  -0.5783 2.2692 3.0405
v  0.0306 1.1977 3.0866
v  -0.0090 1.4264 3.3503
v  0.0767 1.6331 3.6019
v  -0.0518 1.6756 3.5616
v  -0.3136 1.9391 2.9618
v  -0.5561 2.0685 2.8448
v  -0.5442 1.8684 2.6344
v  -0.1368 2.0608 3.2539
v  -0.1592 1.8557 3.0379
v  -0.0455 1.7986 3.0901
v  -0.0661 1.6017 2.8380
v  -0.1799 1.6590 2.7974
v  0.0496 1.5469 2.8767
v  0.0694 1.7418 3.1419
v  -0.0210 2.0088 3.3129
v  0.0983 1.9594 3.3689
v  0.3598 0.8904 2.8463
v  0.4668 0.8385 2.8716
v  0.3578 0.7374 2.5030
v  0.4528 0.6844 2.5203
v  0.1542 0.9845 2.7981
v  0.1486 0.8174 2.4862
v  0.2577 0.7856 2.4904
v  0.2600 0.9458 2.8181
v  0.0454 1.0185 2.7799
v  0.0413 0.8557 2.4767
v  -0.5384 1.7186 2.4082
v  -0.3439 1.5884 2.4977
v  -0.3748 1.4468 2.2642
v  -0.5655 1.5650 2.1968
v  -0.1299 1.3124 2.3330
v  -0.2353 1.3734 2.3029
v  -0.2047 1.5068 2.5486
v  -0.3268 1.7415 2.7352
v  -0.0936 1.4501 2.5805
v  0.3758 2.1900 4.4900
v  0.4119 2.1256 4.4349
v  0.2186 2.1390 4.4063
v  0.2663 2.0928 4.3115
v  0.1211 1.1883 2.3765
v  -0.0226 1.2576 2.3591
v  0.0194 1.3966 2.6106
v  0.3096 2.3729 4.6190
v  0.3493 2.2971 4.5376
v  0.1345 2.4419 4.5940
v  0.1611 2.3474 4.5348
v  0.1824 2.2291 4.4819
v  -0.1515 2.3285 4.4052
v  -0.0084 2.2513 4.4791
v  -0.0064 2.3876 4.5108
v  -0.1341 2.4466 4.4310
v  -0.0009 2.4967 4.5296
v  -0.5585 1.3121 1.4321
v  -0.3788 1.2226 1.4527
v  -0.3849 1.2107 1.3782
v  -0.5568 1.3007 1.3653
v  -0.2493 2.5047 4.3405
v  -0.2718 2.4061 4.3135
v  -0.1265 2.5324 4.4593
v  -0.4156 2.6358 4.2662
v  0.0267 0.2024 1.6337
v  -0.0619 0.2505 1.6173
v  -0.0750 0.2317 1.7831
v  -0.1708 0.3212 1.6213
v  -0.4096 1.1602 1.3279
v  -0.5726 1.2581 1.3132
v  0.0294 0.1862 1.7886
v  0.1264 0.1732 1.6520
v  0.1456 0.1774 1.7811
v  -0.3355 0.4494 1.7692
v  -0.3182 0.5341 1.8282
v  -0.1571 0.4160 1.8919
v  -0.1076 0.5446 1.9042
v  -0.1873 0.3198 1.7741
v  -0.0301 0.3296 1.9314
v  0.0869 0.2908 1.9179
v  0.0286 0.4790 1.9285
v  -0.3304 0.4149 1.6636
v  0.1578 0.5818 1.9713
v  0.2583 0.5410 1.9488
v  0.2540 0.6338 2.1869
v  0.3543 0.5978 2.1794
v  0.1500 0.6731 2.1953
v  0.1393 0.4368 1.9042
v  0.1987 0.2840 1.8632
v  0.2377 0.4119 1.8435
v  0.0546 0.6230 1.9884
v  0.0447 0.7145 2.1994
v  0.4342 0.4508 1.9307
v  0.4284 0.4016 1.8167
v  0.3456 0.4373 1.8287
v  0.3526 0.4979 1.9318
v  0.2530 0.4729 1.8607
v  0.1528 0.5040 1.9043
v  0.4451 0.5573 2.1824
v  0.0455 0.5424 1.9334
v  -0.5990 1.2804 1.6822
v  -0.6026 1.3171 1.7911
v  -0.4176 1.2214 1.8252
v  -0.4138 1.1978 1.7079
v  -0.4114 1.1897 1.6430
v  -0.4093 1.3045 2.0317
v  -0.5903 1.4204 1.9778
v  -0.8752 3.5812 5.5009
v  -0.7684 3.6207 5.5982
v  -0.8134 3.7141 5.6050
v  -0.6765 3.7417 5.6945
v  -0.8434 3.7883 5.5984
v  -0.9167 3.6832 5.5091
v  -0.6693 3.4623 5.3339
v  -0.7859 3.4723 5.4371
v  -0.8656 3.4675 5.3094
v  -0.9499 3.5696 5.3709
v  -0.7547 3.4579 5.2157
v  -0.4847 3.6367 5.8116
v  -0.4034 3.5469 5.7562
v  -0.5575 3.5544 5.6373
v  -0.4591 3.5141 5.5519
v  -0.3038 3.5221 5.6727
v  -0.6818 3.5189 5.5396
v  -0.5752 3.4891 5.4425
v  -0.6351 3.6564 5.6849
v  -0.5257 3.7221 5.8341
v  -0.9848 3.6699 5.3812
v  -0.9383 3.7620 5.4998
v  -1.0021 3.7500 5.3762
v  -1.0990 3.7253 5.1876
v  -0.0028 3.9746 5.6523
v  -0.1540 3.9947 5.5216
v  0.0764 3.8815 5.5191
v  -0.2678 3.9991 5.6755
v  -0.1039 3.9828 5.8012
v  0.0884 3.7402 5.4632
v  -0.0100 3.7603 5.2802
v  -0.0523 3.9122 5.3629
v  -0.3496 3.0268 4.0215
v  -0.7148 3.1197 3.8449
v  -0.7471 3.2210 3.9866
v  -0.7757 3.3557 4.1393
v  -0.3945 3.1342 4.1802
v  -0.6822 3.0663 3.7629
v  -0.3154 2.9741 3.9391
v  -0.6484 3.0249 3.7016
v  0.0771 2.8442 4.0581
v  0.0302 2.8557 4.1351
v  0.1703 2.8069 4.2129
v  0.1177 2.8595 4.3202
v  0.2275 2.8107 4.1281
v  -0.0146 2.9077 4.2324
v  -0.1473 2.9532 4.1448
v  -0.2070 3.0558 4.3181
v  -0.4400 3.2743 4.3673
v  -0.2716 3.1924 4.5266
v  -0.0840 3.0085 4.4144
v  -0.2901 2.9188 3.8828
v  -0.1072 2.9035 4.0553
v  -0.0731 2.8651 3.9897
v  0.3592 2.2685 3.7235
v  0.6403 2.1910 3.8403
v  0.6091 2.0306 3.6955
v  0.3146 2.0992 3.6138
v  0.0415 2.9640 4.5096
v  -0.1563 3.1497 4.6288
v  -0.0388 3.1087 4.7303
v  -0.2638 2.4553 3.4604
v  -0.0666 2.3908 3.5376
v  -0.0966 2.2502 3.4179
v  0.0173 2.1998 3.4844
v  0.6556 2.2941 3.9129
v  0.3822 2.3717 3.7803
v  0.4115 2.4585 3.8074
v  0.1815 2.3169 3.6495
v  0.2081 2.4167 3.6942
v  0.0814 2.4461 3.6353
v  0.1119 2.5316 3.6466
v  0.2429 2.5055 3.7080
v  0.0580 2.3538 3.5921
v  0.1380 2.1552 3.5432
v  -0.2828 2.1570 3.7652
v  -0.5892 2.2490 3.6890
v  -0.5631 2.0858 3.5675
v  -0.2627 1.9823 3.6535
v  -0.0344 2.5485 3.6233
v  -0.0503 2.4744 3.5879
v  0.1510 1.9716 3.9456
v  0.1697 1.8048 3.8236
v  0.0452 1.8591 3.7689
v  -0.6049 2.3352 3.7531
v  -0.2894 2.2428 3.8289
v  -0.2987 2.2888 3.8821
v  -0.6202 2.3780 3.7885
v  -0.1079 2.1556 3.9040
v  -0.1172 2.1850 3.9605
v  -0.1023 2.0812 3.8345
v  0.0200 2.0906 3.9632
v  0.0253 2.0274 3.8866
v  -0.0843 1.9065 3.7233
v  -0.1844 2.6508 4.5617
v  -0.0720 2.6236 4.6404
v  -0.1763 2.7596 4.7933
v  -0.0686 2.7007 4.8878
v  -0.1889 2.9147 5.0876
v  -0.2883 2.9589 4.9790
v  -0.3857 2.9795 4.8811
v  -0.2808 2.7856 4.7049
v  0.0161 2.1115 4.0189
v  0.1581 2.0405 4.0181
v  0.1678 2.0700 4.0689
v  -0.2981 2.6773 4.4850
v  -0.3881 2.8085 4.6196
v  -0.4891 2.9930 4.7882
v  0.2111 2.4706 4.7738
v  0.2754 2.4096 4.6776
v  0.1035 2.4914 4.6406
v  0.0457 2.5592 4.7202
v  -0.0189 2.5562 4.5658
v  -0.1389 2.5837 4.4928
v  0.0797 2.6190 4.9702
v  -0.0534 2.8589 5.1923
v  -0.2314 2.8947 3.7846
v  -0.6006 2.9928 3.6240
v  -0.5391 2.9833 3.5202
v  -0.2491 2.5707 4.3850
v  -0.2615 2.6097 4.4227
v  0.3162 2.6505 3.7238
v  0.1776 2.6808 3.6619
v  0.1836 2.7875 3.7986
v  0.3228 2.7490 3.8608
v  -0.5490 2.8646 3.4497
v  -0.1759 2.8649 3.6643
v  -0.1845 2.7472 3.5659
v  0.0474 2.8248 3.7354
v  0.0369 2.7034 3.6141
v  0.1424 2.8413 3.9376
v  -0.0110 2.8485 3.8791
v  -0.7426 2.4520 4.0112
v  -0.7005 2.4218 3.9175
v  -0.4200 2.2907 4.0634
v  -0.4615 2.3566 4.1635
v  0.2889 2.8049 4.0025
v  0.0201 2.1305 4.3962
v  -0.1335 2.2097 4.3267
v  -0.0765 2.1489 4.2066
v  0.0791 2.0781 4.2705
v  -0.6517 2.4112 3.8425
v  -0.3523 2.2903 3.9657
v  -0.2180 2.2251 4.1432
v  -0.1572 2.2088 4.0444
v  -0.0206 2.1270 4.1021
v  -0.2735 2.2841 4.2550
v  -0.5965 3.4598 5.2728
v  -0.4537 3.3837 5.3067
v  -0.5021 3.4818 5.3743
v  -0.3405 3.3970 5.4045
v  -0.3898 3.4999 5.4809
v  0.1353 2.0718 4.1573
v  -0.6281 3.3853 5.0945
v  -0.6866 3.4492 5.1646
v  -0.5452 3.3782 5.2055
v  -0.2098 3.3903 5.5233
v  -0.2801 3.1716 5.2704
v  -0.1505 3.1442 5.3846
v  -0.3819 3.1893 5.1626
v  -0.4673 3.2061 5.0553
v  -0.2397 3.5154 5.5946
v  -0.5195 3.5355 4.6787
v  -0.8413 3.5960 4.3528
v  -0.8528 3.6679 4.3955
v  -0.5191 3.6172 4.7367
v  -0.8131 3.4838 4.2658
v  -0.4944 3.4052 4.5500
v  -0.5603 3.2150 4.9531
v  -0.1075 3.2779 4.9348
v  -0.2226 3.3065 4.8324
v  -0.2445 3.4676 4.9697
v  -0.1341 3.4472 5.0716
v  -0.3529 3.4894 4.8664
v  -0.3465 3.5810 4.9258
v  -0.3460 3.6610 4.9518
v  -0.2381 3.5621 5.0234
v  -0.3316 3.3400 4.7266
v  -0.9184 4.3692 5.8781
v  -0.6775 4.1927 5.8387
v  -0.7866 4.1902 5.6656
v  -0.5692 4.0838 5.6162
v  -0.6665 4.1074 5.4461
v  -0.8772 4.2068 5.4965
v  -1.0112 4.3573 5.7046
v  -0.1360 3.5416 5.1257
v  -0.2350 3.6424 5.0450
v  -0.1395 3.6212 5.1502
v  -1.0937 4.3580 5.5385
v  -0.9648 4.2279 5.3283
v  -0.7578 4.1440 5.2727
v  -1.1721 4.3644 5.3721
v  -0.3378 4.0223 5.7464
v  -0.1733 4.0072 5.8923
v  -0.3004 4.0604 5.9646
v  -0.5438 4.2118 6.0236
v  -0.4526 4.0681 5.7880
v  -0.8038 4.4099 6.0616
v  -1.1361 3.7833 5.2075
v  -1.3299 3.7242 4.9112
v  -1.3840 3.7957 4.9423
v  -1.3498 4.1713 5.7400
v  -1.1978 4.0216 5.6447
v  -1.1356 4.0401 5.7597
v  -0.9777 3.9260 5.6635
v  -1.2881 4.1949 5.8542
v  -0.9646 3.8321 5.5035
v  -1.1002 3.8972 5.4281
v  -1.0248 3.8199 5.3825
v  -1.2074 3.8547 5.2525
v  -1.4832 3.8858 5.0020
v  -1.3436 3.9679 5.3392
v  -1.5868 3.9874 5.0643
v  -1.4791 4.1042 5.4240
v  -1.2530 4.0128 5.5253
v  -1.0417 3.9096 5.5479
v  -1.4029 4.1585 5.6201
v  -0.8867 3.8549 5.6114
v  -1.8252 4.9943 6.2235
v  -1.7087 4.9040 6.1791
v  -1.6178 5.0063 6.3205
v  -1.5394 4.8961 6.3066
v  -1.7071 5.0920 6.3489
v  -1.9485 4.7737 5.9806
v  -1.8209 4.7214 5.9286
v  -1.7803 4.7962 6.0631
v  -1.6549 4.7206 6.0081
v  -1.6042 4.7887 6.1519
v  -1.9120 4.8709 6.1187
v  -1.5094 4.6589 6.1334
v  -1.4528 4.7520 6.2918
v  -1.6930 4.7572 5.1568
v  -1.7870 4.6255 4.8126
v  -1.8073 4.6979 4.7910
v  -1.7257 4.8286 5.1465
v  -1.8121 4.7789 4.7790
v  -1.7036 4.6678 5.8757
v  -1.8458 4.6770 5.7778
v  -1.9580 4.7148 5.8217
v  -1.7493 4.6200 5.7393
v  -1.5517 4.9166 5.5464
v  -1.6136 4.8497 5.3794
v  -1.6519 4.9199 5.3718
v  -1.7318 4.9156 5.1492
v  -1.6600 5.0070 5.3746
v  -1.5938 4.9878 5.5366
v  -1.6134 4.6594 5.1641
v  -1.7230 4.5422 4.8251
v  -1.8020 5.2201 5.2268
v  -1.9303 4.9626 4.8496
v  -2.0400 4.9971 4.8830
v  -1.9332 5.3139 5.2721
v  -2.0580 4.6934 4.4076
v  -1.8504 4.8835 4.8027
v  -1.7394 5.0683 5.1782
v  -1.5466 5.0528 5.7060
v  -1.4998 4.9784 5.7186
v  -1.5925 5.0735 5.5289
v  -1.5278 5.1394 5.6861
v  -1.4511 5.0404 5.8845
v  -2.1693 5.3678 5.8881
v  -2.1447 5.2097 5.9149
v  -2.0656 5.2892 6.0378
v  -2.0422 5.1568 6.0647
v  -1.9596 5.2467 6.2000
v  -1.9685 5.3634 6.1623
v  -2.0705 5.4259 6.0119
v  -2.0989 5.0635 5.9321
v  -2.1691 5.1329 5.7685
v  -2.2028 5.2882 5.7396
v  -2.1193 4.9832 5.7833
v  -1.8205 5.1866 6.3891
v  -1.8837 5.3177 6.3757
v  -1.9170 5.1140 6.2304
v  -1.9979 5.0109 6.1022
v  -2.0464 4.9070 5.9692
v  -1.8840 5.4324 6.3216
v  -1.9542 5.4730 6.1269
v  -1.3072 4.6703 5.7313
v  -1.4188 4.8376 5.7289
v  -1.3619 4.8882 5.9001
v  -1.3576 4.6466 5.5560
v  -1.4688 4.7919 5.5542
v  -2.0634 4.8276 5.8169
v  -1.5300 4.7386 5.3858
v  -1.4191 4.6145 5.3871
v  -1.0958 4.5402 5.8985
v  -0.9937 4.5873 6.0852
v  -1.1468 4.7607 6.0888
v  -1.2431 4.5046 5.5545
v  -1.1750 4.5166 5.7230
v  -1.2385 4.7077 5.9069
v  -1.2959 4.9452 6.0674
v  -1.7300 4.4120 5.5202
v  -1.6645 4.5009 5.7345
v  -1.5748 4.3816 5.7200
v  -1.5229 4.4256 5.8443
v  -1.6080 4.5535 5.8601
v  -1.3102 4.4945 5.3864
v  -1.5534 4.6044 5.9870
v  -1.4641 4.4757 5.9640
v  -1.5655 4.2115 5.4796
v  -1.6647 4.0775 5.1124
v  -1.7376 4.1598 5.1391
v  -1.8115 4.0481 4.8521
v  -1.4459 4.3043 5.8042
v  -1.4969 4.2765 5.6821
v  -1.6394 4.3058 5.5116
v  -1.8248 4.2399 5.1358
v  -1.3857 4.3414 5.9203
v  -0.1463 1.1300 1.3563
v  -0.1332 1.1664 1.4421
v  -0.0173 1.1538 1.4265
v  -0.0228 1.1383 1.5306
v  -0.0340 1.1076 1.3307
v  -0.1362 1.1611 1.5337
v  -0.2447 1.1820 1.4536
v  -0.2561 1.1568 1.3751
v  -0.2481 1.1762 1.5348
v  -0.1707 1.0638 1.3038
v  -0.0596 1.0301 1.2740
v  -0.2822 1.0978 1.3279
v  -0.2675 1.1410 1.5936
v  -0.2883 1.1085 1.6527
v  -0.1760 1.0756 1.6618
v  -0.1529 1.1276 1.6029
v  -0.1639 1.1104 1.8786
v  -0.2808 1.1505 1.8572
v  -0.2657 1.2403 2.0627
v  -0.1526 1.1919 2.0871
v  -0.0654 1.0472 1.6728
v  -0.0807 1.0147 1.7639
v  -0.1808 1.0617 1.7504
v  -0.0611 1.0675 1.8968
v  -0.0419 1.0972 1.6078
v  -0.2857 1.1201 1.7321
v  -0.0518 1.1371 2.1118
v  -0.4594 4.0415 5.5854
v  -0.3853 4.0272 5.5241
v  -0.5535 4.0795 5.4139
v  -0.2048 3.7993 5.0313
v  -0.1034 3.7809 5.1425
v  -0.2449 3.9692 5.0896
v  -0.1496 3.9443 5.2217
v  -0.5690 4.1159 5.1863
v  -0.4512 4.1128 5.0707
v  -0.3426 4.0953 5.2211
v  -0.3631 3.9758 4.9719
v  -0.6493 4.1096 5.2393
v  -0.4741 4.0804 5.3576
v  -0.2522 4.0499 5.3751
v  -0.3285 3.8097 4.9381
v  -1.9998 5.5687 5.9516
v  -1.8563 5.6312 5.8719
v  -1.9406 5.6101 5.7076
v  -2.1103 5.5444 5.8077
v  -2.1566 5.4427 5.6576
v  -2.0108 5.5075 5.5646
v  -1.8431 5.4746 5.4909
v  -1.7643 5.5550 5.6318
v  -1.6294 5.4209 5.5768
v  -1.7143 5.3448 5.4462
v  -1.5635 5.4759 5.7303
v  -1.6949 5.6009 5.7918
v  -1.5309 5.2918 5.7010
v  -1.5995 5.2313 5.5495
v  -1.6646 5.1696 5.4020
v  -0.6618 5.5782 7.8884
v  -0.6115 5.6207 7.9164
v  -0.8416 5.9357 8.0451
v  -0.8702 5.8549 7.9620
v  -1.0838 6.0299 8.0651
v  -1.1096 5.9790 7.9825
v  -1.0061 5.9553 7.9862
v  -0.9824 6.0039 8.0706
v  -1.2329 6.1976 7.9932
v  -1.2667 6.1489 7.9043
v  -1.2137 6.0460 7.9581
v  -1.1823 6.0964 8.0418
v  -1.2423 6.3023 7.9422
v  -1.2328 6.3503 7.7927
v  -1.2763 6.2525 7.8501
v  -1.1999 6.4024 7.8870
v  -1.0934 6.4719 7.8345
v  -1.1222 6.4139 7.7396
v  -1.0021 6.4439 7.6882
v  -1.0630 6.3732 7.5601
v  -0.7878 6.3844 7.7093
v  -0.8336 6.3355 7.6146
v  -0.9031 6.4181 7.6355
v  -0.8647 6.4651 7.7351
v  -0.7515 6.2819 7.7314
v  -0.7922 6.2339 7.6391
v  -0.7801 6.1383 7.6897
v  -0.6626 5.9451 7.7386
v  -0.4765 5.6510 7.7149
v  -0.4098 5.6939 7.8453
v  -0.7395 6.1892 7.7793
v  -0.6936 6.1317 7.8182
v  -0.7400 6.0789 7.7213
v  -0.6115 6.0274 7.8737
v  -0.5140 5.6529 7.9329
v  -0.6831 5.9504 8.0076
v  -1.0241 6.1826 8.2786
v  -1.0609 6.0997 8.1729
v  -0.9609 6.0744 8.1696
v  -0.8578 6.0664 8.1527
v  -0.8420 6.1468 8.2376
v  -0.9342 6.1516 8.2710
v  -1.0925 6.2477 8.2704
v  -1.1439 6.1699 8.1550
v  -1.1890 6.2678 8.1209
v  -1.1325 6.3353 8.2532
v  -1.1284 6.4370 8.2263
v  -1.1905 6.3743 8.0805
v  -1.1413 6.4712 8.0362
v  -1.0783 6.5288 8.1956
v  -0.9911 6.5856 8.1716
v  -1.0433 6.5345 7.9975
v  -0.8880 6.5995 8.1449
v  -0.9288 6.5475 7.9612
v  -0.7243 6.4884 8.0672
v  -0.7409 6.4512 7.8757
v  -0.8257 6.5197 7.9125
v  -0.9690 6.4945 7.7865
v  -0.7927 6.5584 8.1048
v  -0.9731 6.2490 8.3779
v  -1.0387 6.3001 8.3757
v  -0.9786 6.3638 8.4412
v  -1.0265 6.3989 8.4161
v  -1.0769 6.3746 8.3628
v  -1.0095 6.4657 8.4216
v  -1.0759 6.4639 8.3454
v  -0.9908 6.5291 8.3915
v  -1.0302 6.5454 8.3236
v  -0.6949 6.3393 8.0481
v  -0.6960 6.2691 7.9058
v  -0.7066 6.3560 7.8795
v  -0.6914 6.4136 8.0472
v  -0.9245 6.5542 8.4074
v  -0.9493 6.5969 8.3076
v  -0.8358 6.5556 8.3943
v  -0.8505 6.6118 8.2875
v  -0.9126 6.3294 8.4479
v  -0.8577 6.4493 8.4638
v  -0.9362 6.4625 8.4597
v  -0.7599 6.3147 8.3691
v  -0.7382 6.4100 8.3813
v  -0.7874 6.4286 8.4340
v  -0.7561 6.5281 8.3673
v  -0.8381 6.3173 8.4264
v  -0.7628 6.5701 8.2520
v  -0.7036 6.4822 8.3270
v  -0.7047 6.5055 8.2138
v  -0.7363 6.2225 8.1000
v  -0.7731 6.1702 8.1633
v  -0.7506 6.0924 8.0863
v  -0.6898 6.1487 7.9925
v  -0.8142 6.2265 8.3197
v  -0.8895 6.2258 8.3664
v  -0.7132 6.2776 8.0639
v  -0.6883 6.3869 8.2526
v  -0.7108 6.3580 8.2976
v  -0.7077 6.3220 8.1960
v  -0.7379 6.2713 8.2326
v  -0.6848 6.3754 8.1693
v  -0.7701 6.2234 8.2486
v  -0.7117 6.4012 8.3354
v  -0.6876 6.4311 8.2801
v  -0.6814 6.4380 8.1809
v  -1.5674 0.3558 0.5939
v  -1.6258 0.3824 0.5582
v  -1.6263 0.2403 0.4488
v  -1.6815 0.2497 0.4610
v  -1.5095 0.3209 0.6300
v  -1.5045 0.1825 0.4834
v  -1.4237 0.1519 0.5192
v  -1.4490 0.2680 0.6830
v  -1.5697 0.2129 0.4608
v  -1.1503 0.2986 0.6907
v  -1.3376 0.2228 0.7399
v  -1.3084 0.1146 0.5719
v  -0.8920 0.2389 0.6532
v  -1.1350 0.2041 0.5120
v  -0.8974 0.1267 0.4850
v  -0.6407 0.1278 0.6243
v  -0.4750 0.0363 0.6135
v  -0.6656 0.0204 0.4520
v  -0.5055 -0.0586 0.4324
v  -0.3686 -0.0398 0.6168
v  -0.3985 -0.1253 0.4281
v  -0.5182 -0.1275 0.3076
v  -0.6728 -0.0562 0.3300
v  -0.4138 -0.1883 0.2999
v  -0.5210 -0.1806 0.2096
v  0.0419 -0.4375 0.4386
v  0.1125 -0.4826 0.4190
v  0.1955 -0.4307 0.6390
v  0.1860 -0.5225 0.3966
v  0.2849 -0.4771 0.6182
v  0.1073 -0.3758 0.6535
v  0.0702 -0.5132 0.2779
v  0.0051 -0.4729 0.2972
v  0.0085 -0.3086 0.6576
v  -0.0427 -0.3814 0.4487
v  -0.0867 -0.2433 0.6551
v  -0.1270 -0.3232 0.4509
v  0.3863 -0.5882 0.3545
v  0.4956 -0.5364 0.5613
v  0.3899 -0.5166 0.5932
v  0.3993 -0.3906 0.8494
v  0.2816 -0.5604 0.3762
v  0.5684 -0.5690 0.2911
v  0.6433 -0.4953 0.4814
v  0.5828 -0.5250 0.5217
v  0.4881 -0.5936 0.3263
v  0.2282 -0.5874 0.2387
v  0.3279 -0.6177 0.2212
v  0.1384 -0.5504 0.2568
v  0.7044 -0.4399 0.4125
v  0.6800 -0.4675 0.4454
v  0.6162 -0.5388 0.2563
v  0.4283 -0.6322 0.2005
v  0.6487 -0.5094 0.2248
v  0.5664 -0.5896 0.1358
v  0.7176 -0.3930 0.3784
v  0.6626 -0.3652 0.3699
v  0.6618 -0.4568 0.1958
v  0.6033 -0.4252 0.1917
v  0.6185 -0.5007 0.0674
v  0.6032 -0.5582 0.1007
v  0.5555 -0.5931 0.0099
v  0.5724 -0.5378 -0.0314
v  0.5279 -0.4891 -0.0519
v  0.5623 -0.4606 0.0583
v  0.5213 -0.5729 -0.1280
v  0.4920 -0.5212 -0.1624
v  0.1594 -0.2645 0.2686
v  0.3236 -0.3376 0.3139
v  0.2891 -0.3820 0.1147
v  0.4671 -0.3662 0.3532
v  0.4260 -0.4139 0.1596
v  0.5830 -0.3701 0.3673
v  0.5296 -0.4236 0.1831
v  0.4961 -0.4524 0.0463
v  0.4703 -0.4758 -0.0659
v  0.4022 -0.4398 0.0193
v  0.4435 -0.5045 -0.1792
v  0.4662 -0.5564 -0.2567
v  0.4222 -0.5418 -0.2775
v  0.3628 -0.4973 -0.2050
v  0.3837 -0.4649 -0.0928
v  -0.2090 -0.0237 0.0305
v  -0.1781 0.0384 0.2147
v  -0.0218 -0.1260 0.2372
v  -0.1287 0.1231 0.4266
v  0.1267 -0.3115 0.0699
v  -0.0509 -0.1791 0.0438
v  0.2658 -0.4118 -0.0296
v  0.2445 -0.4416 -0.1455
v  0.1032 -0.3424 -0.0781
v  0.2181 -0.4834 -0.2587
v  0.0766 -0.3773 -0.1971
v  -0.0717 -0.2157 -0.1011
v  -0.2312 -0.0686 -0.1070
v  -0.2933 0.1691 0.2090
v  -0.3876 0.2640 0.2166
v  -0.3327 0.0989 0.0342
v  -0.4345 0.1872 0.0496
v  -0.5972 0.2897 0.0850
v  -0.5509 0.3742 0.2471
v  -0.4722 0.3273 0.2301
v  -0.5198 0.2465 0.0665
v  -1.0693 0.7839 0.1940
v  -0.9616 0.6799 0.2366
v  -0.9798 0.5965 0.0728
v  -1.0943 0.6931 0.0370
v  -1.2097 0.8367 0.1765
v  -1.1171 0.6182 -0.0754
v  -1.2640 0.6685 -0.0715
v  -0.9950 0.5332 -0.0487
v  -1.1365 0.5546 -0.1681
v  -1.3850 0.8284 0.1954
v  -1.7001 0.5054 0.4799
v  -1.7179 0.3913 0.4714
v  -1.7062 0.3804 0.5435
v  -0.2916 -0.0973 0.6261
v  -0.2276 -0.1444 0.6374
v  -0.3221 -0.1797 0.4324
v  -0.2597 -0.2264 0.4400
v  -0.3405 -0.2405 0.3021
v  -0.4215 -0.2392 0.2019
v  -0.3515 -0.2877 0.2023
v  -0.2805 -0.2842 0.3070
v  -0.1971 -0.2729 0.4471
v  -0.1622 -0.1908 0.6477
v  -0.0209 -0.5017 0.1942
v  -0.0989 -0.4556 0.2045
v  -0.1257 -0.4921 0.1011
v  -0.1994 -0.4478 0.1065
v  -0.1756 -0.4080 0.2091
v  -0.2386 -0.3668 0.2085
v  -0.2588 -0.4091 0.1073
v  -0.3115 -0.3730 0.1059
v  -0.8435 0.5722 0.2651
v  -0.7185 0.4909 0.2680
v  -0.8769 0.4810 0.1056
v  -0.0744 -0.4237 0.3087
v  -0.1539 -0.3721 0.3130
v  -0.2205 -0.3269 0.3115
v  -0.2948 -0.3279 0.2055
v  -0.6277 0.4256 0.2617
v  -0.6735 0.3366 0.1020
v  -0.7614 0.3992 0.1098
v  -0.8990 0.3843 -0.1308
v  -0.8919 0.4238 -0.0210
v  -0.7848 0.3404 -0.0165
v  -1.0074 0.4821 -0.1501
v  -0.7986 0.3002 -0.1269
v  -0.8128 0.2637 -0.2386
v  -0.9055 0.3501 -0.2413
v  -0.9085 0.3227 -0.3358
v  -1.0198 0.4322 -0.2521
v  -0.6954 0.2889 -0.0304
v  -0.6835 6.2043 7.9378
v  0.3430 -0.5387 -0.3023
v  -1.2402 0.7388 0.0355
v  -1.5111 0.7184 0.2874
v  -1.7107 0.5702 0.4527
v  -0.7070 0.2608 -0.1466
# 3302 vertices

vn -0.7327 -0.3407 -0.5891
vn -0.7390 -0.3616 -0.5685
vn -0.8540 -0.2467 -0.4580
vn -0.8246 -0.2896 -0.4859
vn -0.8094 -0.2925 -0.5093
vn -0.8268 -0.2637 -0.4969
vn -0.8600 -0.2455 -0.4474
vn -0.7647 -0.3157 -0.5617
vn -0.7971 -0.3004 -0.5239
vn -0.8240 -0.2885 -0.4876
vn -0.7659 -0.3280 -0.5531
vn -0.7568 -0.3281 -0.5653
vn -0.8269 -0.2833 -0.4857
vn 0.0297 -0.5121 -0.8584
vn -0.0786 -0.2545 -0.9639
vn -0.3443 -0.4386 -0.8301
vn -0.2500 -0.1875 -0.9499
vn -0.7447 -0.3392 -0.5748
vn -0.3252 -0.4926 -0.8072
vn 0.0697 -0.5246 -0.8485
vn -0.2908 -0.5137 -0.8072
vn -0.1597 -0.5529 -0.8178
vn -0.4286 -0.5549 -0.7130
vn -0.3456 -0.5057 -0.7905
vn -0.4096 -0.5238 -0.7469
vn -0.3250 -0.4860 -0.8113
vn -0.3473 -0.5061 -0.7895
vn -0.4653 -0.5123 -0.7219
vn -0.4979 -0.5601 -0.6622
vn 0.1356 -0.4763 -0.8687
vn -0.1765 -0.5023 -0.8465
vn -0.1470 -0.5085 -0.8484
vn -0.3197 -0.4759 -0.8193
vn -0.1571 -0.4443 -0.8820
vn 0.6656 0.4047 0.6271
vn 0.6558 0.4237 0.6248
vn 0.7207 0.3784 0.5809
vn 0.3777 0.5421 0.7506
vn 0.5113 0.5092 0.6923
vn 0.7451 0.3684 0.5559
vn 0.6189 0.4282 0.6585
vn 0.3550 0.6773 0.6443
vn 0.3816 0.5552 0.7390
vn 0.4274 0.5517 0.7162
vn 0.4646 0.4896 0.7378
vn 0.5678 0.4516 0.6882
vn 0.5412 0.5086 0.6697
vn 0.5292 0.5743 0.6247
vn 0.3599 0.6566 0.6628
vn 0.6229 0.6718 0.4008
vn 0.7534 0.5637 0.3386
vn 0.7359 0.4839 0.4736
vn 0.6129 0.5719 0.5453
vn -0.3596 0.6109 0.7053
vn -0.1207 0.5905 0.7979
vn -0.2513 0.5674 0.7841
vn 0.2300 0.5811 0.7806
vn -0.3697 0.5394 0.7565
vn -0.4457 0.5857 0.6770
vn -0.7768 -0.4402 -0.4504
vn -0.5143 -0.6964 -0.5005
vn -0.4657 -0.6621 -0.5871
vn -0.3274 -0.7468 -0.5788
vn -0.2824 -0.6780 -0.6786
vn -0.4956 -0.5513 -0.6712
vn -0.7387 -0.4312 -0.5180
vn -0.3245 -0.3938 -0.8600
vn -0.4229 -0.4737 -0.7725
vn -0.3852 -0.5967 -0.7040
vn -0.6585 -0.4281 -0.6189
vn -0.7307 -0.3673 -0.5755
vn -0.4141 -0.4316 -0.8014
vn 0.0228 -0.9466 -0.3215
vn -0.0990 -0.8724 -0.4787
vn -0.2802 -0.7293 -0.6242
vn -0.3959 -0.7135 -0.5781
vn -0.5386 -0.5727 -0.6180
vn -0.1293 -0.8327 -0.5384
vn -0.7983 -0.2350 -0.5546
vn -0.7500 -0.3105 -0.5840
vn -0.8100 -0.2691 -0.5210
vn -0.7575 -0.3188 -0.5697
vn -0.8091 -0.2576 -0.5282
vn -0.6863 -0.4307 -0.5861
vn -0.7786 -0.2846 -0.5593
vn -0.2299 -0.0591 -0.9714
vn -0.3624 -0.1370 -0.9219
vn -0.3647 0.1654 -0.9163
vn -0.3100 0.1024 -0.9452
vn -0.3459 -0.3304 -0.8782
vn -0.3696 -0.2107 -0.9050
vn -0.2638 -0.7555 -0.5997
vn -0.2479 -0.7896 -0.5613
vn -0.0940 -0.9682 -0.2317
vn -0.2609 -0.6392 -0.7235
vn -0.1239 -0.9763 -0.1776
vn -0.1153 -0.9837 -0.1381
vn -0.0120 -0.9940 -0.1084
vn -0.4016 -0.2463 -0.8821
vn -0.4427 -0.3242 -0.8360
vn -0.4883 0.1326 -0.8625
vn -0.4526 0.1658 -0.8762
vn 0.5007 0.6788 -0.5371
vn 0.8436 0.4175 -0.3377
vn 0.5963 -0.0225 -0.8024
vn 0.7049 -0.2489 -0.6643
vn 0.2403 -0.5367 -0.8088
vn 0.0873 -0.3340 -0.9385
vn 0.2740 0.2751 -0.9216
vn 0.6720 -0.7327 -0.1077
vn 0.5569 -0.7157 -0.4215
vn 0.3852 -0.6724 -0.6320
vn 0.7565 -0.5245 -0.3906
vn 0.9723 0.1751 -0.1547
vn 0.9799 -0.1776 0.0912
vn 0.8244 -0.5023 0.2610
vn 0.2299 0.9475 -0.2224
vn 0.1497 0.7679 -0.6228
vn 0.4591 0.4712 -0.7532
vn 0.2564 0.9512 0.1718
vn 0.5879 0.7286 -0.3514
vn 0.1596 0.9548 0.2506
vn 0.3731 0.9243 -0.0806
vn 0.6202 0.6752 0.3992
vn 0.7027 0.6905 0.1717
vn 0.6024 0.5765 0.5520
vn 0.6747 0.6695 0.3107
vn 0.4190 0.8934 0.1619
vn 0.4725 0.8137 0.3387
vn -0.1705 -0.6835 -0.7098
vn -0.2454 -0.4858 -0.8389
vn -0.3500 -0.4592 -0.8165
vn -0.3273 -0.2012 -0.9233
vn -0.3697 -0.4426 -0.8170
vn -0.3266 -0.6822 -0.6542
vn -0.2902 -0.6917 -0.6613
vn -0.2210 -0.2582 -0.9405
vn -0.2390 -0.3362 -0.9110
vn -0.2201 -0.3908 -0.8938
vn -0.1148 -0.7305 -0.6732
vn -0.0471 -0.7802 -0.6238
vn -0.2266 -0.3325 -0.9155
vn 0.4643 0.6480 0.6037
vn 0.1757 0.9744 0.1400
vn 0.1727 0.9777 0.1195
vn 0.1583 0.9794 0.1250
vn 0.0374 0.9966 0.0730
vn 0.0715 0.9523 0.2968
vn 0.4627 0.6843 0.5636
vn 0.5472 -0.4513 0.7049
vn 0.5902 0.0124 0.8072
vn 0.6334 0.0197 0.7736
vn 0.2536 0.6560 0.7109
vn 0.4390 0.0849 0.8945
vn 0.5989 -0.4650 0.6520
vn 0.4570 -0.6457 0.6117
vn 0.5271 -0.4928 0.6924
vn 0.6043 -0.4263 0.6731
vn 0.5347 -0.3507 0.7689
vn 0.4834 -0.6474 0.5892
vn 0.5422 -0.6623 0.5170
vn 0.4806 -0.4180 0.7709
vn 0.5901 0.4329 0.6814
vn 0.6751 0.4635 0.5739
vn 0.6603 0.2670 0.7020
vn 0.5427 0.3430 0.7667
vn 0.5087 0.6729 0.5371
vn 0.5342 -0.2758 0.7991
vn 0.5405 0.0444 0.8402
vn 0.6669 0.1167 0.7359
vn 0.6034 0.2967 0.7402
vn 0.6638 0.2327 0.7108
vn 0.7081 -0.0453 0.7047
vn -0.7909 -0.3034 -0.5315
vn -0.5306 -0.5772 -0.6208
vn -0.5467 -0.6411 -0.5385
vn -0.2955 -0.7734 -0.5608
vn -0.3661 -0.7899 -0.4919
vn -0.8202 -0.3599 -0.4446
vn -0.2454 -0.7459 -0.6192
vn -0.1771 -0.7630 -0.6216
vn -0.2390 -0.7668 -0.5957
vn -0.3332 -0.6808 -0.6523
vn -0.4416 -0.6902 -0.5732
vn -0.3716 -0.7758 -0.5100
vn -0.2837 -0.6858 -0.6703
vn -0.4425 -0.5611 -0.6996
vn -0.4727 -0.5586 -0.6816
vn -0.5371 -0.4746 -0.6974
vn -0.5665 -0.4925 -0.6607
vn -0.5076 -0.5618 -0.6533
vn -0.4921 -0.4800 -0.7263
vn -0.4401 -0.4517 -0.7760
vn -0.4756 -0.4478 -0.7571
vn -0.4528 -0.4371 -0.7772
vn -0.4736 -0.4928 -0.7300
vn -0.5154 -0.4940 -0.7003
vn 0.4686 0.4003 0.7875
vn 0.8284 0.4931 0.2659
vn 0.9556 0.2732 -0.1105
vn 0.9141 0.3671 0.1722
vn 0.6423 0.3468 0.6836
vn 0.4021 0.4352 0.8056
vn 0.5909 0.5970 0.5426
vn 0.5418 0.3993 0.7396
vn 0.4212 0.4580 0.7829
vn 0.4742 0.4526 0.7551
vn 0.4276 0.4724 0.7707
vn 0.4393 0.5080 0.7409
vn 0.4661 0.5218 0.7145
vn 0.5900 0.4307 0.6830
vn 0.8037 0.2849 0.5224
vn 0.7793 0.3249 0.5358
vn 0.5920 0.4987 0.6331
vn 0.5915 0.5201 0.6161
vn 0.5784 0.5208 0.6279
vn 0.5523 0.5184 0.6528
vn 0.6213 0.4683 0.6282
vn -0.3885 -0.5341 -0.7509
vn -0.3834 -0.3872 -0.8385
vn -0.4125 -0.3589 -0.8373
vn -0.3250 -0.2851 -0.9017
vn -0.4434 -0.2374 -0.8643
vn -0.4435 -0.3539 -0.8234
vn -0.4151 -0.5407 -0.7317
vn 0.1425 0.7577 0.6368
vn 0.1890 0.7809 0.5954
vn 0.7069 0.3875 0.5917
vn 0.7418 0.3828 0.5506
vn 0.7604 0.3529 0.5452
vn 0.6862 0.3870 0.6159
vn 0.6944 -0.1468 0.7045
vn 0.7437 -0.2240 0.6298
vn 0.8114 -0.3663 0.4556
vn 0.9123 -0.0812 0.4013
vn 0.8330 -0.5108 0.2126
vn 0.7743 -0.3034 0.5553
vn -0.1749 -0.6580 -0.7325
vn -0.0337 -0.8992 -0.4362
vn -0.0347 -0.9146 -0.4029
vn -0.0834 -0.8822 -0.4635
vn -0.0002 -0.9633 -0.2683
vn 0.7913 -0.1822 0.5836
vn 0.7192 0.0881 0.6892
vn 0.7226 -0.1698 0.6701
vn 0.5698 -0.2352 0.7874
vn 0.7350 0.1690 0.6566
vn 0.7975 -0.0809 0.5978
vn 0.8273 0.1782 0.5327
vn 0.8231 0.2372 0.5159
vn 0.6618 0.3927 0.6385
vn 0.5566 0.5299 0.6399
vn 0.5747 0.4564 0.6793
vn 0.6841 0.2638 0.6801
vn -0.2288 -0.8526 -0.4698
vn -0.5994 -0.6109 -0.5172
vn -0.6367 -0.5649 -0.5249
vn -0.8131 -0.3066 -0.4948
vn -0.8205 -0.2688 -0.5045
vn -0.2662 -0.8293 -0.4913
vn -0.5557 -0.5855 -0.5903
vn -0.7883 -0.3023 -0.5359
vn -0.7992 -0.3164 -0.5110
vn -0.2256 -0.8022 -0.5527
vn -0.0556 -0.8565 -0.5132
vn 0.0116 -0.9046 -0.4262
vn 0.0256 -0.9274 -0.3731
vn 0.0521 -0.9511 -0.3043
vn -0.0914 -0.8358 -0.5414
vn -0.1861 -0.7459 -0.6395
vn -0.1193 -0.9339 -0.3369
vn -0.2476 -0.8173 -0.5204
vn -0.3677 -0.5286 -0.7651
vn -0.2958 -0.7109 -0.6381
vn -0.4018 -0.5688 -0.7176
vn -0.4447 -0.4733 -0.7604
vn -0.3742 -0.5435 -0.7514
vn -0.3668 -0.5067 -0.7802
vn -0.3404 -0.7849 -0.5177
vn -0.2663 -0.9435 -0.1974
vn -0.3297 -0.8582 -0.3935
vn -0.4402 -0.4377 -0.7840
vn -0.4077 -0.4365 -0.8021
vn -0.3997 -0.3974 -0.8260
vn 0.7944 0.3159 0.5188
vn 0.8588 0.3525 0.3718
vn 0.9028 0.2507 0.3495
vn 0.9762 0.1970 -0.0902
vn 0.9863 -0.1568 0.0515
vn 0.8068 0.2304 0.5440
vn 0.4026 0.2895 0.8684
vn 0.8636 0.3249 0.3856
vn 0.9479 0.2793 -0.1532
vn 0.9481 0.2893 -0.1320
vn 0.6206 0.3034 0.7230
vn 0.5306 0.0315 0.8470
vn 0.5501 0.0936 0.8299
vn 0.4752 0.3384 0.8122
vn 0.4395 0.3465 0.8287
vn 0.4942 0.1771 0.8511
vn 0.4476 0.3997 0.7999
vn 0.4196 0.4058 0.8120
vn 0.4883 0.3392 0.8040
vn 0.4488 0.3795 0.8091
vn 0.6975 0.1950 0.6896
vn 0.8009 0.0131 0.5987
vn 0.6041 0.3014 0.7377
vn 0.6066 0.1546 0.7799
vn 0.6867 0.3757 0.6223
vn 0.6846 0.3531 0.6377
vn 0.0327 0.7090 0.7045
vn 0.0791 0.7198 0.6896
vn 0.5587 -0.2924 -0.7761
vn 0.3746 0.0043 -0.9272
vn 0.6650 0.2073 -0.7175
vn 0.4220 0.5948 -0.6842
vn 0.5932 0.6025 -0.5340
vn 0.7643 0.2654 -0.5878
vn 0.7197 -0.1650 -0.6744
vn -0.8921 -0.2488 0.3772
vn -0.8486 -0.1139 0.5167
vn -0.8906 0.2753 0.3619
vn -0.7787 0.4596 0.4270
vn -0.4034 0.9118 0.0762
vn -0.6828 0.7247 -0.0924
vn -0.9889 -0.1092 0.1012
vn -0.6202 -0.7112 0.3308
vn -0.5750 -0.6793 0.4560
vn -0.7516 -0.3953 0.5280
vn -0.7331 -0.3558 0.5797
vn -0.8275 -0.0019 0.5614
vn -0.8160 -0.4843 0.3157
vn 0.7865 -0.0745 -0.6131
vn 0.6903 -0.4497 -0.5667
vn 0.5578 -0.5613 -0.6113
vn 0.1782 -0.9308 -0.3191
vn -0.0941 -0.8876 -0.4509
vn 0.2813 -0.6299 -0.7240
vn 0.7301 0.2183 -0.6476
vn 0.6104 0.5638 -0.5563
vn 0.4190 0.4947 -0.7614
vn 0.4103 0.1184 -0.9042
vn 0.1989 -0.2812 -0.9388
vn 0.7005 -0.1261 -0.7024
vn 0.3664 0.8242 -0.4317
vn 0.1960 0.9189 -0.3425
vn 0.2889 0.7484 -0.5970
vn -0.1688 0.9825 -0.0787
vn -0.7200 0.1266 0.6823
vn -0.6203 0.6572 0.4282
vn -0.2600 0.8541 0.4505
vn 0.0301 0.9813 -0.1899
vn -0.5672 -0.6504 0.5052
vn -0.4870 -0.6264 0.6086
vn -0.6262 -0.3150 0.7132
vn -0.3549 -0.1655 0.9201
vn -0.3706 0.3497 0.8605
vn -0.2921 -0.9133 0.2838
vn -0.2867 -0.8850 0.3670
vn 0.0397 -0.9840 -0.1735
vn -0.1105 -0.9876 0.1118
vn -0.2000 -0.8359 0.5112
vn 0.0156 -0.8244 -0.5658
vn 0.4834 -0.5444 -0.6855
vn 0.2657 -0.9357 -0.2321
vn -0.0012 0.0188 -0.9998
vn 0.1001 0.3973 -0.9122
vn -0.0157 0.3330 -0.9428
vn -0.0846 -0.0675 -0.9941
vn -0.0817 -0.4783 -0.8744
vn 0.1444 0.7436 -0.6528
vn 0.1763 0.9577 -0.2273
vn 0.1804 0.9673 -0.1782
vn 0.0477 0.7651 -0.6421
vn 0.0663 0.5223 0.8502
vn 0.1288 0.9170 0.3776
vn 0.2431 0.9096 0.3370
vn -0.2768 -0.5754 0.7696
vn -0.1157 -0.4956 0.8608
vn -0.0292 -0.0109 0.9995
vn -0.0120 0.1234 0.9923
vn 0.1519 0.6407 0.7526
vn -0.1495 -0.9643 0.2184
vn -0.1582 -0.7977 0.5819
vn -0.2200 -0.9460 0.2379
vn -0.1765 -0.8014 0.5715
vn -0.1281 -0.4659 0.8755
vn -0.1804 -0.5883 -0.7883
vn -0.2531 -0.9300 -0.2667
vn -0.1339 -0.9305 -0.3409
vn 0.0333 0.2948 -0.9550
vn -0.0385 0.3031 -0.9522
vn 0.1122 0.5127 -0.8512
vn -0.3331 0.4160 -0.8462
vn -0.1874 0.7312 -0.6559
vn 0.1840 0.9245 -0.3338
vn 0.3097 0.8457 -0.4347
vn 0.1929 0.4522 -0.8708
vn -0.3386 -0.1349 -0.9312
vn -0.3348 0.0205 -0.9421
vn -0.7871 -0.5005 -0.3605
vn -0.3324 -0.1986 -0.9220
vn -0.6679 -0.6346 -0.3888
vn 0.1002 0.3516 -0.9308
vn -0.5147 -0.6732 0.5309
vn -0.3455 -0.7653 0.5432
vn -0.5971 -0.8021 0.0097
vn -0.3955 -0.8107 0.4317
vn -0.5818 -0.8088 -0.0861
vn -0.5727 -0.7007 -0.4254
vn -0.6951 -0.7022 0.1540
vn -0.3981 -0.4628 0.7921
vn -0.1604 -0.5113 0.8443
vn 0.0224 -0.1689 0.9854
vn 0.1016 -0.1866 0.9772
vn -0.0950 -0.5439 0.8338
vn -0.0753 -0.1439 0.9867
vn 0.2924 0.2392 0.9259
vn 0.2950 0.2424 0.9242
vn 0.4908 0.6163 0.6159
vn 0.5026 0.6732 0.5424
vn 0.3300 0.2489 0.9106
vn 0.5822 0.8130 -0.0030
vn 0.5610 0.8081 -0.1795
vn 0.4342 0.5446 -0.7175
vn 0.5079 0.8597 0.0535
vn 0.4866 0.6284 -0.6069
vn 0.5342 0.6036 0.5919
vn 0.4090 0.7631 -0.5004
vn 0.2787 0.4163 -0.8655
vn 0.3570 0.5176 -0.7776
vn 0.1499 0.4953 -0.8557
vn 0.0625 0.7291 -0.6815
vn 0.1305 0.9804 -0.1476
vn 0.0520 0.7018 -0.7105
vn -0.0100 0.2884 -0.9575
vn 0.0601 0.9862 -0.1540
vn 0.1131 0.9325 0.3430
vn 0.0772 0.6633 0.7443
vn 0.0372 0.9291 0.3679
vn -0.1244 -0.5069 0.8530
vn -0.0250 0.1184 0.9927
vn -0.0117 0.0792 0.9968
vn 0.0588 0.6290 0.7751
vn -0.2683 -0.9286 0.2564
vn -0.1845 -0.8134 0.5517
vn -0.1717 -0.8258 0.5372
vn -0.1013 -0.5500 0.8290
vn -0.3591 -0.9088 -0.2123
vn -0.3633 -0.5804 -0.7288
vn -0.5823 -0.4521 -0.6757
vn -0.4936 -0.8587 -0.1378
vn -0.2987 -0.9165 0.2659
vn -0.0655 0.3420 -0.9374
vn -0.3513 0.0195 -0.9361
vn -0.1759 -0.1089 -0.9784
vn 0.0089 0.9980 -0.0624
vn -0.1180 0.8051 -0.5812
vn -0.6025 0.7850 -0.1441
vn -0.9189 0.2056 -0.3367
vn -0.9026 -0.2454 -0.3536
vn -0.7826 -0.5962 0.1790
vn -0.9052 -0.3442 0.2491
vn -0.8115 -0.2914 0.5066
vn -0.6298 -0.6067 0.4851
vn -0.0412 0.4301 0.9018
vn -0.1484 0.2021 0.9681
vn -0.5661 0.3920 0.7252
vn -0.5837 -0.1271 0.8019
vn -0.2508 0.7690 0.5881
vn -0.7621 0.4775 0.4373
vn 0.0175 0.5650 0.8249
vn -0.0423 0.8891 0.4557
vn -0.2475 0.9566 0.1541
vn -0.4553 -0.4578 0.7636
vn -0.0229 -0.1792 0.9835
vn -0.0251 -0.5566 0.8304
vn 0.0599 0.0482 0.9970
vn 0.1298 0.0927 0.9872
vn -0.3728 -0.8686 0.3266
vn -0.1505 -0.8192 0.5534
vn -0.1592 -0.7558 0.6351
vn 0.0410 -0.5197 0.8534
vn -0.9473 0.1982 -0.2517
vn -0.9965 0.0778 -0.0319
vn -0.9364 0.1416 0.3211
vn 0.5861 0.2712 0.7635
vn 0.6039 0.4296 0.6714
vn 0.3738 0.1005 0.9220
vn 0.3617 0.0468 0.9311
vn 0.7223 0.4950 0.4830
vn 0.7856 0.2426 0.5692
vn 0.8228 0.4453 0.3533
vn 0.6444 0.7565 0.1112
vn 0.4400 0.7932 -0.4209
vn 0.7619 0.6410 0.0922
vn 0.5092 0.2183 0.8325
vn 0.6247 0.7665 -0.1494
vn 0.3198 0.6764 -0.6635
vn 0.2263 0.9016 -0.3686
vn 0.2603 0.7462 -0.6128
vn 0.0265 0.7427 -0.6691
vn -0.5137 0.3654 -0.7762
vn -0.5954 0.6383 -0.4880
vn -0.0869 0.9378 -0.3361
vn -0.2830 0.9443 -0.1681
vn -0.5976 0.7219 -0.3489
vn -0.6227 0.7215 -0.3028
vn -0.8871 0.3425 -0.3095
vn -0.8912 0.3381 -0.3023
vn -0.6748 0.6759 -0.2964
vn -0.4256 0.8951 -0.1326
vn -0.6669 0.6511 -0.3623
vn -0.4591 0.8714 -0.1727
vn -0.8092 0.4087 -0.4221
vn -0.8521 0.3670 -0.3732
vn -0.8876 0.2474 -0.3886
vn -0.7891 0.3981 -0.4677
vn -0.8725 -0.1101 -0.4760
vn -0.8429 0.2692 -0.4658
vn -0.8432 -0.0674 -0.5334
vn -0.9114 0.0796 -0.4037
vn -0.3749 0.8893 -0.2618
vn -0.3968 0.8910 -0.2208
vn -0.4043 0.8794 -0.2513
vn -0.5056 0.8496 -0.1504
vn -0.8882 0.3280 -0.3219
vn -0.5916 0.7633 -0.2595
vn -0.4793 0.8604 -0.1730
vn 0.0103 0.9999 0.0071
vn 0.1178 0.9802 0.1591
vn -0.2716 0.9624 0.0009
vn -0.6900 0.6831 -0.2393
vn -0.8040 0.5382 -0.2529
vn -0.1571 0.9235 -0.3500
vn -0.6281 0.6411 -0.4410
vn -0.7156 0.5721 -0.4008
vn -0.1011 0.9838 -0.1479
vn -0.8905 0.1902 -0.4133
vn -0.2283 0.8506 -0.4737
vn 0.3425 0.8059 -0.4828
vn 0.3915 0.8959 -0.2101
vn 0.7504 0.6555 -0.0848
vn 0.6828 0.7234 0.1026
vn 0.3910 0.9203 -0.0113
vn -0.0911 0.6530 0.7519
vn 0.2666 0.9539 0.1378
vn 0.4503 0.7572 0.4732
vn 0.7332 0.5029 0.4577
vn 0.4080 0.4858 0.7730
vn 0.1867 0.9824 -0.0018
vn -0.1658 0.7724 0.6131
vn -0.5285 0.5499 0.6468
vn -0.0862 0.9958 0.0309
vn -0.3751 -0.0453 0.9259
vn -0.0923 0.2147 0.9723
vn -0.3292 0.2739 0.9037
vn -0.0541 -0.1033 0.9932
vn -0.3585 0.9312 0.0659
vn -0.9579 0.2755 0.0814
vn -0.9970 0.0127 -0.0762
vn -0.7895 -0.1961 0.5816
vn -0.9537 -0.0376 0.2983
vn -0.9563 0.2033 -0.2101
vn -0.3638 -0.3797 0.8506
vn -0.4027 -0.4507 0.7967
vn -0.0471 -0.4092 0.9112
vn -0.8426 0.4905 -0.2224
vn -0.7753 0.5631 -0.2860
vn -0.4893 0.6721 -0.5557
vn -0.3419 0.7480 -0.5688
vn -0.7787 0.0417 0.6260
vn -0.8671 0.3859 0.3150
vn -0.9047 0.4053 -0.1310
vn -0.6510 0.6584 -0.3778
vn -0.8951 -0.0170 0.4456
vn 0.6597 0.5782 -0.4801
vn 0.9104 0.3944 -0.1250
vn 0.9232 0.2088 -0.3226
vn 0.9609 0.0939 0.2605
vn 0.9820 -0.0943 0.1635
vn 0.9562 0.2265 -0.1854
vn 0.7470 0.5598 -0.3587
vn 0.6519 0.4907 -0.5781
vn 0.2354 0.6938 -0.6806
vn 0.7024 0.0043 0.7117
vn 0.6382 -0.3257 0.6976
vn 0.2266 -0.1740 0.9583
vn 0.0403 -0.4523 0.8910
vn 0.5930 -0.3832 0.7081
vn 0.9843 0.0220 0.1754
vn 0.6064 0.6754 0.4198
vn 0.7176 0.6843 -0.1295
vn 0.0887 0.9054 -0.4152
vn 0.1701 0.7147 -0.6785
vn -0.7467 0.6651 -0.0067
vn -0.1031 0.9274 0.3595
vn -0.0308 -0.5297 0.8476
vn -0.3882 -0.4339 0.8130
vn -0.3506 -0.2057 0.9136
vn -0.2879 0.3322 0.8982
vn 0.4823 0.3145 0.8176
vn 0.8340 0.4133 0.3656
vn -0.2422 0.7362 0.6319
vn 0.0575 0.7883 0.6126
vn 0.0052 0.6780 0.7350
vn -0.2729 0.6706 0.6898
vn 0.0817 0.8193 0.5675
vn -0.2462 0.7607 0.6006
vn -0.2604 0.7523 0.6052
vn 0.1063 0.7818 0.6144
vn -0.2088 0.7400 0.6394
vn -0.2107 0.7583 0.6169
vn -0.0677 0.7941 0.6040
vn -0.0633 0.8109 0.5817
vn -0.2151 0.7491 0.6266
vn -0.2739 0.7274 0.6292
vn 0.1415 0.7050 0.6949
vn -0.2725 0.7038 0.6561
vn 0.2011 0.6064 0.7693
vn -0.0502 0.7557 0.6530
vn -0.1812 0.7473 0.6393
vn -0.1993 0.7004 0.6853
vn -0.2474 0.6997 0.6702
vn 0.2789 0.5560 0.7830
vn -0.1943 0.6968 0.6904
vn 0.3745 0.4886 0.7881
vn -0.2728 0.6741 0.6864
vn -0.0882 0.6470 0.7574
vn -0.1134 0.6349 0.7642
vn -0.3159 0.6773 0.6645
vn 0.0017 0.6653 0.7466
vn 0.0230 0.6831 0.7300
vn 0.6888 0.3138 0.6535
vn 0.5106 0.3841 0.7693
vn -0.1085 0.6806 0.7246
vn 0.6456 0.2995 0.7025
vn -0.3165 0.6861 0.6550
vn -0.1180 0.6673 0.7354
vn -0.1382 0.6821 0.7181
vn -0.2876 0.7166 0.6355
vn -0.2110 0.6756 0.7064
vn -0.2071 0.7062 0.6770
vn -0.1236 0.7296 0.6726
vn -0.1028 0.7766 0.6215
vn -0.4831 0.6073 0.6307
vn -0.4413 0.6627 0.6050
vn -0.2310 0.6565 0.7181
vn -0.4750 0.5635 0.6759
vn -0.1863 0.6165 0.7650
vn -0.9732 0.2258 0.0443
vn -0.9880 0.1526 0.0245
vn -0.8795 -0.2098 -0.4272
vn -0.5562 0.5037 0.6610
vn -0.9998 0.0169 -0.0055
vn -0.8556 -0.2842 -0.4326
vn -0.1560 0.7484 0.6446
vn -0.1909 0.7695 0.6095
vn -0.5809 0.6707 0.4612
vn -0.5404 0.6469 0.5381
vn -0.8653 -0.2220 -0.4494
vn -0.8655 -0.1444 -0.4796
vn -0.9679 0.2394 -0.0764
vn -0.9527 0.3034 0.0153
vn -0.2554 0.7465 0.6144
vn -0.2130 0.7905 0.5742
vn -0.5962 0.6289 0.4990
vn -0.8312 -0.2604 -0.4912
vn -0.7515 -0.2446 -0.6128
vn -0.7590 -0.2452 -0.6031
vn -0.7625 -0.1919 -0.6179
vn -0.9003 -0.0290 -0.4342
vn -0.8347 -0.2634 -0.4837
vn -0.7034 -0.2904 -0.6488
vn -0.7852 -0.2592 -0.5623
vn -0.8130 -0.2839 -0.5084
vn -0.6896 -0.3298 -0.6448
vn -0.9425 0.2538 0.2173
vn -0.9411 0.3031 0.1496
vn -0.9671 -0.0026 -0.2544
vn -0.6456 0.5679 0.5106
vn -0.8658 -0.1621 -0.4734
vn -0.8697 -0.2017 -0.4505
vn -0.9870 -0.0169 -0.1597
vn -0.6793 -0.3777 -0.6291
vn -0.7046 -0.4278 -0.5661
vn -0.7160 -0.4482 -0.5353
vn -0.7171 -0.3497 -0.6028
vn -0.6906 0.5394 0.4818
vn -0.2934 0.7025 0.6484
vn -0.2621 0.6900 0.6747
vn -0.8829 -0.2594 -0.3913
vn -0.8813 -0.2232 -0.4164
vn -0.9917 -0.0111 -0.1279
vn -0.9931 -0.0024 -0.1171
vn -0.9473 0.2720 0.1690
vn -0.9461 0.2334 0.2247
vn -0.7124 0.5391 0.4493
vn -0.7103 0.5190 0.4754
vn -0.2386 0.6648 0.7079
vn -0.2448 0.6170 0.7479
vn -0.9533 0.2561 0.1603
vn -0.9949 -0.0432 -0.0913
vn -0.9928 -0.1068 -0.0539
vn -0.9586 0.2022 0.2005
vn -0.7308 -0.5067 -0.4574
vn -0.8719 -0.3595 -0.3324
vn -0.7965 -0.4614 -0.3907
vn -0.8703 -0.4167 -0.2625
vn -0.8131 -0.3303 -0.4793
vn -0.7612 -0.3890 -0.5188
vn -0.9789 -0.2011 -0.0366
vn -0.9580 0.1445 0.2478
vn -0.9571 0.1442 0.2514
vn -0.6771 0.4717 0.5648
vn -0.6995 0.4887 0.5214
vn -0.9858 -0.1679 -0.0008
vn -0.2530 0.5920 0.7652
vn -0.2860 0.6306 0.7215
vn -0.1524 0.7014 0.6962
vn -0.9180 -0.3755 -0.1276
vn -0.8756 -0.4321 -0.2158
vn -0.2104 0.7249 0.6559
vn -0.2426 0.7597 0.6033
vn -0.2372 0.7871 0.5694
vn -0.8739 -0.1988 -0.4436
vn -0.8460 -0.2696 -0.4600
vn -0.8691 -0.3295 -0.3690
vn -0.3689 0.6701 0.6441
vn -0.6786 0.4894 0.5477
vn -0.7213 0.5207 0.4567
vn -0.5589 0.6573 0.5055
vn -0.9163 -0.1964 -0.3490
vn -0.9477 -0.1787 -0.2646
vn -0.9157 -0.3218 -0.2408
vn -0.9894 -0.1212 -0.0798
vn -0.9936 -0.0034 -0.1128
vn -0.9283 0.3250 0.1805
vn -0.9569 0.2207 0.1886
vn -0.5781 0.6781 0.4538
vn -0.2492 0.7972 0.5498
vn -0.2582 0.8090 0.5281
vn -0.9267 -0.0685 -0.3695
vn -0.8971 -0.1232 -0.4243
vn -0.9428 -0.0816 -0.3232
vn -0.9662 -0.0113 -0.2576
vn -0.9792 -0.0355 -0.2000
vn -0.9631 -0.0773 -0.2579
vn -0.9924 0.0733 -0.0985
vn -0.9935 0.0968 -0.0595
vn -0.8932 0.4092 0.1864
vn -0.9002 0.3917 0.1902
vn -0.5896 0.6923 0.4161
vn -0.6051 0.6872 0.4020
vn -0.6453 0.6551 0.3930
vn -0.3393 0.8146 0.4705
vn -0.2929 0.8055 0.5152
vn 0.2012 0.7854 0.5854
vn -0.9632 -0.0517 -0.2636
vn -0.9626 -0.0410 -0.2679
vn -0.9852 0.0603 -0.1604
vn -0.9823 0.1480 -0.1151
vn -0.9864 0.1272 -0.1040
vn -0.9885 0.0159 -0.1501
vn -0.9924 0.1123 -0.0498
vn -0.9858 0.1616 -0.0462
vn -0.9196 0.3662 0.1423
vn -0.9000 0.3998 0.1738
vn -0.9085 -0.0311 -0.4167
vn -0.9467 -0.0537 -0.3177
vn -0.9707 0.1895 -0.1475
vn -0.4659 0.4262 -0.7754
vn -0.9309 0.0113 -0.3650
vn -0.7200 -0.2768 -0.6364
vn -0.6685 0.1553 -0.7273
vn -0.8854 -0.2413 -0.3972
vn -0.8719 -0.3049 -0.3831
vn -0.9157 -0.1505 -0.3727
vn -0.9449 -0.0950 -0.3133
vn -0.8876 -0.1029 -0.4489
vn -0.6100 -0.7705 -0.1851
vn -0.6753 -0.7056 -0.2145
vn -0.4343 -0.8095 0.3950
vn -0.9779 0.0152 -0.2086
vn -0.9663 0.0974 0.2382
vn -0.9982 -0.0352 -0.0483
vn -0.5251 0.6990 0.4855
vn -0.3716 0.5530 0.7458
vn -0.2414 0.3274 0.9135
vn -0.8441 0.1765 0.5063
vn -0.9830 -0.1783 -0.0435
vn -0.8807 -0.3819 -0.2802
vn -0.8477 -0.2978 -0.4390
vn -0.3359 0.0113 0.9418
vn -0.7899 0.1052 0.6041
vn -0.6699 -0.2134 0.7111
vn -0.8519 0.1170 0.5105
vn -0.9564 -0.0085 0.2918
vn -0.9771 -0.1124 0.1809
vn -0.5632 -0.6254 -0.5401
vn -0.3882 -0.7527 -0.5318
vn -0.4513 -0.8112 -0.3720
vn -0.4783 -0.7494 -0.4578
vn -0.5380 -0.7664 -0.3509
vn -0.6454 -0.7161 -0.2659
vn -0.5251 -0.8454 -0.0976
vn -0.6056 -0.6851 -0.4048
vn -0.4054 -0.4573 -0.7915
vn -0.3822 -0.3784 -0.8431
vn -0.2651 -0.6471 -0.7148
vn -0.2526 -0.5668 -0.7842
vn -0.2130 -0.6606 -0.7199
vn -0.2840 -0.7108 -0.6435
vn -0.2812 -0.6971 -0.6596
vn -0.3793 -0.3210 -0.8678
vn -0.3985 -0.2621 -0.8789
vn -0.2398 -0.4875 -0.8395
vn -0.2435 -0.4889 -0.8377
vn -0.0821 -0.6094 -0.7886
vn -0.1187 -0.6051 -0.7873
vn -0.6315 0.1145 -0.7669
vn -0.5832 0.1775 -0.7927
vn -0.5073 -0.1171 -0.8538
vn -0.4909 -0.0461 -0.8700
vn -0.5410 -0.1786 -0.8219
vn -0.5337 0.8428 -0.0701
vn -0.4862 0.8667 -0.1112
vn -0.6315 0.4712 -0.6158
vn -0.6055 0.5248 -0.5983
vn -0.5833 0.2279 -0.7797
vn -0.6798 0.4548 -0.5754
vn -0.6329 0.3077 -0.7105
vn -0.5396 0.0030 -0.8419
vn -0.6670 0.0548 -0.7430
vn -0.4779 -0.2379 -0.8456
vn -0.7547 0.4084 -0.5135
vn -0.8912 0.3151 -0.3263
vn -0.8195 0.0073 -0.5730
vn -0.7343 -0.3448 -0.5847
vn -0.6663 -0.2267 -0.7104
vn -0.0230 0.7975 0.6029
vn -0.0232 0.8163 0.5772
vn -0.1568 0.8618 0.4823
vn -0.0617 0.8610 0.5049
vn -0.5999 0.7974 -0.0652
vn -0.2404 0.8682 0.4341
vn -0.9457 0.2646 -0.1889
vn -0.9115 0.4100 -0.0327
vn -0.9620 0.2698 -0.0416
vn -0.9562 0.2910 0.0303
vn -0.3911 0.8577 0.3337
vn -0.4098 0.8522 0.3252
vn -0.7999 0.5765 0.1664
vn 0.2775 0.7629 0.5839
vn -0.9062 0.4228 -0.0049
vn -0.9100 0.4129 -0.0366
vn -0.9198 0.3773 0.1080
vn -0.2741 0.9597 0.0618
vn 0.1684 0.9351 0.3117
vn 0.3300 0.7489 0.5747
vn -0.8422 0.5324 -0.0853
vn -0.6783 0.6719 -0.2975
vn -0.6496 0.7543 -0.0950
vn -0.8298 0.5520 -0.0824
vn -0.8377 0.5460 -0.0123
vn -0.5658 0.7298 -0.3837
vn -0.4617 0.8718 -0.1639
vn -0.2936 0.9338 0.2047
vn -0.6286 0.7418 0.2335
vn -0.1897 0.8314 0.5224
vn -0.4184 0.7676 0.4855
vn -0.1040 0.8924 0.4392
vn -0.9388 0.3441 -0.0187
vn -0.8126 0.5518 0.1874
vn -0.8873 0.2339 -0.3974
vn -0.6022 0.7718 0.2041
vn -0.8255 0.5052 -0.2515
vn -0.9045 0.1751 -0.3889
vn -0.9365 -0.0439 -0.3480
vn -0.9742 0.0505 -0.2200
vn -0.9329 -0.0543 -0.3560
vn -0.9444 0.1802 -0.2752
vn -0.9224 0.3825 -0.0540
vn -0.8686 0.2283 -0.4397
vn -0.9227 0.1076 -0.3703
vn -0.8881 0.3345 -0.3152
vn -0.8993 0.4151 -0.1377
vn -0.3945 -0.2049 -0.8958
vn -0.5709 -0.7172 -0.3995
vn -0.6585 -0.6708 -0.3413
vn -0.6748 -0.0951 -0.7319
vn 0.0424 0.8052 0.5915
vn 0.3493 0.7562 0.5533
vn 0.3888 0.9165 0.0946
vn 0.1057 0.9893 0.1006
vn -0.1151 0.0977 0.9885
vn -0.5582 -0.1891 0.8079
vn -0.2736 -0.5056 0.8182
vn -0.5502 -0.7701 0.3228
vn 0.0634 -0.0707 0.9955
vn -0.6381 -0.7587 -0.1311
vn -0.7572 -0.6411 -0.1247
vn -0.0800 0.4574 0.8857
vn 0.1862 0.3539 0.9166
vn -0.7330 0.6480 0.2070
vn -0.9344 0.0872 0.3454
vn -0.5300 0.3544 0.7704
vn -0.7976 -0.5246 0.2977
vn -0.3904 0.7994 0.4567
vn -0.9462 -0.1161 -0.3020
vn -0.6584 0.6078 -0.4440
vn -0.3039 0.9420 -0.1423
vn -0.6228 -0.6025 -0.4991
vn -0.1286 -0.3554 -0.9258
vn -0.3825 0.3984 -0.8337
vn 0.2675 0.3861 -0.8828
vn -0.9099 0.2072 -0.3594
vn -0.0925 0.8421 -0.5313
vn -0.7812 -0.6239 -0.0212
vn -0.4393 -0.8964 -0.0582
vn -0.2872 -0.9423 0.1720
vn -0.4885 0.8577 0.1605
vn -0.4731 0.8652 0.1663
vn -0.7644 0.3405 -0.5475
vn -0.7794 0.4557 -0.4300
vn -0.7451 0.4247 -0.5143
vn -0.8148 -0.0421 -0.5782
vn -0.7275 -0.0237 -0.6857
vn -0.7993 0.0388 -0.5997
vn -0.8565 -0.1351 -0.4981
vn -0.6389 0.3729 -0.6729
vn -0.7120 0.3351 -0.6171
vn -0.7287 0.1632 -0.6651
vn -0.6913 0.0504 -0.7208
vn -0.7113 0.3902 -0.5847
vn -0.6520 0.3918 -0.6492
vn -0.6973 -0.0004 -0.7168
vn -0.7702 0.1849 -0.6105
vn -0.9417 -0.0746 -0.3281
vn -0.9219 -0.0868 -0.3775
vn -0.9289 0.1804 -0.3233
vn -0.9195 -0.1350 -0.3692
vn -0.7217 0.4765 -0.5021
vn -0.8975 0.2742 -0.3455
vn -0.9148 -0.1094 -0.3888
vn -0.8132 0.1186 -0.5697
vn -0.4316 0.8499 -0.3022
vn -0.6131 0.7322 -0.2967
vn -0.5928 0.6536 -0.4705
vn -0.5871 0.6708 -0.4531
vn -0.9082 -0.2224 -0.3546
vn -0.9491 0.0250 -0.3140
vn -0.5851 0.7896 -0.1849
vn -0.3599 0.9017 -0.2397
vn -0.6275 0.6674 -0.4010
vn -0.4175 -0.6986 -0.5811
vn -0.5244 -0.6092 -0.5949
vn -0.4749 -0.5487 -0.6881
vn -0.4969 -0.6357 -0.5908
vn -0.5264 -0.6883 -0.4992
vn -0.5619 -0.6402 -0.5238
vn -0.9438 0.2910 -0.1565
vn -0.9872 0.1269 -0.0967
vn -0.5212 0.8117 0.2638
vn -0.8355 0.4827 -0.2626
vn -0.7160 0.6713 -0.1917
vn -0.1457 0.8806 0.4509
vn -0.3002 0.9305 0.2098
vn -0.4112 0.8989 0.1512
vn -0.5546 0.8320 -0.0138
vn -0.0334 0.8226 0.5677
vn -0.1868 0.8664 0.4631
vn -0.1478 0.9012 0.4075
vn -0.6356 0.7641 0.1103
vn -0.5880 0.8083 0.0296
vn -0.1569 0.9412 0.2992
vn -0.2595 0.8538 0.4512
vn -0.6866 0.7251 0.0524
vn -0.6751 0.7370 -0.0335
vn -0.4631 -0.5812 -0.6691
vn -0.4163 -0.5665 -0.7112
vn -0.2787 -0.6805 -0.6776
vn -0.2568 -0.6756 -0.6911
vn -0.3057 -0.6301 -0.7138
vn -0.2959 -0.6819 -0.6690
vn -0.7491 0.0341 -0.6615
vn -0.8095 0.0153 -0.5869
vn -0.8443 0.4340 -0.3143
vn -0.8713 0.4312 -0.2342
vn -0.6578 0.7440 0.1171
vn -0.8084 0.4251 -0.4072
vn -0.5119 -0.5918 -0.6227
vn -0.3358 -0.7049 -0.6248
vn -0.3513 -0.6393 -0.6840
vn -0.8805 0.4203 -0.2192
vn -0.8593 -0.0061 -0.5114
vn -0.8868 -0.0050 -0.4622
vn -0.8799 0.0029 -0.4751
vn -0.8515 0.4282 -0.3026
vn -0.6914 0.0574 -0.7202
vn -0.5703 -0.2551 -0.7808
vn -0.4303 -0.5478 -0.7175
vn -0.5815 -0.3233 -0.7466
vn -0.6728 -0.3719 -0.6396
vn -0.6266 -0.3579 -0.6923
vn -0.4100 -0.5665 -0.7148
vn -0.7483 0.4358 -0.5001
vn -0.6972 -0.3697 -0.6142
vn -0.7379 -0.3873 -0.5527
vn 0.7829 0.3007 0.5447
vn 0.7668 0.3425 0.5428
vn 0.7744 0.3691 0.5139
vn 0.7505 0.3368 0.5686
vn 0.6006 0.5233 0.6046
vn 0.5930 0.5246 0.6109
vn 0.5813 0.5603 0.5901
vn 0.5772 0.5338 0.6180
vn 0.7839 0.2568 0.5653
vn 0.5720 0.5265 0.6290
vn 0.5578 0.5445 0.6264
vn 0.5438 0.6408 0.5418
vn 0.5697 0.6022 0.5594
vn 0.4177 0.6147 0.6691
vn 0.3971 0.6468 0.6511
vn 0.3919 0.7005 0.5965
vn 0.3558 0.7115 0.6059
vn 0.4530 0.6780 0.5789
vn 0.5346 0.5604 0.6326
vn 0.9127 0.3920 -0.1154
vn 0.6945 0.6331 0.3420
vn 0.6455 0.6446 0.4097
vn 0.9092 0.4156 -0.0256
vn 0.8590 -0.0050 -0.5120
vn 0.9153 0.1476 -0.3747
vn -0.3544 -0.7026 -0.6171
vn -0.3656 -0.6389 -0.6768
vn -0.4122 -0.6366 -0.6518
vn -0.4329 -0.5297 -0.7294
vn -0.4336 -0.6289 -0.6454
vn -0.4168 -0.6685 -0.6160
vn -0.4891 -0.6514 -0.5800
vn -0.4989 -0.6152 -0.6104
vn -0.5230 -0.5652 -0.6380
vn -0.5727 -0.5263 -0.6285
vn -0.4963 -0.5845 -0.6419
vn -0.4817 -0.6142 -0.6251
vn -0.3014 -0.6914 -0.6566
vn -0.3648 -0.7398 -0.5653
vn -0.5031 -0.6623 -0.5552
vn -0.5684 -0.5478 -0.6139
vn -0.5810 -0.5502 -0.5997
vn -0.5522 -0.5637 -0.6143
vn -0.5547 -0.5951 -0.5815
vn -0.5703 -0.5763 -0.5854
vn -0.5790 -0.5533 -0.5989
vn -0.4564 -0.5938 -0.6627
vn -0.5626 -0.5730 -0.5960
vn -0.1636 -0.6631 -0.7305
vn -0.4804 -0.4290 -0.7649
vn 0.0522 -0.7085 -0.7038
vn -0.2734 -0.5051 -0.8186
vn -0.4764 -0.6407 -0.6022
vn -0.1259 -0.7386 -0.6622
vn -0.2304 -0.7041 -0.6716
vn -0.4821 -0.3763 -0.7912
vn -0.4281 -0.4320 -0.7938
vn -0.4673 -0.6971 -0.5437
vn -0.3135 -0.6435 -0.6983
vn -0.3271 -0.9154 -0.2345
vn -0.2875 -0.9533 0.0920
vn -0.4219 -0.9033 -0.0775
vn -0.5411 -0.7229 -0.4296
vn -0.4824 -0.4046 -0.7769
vn -0.5254 -0.3991 -0.7514
vn -0.5254 -0.4288 -0.7349
vn -0.5542 -0.5028 -0.6634
vn -0.5777 -0.7107 -0.4015
vn -0.5550 -0.4707 -0.6859
vn -0.3840 -0.3623 -0.8493
vn -0.4242 -0.3508 -0.8348
vn -0.4893 -0.6465 -0.5854
vn -0.3931 -0.4161 -0.8199
vn -0.3645 -0.2969 -0.8826
vn -0.3773 -0.2391 -0.8947
vn -0.4303 -0.4799 -0.7646
vn 0.3937 0.8474 0.3563
vn 0.5011 0.8246 0.2624
vn 0.5339 0.7722 0.3444
vn 0.6072 0.7430 0.2816
vn 0.5754 0.3742 0.7273
vn 0.5219 0.4520 0.7234
vn 0.4257 0.8051 0.4130
vn 0.7932 0.2498 0.5554
vn 0.7888 0.5049 0.3507
vn 0.5601 0.7112 0.4248
vn 0.4528 0.8900 -0.0533
vn 0.4978 0.8516 0.1642
vn 0.5245 0.6614 0.5362
vn 0.5128 0.2209 0.8296
vn 0.5373 0.2211 0.8139
vn 0.4211 -0.0096 0.9070
vn 0.4481 -0.1838 0.8749
vn 0.4415 0.1119 0.8902
vn 0.4454 0.0184 0.8951
vn 0.5311 0.3344 0.7785
vn 0.4746 0.8799 0.0221
vn 0.7169 0.6971 -0.0129
vn 0.6002 0.7093 0.3698
vn 0.5629 0.5188 0.6434
vn 0.4770 0.2707 0.8362
vn 0.5222 0.8350 0.1736
vn 0.4846 0.1293 0.8651
vn 0.6357 0.4076 0.6555
vn 0.5776 0.0940 0.8109
vn 0.4229 0.0196 0.9060
vn 0.7850 0.3206 0.5301
vn 0.8636 0.2060 0.4601
vn 0.5652 0.6709 0.4800
vn 0.6654 0.5928 0.4537
vn 0.8468 0.3177 0.4266
vn 0.9594 0.1606 0.2320
vn 0.8094 0.3015 0.5040
vn 0.7168 0.5679 0.4046
vn 0.7914 0.3181 0.5220
vn 0.7945 0.4327 0.4262
vn 0.6192 0.7830 0.0592
vn 0.7115 0.5466 0.4416
vn 0.7413 0.1854 0.6450
vn 0.6684 0.3606 0.6505
vn 0.6986 0.3637 0.6162
vn 0.4020 0.9041 0.1448
vn 0.6394 0.7356 0.2238
vn 0.6152 0.7290 0.3003
vn 0.4352 0.8659 0.2467
vn 0.4157 0.8053 0.4227
vn 0.5678 0.7283 0.3836
vn 0.6869 0.3553 0.6340
vn 0.6186 0.0824 0.7814
vn 0.3698 0.1669 0.9140
vn 0.4008 -0.0914 0.9116
vn 0.5890 0.6954 0.4117
vn 0.6752 0.6516 0.3458
vn 0.6391 0.5672 0.5194
vn 0.7680 0.4491 0.4566
vn 0.7233 0.1546 0.6730
vn 0.7566 0.0580 0.6513
vn 0.7667 0.0224 0.6417
vn 0.7629 0.2923 0.5766
vn 0.7450 0.3119 0.5896
vn 0.7884 0.5508 0.2738
vn 0.7529 0.6078 0.2523
vn 0.7288 0.5365 0.4255
vn 0.8912 0.1047 0.4414
vn 0.8844 0.4544 0.1063
vn 0.4895 -0.3827 0.7835
vn 0.7047 0.1901 0.6835
vn 0.6838 0.1680 0.7101
vn 0.7509 0.5614 0.3478
vn 0.7807 0.5504 0.2960
vn 0.7365 0.6747 0.0484
vn 0.7310 0.6807 -0.0470
vn 0.6625 0.6965 -0.2757
vn 0.7271 0.6491 -0.2235
vn 0.7059 0.7005 0.1049
vn 0.6061 0.6799 -0.4127
vn 0.6874 0.5575 -0.4654
vn 0.5889 0.5243 -0.6150
vn 0.7096 0.3858 -0.5896
vn 0.7935 0.5283 -0.3021
vn 0.6728 0.7357 0.0782
vn 0.7581 0.5738 -0.3099
vn 0.9639 0.2638 -0.0373
vn 0.9111 0.0116 -0.4121
vn 0.6991 0.3988 -0.5935
vn 0.8001 -0.4766 0.3642
vn 0.9775 -0.1331 0.1637
vn 0.9068 0.1410 0.3972
vn 0.6466 -0.7574 0.0912
vn 0.8900 -0.4162 -0.1862
vn 0.8509 0.4734 0.2278
vn 0.5381 0.5761 -0.6153
vn 0.5384 0.1026 -0.8364
vn 0.6640 -0.2442 -0.7067
vn 0.2941 -0.3045 -0.9060
vn 0.2639 -0.0676 -0.9622
vn 0.3760 0.3190 -0.8700
vn 0.3997 -0.8714 -0.2846
vn 0.6373 -0.5623 -0.5270
vn 0.2696 -0.5457 -0.7934
vn -0.0119 -0.8568 -0.5155
vn 0.0913 -0.6017 -0.7935
vn -0.0612 -0.9176 -0.3927
vn -0.0756 -0.6059 -0.7919
vn 0.1611 -0.3730 -0.9137
vn -0.5588 -0.7715 -0.3043
vn -0.5261 -0.8308 -0.1815
vn -0.5120 -0.8565 -0.0654
vn -0.5117 -0.8455 -0.1525
vn -0.5449 -0.8144 -0.1997
vn -0.4771 -0.8777 0.0447
vn -0.5733 -0.5735 -0.5851
vn -0.4656 -0.3158 -0.8268
vn -0.5607 -0.5645 -0.6058
vn -0.4563 -0.5710 -0.6824
vn -0.5573 -0.6159 -0.5568
vn -0.1121 -0.5945 -0.7962
vn -0.2740 -0.1902 -0.9427
vn -0.0303 -0.5253 -0.8504
vn -0.4101 -0.8639 -0.2923
vn -0.4078 -0.9107 -0.0657
vn -0.4367 -0.4104 -0.8006
vn -0.4602 -0.6594 -0.5945
vn -0.4509 -0.5504 -0.7027
vn -0.3180 -0.8976 -0.3053
vn -0.3496 -0.7126 -0.6083
vn -0.4275 -0.2309 -0.8740
vn -0.3557 -0.4388 -0.8252
vn -0.3518 -0.2116 -0.9118
vn -0.2432 0.0497 -0.9687
vn -0.3404 -0.0718 -0.9375
vn -0.3694 0.0481 -0.9280
vn -0.4688 -0.1927 -0.8620
vn -0.2725 0.0480 -0.9610
vn -0.3003 -0.1789 -0.9369
vn -0.1647 -0.2744 -0.9474
vn -0.2354 -0.3742 -0.8970
vn -0.0056 -0.5781 -0.8160
vn -0.1759 0.0896 -0.9803
vn -0.0535 -0.6383 -0.7680
vn -0.0598 -0.5694 -0.8199
vn -0.4417 -0.0767 -0.8939
vn -0.2175 -0.5427 -0.8113
vn -0.3403 -0.6126 -0.7134
vn -0.2697 0.0411 -0.9621
vn -0.5168 -0.2825 -0.8081
vn -0.2742 -0.7413 -0.6127
vn -0.2225 -0.6771 -0.7014
vn -0.2625 -0.6944 -0.6700
vn -0.4244 -0.4903 -0.7612
vn -0.2850 -0.5889 -0.7563
vn -0.3810 -0.4566 -0.8040
vn -0.4225 -0.5403 -0.7277
vn -0.2915 -0.7707 -0.5666
vn -0.2048 -0.7117 -0.6720
vn -0.1730 -0.8687 -0.4641
vn -0.1582 -0.9308 -0.3296
vn -0.1165 -0.6842 -0.7199
vn -0.0983 -0.5944 -0.7982
vn -0.2840 -0.4254 -0.8593
vn -0.2178 -0.5036 -0.8361
vn -0.1109 -0.3354 -0.9355
vn -0.3233 -0.4469 -0.8341
vn -0.3252 -0.4191 -0.8477
vn -0.1595 -0.3455 -0.9248
vn -0.2216 -0.3860 -0.8955
vn -0.0698 -0.4594 -0.8855
vn -0.0381 -0.3545 -0.9343
vn -0.2944 -0.4841 -0.8240
vn -0.2558 -0.4730 -0.8431
vn -0.2128 -0.4326 -0.8761
vn -0.3838 -0.5836 -0.7156
vn -0.1350 -0.3291 -0.9346
vn -0.3577 -0.5180 -0.7770
vn -0.4930 -0.6723 -0.5522
vn -0.0233 -0.3212 -0.9467
vn -0.0758 -0.3373 -0.9383
vn -0.0233 -0.1681 -0.9855
vn 0.0217 -0.1313 -0.9911
vn -0.1672 -0.3714 -0.9133
vn -0.0244 -0.3118 -0.9498
vn -0.0175 -0.0971 -0.9951
vn -0.0125 -0.1100 -0.9939
vn -0.2535 -0.3412 -0.9052
vn -0.2363 -0.2784 -0.9310
vn -0.5158 -0.5353 -0.6688
vn -0.5171 -0.6162 -0.5941
vn -0.4938 -0.4223 -0.7602
vn -0.4261 -0.4031 -0.8099
vn -0.4914 -0.4602 -0.7394
vn -0.4193 -0.4051 -0.8125
vn -0.4765 -0.4913 -0.7291
vn -0.4130 -0.4395 -0.7977
vn -0.3561 -0.4515 -0.8181
vn -0.4246 -0.4691 -0.7744
vn -0.1883 -0.2672 -0.9451
vn -0.1661 -0.2828 -0.9447
vn -0.1306 -0.2164 -0.9675
vn -0.4514 -0.3363 -0.8265
vn -0.3765 -0.4533 -0.8079
vn -0.5981 -0.5682 -0.5651
vn -0.5510 -0.5954 -0.5847
vn -0.0856 -0.2319 -0.9690
vn -0.5273 -0.4336 -0.7307
vn -0.5351 -0.4071 -0.7402
vn -0.5430 -0.4817 -0.6878
vn -0.5761 -0.4830 -0.6594
vn -0.5724 -0.5228 -0.6317
vn -0.5277 -0.5198 -0.6718
vn -0.4343 -0.4662 -0.7707
vn -0.4807 -0.4689 -0.7410
vn -0.2264 -0.2922 -0.9292
vn -0.1613 -0.2688 -0.9496
vn -0.1775 -0.0858 -0.9804
vn -0.2160 -0.1996 -0.9558
vn -0.1554 -0.0998 -0.9828
vn -0.1006 -0.0809 -0.9916
vn -0.4124 -0.4695 -0.7807
vn -0.4004 -0.4210 -0.8139
vn -0.2567 -0.1568 -0.9537
vn -0.4586 -0.5574 -0.6921
vn -0.5292 -0.6848 -0.5009
vn -0.4703 -0.4217 -0.7752
vn -0.3662 -0.6392 -0.6763
vn -0.3681 -0.5670 -0.7369
vn 0.5902 0.7579 0.2780
vn 0.6599 0.6722 0.3358
vn 0.6831 0.5972 0.4204
vn 0.7443 0.6090 0.2741
vn 0.7424 0.6195 0.2552
vn 0.5526 0.4322 0.7126
vn 0.5573 0.5252 0.6431
vn 0.6929 0.6120 0.3813
vn 0.5171 0.7179 0.4661
vn 0.8046 0.5690 0.1699
vn 0.7532 0.5319 0.3870
vn 0.7339 0.5018 0.4578
vn 0.5989 0.4405 0.6688
vn 0.6085 0.4723 0.6377
vn 0.5181 0.2483 0.8185
vn 0.5712 0.3613 0.7370
vn 0.4941 0.4287 0.7564
vn 0.5740 0.4977 0.6502
vn 0.6150 0.4192 0.6678
vn 0.5699 0.3969 0.7195
vn 0.6725 0.5815 0.4578
vn 0.7428 0.5508 0.3806
vn 0.7989 0.5859 0.1358
vn 0.7862 0.6058 0.1220
vn 0.8001 0.5987 -0.0383
vn 0.8078 0.5545 0.2000
vn 0.7044 0.5775 0.4127
vn 0.6649 0.4981 0.5565
vn 0.6255 0.5440 0.5593
vn 0.5918 0.4962 0.6353
vn 0.6997 0.5465 0.4602
vn 0.7528 0.5453 0.3688
vn 0.7208 0.4768 0.5031
vn 0.7134 0.4025 0.5736
vn 0.6969 0.3440 0.6293
vn 0.5503 0.1625 0.8190
vn 0.5719 0.3289 0.7515
vn 0.6784 0.5524 0.4844
vn 0.7312 -0.1823 0.6574
vn 0.5963 -0.2844 0.7507
vn 0.6471 -0.0597 0.7600
vn 0.7069 0.1283 0.6956
vn 0.7386 0.3500 0.5762
vn 0.6193 0.0381 0.7842
vn 0.7539 0.6371 0.1605
vn 0.6927 0.5388 0.4794
vn 0.5814 0.4626 0.6693
vn 0.5532 0.4307 0.7130
vn 0.6370 0.3873 0.6665
vn 0.7186 0.2847 0.6344
vn 0.7022 0.3022 0.6447
vn 0.7223 0.1113 0.6826
vn 0.7994 0.0019 0.6008
vn 0.7116 0.1483 0.6867
vn 0.9245 0.3476 0.1563
vn 0.9280 0.1296 0.3494
vn 0.7539 0.3069 0.5808
vn 0.7118 0.1340 0.6895
vn 0.7646 0.3038 0.5684
vn 0.7476 0.3720 0.5502
vn 0.8175 0.2226 0.5312
vn 0.8335 0.4670 0.2954
vn 0.7193 0.2940 0.6295
vn 0.7408 0.0787 0.6671
vn 0.7948 0.6055 -0.0409
vn 0.7726 0.6348 -0.0136
vn 0.7956 0.5932 0.1227
vn 0.0846 0.1400 0.9865
vn 0.3009 0.2703 0.9145
vn 0.3789 0.2918 0.8782
vn 0.2473 0.0635 0.9669
vn 0.0604 0.0899 0.9941
vn 0.2302 0.2305 0.9455
vn 0.1485 0.1121 0.9825
vn 0.4260 0.3259 0.8440
vn 0.5075 0.3760 0.7753
vn 0.3148 0.2509 0.9154
vn 0.4252 0.3286 0.8434
vn 0.1990 0.1578 0.9672
vn 0.2045 0.2018 0.9578
vn 0.1518 0.1933 0.9693
vn 0.1447 0.1868 0.9717
vn -0.0189 0.2069 0.9782
vn 0.1339 0.4048 0.9046
vn 0.3950 0.4030 0.8255
vn 0.4957 0.3757 0.7830
vn 0.4437 0.4184 0.7925
vn 0.3754 0.3837 0.8437
vn 0.2923 0.3833 0.8762
vn 0.0164 0.1976 0.9801
vn 0.0733 0.3100 0.9479
vn 0.0855 0.3008 0.9499
vn 0.2155 0.4076 0.8874
vn 0.1693 0.3500 0.9213
vn 0.1119 0.2494 0.9619
vn 0.0384 0.2537 0.9665
vn -0.5815 -0.6434 -0.4978
vn -0.6038 -0.6873 -0.4037
vn -0.5740 -0.6556 -0.4907
vn -0.6516 -0.5810 -0.4877
vn -0.5095 -0.4186 -0.7518
vn -0.5673 -0.6549 -0.4993
vn -0.7040 -0.6567 -0.2705
vn -0.6677 -0.6650 -0.3347
vn -0.6636 -0.5802 -0.4722
vn -0.7212 -0.4089 -0.5591
vn -0.7646 -0.4368 -0.4740
vn -0.6658 -0.5601 -0.4929
vn -0.6137 -0.6790 -0.4030
vn -0.5535 -0.7130 -0.4305
vn -0.5709 -0.7466 -0.3415
vn -0.5240 -0.7230 -0.4503
vn -0.6554 -0.7132 -0.2486
vn -0.6467 -0.6556 -0.3899
vn -0.6938 -0.6934 -0.1945
vn -0.6829 -0.7302 -0.0211
vn -0.5268 -0.7984 -0.2917
vn -0.6789 -0.7274 -0.1000
vn -0.4467 -0.8555 -0.2617
vn -0.3412 -0.7205 -0.6037
vn -0.4712 -0.7276 -0.4986
vn -0.5790 -0.6389 -0.5066
vn -0.5570 -0.5894 -0.5851
vn -0.7166 -0.6740 -0.1796
vn -0.6655 -0.6263 -0.4061
vn -0.6878 -0.6264 -0.3669
vn -0.5830 -0.5407 -0.6064
vn -0.3319 -0.8266 -0.4545
vn -0.0276 -0.7385 -0.6737
vn -0.5352 -0.6528 -0.5361
vn -0.2626 -0.5674 -0.7804
vn 0.1349 0.0980 0.9860
vn 0.2941 0.3118 0.9035
vn 0.4502 0.3989 0.7989
vn 0.5878 0.4241 0.6890
vn 0.5122 0.3624 0.7787
vn 0.5157 0.1430 0.8447
vn 0.5057 0.0789 0.8591
vn 0.3142 -0.1931 0.9295
vn 0.2909 -0.2172 0.9318
vn 0.3147 -0.2378 0.9189
vn 0.2615 -0.1223 0.9574
vn 0.5178 -0.0052 0.8555
vn 0.3929 -0.2031 0.8969
vn 0.3499 0.0437 0.9358
vn 0.7521 -0.1307 -0.6459
vn 0.3877 -0.6465 -0.6570
vn 0.1620 -0.5686 -0.8065
vn 0.8776 -0.2416 -0.4142
vn 0.6254 -0.6970 -0.3509
vn 0.3241 -0.9190 -0.2246
vn 0.0488 -0.9318 -0.3596
vn 0.5936 -0.0225 0.8044
vn 0.1524 -0.5923 0.7912
vn 0.4462 -0.5728 0.6876
vn 0.8597 0.2713 0.4328
vn 0.7931 0.4257 0.4356
vn 0.4651 0.0001 0.8852
vn -0.3003 -0.9382 0.1718
vn -0.0769 -0.9541 0.2893
vn -0.0170 -0.8390 0.5438
vn 0.3558 -0.9049 0.2335
vn 0.4087 -0.7955 0.4474
vn 0.0335 -0.5686 0.8219
vn -0.1540 -0.8356 0.5273
vn 0.9071 -0.3929 0.1512
vn 0.8937 -0.2530 0.3705
vn 0.9520 0.2960 0.0778
vn 0.9207 0.3310 0.2068
vn 0.7858 -0.1233 0.6061
vn 0.3251 -0.9457 -0.0035
vn -0.0813 -0.9962 -0.0320
vn -0.3405 -0.9333 -0.1144
vn -0.1977 -0.8609 -0.4687
vn 0.7960 -0.6019 -0.0640
vn 0.9891 0.0671 -0.1310
vn 0.5785 -0.0732 -0.8124
vn 0.8208 0.3608 -0.4429
vn 0.9023 0.3168 -0.2923
vn 0.8626 0.5029 0.0554
vn 0.7773 0.4386 0.4510
vn 0.8218 0.5392 0.1840
vn 0.8022 0.5631 0.1987
vn -0.0821 0.4498 0.8893
vn -0.0534 0.4544 0.8892
vn 0.1701 0.4782 0.8616
vn 0.3716 0.5095 0.7761
vn 0.7378 0.4462 0.5065
vn 0.5487 0.4881 0.6787
vn 0.1550 0.5060 0.8485
vn -0.3108 0.3902 0.8667
vn -0.2837 0.3933 0.8746
vn -0.5948 0.2509 0.7637
vn -0.5851 0.3229 0.7439
vn -0.1983 0.4707 0.8597
vn 0.0149 0.3564 0.9342
vn -0.0776 0.5255 0.8472
vn 0.2080 0.5763 0.7903
vn 0.4901 0.5334 0.6894
vn 0.5290 0.5480 0.6480
vn 0.2251 0.3077 0.9245
vn -0.2123 0.3104 0.9266
vn -0.3146 0.4638 0.8282
vn -0.6510 0.3201 0.6883
vn -0.6166 0.2650 0.7413
vn 0.4214 -0.1301 0.8975
vn 0.3030 -0.2396 0.9224
vn 0.2010 -0.3100 0.9292
vn 0.3152 0.1839 0.9310
vn 0.4266 0.1693 0.8885
vn -0.9049 -0.0454 0.4231
vn -0.6377 0.1874 0.7471
vn -0.3943 -0.2728 0.8775
vn -0.7714 -0.5565 0.3086
vn -0.7285 -0.4546 0.5125
vn -0.7778 -0.6284 -0.0117
vn -0.1306 -0.7072 0.6949
vn -0.3376 -0.7795 0.5276
vn 0.8085 0.0984 0.5802
vn 0.6893 -0.1377 0.7113
vn 0.5004 -0.1954 0.8435
vn 0.6822 0.1900 0.7061
vn 0.5196 0.0928 0.8493
vn 0.5943 0.0641 0.8017
vn -0.1744 -0.6757 0.7163
vn -0.0567 -0.6491 0.7586
vn 0.2316 -0.2183 0.9480
vn 0.1181 -0.3514 0.9287
vn 0.0322 -0.3583 0.9330
vn 0.2426 -0.5402 0.8058
vn 0.0368 -0.7142 0.6990
vn -0.0101 -0.2384 0.9711
vn -0.0062 -0.0095 0.9999
vn 0.2226 0.0862 0.9711
vn 0.3680 0.1250 0.9214
vn 0.3862 -0.0118 0.9223
vn 0.1631 0.1187 0.9794
vn 0.0775 -0.7578 0.6479
vn 0.2004 -0.5215 0.8294
vn 0.4216 -0.3024 0.8549
vn -0.0768 -0.1741 0.9817
vn 0.0557 -0.6814 0.7298
vn -0.9252 0.1311 0.3561
vn -0.8892 0.1773 0.4217
vn -0.9570 0.0121 0.2897
vn -0.7127 -0.3714 -0.5951
vn -0.6133 -0.5064 -0.6061
vn -0.3828 -0.6254 -0.6799
vn -0.8532 -0.4995 -0.1501
vn -0.7485 -0.6437 -0.1596
vn -0.7913 -0.3186 -0.5219
vn -0.9521 -0.0044 -0.3057
vn -0.4663 -0.5397 -0.7009
vn -0.6732 -0.5000 -0.5448
vn -0.9149 -0.3141 -0.2537
vn -0.9996 0.0229 -0.0182
vn -0.6894 -0.7045 0.1687
vn -0.9957 -0.0014 0.0921
vn -0.9466 0.1354 0.2927
vn -0.1279 -0.5937 -0.7944
vn -0.3286 -0.5603 -0.7603
vn -0.0111 -0.5908 -0.8067
vn 0.0820 -0.5395 -0.8380
vn -0.9389 0.0028 0.3442
vn -0.8746 0.1531 0.4601
vn -0.8606 0.0722 0.5042
vn -0.8817 -0.4201 -0.2146
vn -0.9687 -0.1739 0.1769
vn -0.9544 -0.2898 0.0714
vn -0.9490 -0.0946 0.3008
vn -0.5447 -0.6058 -0.5799
vn -0.6190 -0.5601 -0.5505
vn -0.9618 -0.1379 0.2364
vn -0.8558 0.0520 0.5147
vn -0.8694 0.1100 0.4818
vn -0.3045 -0.5368 -0.7869
vn -0.4656 -0.5261 -0.7116
vn -0.4749 -0.5746 -0.6665
vn -0.7975 -0.4772 -0.3691
vn -0.8182 -0.5077 -0.2698
vn -0.2081 -0.5765 -0.7902
vn -0.9372 -0.3361 -0.0932
vn -0.8014 -0.4320 -0.4137
vn -0.9409 -0.3064 -0.1444
vn -0.9807 -0.1187 0.1554
vn -0.9858 -0.0799 0.1476
vn -0.8492 0.2021 0.4879
vn -0.9946 -0.0550 0.0875
vn -0.8625 0.2364 0.4474
vn -0.4986 0.4670 0.7302
vn -0.5256 0.4305 0.7338
vn -0.3948 -0.4185 -0.8179
vn -0.6960 -0.3973 -0.5981
vn -0.5237 -0.4884 -0.6980
vn -0.8400 -0.3911 -0.3762
vn -0.3205 -0.4955 -0.8073
vn -0.8969 -0.3348 -0.2889
vn -0.9607 -0.2480 -0.1245
vn -0.9566 -0.2665 -0.1180
vn -0.8199 0.0610 0.5692
vn -0.5569 0.2567 0.7899
vn -0.6197 0.2454 0.7455
vn -0.3169 0.4231 0.8488
vn -0.3029 0.3335 0.8928
vn -0.6351 0.1350 0.7605
vn -0.8087 0.0792 0.5828
vn -0.9094 -0.3725 -0.1849
vn -0.9589 -0.1446 0.2440
vn -0.9591 -0.1836 0.2154
vn -0.8893 -0.4165 -0.1889
vn -0.9549 -0.1962 0.2231
vn -0.8531 -0.0260 0.5211
vn -0.3437 -0.5542 -0.7581
vn -0.5635 -0.5616 -0.6059
vn -0.5657 -0.5115 -0.6468
vn -0.9058 -0.3809 -0.1857
vn -0.5914 -0.4953 -0.6364
vn -0.3618 -0.5259 -0.7698
vn 0.0941 0.9726 0.2124
vn 0.0920 0.9876 0.1271
vn 0.1453 0.9705 0.1924
vn 0.3411 0.6867 0.6419
vn 0.1219 0.9666 0.2255
vn 0.3314 -0.5340 0.7778
vn 0.4027 0.0355 0.9146
vn 0.2722 -0.4556 0.8475
vn 0.3603 0.2816 0.8893
vn 0.2567 0.7931 0.5523
vn 0.3119 -0.6455 0.6972
vn 0.3616 -0.2819 0.8887
vn 0.2418 -0.2336 0.9418
vn 0.2121 -0.5595 0.8012
vn 0.4739 0.6810 0.5583
vn 0.4472 0.6668 0.5962
vn 0.4601 0.7376 0.4942
vn 0.4945 0.6901 0.5284
vn 0.4349 0.7109 0.5528
vn 0.3884 0.7553 0.5280
vn 0.8376 -0.4132 -0.3572
vn 0.7570 -0.6402 -0.1310
vn 0.3592 -0.6397 -0.6795
vn 0.4753 -0.7264 -0.4964
vn -0.0380 -0.0595 -0.9975
vn -0.1479 -0.0139 -0.9889
vn -0.0289 0.3883 -0.9211
vn -0.0181 -0.0055 -0.9998
vn 0.2458 0.2693 -0.9312
vn 0.2838 -0.1574 -0.9459
vn 0.4486 -0.3550 -0.8202
vn 0.8414 -0.0558 -0.5375
vn 0.7426 0.0983 -0.6625
vn 0.2680 0.1487 -0.9519
vn 0.2849 0.1527 -0.9463
vn 0.4767 0.3334 -0.8134
vn -0.0067 -0.0201 -0.9998
vn 0.4638 0.1360 -0.8755
vn 0.8175 0.1351 -0.5598
vn 0.7426 0.3088 -0.5943
vn 0.3929 -0.0425 -0.9186
vn 0.3599 -0.2558 -0.8972
vn -0.1603 -0.3117 -0.9366
vn -0.0622 -0.2430 -0.9680
vn -0.0507 0.0872 -0.9949
vn 0.2097 -0.0598 -0.9759
vn 0.1142 -0.8260 -0.5520
vn 0.0076 -0.9975 -0.0700
vn 0.4104 -0.9027 0.1291
vn 0.3929 -0.8888 -0.2361
vn -0.0757 -0.9853 -0.1534
vn 0.0414 -0.5391 0.8412
vn 0.3756 0.0335 0.9262
vn 0.3389 0.1191 0.9332
vn 0.7325 0.4705 0.4920
vn -0.0689 -0.8888 0.4530
vn -0.2029 -0.9792 0.0006
vn 0.2129 -0.4133 0.8854
vn 0.2400 -0.9042 0.3533
vn 0.4567 -0.3334 -0.8248
vn 0.9363 0.0537 -0.3471
vn 0.8239 0.2666 -0.5002
vn 0.8721 0.4892 0.0117
vn 0.8580 0.5132 0.0210
vn 0.4721 -0.0709 -0.8787
vn 0.7732 0.5992 0.2076
vn 0.7197 0.6530 0.2360
vn 0.7475 0.2797 0.6025
vn 0.8350 0.2310 0.4994
vn 0.8482 -0.1732 0.5005
vn 0.8450 -0.2092 0.4922
vn 0.7443 -0.6034 0.2863
vn 0.8366 -0.5052 0.2118
vn -0.3907 -0.2349 -0.8900
vn -0.3391 -0.4440 -0.8294
vn -0.3866 -0.5053 -0.7715
vn -0.3922 -0.6023 -0.6953
vn -0.3528 -0.5885 -0.7274
vn -0.4567 -0.3578 -0.8145
vn -0.5480 -0.4828 -0.6831
vn -0.4385 -0.6723 -0.5965
vn -0.3573 -0.6639 -0.6569
vn -0.6333 -0.6237 -0.4582
vn -0.6287 -0.5838 -0.5138
vn 0.6279 0.5536 0.5470
vn 0.5533 0.5960 0.5819
vn 0.6129 0.5094 0.6040
vn 0.4680 0.5460 0.6949
vn 0.5214 0.4505 0.7247
vn 0.6407 0.4436 0.6267
vn 0.6525 0.4908 0.5774
vn -0.3456 -0.6874 -0.6388
vn -0.3969 -0.5735 -0.7167
vn -0.3325 -0.5628 -0.7568
vn -0.1835 -0.6658 -0.7232
vn -0.2915 -0.6846 -0.6681
vn 0.8530 0.3733 -0.3647
vn 0.6508 0.0168 -0.7591
vn 0.6881 0.0253 -0.7252
vn 0.8192 0.4071 -0.4040
vn 0.6280 0.0147 -0.7781
vn 0.4379 -0.1909 -0.8785
vn 0.5020 -0.1540 -0.8510
vn 0.6009 -0.0648 -0.7967
vn 0.5495 0.1006 -0.8294
vn 0.7050 0.2889 -0.6477
vn 0.2590 -0.1438 -0.9551
vn 0.6809 0.7274 -0.0852
vn 0.3299 0.8326 0.4448
vn 0.6143 0.7231 0.3158
vn 0.3549 0.9005 0.2513
vn 0.7149 0.6107 0.3405
vn 0.8203 0.1253 -0.5581
vn 0.9403 0.3373 -0.0453
vn 0.4520 0.5189 0.7256
vn 0.4733 0.5622 0.6782
vn 0.4048 0.7022 0.5857
vn 0.1356 0.8763 0.4623
vn 0.2830 0.8645 0.4153
vn 0.1842 0.9349 0.3033
vn 0.3292 0.8779 0.3477
vn 0.1761 0.9744 0.1394
vn 0.1152 0.9317 0.3445
vn 0.4178 0.8005 0.4297
vn 0.4109 0.7541 0.5124
vn 0.1788 0.7986 0.5747
vn 0.3121 0.6823 0.6611
vn 0.5452 0.6727 0.5003
vn -0.2344 -0.4889 -0.8403
vn -0.0528 -0.6411 -0.7656
vn 0.3161 -0.4685 -0.8250
vn 0.1900 -0.6072 -0.7715
vn 0.5654 -0.3633 -0.7405
vn 0.8169 -0.0906 -0.5696
vn 0.3994 0.7208 0.5665
vn 0.4638 0.7224 0.5129
vn 0.4519 0.7008 0.5519
vn 0.4827 0.6601 0.5755
vn 0.4101 0.6143 0.6741
vn 0.4599 0.6205 0.6352
vn 0.3790 0.7244 0.5758
vn 0.4466 0.7255 0.5237
vn 0.5025 0.7309 0.4619
vn 0.5240 0.6971 0.4893
vn 0.3802 0.7170 0.5843
vn 0.8566 -0.0510 -0.5135
vn 0.8980 0.0403 -0.4382
vn 0.5168 -0.4007 -0.7566
vn 0.7377 0.1624 -0.6553
vn 0.8457 0.2168 -0.4876
vn 0.3508 -0.0257 -0.9361
vn 0.1112 -0.0743 -0.9910
vn 0.8282 0.1109 -0.5494
vn 0.5051 -0.2845 -0.8148
vn 0.3743 -0.1601 -0.9134
vn 0.8917 0.3664 0.2656
vn 0.4105 0.2861 0.8658
vn 0.5693 0.3303 0.7528
vn 0.5457 0.4583 0.7016
vn 0.3845 0.4832 0.7865
vn -0.4660 -0.5892 -0.6601
vn -0.5082 -0.5321 -0.6772
vn -0.4993 -0.7336 -0.4610
vn -0.4229 -0.8216 -0.3823
vn -0.4251 -0.6307 -0.6493
vn -0.4585 -0.6958 -0.5529
vn 0.8283 0.4145 0.3769
vn 0.8532 0.0401 0.5200
vn 0.6615 0.1606 0.7326
vn 0.7100 0.6855 0.1616
vn 0.3705 0.7930 0.4836
vn 0.5433 0.5269 0.6536
vn 0.0907 -0.6730 -0.7340
vn 0.1529 -0.6721 -0.7245
vn 0.0195 -0.5142 -0.8574
vn 0.0830 -0.4784 -0.8742
vn -0.0065 -0.1447 -0.9895
vn -0.0787 -0.2690 -0.9599
vn 0.2324 0.2048 0.9508
vn 0.3987 0.3012 0.8662
vn 0.4694 0.3261 0.8206
vn 0.3278 0.1991 0.9235
vn 0.3703 0.1911 0.9090
vn 0.2603 0.0292 0.9651
vn -0.2380 -0.3446 -0.9081
vn -0.1981 -0.3880 -0.9001
vn -0.2526 -0.3970 -0.8824
vn -0.2980 -0.4410 -0.8466
vn -0.2196 -0.4893 -0.8440
vn -0.2496 -0.4747 -0.8440
vn -0.3467 -0.3562 -0.8677
vn -0.1604 -0.8612 -0.4822
vn -0.2144 -0.6166 -0.7575
vn -0.0471 -0.8846 -0.4640
vn -0.2006 -0.6156 -0.7621
vn -0.2998 -0.5068 -0.8082
vn -0.2792 -0.7870 -0.5502
vn 0.0316 -0.4701 -0.8820
vn -0.0055 -0.4956 -0.8685
vn -0.3104 -0.9274 -0.2086
vn -0.1097 -0.9279 -0.3564
vn -0.1621 -0.7695 -0.6177
vn 0.0691 -0.9764 -0.2045
vn 0.5706 0.6846 0.4535
vn 0.5127 0.7832 0.3518
vn 0.5423 0.7808 0.3103
vn 0.5528 0.7965 0.2452
vn 0.4711 0.6979 0.5395
vn 0.4854 0.7698 0.4145
vn 0.6613 0.7104 0.2409
vn 0.2618 0.5365 0.8023
vn 0.2721 0.4660 0.8419
vn 0.5180 0.7826 0.3452
vn 0.2623 0.4702 0.8427
vn 0.2626 -0.0315 0.9644
vn 0.2568 0.0456 0.9654
vn 0.2945 0.1734 0.9398
vn 0.2839 0.2849 0.9155
vn 0.3476 0.2630 0.9000
vn 0.2530 0.2096 0.9445
vn 0.2516 0.0199 0.9676
vn 0.4038 0.3286 0.8538
vn 0.4036 0.2810 0.8707
vn 0.2441 0.3300 0.9119
vn 0.2848 0.1961 0.9383
vn 0.3293 0.3000 0.8953
vn 0.3163 0.4252 0.8480
vn 0.8862 0.4422 -0.1380
vn 0.8229 0.5280 -0.2098
vn 0.6349 0.7054 0.3152
vn 0.6490 0.6391 0.4128
vn 0.9292 0.3666 -0.0460
vn 0.6370 0.6839 0.3558
vn -0.4169 -0.6827 -0.6002
vn -0.3924 -0.6785 -0.6210
vn -0.4362 -0.6556 -0.6164
vn -0.4381 -0.6681 -0.6014
vn -0.4441 -0.6489 -0.6178
vn -0.3865 -0.7225 -0.5732
vn -0.3140 -0.1645 -0.9351
vn -0.4263 -0.4395 -0.7906
vn -0.4175 -0.5894 -0.6916
vn -0.4095 -0.6391 -0.6510
vn -0.4282 -0.5193 -0.7396
vn -0.3549 -0.1846 -0.9165
vn -0.3512 -0.2217 -0.9097
vn 0.8941 -0.3802 0.2366
vn 0.5681 -0.5575 -0.6054
vn 0.3510 -0.7284 -0.5885
vn 0.5589 0.0789 0.8255
vn 0.7871 -0.5697 0.2365
vn 0.6565 0.3248 0.6808
vn 0.9326 -0.0715 0.3537
vn 0.5588 -0.6428 -0.5240
vn 0.5281 -0.0277 0.8487
vn 0.8714 -0.3973 0.2879
vn 0.4789 -0.7926 -0.3774
vn 0.7341 -0.0313 0.6784
vn 0.6274 -0.0110 0.7786
vn 0.1853 0.0917 0.9784
vn 0.2668 0.2324 0.9353
vn 0.2985 0.1558 0.9416
vn 0.3949 0.6949 0.6010
vn 0.3911 0.4834 0.7832
vn 0.3039 0.1152 0.9457
vn 0.4097 0.8558 0.3158
vn 0.3801 0.9002 0.2125
vn 0.4194 0.8399 0.3445
vn -0.2958 0.0110 -0.9552
vn -0.1920 0.3518 -0.9162
vn -0.4121 -0.0901 -0.9067
vn -0.3077 -0.0683 -0.9490
vn -0.4398 -0.6347 -0.6354
vn -0.4048 -0.2648 -0.8752
vn -0.0971 0.4404 -0.8925
vn -0.1870 0.2742 -0.9433
vn -0.2445 0.0346 -0.9690
vn -0.1474 0.3446 -0.9271
vn 0.8081 0.2787 0.5190
vn 0.9598 -0.2802 -0.0163
vn 0.9109 -0.3996 0.1027
vn 0.3560 -0.7196 -0.5961
vn 0.2342 -0.8487 -0.4743
vn 0.5262 -0.5825 -0.6195
vn 0.7870 0.4292 0.4433
vn 0.8721 0.4348 0.2244
vn 0.9854 -0.1186 -0.1225
vn 0.4368 0.4216 0.7946
vn 0.5433 0.5397 0.6431
vn 0.4543 0.5606 0.6924
vn 0.5963 0.6174 0.5131
vn 0.4991 0.7215 0.4799
vn 0.4247 0.6395 0.6408
vn 0.4161 0.8266 0.3790
vn 0.4766 0.7892 0.3873
vn 0.6155 0.6740 0.4085
vn 0.6401 0.7156 0.2796
vn 0.4213 0.7426 0.5205
vn 0.3036 -0.8857 0.3512
vn 0.2052 -0.4550 0.8665
vn 0.2112 -0.0653 0.9753
vn 0.4155 -0.6487 0.6376
vn 0.0431 -0.9710 -0.2352
vn 0.2250 -0.9475 -0.2271
vn -0.4244 -0.4856 -0.7642
vn -0.4387 -0.4884 -0.7544
vn -0.5304 -0.5885 -0.6101
vn -0.5117 -0.4841 -0.7098
vn -0.6310 -0.5817 -0.5134
vn -0.5194 -0.5801 -0.6274
vn 0.7545 0.5056 0.4184
vn 0.7268 0.5926 0.3473
vn 0.8419 0.5154 0.1601
vn 0.8420 0.5136 0.1654
vn 0.7739 0.5408 0.3295
vn 0.7809 0.5497 0.2967
vn 0.8836 0.4232 0.2003
vn 0.7209 0.5798 0.3797
vn 0.2062 0.6020 0.7714
vn 0.2447 0.5230 0.8164
vn 0.2554 0.5539 0.7925
vn 0.0912 0.8933 0.4402
vn 0.0627 0.9371 0.3434
vn 0.0756 0.9490 0.3061
vn 0.1978 0.8472 0.4930
vn 0.1544 0.8785 0.4521
vn 0.3116 -0.4076 0.8584
vn 0.2433 -0.1721 0.9546
vn 0.4848 -0.0233 0.8743
vn 0.5701 -0.1468 0.8084
vn 0.6096 0.0627 0.7902
vn 0.4625 -0.0977 0.8812
vn 0.3571 0.5772 0.7344
vn 0.4315 0.5745 0.6955
vn 0.4325 0.6428 0.6323
vn 0.3892 0.7335 0.5573
vn 0.2965 0.6709 0.6797
vn 0.4072 0.8648 0.2937
vn 0.4180 0.8467 0.3291
vn 0.3818 0.8969 0.2232
vn 0.4107 0.6708 0.6176
vn 0.3869 0.7469 0.5408
vn 0.4192 0.8828 0.2119
vn -0.3093 -0.4354 -0.8454
vn -0.1981 -0.6146 -0.7635
vn -0.0312 -0.5273 -0.8491
vn 0.0050 -0.6864 -0.7272
vn -0.1935 -0.3530 -0.9154
vn -0.3584 -0.0104 -0.9335
vn -0.3677 -0.0265 -0.9296
vn -0.3560 0.0701 -0.9319
vn -0.3349 -0.1561 -0.9292
vn -0.3945 -0.0884 -0.9146
vn -0.3029 -0.7020 -0.6445
vn -0.3364 -0.6319 -0.6982
vn -0.0438 -0.6189 -0.7843
vn -0.1639 -0.4995 -0.8507
vn -0.0682 -0.6921 -0.7185
vn 0.0846 0.0022 0.9964
vn 0.2532 0.2696 0.9291
vn 0.1623 0.3362 0.9277
vn 0.6536 0.5392 0.5310
vn 0.5567 0.6236 0.5488
vn 0.5865 0.3515 0.7297
vn 0.4199 0.4860 0.7665
vn 0.4109 0.2935 0.8631
vn 0.5255 0.1457 0.8382
vn 0.6145 0.6244 0.4821
vn 0.3448 0.5460 0.7636
vn 0.4167 0.4610 0.7835
vn 0.4384 0.7280 0.5271
vn 0.5216 0.6702 0.5279
vn 0.4780 0.6622 0.5770
vn 0.0560 0.4756 0.8779
vn 0.3256 0.4654 0.8231
vn 0.1937 0.5876 0.7856
vn 0.0809 0.6961 0.7134
vn 0.0273 0.5720 0.8198
vn 0.1571 0.8759 0.4562
vn 0.1832 0.8978 0.4004
vn 0.0755 0.8740 0.4800
vn 0.1615 0.8979 0.4096
vn 0.2428 0.8214 0.5160
vn 0.3418 0.7103 0.6153
vn 0.4170 0.6270 0.6580
vn 0.0964 0.8862 0.4532
vn 0.1245 0.8342 0.5372
vn 0.1170 0.8234 0.5553
vn 0.5750 0.2719 0.7716
vn 0.5330 0.3709 0.7605
vn 0.6542 -0.0194 0.7560
vn 0.6797 -0.1348 0.7210
vn 0.6794 -0.0183 0.7335
vn 0.7965 -0.0544 0.6021
vn 0.4014 0.5162 0.7566
vn 0.6847 0.2469 0.6857
vn 0.4402 0.2613 0.8590
vn 0.4676 0.2523 0.8472
vn 0.7279 0.2836 0.6243
vn 0.1836 0.1409 0.9728
vn 0.1656 0.2177 0.9619
vn 0.2778 0.2556 0.9260
vn 0.3935 0.4269 0.8142
vn 0.4001 0.4316 0.8085
vn 0.3726 0.5975 0.7100
vn 0.3808 0.6859 0.6201
vn 0.2987 0.7398 0.6029
vn 0.4737 0.7004 0.5339
vn 0.3710 0.4613 0.8060
vn 0.3021 0.2471 0.9207
vn 0.3083 0.2516 0.9174
vn 0.4471 0.7193 0.5317
vn 0.4566 0.7215 0.5206
vn 0.4302 0.7400 0.5170
vn 0.4698 0.8328 0.2929
vn 0.5522 0.8119 0.1894
vn 0.4705 0.6712 0.5728
vn 0.4329 0.7470 0.5045
vn 0.4353 0.7109 0.5524
vn 0.4249 0.7482 0.5095
vn 0.0043 -0.5518 -0.8340
vn -0.1047 -0.4417 -0.8910
vn -0.1717 -0.4895 -0.8549
vn -0.2665 -0.2259 -0.9370
vn -0.0507 -0.6352 -0.7707
vn -0.2417 -0.1546 -0.9580
vn -0.2159 -0.2192 -0.9515
vn -0.3229 -0.2610 -0.9097
vn -0.1924 -0.6526 -0.7329
vn -0.0899 -0.1170 -0.9891
vn -0.0014 -0.1323 -0.9912
vn 0.0981 -0.5282 -0.8434
vn -0.0601 -0.6240 -0.7791
vn 0.0319 -0.3352 -0.9416
vn 0.2022 -0.4027 -0.8927
vn 0.0254 -0.8331 -0.5525
vn -0.0487 -0.8875 -0.4582
vn -0.0988 -0.8607 -0.4995
vn -0.0814 -0.7968 -0.5987
vn -0.2249 -0.6329 -0.7408
vn -0.2732 -0.4654 -0.8419
vn 0.0629 -0.7322 -0.6782
vn -0.2638 -0.6463 -0.7161
vn -0.3293 -0.4917 -0.8061
vn -0.3802 -0.5306 -0.7576
vn -0.3583 -0.4315 -0.8279
vn -0.4037 -0.5967 -0.6935
vn -0.2545 0.0459 -0.9660
vn -0.3900 -0.3053 -0.8687
vn -0.1413 0.2274 -0.9635
vn -0.3929 -0.3706 -0.8416
vn -0.3086 -0.5594 -0.7693
vn -0.4317 -0.2250 -0.8735
vn -0.3749 -0.3939 -0.8392
vn -0.4128 -0.3782 -0.8286
vn -0.3859 -0.5361 -0.7508
vn -0.4724 -0.2203 -0.8534
vn -0.3950 -0.5233 -0.7550
vn -0.4069 -0.6283 -0.6630
vn -0.4127 -0.6900 -0.5946
vn -0.1674 -0.3549 -0.9198
vn -0.2551 -0.2073 -0.9444
vn -0.4310 -0.6790 -0.5943
vn -0.2666 -0.8704 -0.4140
vn -0.3450 -0.7467 -0.5687
vn -0.0842 -0.8345 -0.5445
vn -0.2841 -0.5161 -0.8081
vn -0.3191 -0.7050 -0.6334
vn -0.2089 -0.4979 -0.8417
vn 0.0556 -0.5777 -0.8143
vn -0.2365 -0.5011 -0.8325
vn 0.0510 -0.9054 -0.4216
vn 0.1321 -0.8064 -0.5765
vn 0.0079 -0.7469 -0.6649
vn 0.1786 -0.6388 -0.7484
vn -0.1117 -0.9680 -0.2245
vn -0.2974 -0.8686 -0.3963
vn -0.4055 -0.6318 -0.6606
vn -0.3719 -0.5863 -0.7196
vn -0.3660 -0.4528 -0.8131
vn -0.2414 -0.4816 -0.8425
vn -0.1366 -0.1446 -0.9800
vn -0.1577 -0.2424 -0.9573
vn -0.4618 -0.6196 -0.6347
vn 0.0054 -0.0799 -0.9968
vn -0.1156 -0.3580 -0.9265
vn -0.1547 -0.5649 -0.8105
vn -0.2374 -0.4418 -0.8651
vn 0.0087 -0.5378 -0.8430
vn -0.0668 -0.4907 -0.8688
vn -0.1194 -0.7022 -0.7019
vn -0.0387 -0.6941 -0.7188
vn -0.1038 -0.7045 -0.7021
vn -0.3966 -0.6196 -0.6773
vn -0.2456 -0.7122 -0.6576
vn -0.3042 -0.7172 -0.6270
vn -0.4733 -0.6465 -0.5983
vn -0.5333 -0.6526 -0.5383
vn -0.3868 -0.7112 -0.5869
vn -0.4370 -0.6340 -0.6380
vn -0.4516 -0.5942 -0.6656
vn -0.0463 -0.8602 -0.5078
vn -0.0935 -0.8076 -0.5823
vn -0.4085 -0.6178 -0.6719
vn -0.1197 -0.8454 -0.5205
vn -0.4083 -0.5810 -0.7041
vn -0.5571 -0.6180 -0.5547
vn -0.6778 -0.5719 -0.4621
vn -0.8632 -0.5028 -0.0448
vn -0.8259 -0.5380 -0.1687
vn -0.8745 -0.3187 0.3655
vn -0.7375 -0.0950 0.6686
vn -0.9000 -0.3407 0.2718
vn -0.7125 -0.0795 0.6971
vn -0.4247 0.1606 0.8910
vn -0.4112 0.1317 0.9020
vn -0.0876 0.3031 0.9489
vn -0.2171 0.4038 0.8887
vn 0.3299 0.4452 0.8325
vn 0.3057 0.4860 0.8187
vn 0.7422 0.5115 0.4330
vn 0.7304 0.4633 0.5018
vn 0.9126 0.3883 0.1283
vn 0.9073 0.4142 0.0719
vn 0.9090 0.4091 0.0794
vn 0.9107 0.3835 0.1537
vn 0.2247 0.1710 0.9593
vn 0.0029 0.1440 0.9896
vn 0.1866 0.1565 0.9699
vn 0.0847 0.1524 0.9847
vn 0.0873 0.1921 0.9775
vn 0.2839 0.2215 0.9329
vn 0.2174 0.3510 0.9108
vn 0.4793 0.6999 0.5296
vn 0.5135 0.7140 0.4759
vn 0.0233 0.0475 0.9986
vn -0.0406 0.1295 0.9907
vn 0.1249 0.2139 0.9688
vn 0.5721 0.7997 0.1822
vn 0.5677 0.7944 0.2158
vn 0.5539 0.7613 0.3370
vn 0.5334 0.7179 0.4473
vn 0.5081 0.5906 0.6269
vn 0.5810 0.6830 0.4427
vn 0.6215 0.5847 0.5215
vn 0.6265 0.6900 0.3625
vn 0.5956 0.6172 0.5141
vn 0.6235 0.7226 0.2986
vn 0.8453 0.5131 0.1489
vn 0.6334 0.7371 0.2356
vn 0.1614 0.0894 0.9828
vn 0.3034 0.1360 0.9431
vn 0.0874 0.1292 0.9878
vn 0.2231 0.2932 0.9297
vn 0.1170 0.1262 0.9851
vn 0.3464 0.5103 0.7871
vn 0.4682 0.1092 0.8768
vn 0.3241 0.0810 0.9425
vn 0.2964 0.2639 0.9179
vn 0.2240 0.2705 0.9363
vn 0.3998 0.5137 0.7592
vn 0.5273 0.5880 0.6134
vn 0.3137 0.2353 0.9199
vn -0.2118 -0.7516 -0.6247
vn -0.3509 -0.6925 -0.6304
vn -0.2937 -0.5870 -0.7545
vn -0.1347 -0.6103 -0.7806
vn 0.1844 -0.4834 -0.8558
vn -0.0388 -0.4903 -0.8707
vn -0.4484 -0.5518 -0.7031
vn -0.3247 -0.4918 -0.8079
vn -0.4994 -0.6390 -0.5851
vn 0.2105 0.5469 0.8103
vn -0.0823 0.4588 0.8847
vn 0.1458 0.6935 0.7055
vn 0.3529 0.6965 0.6247
vn 0.1735 -0.5077 -0.8439
vn 0.3337 -0.3340 -0.8815
vn 0.4787 -0.1997 -0.8550
vn -0.0461 -0.4896 -0.8707
vn 0.0062 -0.6200 -0.7846
vn 0.2380 -0.3715 -0.8974
vn 0.0892 0.7631 0.6401
vn 0.2044 0.7674 0.6077
vn 0.2881 0.8063 0.5167
vn 0.5091 0.6696 0.5409
vn 0.4091 0.7003 0.5850
vn 0.3918 0.7609 0.5172
vn -0.2660 -0.7029 -0.6597
vn -0.4148 -0.6648 -0.6213
vn -0.0861 -0.6930 -0.7158
vn -0.4054 -0.2637 -0.8753
vn -0.3832 -0.2983 -0.8742
vn -0.3746 -0.2287 -0.8985
vn 0.5197 0.2351 0.8214
vn 0.3879 0.1448 0.9102
vn 0.2557 0.0950 0.9621
vn -0.4103 -0.4681 -0.7826
vn -0.3957 -0.2835 -0.8735
vn -0.2305 -0.2046 -0.9513
vn -0.3944 -0.9179 -0.0428
vn -0.5217 -0.8526 0.0296
vn -0.3053 -0.9127 -0.2717
vn -0.4314 -0.8593 -0.2747
vn -0.5614 -0.7790 -0.2794
vn -0.5704 0.8213 0.0085
vn -0.1550 0.9493 0.2734
vn -0.2087 0.8330 0.5123
vn -0.8483 -0.2742 -0.4530
vn -0.9479 0.2714 -0.1670
vn -0.8370 0.4121 -0.3601
vn -0.8396 -0.0773 -0.5376
vn -0.6497 0.7168 0.2530
vn -0.6663 0.4762 0.5739
vn -0.1908 0.6100 0.7691
vn -0.5636 0.1898 0.8040
vn -0.1555 0.3135 0.9368
vn -0.9719 -0.0513 0.2296
vn -0.8141 -0.5498 -0.1868
vn -0.6215 -0.7596 0.1915
vn -0.7191 -0.3141 0.6198
vn -0.2868 -0.7376 0.6113
vn -0.1860 -0.2197 0.9577
vn -0.4267 -0.8887 -0.1677
vn -0.2764 -0.9610 0.0088
vn -0.5457 -0.7566 -0.3602
vn -0.6293 -0.6232 -0.4644
vn -0.7149 -0.4727 -0.5152
vn 0.5391 0.4349 0.7213
vn 0.6708 0.4416 0.5958
vn 0.7521 0.4608 0.4712
vn 0.6332 0.4593 0.6230
vn 0.7382 0.4888 0.4649
vn 0.7126 0.4583 0.5312
vn 0.9068 0.3356 0.2550
vn 0.8798 0.3249 0.3470
vn 0.7745 0.4279 0.4660
vn 0.7748 0.4407 0.4534
vn 0.6361 0.4072 0.6554
vn 0.5704 0.4000 0.7174
vn 0.5473 0.3981 0.7362
vn 0.6956 0.4172 0.5849
vn 0.7413 0.4219 0.5220
vn 0.7066 0.3848 0.5938
vn 0.6397 0.4010 0.6558
vn 0.7592 0.3804 0.5281
vn 0.7710 0.3644 0.5223
vn 0.5249 0.4247 0.7377
vn 0.3397 0.4138 0.8446
vn 0.3705 0.5124 0.7747
vn 0.2077 0.4655 0.8603
vn 0.3563 0.5718 0.7390
vn 0.4526 0.5702 0.6856
vn 0.6954 0.5561 0.4552
vn 0.6469 0.6104 0.4571
vn 0.7049 0.5820 0.4055
vn 0.8368 0.4657 0.2879
vn 0.8803 0.4248 0.2114
vn 0.7164 0.5598 0.4163
vn 0.4551 0.5967 0.6609
vn 0.5351 0.6131 0.5812
vn 0.5319 0.6095 0.5879
vn 0.5772 0.6325 0.5165
vn 0.6708 0.5309 0.5178
vn 0.6167 0.4881 0.6175
vn 0.6783 0.5476 0.4899
vn 0.6105 0.6344 0.4741
vn 0.5940 0.6186 0.5143
vn 0.6645 0.5938 0.4537
vn 0.7543 0.5333 0.3829
vn 0.3181 0.3229 0.8914
vn 0.5086 0.3851 0.7701
vn 0.5315 0.3430 0.7745
vn 0.3933 0.1828 0.9010
vn 0.7510 0.5136 0.4151
vn 0.7823 0.4239 0.4565
vn 0.8329 0.4133 0.3681
vn 0.8250 0.4882 0.2847
vn 0.6728 0.5079 0.5379
vn 0.7079 0.4639 0.5326
vn 0.7370 0.4379 0.5149
vn 0.6829 0.5170 0.5161
vn 0.6515 0.4484 0.6119
vn 0.6602 0.4692 0.5865
vn 0.4132 0.0149 0.9105
vn 0.3995 0.1405 0.9059
vn 0.5581 0.3069 0.7710
vn 0.7158 0.4592 0.5261
vn 0.7089 0.4273 0.5612
vn 0.8679 -0.0221 0.4962
vn 0.6571 0.1793 0.7322
vn 0.6756 -0.6616 0.3253
vn 0.4054 -0.6438 0.6490
vn -0.1352 -0.8901 -0.4353
vn 0.8870 -0.0365 0.4603
vn 0.5493 -0.8285 0.1084
vn 0.5981 -0.8011 0.0238
vn 0.0211 -0.9344 -0.3557
vn 0.1074 -0.9231 -0.3693
vn -0.3600 -0.5442 -0.7578
vn -0.2809 -0.5826 -0.7627
vn -0.1162 -0.7922 -0.5991
vn -0.6437 -0.6428 -0.4153
vn -0.5123 -0.6883 -0.5137
vn -0.3161 -0.8215 -0.4746
vn -0.2614 -0.6612 -0.7032
vn -0.1763 -0.9416 -0.2868
vn -0.5429 -0.7222 -0.4285
vn -0.5035 -0.5958 -0.6257
vn -0.4107 -0.5778 -0.7053
vn -0.4482 -0.5537 -0.7018
vn -0.4839 -0.6160 -0.6216
vn -0.3489 -0.5975 -0.7220
vn -0.4104 -0.5734 -0.7090
vn -0.4288 -0.4985 -0.7534
vn -0.2883 -0.5137 -0.8081
vn -0.3872 -0.4076 -0.8270
vn -0.6532 -0.5437 -0.5270
vn -0.7167 -0.5545 -0.4229
vn -0.7138 -0.5131 -0.4767
vn -0.6999 -0.4777 -0.5310
vn -0.5382 -0.4129 -0.7347
vn -0.5458 -0.5577 -0.6253
vn -0.6375 -0.5402 -0.5494
vn -0.6488 -0.6022 -0.4652
vn -0.6190 -0.6195 -0.4828
vn -0.4453 -0.5299 -0.7217
vn -0.5852 -0.5398 -0.6051
vn -0.5461 -0.5488 -0.6330
vn -0.6228 -0.5626 -0.5437
vn -0.5059 -0.5103 -0.6955
vn -0.3768 -0.4542 -0.8073
vn -0.4019 -0.4383 -0.8040
vn -0.3954 -0.4389 -0.8069
vn -0.6287 -0.5464 -0.5533
vn -0.6547 -0.5800 -0.4848
vn -0.6706 -0.5390 -0.5097
vn -0.6446 -0.5335 -0.5476
vn -0.5510 -0.4992 -0.6687
vn -0.6610 -0.5305 -0.5308
vn -0.6740 -0.5367 -0.5076
vn -0.6341 -0.5820 -0.5090
vn -0.5781 -0.4239 -0.6972
vn -0.4624 -0.3882 -0.7971
vn -0.4483 -0.4070 -0.7959
vn -0.3788 -0.3486 -0.8573
vn -0.3826 -0.3747 -0.8445
vn -0.5564 -0.4614 -0.6910
vn -0.6544 -0.5038 -0.5638
vn -0.6783 -0.5193 -0.5198
vn -0.6972 -0.4677 -0.5433
vn -0.6734 -0.4455 -0.5900
vn -0.3888 -0.5293 -0.7541
vn -0.4812 -0.4866 -0.7292
vn -0.4558 -0.5064 -0.7320
vn -0.6219 -0.4514 -0.6399
vn -0.6195 -0.4683 -0.6300
vn -0.4262 -0.4622 -0.7777
vn -0.4114 -0.5032 -0.7600
vn -0.4903 -0.4933 -0.7185
vn -0.5014 -0.5084 -0.7001
vn -0.4996 -0.4383 -0.7472
vn -0.5478 -0.4438 -0.7092
vn -0.5290 -0.4757 -0.7027
vn -0.5565 -0.5537 -0.6194
vn -0.4944 -0.4568 -0.7395
vn -0.2340 -0.5366 -0.8107
vn -0.9003 -0.2164 -0.3777
vn -0.9547 -0.1398 -0.2627
vn -0.9019 -0.3164 -0.2940
vn -0.8196 -0.3336 -0.4658
vn -0.7748 -0.3387 -0.5338
vn -0.6993 -0.4881 -0.5222
vn -0.7748 -0.3818 -0.5039
vn -0.1106 -0.1659 -0.9799
vn 0.1092 -0.7214 -0.6838
vn 0.1854 -0.5633 -0.8052
vn -0.2890 -0.0176 -0.9572
vn -0.0599 0.0188 -0.9980
vn -0.3777 -0.1147 -0.9188
vn 0.1866 -0.9611 -0.2036
vn -0.0310 -0.9124 -0.4081
vn 0.2342 -0.9075 -0.3486
vn 0.3923 -0.8877 -0.2411
vn 0.2943 0.7524 0.5893
vn 0.3439 0.6679 0.6600
vn 0.3454 0.6402 0.6862
vn 0.3219 0.8421 0.4327
vn 0.0087 -0.0544 -0.9985
vn -0.1678 -0.0531 -0.9844
vn -0.2066 -0.1710 -0.9634
vn -0.2595 -0.2450 -0.9341
vn -0.3542 -0.6101 -0.7088
vn -0.1406 -0.4222 -0.8955
vn -0.3350 -0.7557 -0.5628
vn -0.2486 -0.7446 -0.6195
vn 0.5033 0.8289 0.2440
vn 0.3534 0.9135 0.2017
vn 0.4503 0.7184 0.5302
vn 0.5431 0.6468 0.5354
vn 0.5416 0.6684 0.5097
vn 0.5944 0.0667 0.8014
vn 0.4961 0.0268 0.8678
vn 0.4558 -0.2605 0.8511
vn 0.3779 -0.2463 0.8925
vn 0.2953 -0.3687 0.8814
vn 0.4200 -0.3807 0.8238
vn -0.4989 -0.6178 -0.6078
vn -0.5798 -0.4884 -0.6521
vn -0.4389 -0.3706 -0.8186
vn -0.3710 -0.4128 -0.8318
vn -0.6503 0.0064 0.7596
vn -0.3250 0.2281 0.9178
vn -0.2193 0.0287 0.9752
vn -0.5440 -0.2383 0.8045
vn -0.8417 -0.2098 0.4975
vn 0.2905 0.4413 0.8490
vn 0.7816 0.4288 0.4531
vn 0.3753 0.2712 0.8863
vn 0.9387 0.3074 0.1558
vn 0.9178 0.3182 0.2373
vn 0.9610 0.2099 0.1799
vn 0.8163 0.2485 0.5215
vn 0.9725 0.2303 0.0335
vn 0.8900 0.3878 0.2398
vn 0.8084 0.4496 0.3799
vn 0.9254 0.3408 0.1656
vn 0.7946 0.5961 0.1155
vn 0.7777 0.5980 0.1940
vn 0.7188 0.5785 0.3857
vn 0.6834 0.5493 0.4808
vn 0.7274 0.5870 0.3553
vn 0.4182 -0.1754 0.8913
vn 0.4823 0.0316 0.8754
vn 0.3836 0.0547 0.9219
vn 0.4276 0.1399 0.8931
vn 0.3490 -0.1119 0.9304
vn 0.4189 -0.1105 0.9013
vn 0.4242 0.0094 0.9055
vn 0.6227 0.4351 0.6503
vn 0.5940 0.4068 0.6940
vn 0.5893 0.4253 0.6869
vn 0.5525 0.4221 0.7188
vn 0.5855 0.4044 0.7026
vn 0.6338 0.4192 0.6501
vn 0.5464 0.3724 0.7502
vn 0.4314 0.3532 0.8301
vn 0.5088 0.4204 0.7512
vn 0.6124 0.3393 0.7140
vn 0.6273 0.4833 0.6107
vn 0.6288 0.4801 0.6117
vn 0.6799 0.5785 0.4506
vn 0.5861 0.3594 0.7261
vn 0.5195 0.1589 0.8395
vn 0.5809 0.2406 0.7776
vn 0.5066 0.2449 0.8267
vn 0.3867 0.4892 0.7818
vn 0.3706 0.4935 0.7869
vn 0.4738 0.4815 0.7373
vn 0.5094 0.4836 0.7118
vn -0.2460 0.0948 -0.9646
vn -0.3997 -0.3366 -0.8526
vn -0.3615 -0.3961 -0.8441
vn -0.3360 -0.6597 -0.6722
vn -0.5235 -0.5197 -0.6752
vn -0.4297 -0.6327 -0.6442
vn -0.4954 -0.6030 -0.6253
vn -0.4645 -0.5490 -0.6949
vn -0.3736 -0.6533 -0.6585
vn -0.3718 -0.6486 -0.6641
vn -0.4116 -0.6389 -0.6499
vn -0.4007 0.1938 -0.8955
vn -0.4460 -0.3459 -0.8255
vn -0.4331 -0.3168 -0.8438
vn -0.3479 -0.6484 -0.6771
vn -0.2903 0.1743 -0.9409
vn -0.4305 -0.3686 -0.8239
vn -0.4522 0.1536 -0.8786
vn -0.4469 -0.6023 -0.6614
vn -0.4374 -0.5711 -0.6946
vn -0.3660 -0.6732 -0.6425
vn -0.5518 -0.5054 -0.6634
vn -0.5793 -0.4990 -0.6445
vn -0.5300 -0.5790 -0.6196
vn -0.5684 -0.5020 -0.6518
vn 0.5963 0.4604 0.6576
vn 0.6523 0.5029 0.5671
vn 0.6590 0.4815 0.5778
vn 0.6357 0.5468 0.5449
vn 0.6662 0.4334 0.6069
vn 0.4406 0.5608 0.7010
vn 0.4788 0.5348 0.6962
vn 0.6096 0.5281 0.5912
vn 0.5657 0.4986 0.6569
vn 0.6203 0.5295 0.5787
vn 0.5138 0.5144 0.6866
vn 0.4569 0.4771 0.7508
vn 0.3638 0.5104 0.7792
vn 0.4162 0.5665 0.7112
vn 0.4225 0.5336 0.7326
vn 0.3801 0.4791 0.7912
vn 0.4282 0.5364 0.7273
vn 0.4826 0.5471 0.6839
vn 0.4246 0.6096 0.6694
vn 0.3906 0.6839 0.6163
vn 0.5289 0.5910 0.6091
vn 0.4122 0.6278 0.6603
vn 0.3759 0.5433 0.7507
vn 0.3383 0.6704 0.6604
vn 0.3109 0.8618 0.4008
vn 0.4360 0.7634 0.4766
vn 0.1719 0.9039 0.3918
vn 0.1613 0.8791 0.4485
vn 0.3848 0.7185 0.5794
vn 0.0618 0.9278 0.3680
vn -0.1325 0.9689 0.2089
vn 0.5669 0.6258 0.5357
vn -0.3086 -0.7587 -0.5737
vn -0.3391 -0.7461 -0.5730
vn -0.3257 -0.7499 -0.5759
vn -0.3217 -0.7074 -0.6294
vn 0.2455 0.7910 0.5604
vn 0.3729 0.6753 0.6363
vn -0.3468 -0.6343 -0.6909
vn -0.3503 -0.6174 -0.7043
vn -0.4166 -0.5049 -0.7560
vn -0.3826 -0.5335 -0.7544
vn -0.3249 -0.7013 -0.6345
vn -0.4582 -0.6534 -0.6026
vn -0.4468 -0.5785 -0.6824
vn -0.4459 -0.5881 -0.6748
vn -0.4052 -0.4921 -0.7705
vn -0.4545 -0.4701 -0.7566
vn 0.5102 0.6683 0.5414
vn 0.5512 0.6201 0.5582
vn 0.5571 0.6137 0.5595
vn 0.5703 0.5625 0.5986
vn -0.4046 -0.5044 -0.7628
vn -0.4421 -0.5999 -0.6668
vn -0.4721 -0.6531 -0.5921
vn -0.4628 -0.6641 -0.5872
vn 0.5870 0.5607 0.5840
vn 0.5883 0.5429 0.5993
vn 0.6042 0.4949 0.6246
vn 0.5583 0.6383 0.5300
vn 0.5715 0.5674 0.5929
vn 0.5558 0.5675 0.6075
vn 0.5139 0.5162 0.6851
vn 0.5497 0.5169 0.6563
vn 0.4873 0.5083 0.7101
vn 0.5139 0.5792 0.6328
vn 0.5505 0.6440 0.5312
vn 0.4931 0.6677 0.5577
vn -0.4975 -0.3931 -0.7733
vn -0.4171 -0.4077 -0.8123
vn -0.4635 -0.3709 -0.8047
vn -0.3702 -0.3669 -0.8534
vn -0.3579 -0.4499 -0.8182
vn -0.3072 -0.4320 -0.8480
vn -0.3609 -0.4086 -0.8383
vn -0.4520 -0.4174 -0.7883
vn -0.3897 -0.4464 -0.8055
vn -0.3744 -0.4360 -0.8184
vn 0.5898 0.4730 0.6545
vn 0.5898 0.4601 0.6637
vn 0.5448 0.4911 0.6797
vn 0.5607 0.5193 0.6449
vn 0.5148 0.4430 0.7340
vn 0.5232 0.4564 0.7197
vn 0.5392 0.4693 0.6993
vn 0.5854 0.5108 0.6296
vn 0.4925 0.4814 0.7251
vn -0.2945 -0.7531 -0.5883
vn -0.2782 -0.4733 -0.8358
vn -0.0767 -0.5840 -0.8081
vn -0.0186 -0.2311 -0.9727
vn 0.4132 0.4675 0.7815
vn 0.4596 0.4596 0.7599
vn 0.4611 0.4814 0.7455
vn -0.3615 -0.4644 -0.8085
vn -0.3021 -0.7344 -0.6078
vn -0.4186 -0.6384 -0.6459
vn -0.2035 -0.8410 -0.5013
vn -0.0936 -0.8403 -0.5340
vn -0.6142 -0.7346 -0.2884
vn -0.3564 -0.8314 -0.4264
vn -0.4339 -0.8779 -0.2025
vn -0.6007 -0.7884 -0.1327
vn -0.5614 -0.7360 -0.3784
vn 0.4801 -0.0427 0.8762
vn 0.3819 -0.0262 0.9238
vn 0.3968 0.4831 0.7805
vn 0.4801 0.3977 0.7819
vn -0.6132 -0.7521 -0.2416
vn -0.6071 -0.7706 -0.1938
vn -0.5677 -0.7176 -0.4034
vn -0.5823 -0.6430 -0.4975
vn -0.3318 0.2399 -0.9123
vn -0.4686 0.2560 -0.8455
vn -0.5045 -0.2508 -0.8262
vn -0.5412 0.2005 -0.8167
vn 0.2826 0.8222 0.4941
vn 0.3710 0.8298 0.4169
vn -0.2358 -0.3106 -0.9208
vn -0.1517 0.1586 -0.9756
vn 0.0491 -0.4153 -0.9083
vn -0.4750 -0.5437 -0.6919
vn -0.3177 -0.9122 -0.2587
vn -0.4432 -0.8551 -0.2691
vn -0.2729 -0.9582 -0.0858
vn -0.6002 -0.3006 -0.7412
vn -0.2530 -0.8968 -0.3629
vn 0.1486 -0.8893 -0.4325
vn 0.0033 -0.9998 -0.0217
vn -0.4918 0.0357 -0.8700
vn -0.1896 -0.5827 -0.7902
vn -0.2163 -0.5131 -0.8306
vn -0.3011 -0.3763 -0.8762
vn -0.3507 -0.3514 -0.8680
vn -0.3067 -0.3915 -0.8676
vn 0.3348 -0.9402 -0.0621
vn 0.4128 -0.8402 -0.3517
vn 0.4211 -0.8816 -0.2134
vn -0.2845 -0.5964 -0.7506
vn -0.3430 -0.3905 -0.8543
vn -0.3950 -0.4164 -0.8189
vn -0.2942 -0.5682 -0.7685
vn -0.1029 -0.6793 -0.7266
vn -0.3510 -0.4488 -0.8218
vn 0.1108 -0.7989 -0.5912
vn 0.1348 -0.8994 -0.4159
vn -0.2861 -0.3519 -0.8912
vn -0.0868 -0.9320 -0.3518
vn 0.5077 0.1437 0.8494
vn 0.5210 0.3468 0.7800
vn 0.4980 0.2782 0.8213
vn 0.4816 0.1288 0.8669
vn 0.4896 0.0922 0.8671
vn 0.5168 0.4280 0.7414
vn 0.5414 0.4560 0.7064
vn -0.5966 -0.5995 -0.5336
vn -0.4315 -0.7562 -0.4920
vn -0.5662 -0.7851 -0.2509
vn -0.5754 -0.7371 -0.3544
vn -0.5985 -0.7064 -0.3780
vn -0.7461 -0.6183 -0.2472
vn 0.0280 -0.1080 -0.9938
vn -0.2499 -0.3746 -0.8929
vn -0.3876 -0.1797 -0.9041
vn -0.7528 -0.3670 -0.5464
vn -0.0659 -0.0788 -0.9947
vn -0.5969 -0.5216 -0.6097
vn -0.3438 -0.2864 -0.8943
vn -0.3024 -0.4678 -0.8305
vn -0.0820 -0.2114 -0.9740
vn -0.1184 -0.0731 -0.9903
vn -0.1610 -0.5394 -0.8265
vn 0.0403 -0.2363 -0.9708
vn -0.5069 -0.6975 -0.5065
vn -0.6665 -0.5861 -0.4607
vn -0.8590 -0.4356 -0.2690
vn -0.7832 -0.5694 -0.2498
vn -0.8379 -0.4850 -0.2506
vn -0.7125 -0.4746 -0.5167
vn 0.2370 0.2345 0.9428
vn 0.3022 0.0205 0.9530
vn 0.6306 0.4747 0.6140
vn 0.1696 0.0231 0.9852
vn 0.0557 0.1212 0.9911
vn 0.7966 0.5675 0.2084
vn 0.8415 0.5094 0.1799
vn 0.6769 0.3168 0.6644
vn 0.4543 0.3768 0.8072
vn 0.4699 0.3840 0.7948
vn 0.4890 0.4754 0.7314
vn 0.5250 0.5098 0.6815
vn 0.5055 0.4059 0.7614
vn 0.4638 0.3274 0.8232
vn 0.4617 0.4130 0.7850
vn 0.4296 0.2334 0.8723
vn 0.1749 -0.0222 0.9843
vn 0.3672 0.1423 0.9192
vn 0.3860 -0.0011 0.9225
vn 0.5093 0.2127 0.8339
vn 0.3308 -0.1632 0.9295
vn 0.4766 0.2655 0.8380
vn 0.4838 0.2969 0.8233
vn 0.5513 0.3080 0.7754
vn 0.5668 0.3801 0.7309
vn 0.6014 0.3211 0.7316
vn 0.5233 0.2958 0.7992
vn 0.3926 0.2825 0.8753
vn 0.4375 0.2890 0.8515
vn 0.2875 0.1530 0.9455
vn 0.4326 0.8111 0.3936
vn 0.4188 0.7458 0.5180
vn 0.3717 0.7303 0.5731
vn 0.3932 0.7704 0.5019
vn 0.5539 0.2691 0.7879
vn 0.5654 0.3428 0.7502
vn 0.5850 0.3360 0.7382
vn 0.4840 0.6800 0.5508
vn 0.4586 0.7657 0.4510
vn 0.5417 0.6831 0.4898
vn 0.5430 0.7056 0.4552
vn 0.4608 0.7727 0.4366
vn 0.4805 0.8481 0.2230
vn 0.5027 0.8644 0.0078
vn 0.4559 0.8254 0.3329
vn 0.4452 0.8865 0.1258
vn 0.3773 0.9079 0.1825
vn 0.3066 0.9511 -0.0370
vn 0.4375 0.8970 -0.0629
vn 0.4621 0.8113 0.3580
vn 0.4823 0.7435 0.4632
vn -0.4384 -0.7109 -0.5500
vn -0.4345 -0.6842 -0.5857
vn -0.4610 -0.6605 -0.5927
vn -0.4566 -0.7035 -0.5447
vn 0.2381 0.9669 0.0918
vn 0.3712 0.8465 0.3817
vn -0.4370 -0.6663 -0.6042
vn -0.4561 -0.6929 -0.5585
vn -0.4866 -0.6795 -0.5490
vn -0.4321 -0.6465 -0.6288
vn -0.4591 -0.6126 -0.6433
vn -0.4147 -0.2179 -0.8835
vn -0.4572 -0.4234 -0.7821
vn -0.5397 -0.4726 -0.6967
vn -0.5266 -0.1662 -0.8337
vn -0.5092 -0.6512 -0.5628
vn -0.5154 -0.4246 -0.7443
vn -0.5177 -0.6079 -0.6020
vn -0.4788 -0.6966 -0.5344
vn -0.4717 -0.4276 -0.7711
vn -0.5311 -0.3313 -0.7798
vn -0.5866 -0.3514 -0.7297
vn -0.6121 -0.3129 -0.7263
vn -0.6435 -0.4235 -0.6377
vn -0.6433 -0.4068 -0.6486
vn -0.5755 -0.4855 -0.6581
vn -0.5180 -0.4286 -0.7402
vn -0.4401 -0.1425 -0.8866
vn -0.3557 -0.5936 -0.7219
vn -0.1837 -0.2954 -0.9375
vn -0.5235 -0.4229 -0.7397
vn -0.5266 -0.4220 -0.7380
vn -0.5657 -0.5023 -0.6540
vn -0.4908 -0.2497 -0.8347
vn -0.4298 -0.2753 -0.8599
vn -0.5248 -0.3686 -0.7673
vn -0.5595 -0.2648 -0.7854
vn -0.5549 -0.4726 -0.6846
vn -0.4942 -0.5437 -0.6784
vn -0.5718 -0.3172 -0.7566
vn -0.6429 -0.4337 -0.6313
vn 0.2781 0.0741 0.9577
vn 0.3411 0.0202 0.9398
vn 0.4791 0.3761 0.7931
vn -0.5746 -0.6031 -0.5533
vn -0.5291 -0.4846 -0.6966
vn 0.5243 0.7864 0.3266
vn 0.4191 0.8414 0.3412
vn 0.3721 0.3944 0.8402
vn 0.4681 0.3928 0.7916
vn 0.4847 0.8569 0.1753
vn 0.3450 0.4424 0.8278
vn 0.3016 0.9274 0.2214
vn 0.3273 0.3825 0.8640
vn 0.2930 0.9129 0.2843
vn 0.1980 0.1271 0.9719
vn 0.1911 0.0825 0.9781
vn -0.5322 -0.4429 -0.7215
vn -0.4117 -0.0004 -0.9113
vn -0.3998 -0.0741 -0.9136
vn -0.5425 -0.5982 -0.5898
vn 0.3780 0.0293 0.9253
vn -0.2967 -0.5296 -0.7947
vn -0.5763 -0.4190 -0.7016
vn -0.4766 -0.0544 -0.8774
vn -0.1901 -0.1555 -0.9694
vn -0.4278 -0.0696 -0.9012
vn -0.2850 0.1475 -0.9471
vn -0.4283 -0.0554 -0.9019
vn -0.4480 0.0556 -0.8923
vn -0.4202 0.0344 -0.9068
vn -0.5667 -0.5076 -0.6490
vn -0.2463 -0.3321 -0.9105
vn -0.5177 -0.5838 -0.6254
vn -0.2181 -0.4090 -0.8861
vn -0.5291 -0.6086 -0.5913
vn -0.2672 -0.4024 -0.8756
vn -0.1033 -0.0022 -0.9946
vn -0.5294 -0.4199 -0.7372
vn -0.2619 -0.2652 -0.9279
vn -0.5548 -0.4631 -0.6911
vn -0.6132 -0.6013 -0.5123
vn -0.6132 -0.5469 -0.5700
vn -0.6637 -0.5366 -0.5212
vn -0.6410 -0.4645 -0.6111
vn -0.6289 -0.4574 -0.6287
vn -0.3717 -0.3757 -0.8489
vn 0.6868 0.5298 0.4977
vn 0.6432 0.5645 0.5174
vn 0.6693 0.5957 0.4440
vn 0.7019 0.5824 0.4100
vn 0.5812 0.5190 0.6268
vn 0.6266 0.4139 0.6604
vn -0.5922 -0.5098 -0.6240
vn 0.6152 0.4777 0.6271
vn 0.6076 0.4630 0.6453
vn 0.6528 0.6100 0.4492
vn 0.6645 0.5946 0.4527
vn 0.6897 0.5621 0.4565
vn 0.6922 0.6587 0.2949
vn 0.6692 0.7425 0.0280
vn 0.6820 0.6840 0.2590
vn 0.6458 0.4163 0.6401
vn 0.5478 0.4177 0.7249
vn 0.4529 0.3492 0.8203
vn 0.4692 0.2336 0.8516
vn 0.3708 0.1195 0.9210
vn 0.3372 0.0325 0.9409
vn 0.4701 0.1473 0.8702
vn 0.5825 0.3173 0.7484
vn 0.7072 0.6416 0.2970
vn 0.6886 0.7251 -0.0080
vn 0.7473 0.6636 0.0341
vn 0.5880 0.2622 0.7652
vn 0.4280 0.2144 0.8780
vn 0.3176 0.1695 0.9329
vn 0.5754 0.2849 0.7667
vn 0.2649 0.1429 0.9536
vn 0.1474 0.2582 0.9548
vn 0.3003 0.3805 0.8747
vn 0.4309 0.4657 0.7730
vn 0.3715 0.2363 0.8979
vn 0.5070 0.5150 0.6912
vn -0.5857 -0.4730 -0.6582
vn -0.6263 -0.5191 -0.5817
vn -0.5263 -0.4461 -0.7239
vn -0.5732 -0.3969 -0.7169
vn -0.4775 -0.3339 -0.8127
vn -0.4738 -0.3561 -0.8055
vn -0.4361 -0.3253 -0.8390
vn -0.5784 -0.4220 -0.6981
vn -0.6724 -0.4876 -0.5569
vn -0.4697 -0.3864 -0.7938
vn -0.6840 -0.4770 -0.5519
vn -0.4515 -0.4278 -0.7831
vn -0.4852 -0.4011 -0.7770
vn -0.4593 -0.4052 -0.7905
vn -0.5374 -0.4066 -0.7388
vn -0.5476 -0.4124 -0.7280
vn -0.4726 -0.3510 -0.8083
vn -0.4635 -0.3544 -0.8121
vn -0.5703 -0.3763 -0.7301
vn -0.5380 -0.5017 -0.6774
vn -0.3907 -0.7693 -0.5055
vn -0.3292 -0.7183 -0.6129
vn -0.5172 -0.6129 -0.5974
vn -0.6422 -0.5709 -0.5116
vn -0.4367 -0.6102 -0.6610
vn -0.4862 -0.4700 -0.7367
vn -0.2170 -0.4121 -0.8849
vn -0.2212 -0.6096 -0.7612
vn -0.4607 -0.4898 -0.7401
vn -0.5428 -0.5931 -0.5946
vn -0.4412 -0.7056 -0.5546
vn -0.6675 -0.4950 -0.5563
vn -0.6772 -0.5357 -0.5045
vn 0.7982 0.4120 0.4394
vn 0.8646 0.3569 0.3537
vn 0.9530 0.2822 0.1105
vn 0.9182 0.3350 0.2113
vn 0.9111 0.3451 0.2254
vn -0.4636 -0.4390 -0.7697
vn -0.2620 -0.3589 -0.8959
vn -0.4526 -0.3413 -0.8238
vn -0.5343 -0.4646 -0.7062
vn 0.7907 0.4223 0.4432
vn 0.7725 0.4503 0.4476
vn 0.8819 0.4003 0.2489
vn 0.9420 0.3181 0.1071
vn 0.9259 0.3680 0.0854
vn 0.8994 0.3863 0.2047
vn 0.6785 0.4413 0.5873
vn 0.7082 0.4071 0.5768
vn 0.5335 0.5818 0.6139
vn 0.2721 0.5590 0.7832
vn -0.0995 0.5574 0.8243
vn 0.0206 0.6032 0.7973
vn 0.0776 0.5122 0.8553
vn 0.6581 0.4796 0.5804
vn 0.8400 0.4456 0.3096
vn 0.9337 0.3406 0.1105
vn 0.8070 0.3981 0.4361
vn 0.9285 0.3711 0.0093
vn 0.9543 0.2886 -0.0777
vn 0.8149 0.4233 0.3958
vn -0.9196 -0.3457 0.1867
vn -0.9015 -0.4100 -0.1383
vn -0.8230 -0.5675 0.0239
vn -0.8381 -0.5357 -0.1026
vn -0.8506 -0.5241 -0.0428
vn -0.8474 -0.5059 0.1614
vn -0.7763 -0.5367 0.3306
vn -0.8992 -0.3766 -0.2229
vn -0.9473 -0.2412 -0.2110
vn -0.9934 -0.0932 0.0667
vn -0.9213 -0.2889 -0.2601
vn -0.6439 -0.5264 -0.5552
vn -0.9130 -0.3886 -0.1241
vn -0.6864 -0.6560 -0.3137
vn -0.7564 -0.6045 -0.2499
vn -0.8361 -0.4133 -0.3606
vn -0.9310 -0.2885 0.2235
vn -0.7667 -0.4446 0.4632
vn 0.7444 0.3551 0.5655
vn 0.7864 0.3790 0.4878
vn 0.7760 0.4286 0.4628
vn 0.7419 0.3371 0.5797
vn 0.7472 0.3941 0.5352
vn -0.8251 -0.3257 -0.4616
vn 0.6962 0.4448 0.5635
vn 0.6816 0.4020 0.6114
vn 0.6361 0.4384 0.6349
vn 0.5872 0.5328 0.6094
vn 0.6559 0.5322 0.5354
vn 0.6892 0.3107 0.6546
vn 0.6673 0.3541 0.6552
vn 0.7060 0.4463 0.5499
vn 0.7365 0.4936 0.4625
vn -0.6598 -0.4420 -0.6077
vn -0.6836 -0.4895 -0.5415
vn -0.6654 -0.4510 -0.5949
vn -0.6596 -0.5148 -0.5476
vn -0.6622 -0.5075 -0.5513
vn 0.6629 0.3433 0.6653
vn -0.6637 -0.4600 -0.5898
vn -0.6931 -0.4662 -0.5499
vn -0.6141 -0.4194 -0.6686
vn -0.5913 -0.4133 -0.6925
vn -0.6177 -0.4178 -0.6662
vn -0.5874 -0.4336 -0.6834
vn -0.6304 -0.4681 -0.6193
vn -0.6318 -0.4129 -0.6560
vn -0.6525 -0.4273 -0.6258
vn -0.6248 -0.4313 -0.6508
vn -0.6589 -0.4579 -0.5968
vn 0.0447 0.6133 0.7886
vn 0.1264 0.1516 0.9803
vn 0.2024 0.1387 0.9694
vn 0.2847 -0.3363 0.8977
vn 0.0639 0.6341 0.7706
vn 0.1715 -0.2735 0.9465
vn 0.1890 0.1099 0.9758
vn 0.1714 0.5853 0.7925
vn 0.1427 -0.3143 0.9385
vn -0.0385 0.8762 0.4803
vn -0.0677 0.8880 0.4548
vn 0.1140 0.8251 0.5534
vn 0.1353 -0.5419 0.8295
vn 0.3530 -0.1638 0.9212
vn 0.2239 -0.3980 0.8897
vn 0.1243 -0.5742 0.8092
vn 0.3964 0.3718 0.8394
vn 0.4406 0.3229 0.8376
vn 0.4383 0.4329 0.7877
vn 0.4732 0.3839 0.7929
vn 0.3548 -0.4947 0.7933
vn 0.4630 0.0193 0.8861
vn 0.4180 0.0634 0.9062
vn 0.4604 0.3469 0.8171
vn 0.3037 -0.5822 0.7542
vn 0.4769 0.1428 0.8673
vn 0.4919 0.3640 0.7909
vn 0.2896 0.0246 0.9568
vn 0.1745 -0.1342 0.9755
vn 0.2011 -0.0864 0.9758
vn 0.6809 0.7245 0.1069
vn 0.7889 0.6013 0.1270
vn 0.6503 0.4964 0.5750
vn 0.6938 0.3399 0.6349
vn -0.0569 0.0074 0.9984
vn 0.2352 0.3144 0.9197
vn 0.3628 0.0496 0.9306
vn 0.5356 0.6805 0.5000
vn 0.0998 0.0731 0.9923
vn 0.1003 -0.1947 0.9757
vn 0.3650 -0.0677 0.9286
vn 0.6017 0.7902 0.1165
vn -0.5217 -0.3209 0.7905
vn -0.1232 -0.0088 0.9923
vn -0.1902 0.2850 0.9395
vn -0.6971 -0.0662 0.7139
vn -0.8182 0.2294 0.5271
vn -0.3456 0.5038 0.7917
vn 0.1503 0.6113 0.7770
vn 0.2738 0.4964 0.8238
vn 0.6741 0.5679 0.4723
vn 0.6080 0.6121 0.5056
vn 0.7848 0.3321 0.5232
vn 0.3771 0.2639 0.8878
vn 0.9341 0.3327 0.1299
vn 0.8611 0.4784 0.1722
vn 0.8553 0.4589 0.2406
vn -0.4552 -0.7914 -0.4080
vn -0.1736 -0.9521 -0.2518
vn -0.0356 -0.8271 -0.5609
vn -0.4076 -0.6842 -0.6047
vn -0.3983 -0.5650 -0.7226
vn -0.3833 -0.5757 -0.7223
vn -0.2823 -0.5904 -0.7562
vn -0.2021 -0.5942 -0.7785
vn -0.9214 -0.3802 -0.0804
vn -0.9013 -0.4296 -0.0558
vn -0.7220 -0.5378 -0.4354
vn -0.7288 -0.5289 -0.4348
vn -0.9434 -0.2043 0.2612
vn -0.7545 0.0517 0.6542
vn -0.9269 -0.2346 0.2929
vn -0.7679 0.0552 0.6382
vn -0.4497 0.2625 0.8537
vn -0.4703 0.2900 0.8335
vn -0.1704 0.4117 0.8952
vn -0.1607 0.3222 0.9329
vn 0.7407 0.4905 0.4590
vn 0.7115 0.5645 0.4184
vn 0.2831 0.5350 0.7960
vn 0.3157 0.4417 0.8398
vn 0.9134 0.3976 0.0869
vn 0.8851 0.4618 0.0576
vn 0.8730 0.4814 0.0781
vn 0.7077 0.5753 0.4101
vn 0.6681 0.5636 0.4858
vn 0.8370 -0.1624 0.5225
vn 0.8906 0.4367 0.1268
vn 0.8582 0.3913 0.3321
vn 0.7749 0.5555 0.3015
vn 0.9105 0.0021 0.4134
vn 0.2591 -0.9625 0.0802
vn 0.5727 -0.8181 -0.0525
vn -0.4022 -0.6325 -0.6620
vn -0.4071 -0.6053 -0.6840
vn -0.0583 -0.6162 -0.7854
vn 0.2798 -0.6857 -0.6720
vn 0.4133 -0.5508 -0.7252
vn -0.0021 -0.6163 -0.7875
vn -0.7200 -0.5672 -0.3998
vn -0.7383 -0.5404 -0.4036
vn -0.9136 -0.4005 -0.0698
vn -0.8903 -0.4504 -0.0670
vn -0.8974 -0.2834 0.3383
vn -0.9235 -0.2284 0.3082
vn -0.7344 -0.0100 0.6787
vn -0.7024 -0.0952 0.7054
vn -0.3596 0.0640 0.9309
vn -0.3869 0.1882 0.9027
vn 0.0703 0.1843 0.9804
vn -0.0241 0.2675 0.9633
vn 0.7716 0.1905 0.6069
vn 0.7515 0.3053 0.5848
vn 0.3451 0.2816 0.8953
vn -0.0997 0.3421 0.9344
vn 0.4663 0.2234 0.8559
vn -0.2779 -0.7281 -0.6266
vn -0.6037 -0.6856 -0.4068
vn -0.3828 -0.8976 -0.2187
vn -0.6242 -0.7809 -0.0245
vn -0.8118 -0.5790 -0.0755
vn -0.5745 -0.7669 0.2860
vn -0.8247 -0.4607 0.3280
vn -0.5016 -0.6054 0.6179
vn -0.6332 -0.3186 0.7053
vn 0.9899 0.0097 -0.1416
vn 0.9850 0.1415 0.0988
vn 0.9534 0.2437 0.1778
vn 0.9723 0.1216 0.1996
vn -0.1401 -0.6647 0.7338
vn -0.2746 -0.2350 0.9324
vn 0.2643 -0.6444 0.7176
vn 0.1749 -0.1564 0.9721
vn -0.0393 -0.9225 -0.3839
vn 0.2115 -0.9635 0.1641
vn -0.2110 -0.9484 0.2367
vn 0.6923 -0.5532 -0.4633
vn 0.7801 -0.6200 -0.0845
vn 0.5555 -0.8305 0.0412
vn 0.6187 -0.5425 0.5682
vn 0.3511 -0.8200 -0.4520
vn 0.5858 -0.0194 0.8102
vn 0.8751 -0.3676 0.3147
vn 0.8448 0.0448 0.5332
vn 0.9202 -0.3046 -0.2458
vn 0.7856 -0.4078 -0.4653
vn 0.7002 -0.6599 -0.2726
vn 0.9460 -0.3172 0.0674
vn 0.5171 -0.5191 -0.6806
vn 0.1480 -0.6677 -0.7296
vn 0.9683 -0.1563 -0.1949
vn 0.9592 -0.1620 -0.2316
vn 0.8839 -0.3038 -0.3555
vn 0.9141 -0.1271 -0.3851
vn 0.8531 -0.2512 -0.4572
vn 0.9810 -0.0225 -0.1927
vn 0.7561 -0.4049 -0.5141
vn 0.8624 -0.4487 -0.2345
vn 0.9812 -0.1921 0.0207
vn 0.9836 0.0398 0.1757
vn -0.6337 -0.5764 -0.5160
vn -0.4206 -0.7534 -0.5055
vn -0.1704 -0.7946 -0.5827
vn -0.2883 -0.8220 -0.4911
vn -0.6999 -0.4589 -0.5473
vn -0.4881 -0.6132 -0.6211
vn -0.4673 -0.5226 -0.7131
vn -0.6629 -0.3696 -0.6511
vn -0.4609 -0.6684 -0.5838
vn 0.1901 -0.4772 -0.8580
vn -0.0717 -0.5249 -0.8481
vn 0.0212 -0.5219 -0.8527
vn -0.2213 -0.5261 -0.8211
vn 0.1952 -0.4842 -0.8529
vn -0.2693 -0.5175 -0.8122
vn -0.3422 -0.5227 -0.7808
vn -0.4540 -0.4877 -0.7457
vn -0.3196 -0.5177 -0.7936
vn -0.3997 -0.4725 -0.7855
vn -0.5445 -0.4476 -0.7094
vn -0.5011 -0.4272 -0.7526
vn -0.3715 -0.4607 -0.8061
vn -0.3098 -0.4921 -0.8136
vn -0.4823 -0.4316 -0.7623
vn -0.3755 -0.4393 -0.8161
vn -0.4596 -0.3515 -0.8156
vn -0.4050 -0.3316 -0.8520
vn -0.3832 -0.4191 -0.8231
vn -0.3373 -0.3133 -0.8877
vn -0.2977 -0.3925 -0.8702
vn -0.4553 -0.4350 -0.7768
vn -0.4011 -0.3208 -0.8580
vn -0.4423 -0.3335 -0.8326
vn -0.5018 -0.4363 -0.7469
vn -0.5011 -0.3727 -0.7811
vn -0.5295 -0.4291 -0.7318
vn -0.5329 -0.3872 -0.7524
vn -0.0918 -0.2728 -0.9577
vn 0.0724 -0.2937 -0.9531
vn -0.1669 -0.3568 -0.9192
vn -0.2347 -0.5387 -0.8092
vn -0.2466 -0.2956 -0.9229
vn 0.4835 -0.1281 -0.8659
vn 0.5800 -0.1060 -0.8077
vn 0.3756 -0.1961 -0.9058
vn 0.1920 -0.2180 -0.9569
vn -0.2729 -0.3064 -0.9120
vn -0.1565 -0.3019 -0.9404
vn -0.3448 -0.3106 -0.8858
vn 0.8422 0.0769 -0.5336
vn 0.6951 -0.0352 -0.7180
vn 0.6368 -0.0667 -0.7681
vn 0.0871 -0.2628 -0.9609
vn 0.8353 0.0748 -0.5447
vn 0.5923 -0.0621 -0.8033
vn 0.8828 0.4235 0.2034
vn 0.2034 0.4657 0.8612
vn 0.8787 0.3839 0.2839
vn 0.2651 0.3601 0.8944
vn 0.8884 0.4146 0.1971
vn 0.8042 0.1258 -0.5809
vn 0.7664 0.1754 -0.6179
vn 0.9044 0.4256 0.0296
vn 0.5548 0.3977 0.7308
vn 0.3929 0.3615 0.8456
vn 0.9182 0.3718 -0.1368
vn 0.7054 0.4113 0.5773
vn 0.5356 0.3306 0.7771
vn 0.3675 0.3345 0.8678
vn 0.3690 0.2520 0.8946
vn 0.1771 0.3478 0.9207
vn 0.2223 0.2467 0.9433
vn 0.0048 0.3657 0.9307
vn 0.1017 0.2686 0.9579
vn 0.1833 0.2485 0.9511
vn 0.2519 0.2857 0.9246
vn 0.2385 0.2348 0.9423
vn 0.3085 0.3546 0.8827
vn 0.7878 0.4537 0.4166
vn 0.3537 0.4723 0.8074
vn 0.2177 0.3674 0.9042
vn 0.2346 0.2795 0.9310
vn 0.6678 0.3302 0.6671
vn 0.6932 0.3754 0.6153
vn 0.6518 0.3461 0.6748
vn 0.6953 0.4275 0.5778
vn 0.5264 0.2663 0.8075
vn 0.6359 0.2855 0.7170
vn 0.3602 0.2657 0.8942
vn 0.3464 0.3415 0.8737
vn 0.5154 0.3001 0.8027
vn 0.3315 0.4399 0.8346
vn 0.5014 0.3800 0.7773
vn 0.6133 0.3195 0.7223
vn 0.6428 0.3474 0.6827
vn 0.6535 0.4206 0.6293
vn 0.5482 0.4608 0.6980
vn 0.6187 0.3792 0.6881
vn 0.5292 0.4054 0.7454
vn 0.3790 0.4228 0.8232
vn 0.3838 0.5202 0.7630
vn 0.4244 0.4888 0.7622
vn 0.4222 0.4093 0.8089
vn 0.5550 0.4777 0.6810
vn 0.6870 0.4015 0.6056
vn 0.6847 0.4260 0.5913
vn 0.4721 0.5349 0.7007
vn 0.1218 0.5821 0.8039
vn 0.4275 0.5524 0.7156
vn -0.0010 0.5513 0.8343
vn 0.6416 0.4200 0.6419
vn 0.3650 0.5670 0.7384
vn -0.4524 0.4992 0.7390
vn -0.9979 -0.0632 -0.0133
vn -0.9964 -0.0849 0.0027
vn -0.7213 -0.6121 -0.3241
vn -0.5760 -0.4266 -0.6973
vn -0.5772 -0.4211 -0.6997
vn -0.5611 -0.4065 -0.7211
vn -0.5766 -0.3987 -0.7131
vn -0.5473 -0.4113 -0.7289
vn -0.4808 -0.4308 -0.7637
vn -0.5314 -0.4172 -0.7373
vn -0.5570 -0.3973 -0.7293
vn -0.5615 -0.3940 -0.7277
vn -0.5567 -0.4230 -0.7149
vn -0.4193 -0.3644 -0.8315
vn -0.4530 -0.3776 -0.8076
vn -0.4286 -0.4251 -0.7973
vn -0.4688 -0.4277 -0.7728
vn -0.4888 -0.3914 -0.7797
vn -0.5209 -0.4001 -0.7540
vn -0.5065 -0.4262 -0.7495
vn -0.5268 -0.4237 -0.7369
vn 0.5752 0.4825 0.6605
vn 0.4700 0.5349 0.7021
vn 0.6290 0.4410 0.6402
vn -0.4770 -0.3529 -0.8049
vn -0.5105 -0.3724 -0.7751
vn -0.5401 -0.3861 -0.7478
vn -0.5395 -0.4075 -0.7368
vn 0.4316 0.5408 0.7220
vn 0.4318 0.4606 0.7755
vn 0.5041 0.4816 0.7169
vn 0.6269 0.3018 0.7183
vn 0.6422 0.3550 0.6794
vn 0.5150 0.3789 0.7689
vn 0.5731 0.4198 0.7038
vn 0.4939 0.3167 0.8098
vn 0.4471 0.2335 0.8635
vn 0.5960 0.2819 0.7519
vn 0.5189 0.2509 0.8172
vn 0.4862 0.4324 0.7594
vn 0.3966 0.3195 0.8606
vn 0.9976 -0.0188 0.0666
vn 0.2026 0.4660 0.8613
vn 0.0329 0.5824 0.8122
vn -0.4396 0.5110 0.7387
vn -0.9286 -0.2311 -0.2902
vn 0.3376 0.2372 0.9109
# 3302 vertex normals

vt 0.0000 0.0000 0.0000
# 1 texture coords

o alaizq
g alaizq
usemtl dragon_ala_izq_17174_Tiamat_new__17174_Tiamat_v1default
s 1
f 1/1/1 2/1/2 3/1/3 
f 4/1/4 3/1/3 2/1/2 
f 5/1/5 6/1/6 3/1/3 
f 7/1/7 3/1/3 6/1/6 
f 8/1/8 9/1/9 10/1/10 
f 4/1/4 10/1/10 9/1/9 
f 11/1/11 12/1/12 10/1/10 
f 13/1/13 10/1/10 12/1/12 
f 14/1/14 15/1/15 16/1/16 
f 16/1/16 15/1/15 17/1/17 
f 18/1/18 12/1/12 16/1/16 
f 19/1/19 16/1/16 12/1/12 
f 20/1/20 21/1/21 22/1/22 
f 14/1/14 19/1/19 21/1/21 
f 11/1/11 2/1/2 21/1/21 
f 22/1/22 21/1/21 2/1/2 
f 23/1/23 24/1/24 25/1/25 
f 26/1/26 25/1/25 24/1/24 
f 27/1/27 28/1/28 25/1/25 
f 29/1/29 25/1/25 28/1/28 
f 30/1/30 31/1/31 32/1/32 
f 26/1/26 32/1/32 31/1/31 
f 33/1/33 34/1/34 32/1/32 
f 20/1/20 32/1/32 34/1/34 
f 35/1/35 36/1/36 37/1/37 
f 38/1/38 37/1/37 36/1/36 
f 39/1/39 40/1/40 37/1/37 
f 41/1/41 37/1/37 40/1/40 
f 42/1/42 43/1/43 44/1/44 
f 45/1/45 44/1/44 43/1/43 
f 45/1/45 46/1/46 47/1/47 
f 47/1/47 48/1/48 49/1/49 
f 50/1/50 51/1/51 52/1/52 
f 47/1/47 52/1/52 51/1/51 
f 46/1/46 40/1/40 52/1/52 
f 53/1/53 52/1/52 40/1/40 
f 54/1/54 55/1/55 56/1/56 
f 38/1/38 56/1/56 55/1/55 
f 57/1/57 58/1/58 56/1/56 
f 59/1/59 56/1/56 58/1/58 
f 60/1/60 61/1/61 62/1/62 
f 63/1/63 62/1/62 61/1/61 
f 64/1/64 65/1/65 62/1/62 
f 66/1/66 62/1/62 65/1/65 
f 17/1/17 67/1/67 68/1/68 
f 69/1/69 68/1/68 67/1/67 
f 70/1/70 71/1/71 68/1/68 
f 72/1/72 68/1/68 71/1/71 
f 73/1/73 74/1/74 75/1/75 
f 74/1/74 76/1/76 77/1/77 
f 70/1/70 69/1/69 75/1/75 
f 78/1/78 75/1/75 69/1/69 
f 71/1/71 70/1/70 79/1/79 
f 80/1/80 81/1/81 79/1/79 
f 8/1/8 13/1/13 81/1/81 
f 71/1/71 81/1/81 13/1/13 
f 82/1/82 77/1/77 76/1/76 
f 83/1/83 82/1/82 84/1/84 
f 85/1/85 79/1/79 82/1/82 
f 79/1/79 70/1/70 77/1/77 
f 14/1/14 34/1/34 86/1/86 
f 87/1/87 86/1/86 34/1/34 
f 88/1/88 89/1/89 86/1/86 
f 89/1/89 17/1/17 15/1/15 
f 17/1/17 89/1/89 90/1/90 
f 91/1/91 90/1/90 89/1/89 
f 92/1/92 93/1/93 90/1/90 
f 67/1/67 90/1/90 93/1/93 
f 94/1/94 78/1/78 95/1/95 
f 96/1/96 94/1/94 93/1/93 
f 97/1/97 98/1/98 94/1/94 
f 98/1/98 73/1/73 78/1/78 
f 33/1/33 24/1/24 99/1/99 
f 100/1/100 99/1/99 24/1/24 
f 101/1/101 102/1/102 99/1/99 
f 87/1/87 99/1/99 102/1/102 
f 103/1/103 104/1/104 105/1/105 
f 106/1/106 105/1/105 104/1/104 
f 107/1/107 108/1/108 105/1/105 
f 109/1/109 105/1/105 108/1/108 
f 110/1/110 111/1/111 112/1/112 
f 106/1/106 113/1/113 112/1/112 
f 106/1/106 114/1/114 115/1/115 
f 116/1/116 110/1/110 113/1/113 
f 117/1/117 118/1/118 119/1/119 
f 120/1/120 117/1/117 121/1/121 
f 122/1/122 123/1/123 117/1/117 
f 118/1/118 117/1/117 123/1/123 
f 124/1/124 125/1/125 51/1/51 
f 124/1/124 126/1/126 127/1/127 
f 125/1/125 127/1/127 128/1/128 
f 51/1/51 125/1/125 129/1/129 
f 130/1/130 131/1/131 132/1/132 
f 133/1/133 132/1/132 131/1/131 
f 134/1/134 132/1/132 133/1/133 
f 135/1/135 136/1/136 132/1/132 
f 137/1/137 138/1/138 139/1/139 
f 140/1/140 139/1/139 138/1/138 
f 141/1/141 142/1/142 139/1/139 
f 133/1/133 139/1/139 142/1/142 
f 143/1/143 144/1/144 145/1/145 
f 146/1/146 145/1/145 144/1/144 
f 147/1/147 148/1/148 145/1/145 
f 149/1/149 145/1/145 148/1/148 
f 150/1/150 151/1/151 152/1/152 
f 149/1/149 152/1/152 151/1/151 
f 153/1/153 154/1/154 152/1/152 
f 155/1/155 152/1/152 154/1/154 
f 156/1/156 157/1/157 158/1/158 
f 159/1/159 160/1/160 161/1/161 
f 155/1/155 161/1/161 160/1/160 
f 155/1/155 162/1/162 156/1/156 
f 126/1/126 163/1/163 164/1/164 
f 165/1/165 164/1/164 163/1/163 
f 166/1/166 167/1/167 164/1/164 
f 167/1/167 128/1/128 127/1/127 
f 168/1/168 169/1/169 170/1/170 
f 165/1/165 170/1/170 169/1/169 
f 171/1/171 172/1/172 170/1/170 
f 173/1/173 170/1/170 172/1/172 
f 174/1/174 175/1/175 176/1/176 
f 177/1/177 176/1/176 175/1/175 
f 178/1/178 61/1/61 176/1/176 
f 179/1/179 176/1/176 61/1/61 
f 180/1/180 181/1/181 182/1/182 
f 183/1/183 182/1/182 181/1/181 
f 184/1/184 185/1/185 182/1/182 
f 177/1/177 182/1/182 185/1/185 
f 186/1/186 187/1/187 188/1/188 
f 189/1/189 188/1/188 187/1/187 
f 190/1/190 191/1/191 188/1/188 
f 183/1/183 188/1/188 191/1/191 
f 192/1/192 193/1/193 194/1/194 
f 195/1/195 194/1/194 193/1/193 
f 196/1/196 197/1/197 194/1/194 
f 189/1/189 194/1/194 197/1/197 
f 198/1/198 199/1/199 200/1/200 
f 201/1/201 202/1/202 198/1/198 
f 203/1/203 198/1/198 202/1/202 
f 203/1/203 204/1/204 199/1/199 
f 205/1/205 206/1/206 207/1/207 
f 208/1/208 207/1/207 206/1/206 
f 209/1/209 210/1/210 207/1/207 
f 211/1/211 207/1/207 210/1/210 
f 212/1/212 213/1/213 214/1/214 
f 215/1/215 214/1/214 213/1/213 
f 216/1/216 217/1/217 214/1/214 
f 218/1/218 214/1/214 217/1/217 
f 219/1/219 220/1/220 221/1/221 
f 222/1/222 221/1/221 220/1/220 
f 223/1/223 224/1/224 221/1/221 
f 225/1/225 221/1/221 224/1/224 
f 226/1/226 227/1/227 228/1/228 
f 229/1/229 228/1/228 227/1/227 
f 230/1/230 213/1/213 228/1/228 
f 231/1/231 228/1/228 213/1/213 
f 232/1/232 233/1/233 234/1/234 
f 235/1/235 234/1/234 233/1/233 
f 236/1/236 234/1/234 235/1/235 
f 237/1/237 234/1/234 236/1/236 
f 238/1/238 239/1/239 240/1/240 
f 241/1/241 240/1/240 239/1/239 
f 242/1/242 240/1/240 241/1/241 
f 140/1/140 240/1/240 242/1/242 
f 243/1/243 244/1/244 245/1/245 
f 246/1/246 245/1/245 244/1/244 
f 245/1/245 246/1/246 168/1/168 
f 173/1/173 247/1/247 248/1/248 
f 249/1/249 250/1/250 251/1/251 
f 218/1/218 251/1/251 250/1/250 
f 252/1/252 253/1/253 251/1/251 
f 254/1/254 251/1/251 253/1/253 
f 255/1/255 256/1/256 257/1/257 
f 258/1/258 257/1/257 256/1/256 
f 259/1/259 84/1/84 257/1/257 
f 260/1/260 257/1/257 84/1/84 
f 180/1/180 175/1/175 261/1/261 
f 262/1/262 261/1/261 175/1/175 
f 263/1/263 256/1/256 261/1/261 
f 264/1/264 261/1/261 256/1/256 
f 265/1/265 266/1/266 267/1/267 
f 260/1/260 267/1/267 266/1/266 
f 76/1/76 74/1/74 267/1/267 
f 268/1/268 267/1/267 74/1/74 
f 186/1/186 181/1/181 269/1/269 
f 264/1/264 269/1/269 181/1/181 
f 255/1/255 266/1/266 269/1/269 
f 270/1/270 269/1/269 266/1/266 
f 271/1/271 272/1/272 273/1/273 
f 268/1/268 271/1/271 274/1/274 
f 73/1/73 98/1/98 271/1/271 
f 272/1/272 271/1/271 98/1/98 
f 192/1/192 187/1/187 275/1/275 
f 270/1/270 275/1/275 187/1/187 
f 265/1/265 274/1/274 275/1/275 
f 276/1/276 275/1/275 274/1/274 
f 277/1/277 278/1/278 279/1/279 
f 272/1/272 279/1/279 278/1/278 
f 97/1/97 280/1/280 279/1/279 
f 281/1/281 279/1/279 280/1/280 
f 282/1/282 193/1/193 283/1/283 
f 276/1/276 283/1/283 193/1/193 
f 273/1/273 278/1/278 283/1/283 
f 284/1/284 283/1/283 278/1/278 
f 285/1/285 286/1/286 287/1/287 
f 288/1/288 287/1/287 286/1/286 
f 289/1/289 235/1/235 287/1/287 
f 290/1/290 287/1/287 235/1/235 
f 291/1/291 202/1/202 292/1/292 
f 202/1/202 201/1/201 293/1/293 
f 294/1/294 286/1/286 292/1/292 
f 295/1/295 292/1/292 286/1/286 
f 157/1/157 296/1/296 297/1/297 
f 298/1/298 297/1/297 296/1/296 
f 299/1/299 300/1/300 297/1/297 
f 158/1/158 297/1/297 300/1/300 
f 301/1/301 302/1/302 206/1/206 
f 298/1/298 302/1/302 301/1/301 
f 303/1/303 304/1/304 302/1/302 
f 206/1/206 302/1/302 304/1/304 
f 305/1/305 244/1/244 243/1/243 
f 254/1/254 305/1/305 306/1/306 
f 307/1/307 308/1/308 305/1/305 
f 244/1/244 305/1/305 308/1/308 
f 212/1/212 250/1/250 309/1/309 
f 310/1/310 309/1/309 250/1/250 
f 311/1/311 312/1/312 309/1/309 
f 231/1/231 309/1/309 312/1/312 
f 313/1/313 314/1/314 315/1/315 
f 316/1/316 315/1/315 314/1/314 
f 317/1/317 318/1/318 315/1/315 
f 319/1/319 315/1/315 318/1/318 
f 320/1/320 321/1/321 322/1/322 
f 323/1/323 322/1/322 321/1/321 
f 324/1/324 325/1/325 322/1/322 
f 326/1/326 322/1/322 325/1/325 
f 327/1/327 328/1/328 329/1/329 
f 330/1/330 329/1/329 328/1/328 
f 331/1/331 321/1/321 329/1/329 
f 332/1/332 329/1/329 321/1/321 
f 333/1/333 334/1/334 335/1/335 
f 336/1/336 335/1/335 334/1/334 
f 337/1/337 338/1/338 335/1/335 
f 319/1/319 335/1/335 338/1/338 
f 333/1/333 318/1/318 339/1/339 
f 340/1/340 339/1/339 318/1/318 
f 341/1/341 342/1/342 339/1/339 
f 342/1/342 343/1/343 344/1/344 
f 345/1/345 346/1/346 324/1/324 
f 347/1/347 345/1/345 348/1/348 
f 347/1/347 341/1/341 340/1/340 
f 346/1/346 345/1/345 340/1/340 
f 331/1/331 349/1/349 350/1/350 
f 351/1/351 350/1/350 349/1/349 
f 352/1/352 348/1/348 350/1/350 
f 323/1/323 350/1/350 348/1/348 
f 353/1/353 354/1/354 355/1/355 
f 356/1/356 355/1/355 354/1/354 
f 357/1/357 349/1/349 355/1/355 
f 330/1/330 355/1/355 349/1/349 
f 353/1/353 358/1/358 359/1/359 
f 360/1/360 359/1/359 358/1/358 
f 361/1/361 362/1/362 359/1/359 
f 354/1/354 359/1/359 362/1/362 
f 343/1/343 363/1/363 364/1/364 
f 363/1/363 361/1/361 360/1/360 
f 365/1/365 334/1/334 364/1/364 
f 344/1/344 364/1/364 334/1/334 
f 343/1/343 342/1/342 366/1/366 
f 367/1/367 366/1/366 342/1/342 
f 368/1/368 369/1/369 366/1/366 
f 370/1/370 366/1/366 369/1/369 
f 341/1/341 347/1/347 371/1/371 
f 347/1/347 352/1/352 372/1/372 
f 373/1/373 374/1/374 371/1/371 
f 367/1/367 371/1/371 374/1/374 
f 357/1/357 375/1/375 376/1/376 
f 377/1/377 376/1/376 375/1/375 
f 373/1/373 372/1/372 376/1/376 
f 351/1/351 376/1/376 372/1/372 
f 378/1/378 379/1/379 380/1/380 
f 381/1/381 380/1/380 379/1/379 
f 380/1/380 381/1/381 382/1/382 
f 356/1/356 380/1/380 375/1/375 
f 383/1/383 384/1/384 362/1/362 
f 385/1/385 386/1/386 384/1/384 
f 387/1/387 379/1/379 384/1/384 
f 362/1/362 384/1/384 379/1/379 
f 388/1/388 389/1/389 390/1/390 
f 383/1/383 390/1/390 389/1/389 
f 361/1/361 363/1/363 390/1/390 
f 363/1/363 343/1/343 370/1/370 
f 391/1/391 392/1/392 393/1/393 
f 394/1/394 395/1/395 393/1/393 
f 396/1/396 397/1/397 393/1/393 
f 398/1/398 393/1/393 397/1/397 
f 399/1/399 400/1/400 401/1/401 
f 402/1/402 399/1/399 403/1/403 
f 391/1/391 404/1/404 399/1/399 
f 400/1/400 399/1/399 404/1/404 
f 405/1/405 406/1/406 407/1/407 
f 406/1/406 408/1/408 409/1/409 
f 410/1/410 403/1/403 407/1/407 
f 411/1/411 407/1/407 403/1/403 
f 405/1/405 412/1/412 413/1/413 
f 414/1/414 413/1/413 412/1/412 
f 415/1/415 416/1/416 413/1/413 
f 406/1/406 413/1/413 416/1/416 
f 417/1/417 418/1/418 419/1/419 
f 420/1/420 419/1/419 418/1/418 
f 421/1/421 422/1/422 419/1/419 
f 414/1/414 419/1/419 422/1/422 
f 423/1/423 424/1/424 425/1/425 
f 426/1/426 423/1/423 427/1/427 
f 420/1/420 423/1/423 426/1/426 
f 423/1/423 420/1/420 428/1/428 
f 429/1/429 427/1/427 430/1/430 
f 425/1/425 431/1/431 430/1/430 
f 430/1/430 431/1/431 432/1/432 
f 398/1/398 430/1/430 404/1/404 
f 368/1/368 374/1/374 433/1/433 
f 434/1/434 433/1/433 374/1/374 
f 435/1/435 433/1/433 434/1/434 
f 436/1/436 433/1/433 435/1/435 
f 437/1/437 434/1/434 438/1/438 
f 377/1/377 438/1/438 434/1/434 
f 382/1/382 439/1/439 438/1/438 
f 440/1/440 438/1/438 439/1/439 
f 387/1/387 441/1/441 442/1/442 
f 443/1/443 442/1/442 441/1/441 
f 444/1/444 439/1/439 442/1/442 
f 381/1/381 442/1/442 439/1/439 
f 385/1/385 445/1/445 446/1/446 
f 447/1/447 446/1/446 445/1/445 
f 448/1/448 441/1/441 446/1/446 
f 386/1/386 446/1/446 441/1/441 
f 385/1/385 389/1/389 449/1/449 
f 450/1/450 449/1/449 389/1/389 
f 451/1/451 452/1/452 449/1/449 
f 452/1/452 453/1/453 445/1/445 
f 454/1/454 455/1/455 456/1/456 
f 455/1/455 451/1/451 450/1/450 
f 388/1/388 369/1/369 456/1/456 
f 436/1/436 456/1/456 369/1/369 
f 437/1/437 457/1/457 458/1/458 
f 459/1/459 458/1/458 457/1/457 
f 458/1/458 459/1/459 460/1/460 
f 454/1/454 435/1/435 458/1/458 
f 401/1/401 461/1/461 462/1/462 
f 463/1/463 462/1/462 461/1/461 
f 464/1/464 465/1/465 462/1/462 
f 411/1/411 462/1/462 465/1/465 
f 466/1/466 467/1/467 468/1/468 
f 469/1/469 468/1/468 467/1/467 
f 468/1/468 469/1/469 464/1/464 
f 470/1/470 468/1/468 471/1/471 
f 444/1/444 472/1/472 473/1/473 
f 470/1/470 473/1/473 472/1/472 
f 474/1/474 457/1/457 473/1/473 
f 440/1/440 473/1/473 457/1/457 
f 469/1/469 475/1/475 465/1/465 
f 476/1/476 475/1/475 469/1/469 
f 412/1/412 475/1/475 476/1/476 
f 405/1/405 465/1/465 475/1/475 
f 448/1/448 477/1/477 478/1/478 
f 479/1/479 478/1/478 477/1/477 
f 466/1/466 472/1/472 478/1/478 
f 443/1/443 478/1/478 472/1/472 
f 453/1/453 480/1/480 481/1/481 
f 482/1/482 481/1/481 480/1/480 
f 483/1/483 477/1/477 481/1/481 
f 447/1/447 481/1/481 477/1/477 
f 463/1/463 484/1/484 485/1/485 
f 485/1/485 460/1/460 459/1/459 
f 486/1/486 459/1/459 474/1/474 
f 471/1/471 464/1/464 463/1/463 
f 487/1/487 488/1/488 489/1/489 
f 418/1/418 489/1/489 488/1/488 
f 417/1/417 476/1/476 489/1/489 
f 490/1/490 489/1/489 476/1/476 
f 491/1/491 492/1/492 493/1/493 
f 494/1/494 495/1/495 496/1/496 
f 487/1/487 497/1/497 491/1/491 
f 492/1/492 491/1/491 497/1/497 
f 498/1/498 496/1/496 495/1/495 
f 424/1/424 498/1/498 499/1/499 
f 428/1/428 488/1/488 498/1/498 
f 496/1/496 498/1/498 488/1/488 
f 500/1/500 501/1/501 499/1/499 
f 502/1/502 501/1/501 500/1/500 
f 432/1/432 431/1/431 501/1/501 
f 431/1/431 425/1/425 499/1/499 
f 432/1/432 502/1/502 503/1/503 
f 504/1/504 503/1/503 502/1/502 
f 484/1/484 461/1/461 503/1/503 
f 461/1/461 401/1/401 400/1/400 
f 505/1/505 506/1/506 507/1/507 
f 508/1/508 507/1/507 506/1/506 
f 509/1/509 510/1/510 507/1/507 
f 504/1/504 507/1/507 510/1/510 
f 511/1/511 508/1/508 512/1/512 
f 513/1/513 511/1/511 514/1/514 
f 515/1/515 516/1/516 511/1/511 
f 508/1/508 511/1/511 516/1/516 
f 517/1/517 518/1/518 519/1/519 
f 520/1/520 521/1/521 519/1/519 
f 519/1/519 521/1/521 522/1/522 
f 520/1/520 518/1/518 523/1/523 
f 524/1/524 523/1/523 518/1/518 
f 525/1/525 514/1/514 523/1/523 
f 526/1/526 523/1/523 514/1/514 
f 527/1/527 528/1/528 529/1/529 
f 530/1/530 529/1/529 528/1/528 
f 529/1/529 530/1/530 531/1/531 
f 532/1/532 533/1/533 534/1/534 
f 535/1/535 536/1/536 537/1/537 
f 538/1/538 528/1/528 536/1/536 
f 539/1/539 536/1/536 528/1/528 
f 537/1/537 536/1/536 539/1/539 
f 540/1/540 541/1/541 542/1/542 
f 543/1/543 542/1/542 541/1/541 
f 544/1/544 545/1/545 542/1/542 
f 535/1/535 542/1/542 545/1/545 
f 546/1/546 547/1/547 548/1/548 
f 547/1/547 495/1/495 494/1/494 
f 493/1/493 549/1/549 548/1/548 
f 550/1/550 548/1/548 549/1/549 
f 551/1/551 552/1/552 553/1/553 
f 554/1/554 505/1/505 500/1/500 
f 495/1/495 547/1/547 551/1/551 
f 547/1/547 546/1/546 552/1/552 
f 555/1/555 553/1/553 552/1/552 
f 546/1/546 556/1/556 557/1/557 
f 558/1/558 555/1/555 557/1/557 
f 559/1/559 554/1/554 553/1/553 
f 526/1/526 559/1/559 560/1/560 
f 512/1/512 506/1/506 559/1/559 
f 506/1/506 505/1/505 554/1/554 
f 561/1/561 521/1/521 520/1/520 
f 562/1/562 561/1/561 560/1/560 
f 562/1/562 563/1/563 564/1/564 
f 564/1/564 522/1/522 521/1/521 
f 562/1/562 565/1/565 566/1/566 
f 555/1/555 565/1/565 562/1/562 
f 558/1/558 567/1/567 565/1/565 
f 566/1/566 565/1/565 567/1/567 
f 563/1/563 568/1/568 569/1/569 
f 568/1/568 570/1/570 571/1/571 
f 540/1/540 537/1/537 569/1/569 
f 564/1/564 569/1/569 537/1/537 
f 572/1/572 573/1/573 574/1/574 
f 575/1/575 574/1/574 573/1/573 
f 570/1/570 568/1/568 574/1/574 
f 576/1/576 574/1/574 568/1/568 
f 577/1/577 578/1/578 579/1/579 
f 580/1/580 581/1/581 579/1/579 
f 582/1/582 579/1/579 581/1/581 
f 582/1/582 583/1/583 584/1/584 
f 585/1/585 571/1/571 570/1/570 
f 577/1/577 584/1/584 585/1/585 
f 585/1/585 584/1/584 583/1/583 
f 571/1/571 585/1/585 541/1/541 
f 580/1/580 586/1/586 587/1/587 
f 588/1/588 589/1/589 587/1/587 
f 590/1/590 587/1/587 589/1/589 
f 591/1/591 581/1/581 587/1/587 
f 592/1/592 593/1/593 594/1/594 
f 595/1/595 594/1/594 593/1/593 
f 595/1/595 570/1/570 575/1/575 
f 596/1/596 597/1/597 594/1/594 
f 598/1/598 589/1/589 599/1/599 
f 600/1/600 599/1/599 589/1/589 
f 572/1/572 576/1/576 599/1/599 
f 566/1/566 599/1/599 576/1/576 
f 601/1/601 600/1/600 588/1/588 
f 602/1/602 592/1/592 597/1/597 
f 596/1/596 573/1/573 601/1/601 
f 573/1/573 572/1/572 600/1/600 
f 603/1/603 593/1/593 592/1/592 
f 602/1/602 588/1/588 586/1/586 
f 603/1/603 586/1/586 580/1/580 
f 578/1/578 577/1/577 593/1/593 
f 604/1/604 605/1/605 606/1/606 
f 53/1/53 606/1/606 605/1/605 
f 39/1/39 55/1/55 606/1/606 
f 607/1/607 606/1/606 55/1/55 
f 50/1/50 605/1/605 608/1/608 
f 609/1/609 608/1/608 605/1/605 
f 610/1/610 611/1/611 608/1/608 
f 124/1/124 608/1/608 611/1/611 
f 604/1/604 612/1/612 613/1/613 
f 614/1/614 613/1/613 612/1/612 
f 615/1/615 616/1/616 613/1/613 
f 609/1/609 613/1/613 616/1/616 
f 617/1/617 618/1/618 611/1/611 
f 619/1/619 620/1/620 618/1/618 
f 171/1/171 163/1/163 618/1/618 
f 611/1/611 618/1/618 163/1/163 
f 615/1/615 621/1/621 622/1/622 
f 623/1/623 622/1/622 621/1/621 
f 619/1/619 617/1/617 622/1/622 
f 610/1/610 616/1/616 622/1/622 
f 624/1/624 625/1/625 620/1/620 
f 625/1/625 624/1/624 626/1/626 
f 627/1/627 247/1/247 172/1/172 
f 620/1/620 625/1/625 172/1/172 
f 619/1/619 623/1/623 628/1/628 
f 629/1/629 630/1/630 628/1/628 
f 631/1/631 628/1/628 630/1/630 
f 624/1/624 628/1/628 631/1/631 
f 632/1/632 633/1/633 634/1/634 
f 310/1/310 634/1/634 633/1/633 
f 249/1/249 306/1/306 634/1/634 
f 634/1/634 306/1/306 243/1/243 
f 635/1/635 636/1/636 632/1/632 
f 637/1/637 243/1/243 248/1/248 
f 635/1/635 248/1/248 247/1/247 
f 627/1/627 626/1/626 636/1/636 
f 626/1/626 631/1/631 638/1/638 
f 639/1/639 640/1/640 638/1/638 
f 641/1/641 638/1/638 640/1/640 
f 632/1/632 636/1/636 638/1/638 
f 54/1/54 642/1/642 643/1/643 
f 644/1/644 643/1/643 642/1/642 
f 645/1/645 612/1/612 643/1/643 
f 607/1/607 643/1/643 612/1/612 
f 646/1/646 647/1/647 642/1/642 
f 59/1/59 648/1/648 642/1/642 
f 649/1/649 650/1/650 648/1/648 
f 646/1/646 648/1/648 650/1/650 
f 651/1/651 652/1/652 653/1/653 
f 646/1/646 652/1/652 651/1/651 
f 654/1/654 655/1/655 652/1/652 
f 655/1/655 656/1/656 653/1/653 
f 644/1/644 657/1/657 658/1/658 
f 659/1/659 657/1/657 644/1/644 
f 660/1/660 658/1/658 657/1/657 
f 661/1/661 662/1/662 663/1/663 
f 664/1/664 663/1/663 662/1/662 
f 659/1/659 663/1/663 664/1/664 
f 663/1/663 659/1/659 647/1/647 
f 665/1/665 666/1/666 667/1/667 
f 614/1/614 666/1/666 665/1/665 
f 645/1/645 658/1/658 666/1/666 
f 667/1/667 666/1/666 658/1/658 
f 668/1/668 669/1/669 670/1/670 
f 671/1/671 670/1/670 669/1/669 
f 672/1/672 662/1/662 670/1/670 
f 673/1/673 670/1/670 662/1/662 
f 674/1/674 669/1/669 675/1/675 
f 676/1/676 675/1/675 669/1/669 
f 5/1/5 9/1/9 675/1/675 
f 677/1/677 675/1/675 9/1/9 
f 678/1/678 679/1/679 680/1/680 
f 678/1/678 681/1/681 667/1/667 
f 660/1/660 664/1/664 679/1/679 
f 672/1/672 680/1/680 679/1/679 
f 671/1/671 682/1/682 680/1/680 
f 674/1/674 683/1/683 682/1/682 
f 684/1/684 680/1/680 682/1/682 
f 8/1/8 80/1/80 685/1/685 
f 85/1/85 686/1/686 685/1/685 
f 687/1/687 688/1/688 685/1/685 
f 677/1/677 685/1/685 688/1/688 
f 681/1/681 689/1/689 690/1/690 
f 691/1/691 690/1/690 689/1/689 
f 629/1/629 621/1/621 690/1/690 
f 665/1/665 690/1/690 621/1/621 
f 692/1/692 693/1/693 688/1/688 
f 694/1/694 693/1/693 692/1/692 
f 684/1/684 683/1/683 693/1/693 
f 688/1/688 693/1/693 683/1/683 
f 695/1/695 696/1/696 697/1/697 
f 689/1/689 697/1/697 696/1/696 
f 678/1/678 697/1/697 689/1/689 
f 694/1/694 697/1/697 678/1/678 
f 698/1/698 699/1/699 700/1/700 
f 701/1/701 700/1/700 699/1/699 
f 639/1/639 630/1/630 700/1/700 
f 691/1/691 700/1/700 630/1/630 
f 698/1/698 696/1/696 702/1/702 
f 703/1/703 702/1/702 696/1/696 
f 704/1/704 705/1/705 702/1/702 
f 699/1/699 702/1/702 705/1/705 
f 687/1/687 706/1/706 707/1/707 
f 706/1/706 708/1/708 709/1/709 
f 703/1/703 707/1/707 709/1/709 
f 692/1/692 707/1/707 703/1/703 
f 259/1/259 710/1/710 711/1/711 
f 706/1/706 711/1/711 710/1/710 
f 687/1/687 686/1/686 711/1/711 
f 83/1/83 711/1/711 686/1/686 
f 712/1/712 713/1/713 714/1/714 
f 715/1/715 714/1/714 713/1/713 
f 716/1/716 705/1/705 714/1/714 
f 717/1/717 714/1/714 705/1/705 
f 716/1/716 715/1/715 718/1/718 
f 719/1/719 718/1/718 715/1/715 
f 720/1/720 640/1/640 718/1/718 
f 701/1/701 718/1/718 640/1/640 
f 704/1/704 709/1/709 721/1/721 
f 722/1/722 721/1/721 709/1/709 
f 717/1/717 721/1/721 722/1/722 
f 720/1/720 723/1/723 724/1/724 
f 725/1/725 724/1/724 723/1/723 
f 311/1/311 633/1/633 724/1/724 
f 641/1/641 724/1/724 633/1/633 
f 263/1/263 726/1/726 727/1/727 
f 728/1/728 727/1/727 726/1/726 
f 708/1/708 710/1/710 727/1/727 
f 258/1/258 727/1/727 710/1/710 
f 719/1/719 729/1/729 723/1/723 
f 730/1/730 731/1/731 729/1/729 
f 729/1/729 731/1/731 732/1/732 
f 733/1/733 734/1/734 735/1/735 
f 736/1/736 735/1/735 734/1/734 
f 712/1/712 722/1/722 735/1/735 
f 728/1/728 735/1/735 722/1/722 
f 737/1/737 738/1/738 739/1/739 
f 731/1/731 739/1/739 738/1/738 
f 730/1/730 713/1/713 739/1/739 
f 736/1/736 739/1/739 713/1/713 
f 732/1/732 740/1/740 741/1/741 
f 742/1/742 741/1/741 740/1/740 
f 226/1/226 312/1/312 741/1/741 
f 725/1/725 741/1/741 312/1/312 
f 174/1/174 743/1/743 744/1/744 
f 745/1/745 744/1/744 743/1/743 
f 733/1/733 726/1/726 744/1/744 
f 262/1/262 744/1/744 726/1/726 
f 746/1/746 747/1/747 748/1/748 
f 749/1/749 748/1/748 747/1/747 
f 737/1/737 734/1/734 748/1/748 
f 745/1/745 748/1/748 734/1/734 
f 750/1/750 751/1/751 752/1/752 
f 740/1/740 752/1/752 751/1/751 
f 732/1/732 738/1/738 752/1/752 
f 749/1/749 752/1/752 738/1/738 
f 742/1/742 753/1/753 754/1/754 
f 755/1/755 756/1/756 757/1/757 
f 758/1/758 227/1/227 757/1/757 
f 742/1/742 757/1/757 227/1/227 
f 60/1/60 759/1/759 760/1/760 
f 761/1/761 760/1/760 759/1/759 
f 746/1/746 743/1/743 760/1/760 
f 179/1/179 760/1/760 743/1/743 
f 762/1/762 763/1/763 764/1/764 
f 765/1/765 764/1/764 763/1/763 
f 750/1/750 747/1/747 764/1/764 
f 761/1/761 764/1/764 747/1/747 
f 766/1/766 767/1/767 768/1/768 
f 754/1/754 768/1/768 767/1/767 
f 753/1/753 751/1/751 768/1/768 
f 765/1/765 768/1/768 751/1/751 
f 769/1/769 770/1/770 66/1/66 
f 771/1/771 770/1/770 769/1/769 
f 762/1/762 759/1/759 770/1/770 
f 66/1/66 770/1/770 759/1/759 
f 772/1/772 460/1/460 773/1/773 
f 774/1/774 775/1/775 773/1/773 
f 775/1/775 774/1/774 451/1/451 
f 455/1/455 454/1/454 772/1/772 
f 776/1/776 777/1/777 778/1/778 
f 779/1/779 778/1/778 777/1/777 
f 509/1/509 516/1/516 778/1/778 
f 780/1/780 778/1/778 516/1/516 
f 781/1/781 452/1/452 451/1/451 
f 782/1/782 781/1/781 774/1/774 
f 783/1/783 480/1/480 781/1/781 
f 452/1/452 781/1/781 480/1/480 
f 779/1/779 784/1/784 510/1/510 
f 773/1/773 784/1/784 779/1/779 
f 460/1/460 485/1/485 784/1/784 
f 510/1/510 784/1/784 485/1/485 
f 785/1/785 786/1/786 787/1/787 
f 788/1/788 789/1/789 790/1/790 
f 785/1/785 790/1/790 791/1/791 
f 792/1/792 793/1/793 786/1/786 
f 789/1/789 794/1/794 795/1/795 
f 794/1/794 796/1/796 797/1/797 
f 798/1/798 799/1/799 795/1/795 
f 790/1/790 795/1/795 799/1/799 
f 800/1/800 801/1/801 802/1/802 
f 803/1/803 804/1/804 802/1/802 
f 805/1/805 806/1/806 802/1/802 
f 807/1/807 802/1/802 806/1/806 
f 808/1/808 809/1/809 810/1/810 
f 811/1/811 810/1/810 809/1/809 
f 812/1/812 813/1/813 810/1/810 
f 814/1/814 810/1/810 813/1/813 
f 815/1/815 816/1/816 817/1/817 
f 818/1/818 817/1/817 816/1/816 
f 819/1/819 820/1/820 817/1/817 
f 811/1/811 817/1/817 820/1/820 
f 821/1/821 822/1/822 823/1/823 
f 824/1/824 823/1/823 822/1/822 
f 815/1/815 809/1/809 823/1/823 
f 825/1/825 823/1/823 809/1/809 
f 826/1/826 827/1/827 828/1/828 
f 829/1/829 828/1/828 827/1/827 
f 830/1/830 822/1/822 828/1/828 
f 831/1/831 828/1/828 822/1/822 
f 830/1/830 832/1/832 833/1/833 
f 834/1/834 833/1/833 832/1/832 
f 835/1/835 816/1/816 833/1/833 
f 824/1/824 833/1/833 816/1/816 
f 836/1/836 837/1/837 838/1/838 
f 769/1/769 838/1/838 837/1/837 
f 839/1/839 840/1/840 838/1/838 
f 834/1/834 838/1/838 840/1/840 
f 841/1/841 842/1/842 843/1/843 
f 844/1/844 843/1/843 842/1/842 
f 826/1/826 845/1/845 843/1/843 
f 846/1/846 843/1/843 845/1/845 
f 847/1/847 848/1/848 849/1/849 
f 850/1/850 849/1/849 848/1/848 
f 766/1/766 763/1/763 849/1/849 
f 771/1/771 849/1/849 763/1/763 
f 851/1/851 852/1/852 853/1/853 
f 854/1/854 852/1/852 851/1/851 
f 756/1/756 852/1/852 854/1/854 
f 756/1/756 755/1/755 853/1/853 
f 855/1/855 856/1/856 857/1/857 
f 853/1/853 857/1/857 856/1/856 
f 755/1/755 767/1/767 857/1/857 
f 850/1/850 857/1/857 767/1/767 
f 858/1/858 859/1/859 860/1/860 
f 858/1/858 851/1/851 861/1/861 
f 532/1/532 858/1/858 862/1/862 
f 859/1/859 858/1/858 532/1/532 
f 836/1/836 863/1/863 864/1/864 
f 865/1/865 864/1/864 863/1/863 
f 855/1/855 848/1/848 864/1/864 
f 837/1/837 864/1/864 848/1/848 
f 866/1/866 829/1/829 867/1/867 
f 868/1/868 869/1/869 863/1/863 
f 866/1/866 863/1/863 836/1/836 
f 829/1/829 866/1/866 832/1/832 
f 870/1/870 871/1/871 872/1/872 
f 871/1/871 869/1/869 868/1/868 
f 867/1/867 827/1/827 872/1/872 
f 844/1/844 872/1/872 827/1/827 
f 873/1/873 874/1/874 875/1/875 
f 873/1/873 869/1/869 871/1/871 
f 876/1/876 874/1/874 871/1/871 
f 874/1/874 876/1/876 877/1/877 
f 878/1/878 879/1/879 880/1/880 
f 881/1/881 880/1/880 879/1/879 
f 880/1/880 881/1/881 882/1/882 
f 883/1/883 869/1/869 873/1/873 
f 882/1/882 881/1/881 884/1/884 
f 885/1/885 884/1/884 881/1/881 
f 533/1/533 862/1/862 884/1/884 
f 886/1/886 884/1/884 862/1/862 
f 865/1/865 887/1/887 856/1/856 
f 883/1/883 887/1/887 865/1/865 
f 882/1/882 886/1/886 887/1/887 
f 861/1/861 856/1/856 887/1/887 
f 394/1/394 392/1/392 888/1/888 
f 402/1/402 888/1/888 392/1/392 
f 410/1/410 889/1/889 888/1/888 
f 890/1/890 891/1/891 888/1/888 
f 892/1/892 893/1/893 894/1/894 
f 421/1/421 426/1/426 894/1/894 
f 429/1/429 397/1/397 894/1/894 
f 396/1/396 895/1/895 894/1/894 
f 896/1/896 897/1/897 898/1/898 
f 899/1/899 898/1/898 897/1/897 
f 408/1/408 416/1/416 898/1/898 
f 900/1/900 898/1/898 416/1/416 
f 899/1/899 901/1/901 409/1/409 
f 902/1/902 901/1/901 899/1/899 
f 890/1/890 889/1/889 901/1/901 
f 409/1/409 901/1/901 889/1/889 
f 892/1/892 903/1/903 904/1/904 
f 900/1/900 904/1/904 903/1/903 
f 415/1/415 422/1/422 904/1/904 
f 893/1/893 904/1/904 422/1/422 
f 905/1/905 906/1/906 907/1/907 
f 907/1/907 906/1/906 908/1/908 
f 896/1/896 903/1/903 907/1/907 
f 909/1/909 907/1/907 903/1/903 
f 890/1/890 902/1/902 910/1/910 
f 902/1/902 908/1/908 906/1/906 
f 905/1/905 911/1/911 910/1/910 
f 394/1/394 891/1/891 910/1/910 
f 905/1/905 909/1/909 912/1/912 
f 895/1/895 912/1/912 909/1/909 
f 396/1/396 395/1/395 912/1/912 
f 912/1/912 395/1/395 394/1/394 
f 913/1/913 914/1/914 338/1/338 
f 915/1/915 914/1/914 913/1/913 
f 916/1/916 314/1/314 914/1/914 
f 338/1/338 914/1/914 314/1/314 
f 917/1/917 325/1/325 918/1/918 
f 346/1/346 918/1/918 325/1/325 
f 317/1/317 316/1/316 918/1/918 
f 916/1/916 915/1/915 918/1/918 
f 320/1/320 326/1/326 919/1/919 
f 913/1/913 919/1/919 326/1/326 
f 919/1/919 913/1/913 337/1/337 
f 332/1/332 919/1/919 920/1/920 
f 327/1/327 920/1/920 921/1/921 
f 336/1/336 921/1/921 920/1/920 
f 365/1/365 358/1/358 921/1/921 
f 328/1/328 921/1/921 358/1/358 
f 922/1/922 876/1/876 870/1/870 
f 923/1/923 922/1/922 842/1/842 
f 924/1/924 925/1/925 922/1/922 
f 876/1/876 922/1/922 925/1/925 
f 515/1/515 926/1/926 927/1/927 
f 928/1/928 927/1/927 926/1/926 
f 929/1/929 930/1/930 927/1/927 
f 780/1/780 927/1/927 930/1/930 
f 931/1/931 932/1/932 933/1/933 
f 875/1/875 933/1/933 932/1/932 
f 877/1/877 925/1/925 933/1/933 
f 934/1/934 933/1/933 925/1/925 
f 935/1/935 936/1/936 937/1/937 
f 934/1/934 937/1/937 936/1/936 
f 924/1/924 938/1/938 937/1/937 
f 928/1/928 937/1/937 938/1/938 
f 527/1/527 939/1/939 940/1/940 
f 941/1/941 940/1/940 939/1/939 
f 517/1/517 942/1/942 940/1/940 
f 539/1/539 940/1/940 942/1/942 
f 943/1/943 944/1/944 945/1/945 
f 879/1/879 946/1/946 945/1/945 
f 946/1/946 879/1/879 878/1/878 
f 932/1/932 931/1/931 943/1/943 
f 947/1/947 948/1/948 949/1/949 
f 944/1/944 943/1/943 949/1/949 
f 931/1/931 936/1/936 949/1/949 
f 950/1/950 949/1/949 936/1/936 
f 951/1/951 945/1/945 952/1/952 
f 939/1/939 952/1/952 945/1/945 
f 527/1/527 534/1/534 952/1/952 
f 885/1/885 952/1/952 534/1/534 
f 953/1/953 524/1/524 517/1/517 
f 941/1/941 944/1/944 948/1/948 
f 947/1/947 954/1/954 953/1/953 
f 524/1/524 953/1/953 954/1/954 
f 525/1/525 954/1/954 955/1/955 
f 950/1/950 955/1/955 954/1/954 
f 935/1/935 926/1/926 955/1/955 
f 513/1/513 955/1/955 926/1/926 
f 803/1/803 956/1/956 957/1/957 
f 958/1/958 957/1/957 956/1/956 
f 959/1/959 960/1/960 957/1/957 
f 961/1/961 957/1/957 960/1/960 
f 776/1/776 962/1/962 963/1/963 
f 964/1/964 963/1/963 962/1/962 
f 787/1/787 786/1/786 963/1/963 
f 777/1/777 963/1/963 786/1/786 
f 965/1/965 930/1/930 929/1/929 
f 966/1/966 967/1/967 968/1/968 
f 969/1/969 962/1/962 965/1/965 
f 930/1/930 965/1/965 962/1/962 
f 970/1/970 971/1/971 967/1/967 
f 966/1/966 929/1/929 938/1/938 
f 970/1/970 938/1/938 924/1/924 
f 923/1/923 841/1/841 971/1/971 
f 967/1/967 972/1/972 973/1/973 
f 974/1/974 973/1/973 972/1/972 
f 975/1/975 976/1/976 973/1/973 
f 976/1/976 969/1/969 968/1/968 
f 972/1/972 977/1/977 978/1/978 
f 971/1/971 977/1/977 972/1/972 
f 846/1/846 977/1/977 971/1/971 
f 979/1/979 978/1/978 977/1/977 
f 980/1/980 981/1/981 982/1/982 
f 983/1/983 982/1/982 981/1/981 
f 984/1/984 982/1/982 983/1/983 
f 985/1/985 982/1/982 984/1/984 
f 986/1/986 987/1/987 988/1/988 
f 989/1/989 988/1/988 987/1/987 
f 990/1/990 978/1/978 988/1/988 
f 991/1/991 988/1/988 978/1/978 
f 992/1/992 993/1/993 801/1/801 
f 985/1/985 993/1/993 992/1/992 
f 994/1/994 956/1/956 993/1/993 
f 801/1/801 993/1/993 956/1/956 
f 975/1/975 974/1/974 995/1/995 
f 989/1/989 995/1/995 974/1/974 
f 996/1/996 997/1/997 995/1/995 
f 998/1/998 999/1/999 995/1/995 
f 986/1/986 1000/1/1000 1001/1/1001 
f 825/1/825 1001/1/1001 1000/1/1000 
f 808/1/808 1002/1/1002 1001/1/1001 
f 1003/1/1003 1001/1/1001 1002/1/1002 
f 981/1/981 980/1/980 1004/1/1004 
f 996/1/996 987/1/987 1005/1/1005 
f 1003/1/1003 1005/1/1005 987/1/987 
f 1006/1/1006 981/1/981 1005/1/1005 
f 821/1/821 1000/1/1000 1007/1/1007 
f 991/1/991 1007/1/1007 1000/1/1000 
f 979/1/979 845/1/845 1007/1/1007 
f 831/1/831 1007/1/1007 845/1/845 
f 997/1/997 996/1/996 1004/1/1004 
f 992/1/992 1008/1/1008 1004/1/1004 
f 800/1/800 1009/1/1009 1008/1/1008 
f 997/1/997 1008/1/1008 1009/1/1009 
f 1010/1/1010 1011/1/1011 1012/1/1012 
f 229/1/229 1012/1/1012 1011/1/1011 
f 758/1/758 854/1/854 1012/1/1012 
f 1013/1/1013 1012/1/1012 854/1/854 
f 230/1/230 1011/1/1011 1014/1/1014 
f 1015/1/1015 1014/1/1014 1011/1/1011 
f 1016/1/1016 1017/1/1017 1014/1/1014 
f 215/1/215 1014/1/1014 1017/1/1017 
f 1010/1/1010 1018/1/1018 1019/1/1019 
f 1020/1/1020 1019/1/1019 1018/1/1018 
f 1021/1/1021 1022/1/1022 1019/1/1019 
f 1015/1/1015 1019/1/1019 1022/1/1022 
f 1023/1/1023 1024/1/1024 210/1/210 
f 1025/1/1025 1026/1/1026 1024/1/1024 
f 1027/1/1027 1024/1/1024 1026/1/1026 
f 1028/1/1028 210/1/210 1024/1/1024 
f 1029/1/1029 199/1/199 204/1/204 
f 1030/1/1030 1031/1/1031 1032/1/1032 
f 1033/1/1033 1034/1/1034 1029/1/1029 
f 1034/1/1034 200/1/200 199/1/199 
f 1035/1/1035 1036/1/1036 1037/1/1037 
f 225/1/225 1037/1/1037 1036/1/1036 
f 1038/1/1038 1039/1/1039 1037/1/1037 
f 1040/1/1040 1037/1/1037 1039/1/1039 
f 1041/1/1041 1042/1/1042 1043/1/1043 
f 1044/1/1044 1043/1/1043 1042/1/1042 
f 190/1/190 197/1/197 1043/1/1043 
f 1045/1/1045 1043/1/1043 197/1/197 
f 1046/1/1046 1047/1/1047 1048/1/1048 
f 63/1/63 1048/1/1048 1047/1/1047 
f 178/1/178 185/1/185 1048/1/1048 
f 1049/1/1049 1048/1/1048 185/1/185 
f 1050/1/1050 1051/1/1051 1052/1/1052 
f 1049/1/1049 1052/1/1052 1051/1/1051 
f 184/1/184 191/1/191 1052/1/1052 
f 1044/1/1044 1052/1/1052 191/1/191 
f 1053/1/1053 1054/1/1054 1055/1/1055 
f 1056/1/1056 1055/1/1055 1054/1/1054 
f 1046/1/1046 1051/1/1051 1055/1/1055 
f 1057/1/1057 1055/1/1055 1051/1/1051 
f 1058/1/1058 1059/1/1059 65/1/65 
f 1058/1/1058 1060/1/1060 1061/1/1061 
f 840/1/840 1059/1/1059 1061/1/1061 
f 65/1/65 1059/1/1059 840/1/840 
f 1062/1/1062 1063/1/1063 1064/1/1064 
f 1058/1/1058 1064/1/1064 1063/1/1063 
f 64/1/64 1047/1/1047 1064/1/1064 
f 1056/1/1056 1064/1/1064 1047/1/1047 
f 1065/1/1065 1066/1/1066 1067/1/1067 
f 1066/1/1066 1068/1/1068 1069/1/1069 
f 1067/1/1067 1069/1/1069 1070/1/1070 
f 1071/1/1071 1072/1/1072 1073/1/1073 
f 1074/1/1074 1075/1/1075 1076/1/1076 
f 1073/1/1073 1076/1/1076 1075/1/1075 
f 1072/1/1072 1077/1/1077 1076/1/1076 
f 1078/1/1078 1076/1/1076 1077/1/1077 
f 1079/1/1079 1080/1/1080 1081/1/1081 
f 1082/1/1082 1083/1/1083 1080/1/1080 
f 1084/1/1084 1080/1/1080 1083/1/1083 
f 1085/1/1085 1081/1/1081 1080/1/1080 
f 1086/1/1086 1087/1/1087 1088/1/1088 
f 1089/1/1089 1088/1/1088 1087/1/1087 
f 1090/1/1090 1091/1/1091 1088/1/1088 
f 1092/1/1092 1088/1/1088 1091/1/1091 
f 1093/1/1093 1094/1/1094 1095/1/1095 
f 1096/1/1096 1095/1/1095 1094/1/1094 
f 1095/1/1095 1096/1/1096 1097/1/1097 
f 1020/1/1020 1095/1/1095 1098/1/1098 
f 1099/1/1099 1100/1/1100 1101/1/1101 
f 1102/1/1102 1103/1/1103 1101/1/1101 
f 1103/1/1103 1102/1/1102 1104/1/1104 
f 1099/1/1099 1103/1/1103 1105/1/1105 
f 1106/1/1106 1096/1/1096 1107/1/1107 
f 1108/1/1108 1109/1/1109 1106/1/1106 
f 1106/1/1106 1109/1/1109 1110/1/1110 
f 1111/1/1111 1097/1/1097 1096/1/1096 
f 1112/1/1112 1109/1/1109 1108/1/1108 
f 1112/1/1112 1113/1/1113 1114/1/1114 
f 1100/1/1100 1115/1/1115 1112/1/1112 
f 1115/1/1115 1110/1/1110 1109/1/1109 
f 1116/1/1116 1013/1/1013 860/1/860 
f 1117/1/1117 1116/1/1116 1118/1/1118 
f 1093/1/1093 1018/1/1018 1116/1/1116 
f 1013/1/1013 1116/1/1116 1018/1/1018 
f 1117/1/1117 1119/1/1119 1120/1/1120 
f 1107/1/1107 1094/1/1094 1121/1/1121 
f 1093/1/1093 1117/1/1117 1121/1/1121 
f 1122/1/1122 1123/1/1123 1124/1/1124 
f 1125/1/1125 1108/1/1108 1126/1/1126 
f 1126/1/1126 1107/1/1107 1120/1/1120 
f 1122/1/1122 1120/1/1120 1119/1/1119 
f 1108/1/1108 1125/1/1125 1127/1/1127 
f 1125/1/1125 1124/1/1124 1128/1/1128 
f 1129/1/1129 1130/1/1130 1127/1/1127 
f 1130/1/1130 1114/1/1114 1113/1/1113 
f 538/1/538 545/1/545 1131/1/1131 
f 1132/1/1132 1131/1/1131 545/1/545 
f 1133/1/1133 1134/1/1134 1131/1/1131 
f 530/1/530 1131/1/1131 1134/1/1134 
f 531/1/531 1134/1/1134 1135/1/1135 
f 1134/1/1134 1133/1/1133 1136/1/1136 
f 1119/1/1119 1118/1/1118 1135/1/1135 
f 859/1/859 1135/1/1135 1118/1/1118 
f 1137/1/1137 1138/1/1138 1139/1/1139 
f 1140/1/1140 1139/1/1139 1138/1/1138 
f 558/1/558 556/1/556 1139/1/1139 
f 556/1/556 546/1/546 550/1/550 
f 1136/1/1136 1141/1/1141 1123/1/1123 
f 1133/1/1133 1142/1/1142 1141/1/1141 
f 1143/1/1143 1141/1/1141 1142/1/1142 
f 1123/1/1123 1141/1/1141 1143/1/1143 
f 1144/1/1144 1145/1/1145 1146/1/1146 
f 1147/1/1147 1148/1/1148 1149/1/1149 
f 1144/1/1144 1149/1/1149 1148/1/1148 
f 544/1/544 1150/1/1150 1151/1/1151 
f 1144/1/1144 1151/1/1151 1150/1/1150 
f 1152/1/1152 1142/1/1142 1151/1/1151 
f 1132/1/1132 1151/1/1151 1142/1/1142 
f 591/1/591 1153/1/1153 1154/1/1154 
f 1153/1/1153 1145/1/1145 1150/1/1150 
f 543/1/543 1154/1/1154 1150/1/1150 
f 582/1/582 1154/1/1154 543/1/543 
f 1140/1/1140 1155/1/1155 567/1/567 
f 1140/1/1140 1145/1/1145 1153/1/1153 
f 1153/1/1153 591/1/591 590/1/590 
f 598/1/598 567/1/567 1155/1/1155 
f 1156/1/1156 1128/1/1128 1124/1/1124 
f 1152/1/1152 1148/1/1148 1156/1/1156 
f 1156/1/1156 1148/1/1148 1147/1/1147 
f 1157/1/1157 1129/1/1129 1128/1/1128 
f 1158/1/1158 1159/1/1159 1160/1/1160 
f 1161/1/1161 1160/1/1160 1159/1/1159 
f 1162/1/1162 1163/1/1163 1160/1/1160 
f 1164/1/1164 1160/1/1160 1163/1/1163 
f 1162/1/1162 1165/1/1165 1166/1/1166 
f 1167/1/1167 1166/1/1166 1165/1/1165 
f 1168/1/1168 1169/1/1169 1166/1/1166 
f 1169/1/1169 1170/1/1170 1163/1/1163 
f 1161/1/1161 1171/1/1171 1165/1/1165 
f 1172/1/1172 1171/1/1171 1161/1/1161 
f 1173/1/1173 1174/1/1174 1171/1/1171 
f 1165/1/1165 1171/1/1171 1174/1/1174 
f 1175/1/1175 1176/1/1176 1177/1/1177 
f 1178/1/1178 1179/1/1179 1176/1/1176 
f 1172/1/1172 1176/1/1176 1179/1/1179 
f 1180/1/1180 1177/1/1177 1176/1/1176 
f 1181/1/1181 1174/1/1174 1182/1/1182 
f 1183/1/1183 1182/1/1182 1174/1/1174 
f 1184/1/1184 1185/1/1185 1182/1/1182 
f 1186/1/1186 1182/1/1182 1185/1/1185 
f 1178/1/1178 1187/1/1187 1188/1/1188 
f 1189/1/1189 1188/1/1188 1187/1/1187 
f 1189/1/1189 1184/1/1184 1183/1/1183 
f 1173/1/1173 1179/1/1179 1188/1/1188 
f 1190/1/1190 1191/1/1191 1189/1/1189 
f 1192/1/1192 1193/1/1193 1191/1/1191 
f 1194/1/1194 1191/1/1191 1193/1/1193 
f 1184/1/1184 1189/1/1189 1191/1/1191 
f 1195/1/1195 1196/1/1196 1197/1/1197 
f 1198/1/1198 1199/1/1199 1197/1/1197 
f 1077/1/1077 1197/1/1197 1199/1/1199 
f 1200/1/1200 1197/1/1197 1077/1/1077 
f 1201/1/1201 1202/1/1202 1203/1/1203 
f 1204/1/1204 1203/1/1203 1202/1/1202 
f 1062/1/1062 1054/1/1054 1203/1/1203 
f 1205/1/1205 1203/1/1203 1054/1/1054 
f 1206/1/1206 1204/1/1204 1207/1/1207 
f 1063/1/1063 1206/1/1206 1208/1/1208 
f 1204/1/1204 1206/1/1206 1063/1/1063 
f 1070/1/1070 1209/1/1209 1210/1/1210 
f 1209/1/1209 1211/1/1211 1212/1/1212 
f 1195/1/1195 1200/1/1200 1210/1/1210 
f 1072/1/1072 1071/1/1071 1210/1/1210 
f 1213/1/1213 1214/1/1214 1215/1/1215 
f 1216/1/1216 1213/1/1213 1217/1/1217 
f 1213/1/1213 1216/1/1216 1211/1/1211 
f 1209/1/1209 1070/1/1070 1214/1/1214 
f 1218/1/1218 1212/1/1212 1211/1/1211 
f 1219/1/1219 1218/1/1218 1220/1/1220 
f 1221/1/1221 1222/1/1222 1218/1/1218 
f 1212/1/1212 1218/1/1218 1222/1/1222 
f 1223/1/1223 1224/1/1224 1225/1/1225 
f 1224/1/1224 1226/1/1226 1227/1/1227 
f 1227/1/1227 1060/1/1060 1208/1/1208 
f 1208/1/1208 1207/1/1207 1228/1/1228 
f 1060/1/1060 1227/1/1227 1229/1/1229 
f 1227/1/1227 1226/1/1226 1230/1/1230 
f 819/1/819 818/1/818 1229/1/1229 
f 818/1/818 835/1/835 1061/1/1061 
f 1223/1/1223 1220/1/1220 1231/1/1231 
f 1211/1/1211 1216/1/1216 1231/1/1231 
f 1224/1/1224 1231/1/1231 1216/1/1216 
f 812/1/812 820/1/820 1232/1/1232 
f 1230/1/1230 1232/1/1232 820/1/820 
f 1226/1/1226 1217/1/1217 1232/1/1232 
f 1233/1/1233 1232/1/1232 1217/1/1217 
f 1234/1/1234 1235/1/1235 1221/1/1221 
f 1219/1/1219 1223/1/1223 1228/1/1228 
f 1207/1/1207 1202/1/1202 1234/1/1234 
f 1202/1/1202 1201/1/1201 1235/1/1235 
f 1236/1/1236 1237/1/1237 1238/1/1238 
f 983/1/983 1238/1/1238 1237/1/1237 
f 1006/1/1006 1002/1/1002 1238/1/1238 
f 814/1/814 1238/1/1238 1002/1/1002 
f 994/1/994 984/1/984 1239/1/1239 
f 1240/1/1240 1241/1/1241 1239/1/1239 
f 1242/1/1242 1239/1/1239 1241/1/1241 
f 958/1/958 1239/1/1239 1242/1/1242 
f 1243/1/1243 1233/1/1233 1215/1/1215 
f 1244/1/1244 1243/1/1243 1245/1/1245 
f 1236/1/1236 813/1/813 1243/1/1243 
f 1233/1/1233 1243/1/1243 813/1/813 
f 1070/1/1070 1069/1/1069 1246/1/1246 
f 1247/1/1247 1246/1/1246 1069/1/1069 
f 1248/1/1248 1245/1/1245 1246/1/1246 
f 1245/1/1245 1215/1/1215 1214/1/1214 
f 1249/1/1249 1250/1/1250 1251/1/1251 
f 1240/1/1240 1237/1/1237 1250/1/1250 
f 1244/1/1244 1250/1/1250 1237/1/1237 
f 1248/1/1248 1251/1/1251 1250/1/1250 
f 1252/1/1252 1241/1/1241 1253/1/1253 
f 1249/1/1249 1253/1/1253 1241/1/1241 
f 1254/1/1254 1255/1/1255 1253/1/1253 
f 1247/1/1247 1256/1/1256 1257/1/1257 
f 1068/1/1068 1258/1/1258 1256/1/1256 
f 1259/1/1259 1257/1/1257 1256/1/1256 
f 1252/1/1252 1260/1/1260 1261/1/1261 
f 1262/1/1262 1263/1/1263 1261/1/1261 
f 1264/1/1264 1261/1/1261 1263/1/1263 
f 959/1/959 1242/1/1242 1261/1/1261 
f 1265/1/1265 1266/1/1266 1255/1/1255 
f 1266/1/1266 1265/1/1265 1267/1/1267 
f 1260/1/1260 1266/1/1266 1268/1/1268 
f 1255/1/1255 1266/1/1266 1260/1/1260 
f 1259/1/1259 1269/1/1269 1270/1/1270 
f 1265/1/1265 1270/1/1270 1269/1/1269 
f 1254/1/1254 1251/1/1251 1270/1/1270 
f 1257/1/1257 1270/1/1270 1251/1/1251 
f 1263/1/1263 1262/1/1262 1271/1/1271 
f 1272/1/1272 1273/1/1273 1274/1/1274 
f 1275/1/1275 1274/1/1274 1273/1/1273 
f 1276/1/1276 1263/1/1263 1274/1/1274 
f 1277/1/1277 1278/1/1278 1066/1/1066 
f 1277/1/1277 1279/1/1279 1280/1/1280 
f 1259/1/1259 1258/1/1258 1278/1/1278 
f 1066/1/1066 1278/1/1278 1258/1/1258 
f 1279/1/1279 1281/1/1281 1282/1/1282 
f 1283/1/1283 1282/1/1282 1281/1/1281 
f 1282/1/1282 1283/1/1283 1267/1/1267 
f 1280/1/1280 1282/1/1282 1269/1/1269 
f 1284/1/1284 1285/1/1285 1286/1/1286 
f 1271/1/1271 1286/1/1286 1285/1/1285 
f 1262/1/1262 1268/1/1268 1286/1/1286 
f 1268/1/1268 1267/1/1267 1283/1/1283 
f 1287/1/1287 1288/1/1288 1289/1/1289 
f 1290/1/1290 1289/1/1289 1288/1/1288 
f 1291/1/1291 1273/1/1273 1289/1/1289 
f 1273/1/1273 1272/1/1272 1292/1/1292 
f 1065/1/1065 1075/1/1075 1293/1/1293 
f 1294/1/1294 1293/1/1293 1075/1/1075 
f 1295/1/1295 1293/1/1293 1294/1/1294 
f 1277/1/1277 1293/1/1293 1295/1/1295 
f 1296/1/1296 1297/1/1297 1298/1/1298 
f 1299/1/1299 1298/1/1298 1297/1/1297 
f 1284/1/1284 1281/1/1281 1298/1/1298 
f 1295/1/1295 1298/1/1298 1281/1/1281 
f 1300/1/1300 1301/1/1301 1302/1/1302 
f 1292/1/1292 1302/1/1302 1301/1/1301 
f 1272/1/1272 1285/1/1285 1302/1/1302 
f 1299/1/1299 1302/1/1302 1285/1/1285 
f 1303/1/1303 1304/1/1304 1305/1/1305 
f 1306/1/1306 1305/1/1305 1304/1/1304 
f 1307/1/1307 1308/1/1308 1305/1/1305 
f 1309/1/1309 1305/1/1305 1308/1/1308 
f 1310/1/1310 1304/1/1304 1303/1/1303 
f 1311/1/1311 1310/1/1310 1312/1/1312 
f 1313/1/1313 1314/1/1314 1310/1/1310 
f 1304/1/1304 1310/1/1310 1314/1/1314 
f 1315/1/1315 1316/1/1316 1317/1/1317 
f 1317/1/1317 1318/1/1318 1319/1/1319 
f 1320/1/1320 1321/1/1321 1322/1/1322 
f 1321/1/1321 1323/1/1323 1315/1/1315 
f 1318/1/1318 1324/1/1324 1325/1/1325 
f 1326/1/1326 1325/1/1325 1324/1/1324 
f 1327/1/1327 1328/1/1328 1325/1/1325 
f 1319/1/1319 1325/1/1325 1328/1/1328 
f 1329/1/1329 1105/1/1105 1330/1/1330 
f 1331/1/1331 1330/1/1330 1105/1/1105 
f 1332/1/1332 1333/1/1333 1330/1/1330 
f 1334/1/1334 1330/1/1330 1333/1/1333 
f 1335/1/1335 1336/1/1336 1337/1/1337 
f 1336/1/1336 1338/1/1338 1339/1/1339 
f 1340/1/1340 1324/1/1324 1337/1/1337 
f 1324/1/1324 1318/1/1318 1341/1/1341 
f 1338/1/1338 1336/1/1336 1342/1/1342 
f 1343/1/1343 1342/1/1342 1336/1/1336 
f 1344/1/1344 1333/1/1333 1342/1/1342 
f 1345/1/1345 1342/1/1342 1333/1/1333 
f 1346/1/1346 1347/1/1347 1348/1/1348 
f 1349/1/1349 1348/1/1348 1347/1/1347 
f 1350/1/1350 1351/1/1351 1348/1/1348 
f 1352/1/1352 1348/1/1348 1351/1/1351 
f 1353/1/1353 1354/1/1354 1355/1/1355 
f 1102/1/1102 1355/1/1355 1354/1/1354 
f 1355/1/1355 1102/1/1102 1114/1/1114 
f 1356/1/1356 1355/1/1355 1130/1/1130 
f 1357/1/1357 1358/1/1358 1354/1/1354 
f 1331/1/1331 1358/1/1358 1357/1/1357 
f 1358/1/1358 1331/1/1331 1104/1/1104 
f 1340/1/1340 1359/1/1359 1360/1/1360 
f 1352/1/1352 1360/1/1360 1359/1/1359 
f 1361/1/1361 1362/1/1362 1360/1/1360 
f 1326/1/1326 1360/1/1360 1362/1/1362 
f 1129/1/1129 1157/1/1157 1363/1/1363 
f 1157/1/1157 1147/1/1147 1364/1/1364 
f 1365/1/1365 1366/1/1366 1363/1/1363 
f 1366/1/1366 1353/1/1353 1356/1/1356 
f 1367/1/1367 1368/1/1368 1369/1/1369 
f 1367/1/1367 1370/1/1370 1353/1/1353 
f 1368/1/1368 1367/1/1367 1366/1/1366 
f 1371/1/1371 1372/1/1372 1373/1/1373 
f 1365/1/1365 1374/1/1374 1373/1/1373 
f 549/1/549 1373/1/1373 1374/1/1374 
f 549/1/549 493/1/493 1375/1/1375 
f 1376/1/1376 1369/1/1369 1368/1/1368 
f 1372/1/1372 1377/1/1377 1368/1/1368 
f 1377/1/1377 1372/1/1372 1371/1/1371 
f 1376/1/1376 1377/1/1377 1347/1/1347 
f 1137/1/1137 1374/1/1374 1378/1/1378 
f 1364/1/1364 1378/1/1378 1374/1/1374 
f 1147/1/1147 1146/1/1146 1378/1/1378 
f 1138/1/1138 1378/1/1378 1146/1/1146 
f 1338/1/1338 1379/1/1379 1380/1/1380 
f 1376/1/1376 1380/1/1380 1379/1/1379 
f 1380/1/1380 1376/1/1376 1346/1/1346 
f 1339/1/1339 1380/1/1380 1359/1/1359 
f 1357/1/1357 1353/1/1353 1370/1/1370 
f 1379/1/1379 1381/1/1381 1370/1/1370 
f 1379/1/1379 1338/1/1338 1345/1/1345 
f 1381/1/1381 1345/1/1345 1332/1/1332 
f 1382/1/1382 1383/1/1383 1384/1/1384 
f 1362/1/1362 1384/1/1384 1383/1/1383 
f 1361/1/1361 1351/1/1351 1384/1/1384 
f 1351/1/1351 1350/1/1350 1385/1/1385 
f 1386/1/1386 1387/1/1387 1383/1/1383 
f 1388/1/1388 1387/1/1387 1386/1/1386 
f 1387/1/1387 1388/1/1388 1320/1/1320 
f 1383/1/1383 1387/1/1387 1328/1/1328 
f 1389/1/1389 1390/1/1390 1391/1/1391 
f 1392/1/1392 1391/1/1391 1390/1/1390 
f 1391/1/1391 1392/1/1392 1393/1/1393 
f 1394/1/1394 1391/1/1391 1386/1/1386 
f 1388/1/1388 1395/1/1395 1321/1/1321 
f 1393/1/1393 1396/1/1396 1395/1/1395 
f 1397/1/1397 1398/1/1398 1395/1/1395 
f 1323/1/1323 1321/1/1321 1395/1/1395 
f 1392/1/1392 1399/1/1399 1396/1/1396 
f 1392/1/1392 1400/1/1400 1401/1/1401 
f 1402/1/1402 1403/1/1403 1399/1/1399 
f 1396/1/1396 1399/1/1399 1403/1/1403 
f 1404/1/1404 1405/1/1405 1406/1/1406 
f 1407/1/1407 1406/1/1406 1405/1/1405 
f 1408/1/1408 1409/1/1409 1406/1/1406 
f 1410/1/1410 1406/1/1406 1409/1/1409 
f 1411/1/1411 1412/1/1412 1413/1/1413 
f 1414/1/1414 1413/1/1413 1412/1/1412 
f 1415/1/1415 1308/1/1308 1413/1/1413 
f 1416/1/1416 1413/1/1413 1308/1/1308 
f 1417/1/1417 1418/1/1418 1419/1/1419 
f 1290/1/1290 1419/1/1419 1418/1/1418 
f 1420/1/1420 1421/1/1421 1419/1/1419 
f 1422/1/1422 1419/1/1419 1421/1/1421 
f 1276/1/1276 1423/1/1423 1424/1/1424 
f 1425/1/1425 1424/1/1424 1423/1/1423 
f 1426/1/1426 960/1/960 1424/1/1424 
f 1264/1/1264 1424/1/1424 960/1/960 
f 1427/1/1427 1423/1/1423 1428/1/1428 
f 1275/1/1275 1428/1/1428 1423/1/1423 
f 1291/1/1291 1418/1/1418 1428/1/1428 
f 1429/1/1429 1428/1/1428 1418/1/1418 
f 1427/1/1427 1430/1/1430 1431/1/1431 
f 1430/1/1430 1432/1/1432 1433/1/1433 
f 1431/1/1431 1433/1/1433 1434/1/1434 
f 1425/1/1425 1431/1/1431 1435/1/1435 
f 1426/1/1426 1435/1/1435 1436/1/1436 
f 1437/1/1437 1436/1/1436 1435/1/1435 
f 805/1/805 804/1/804 1436/1/1436 
f 961/1/961 1436/1/1436 804/1/804 
f 1438/1/1438 1439/1/1439 1432/1/1432 
f 1429/1/1429 1438/1/1438 1430/1/1430 
f 1417/1/1417 1440/1/1440 1438/1/1438 
f 1441/1/1441 1439/1/1439 1438/1/1438 
f 1433/1/1433 1442/1/1442 1443/1/1443 
f 1432/1/1432 1444/1/1444 1442/1/1442 
f 1445/1/1445 1443/1/1443 1442/1/1442 
f 1382/1/1382 1446/1/1446 1447/1/1447 
f 1448/1/1448 1447/1/1447 1446/1/1446 
f 1449/1/1449 1450/1/1450 1447/1/1447 
f 1394/1/1394 1447/1/1447 1450/1/1450 
f 1451/1/1451 1452/1/1452 1453/1/1453 
f 1454/1/1454 1453/1/1453 1452/1/1452 
f 1455/1/1455 1453/1/1453 1454/1/1454 
f 1456/1/1456 1385/1/1385 1350/1/1350 
f 1457/1/1457 1458/1/1458 1454/1/1454 
f 1459/1/1459 1446/1/1446 1456/1/1456 
f 1446/1/1446 1382/1/1382 1385/1/1385 
f 1460/1/1460 1461/1/1461 1462/1/1462 
f 1463/1/1463 1464/1/1464 1461/1/1461 
f 1465/1/1465 1466/1/1466 1461/1/1461 
f 1462/1/1462 1461/1/1461 1466/1/1466 
f 1467/1/1467 1468/1/1468 1469/1/1469 
f 1470/1/1470 1471/1/1471 1467/1/1467 
f 1472/1/1472 1467/1/1467 1471/1/1471 
f 1468/1/1468 1467/1/1467 1472/1/1472 
f 1473/1/1473 1474/1/1474 1475/1/1475 
f 1476/1/1476 1477/1/1477 1475/1/1475 
f 1477/1/1477 1469/1/1469 1468/1/1468 
f 1478/1/1478 1479/1/1479 1475/1/1475 
f 1480/1/1480 1481/1/1481 1477/1/1477 
f 1482/1/1482 1483/1/1483 1481/1/1481 
f 1470/1/1470 1484/1/1484 1481/1/1481 
f 1469/1/1469 1477/1/1477 1481/1/1481 
f 1485/1/1485 1486/1/1486 1466/1/1466 
f 1485/1/1485 1476/1/1476 1474/1/1474 
f 1487/1/1487 1486/1/1486 1474/1/1474 
f 1488/1/1488 1466/1/1466 1486/1/1486 
f 1489/1/1489 1464/1/1464 1463/1/1463 
f 1490/1/1490 1482/1/1482 1480/1/1480 
f 1476/1/1476 1485/1/1485 1489/1/1489 
f 1464/1/1464 1489/1/1489 1485/1/1485 
f 1491/1/1491 1492/1/1492 1493/1/1493 
f 1494/1/1494 1493/1/1493 1492/1/1492 
f 1482/1/1482 1490/1/1490 1493/1/1493 
f 1460/1/1460 1493/1/1493 1490/1/1490 
f 1495/1/1495 1471/1/1471 1496/1/1496 
f 1483/1/1483 1496/1/1496 1471/1/1471 
f 1482/1/1482 1494/1/1494 1496/1/1496 
f 1497/1/1497 1496/1/1496 1494/1/1494 
f 1498/1/1498 1499/1/1499 1500/1/1500 
f 1501/1/1501 1500/1/1500 1499/1/1499 
f 1502/1/1502 1503/1/1503 1500/1/1500 
f 1504/1/1504 1500/1/1500 1503/1/1503 
f 1498/1/1498 1505/1/1505 1506/1/1506 
f 1507/1/1507 1506/1/1506 1505/1/1505 
f 1508/1/1508 1509/1/1509 1506/1/1506 
f 1499/1/1499 1506/1/1506 1509/1/1509 
f 1510/1/1510 1511/1/1511 1512/1/1512 
f 1504/1/1504 1512/1/1512 1511/1/1511 
f 1513/1/1513 1514/1/1514 1512/1/1512 
f 1515/1/1515 1512/1/1512 1514/1/1514 
f 1510/1/1510 1516/1/1516 1517/1/1517 
f 1518/1/1518 1517/1/1517 1516/1/1516 
f 1519/1/1519 1505/1/1505 1517/1/1517 
f 1511/1/1511 1517/1/1517 1505/1/1505 
f 1458/1/1458 1520/1/1520 1521/1/1521 
f 1522/1/1522 1521/1/1521 1520/1/1520 
f 1523/1/1523 1524/1/1524 1521/1/1521 
f 1455/1/1455 1521/1/1521 1524/1/1524 
f 1525/1/1525 1526/1/1526 1527/1/1527 
f 1528/1/1528 1529/1/1529 1527/1/1527 
f 1528/1/1528 791/1/791 799/1/799 
f 1525/1/1525 1529/1/1529 799/1/799 
f 1530/1/1530 792/1/792 791/1/791 
f 1528/1/1528 1531/1/1531 1532/1/1532 
f 783/1/783 782/1/782 1530/1/1530 
f 792/1/792 1530/1/1530 782/1/782 
f 1533/1/1533 1534/1/1534 1535/1/1535 
f 1536/1/1536 1371/1/1371 1375/1/1375 
f 1533/1/1533 1375/1/1375 493/1/493 
f 492/1/492 1537/1/1537 1534/1/1534 
f 1520/1/1520 1538/1/1538 1536/1/1536 
f 1457/1/1457 1538/1/1538 1520/1/1520 
f 1349/1/1349 1538/1/1538 1457/1/1457 
f 1349/1/1349 1371/1/1371 1536/1/1536 
f 783/1/783 1532/1/1532 1539/1/1539 
f 1540/1/1540 1539/1/1539 1532/1/1532 
f 1540/1/1540 1541/1/1541 1542/1/1542 
f 1542/1/1542 483/1/483 482/1/482 
f 1543/1/1543 1515/1/1515 1523/1/1523 
f 1522/1/1522 1535/1/1535 1544/1/1544 
f 1545/1/1545 1546/1/1546 1543/1/1543 
f 1546/1/1546 1510/1/1510 1515/1/1515 
f 1547/1/1547 1548/1/1548 1549/1/1549 
f 1550/1/1550 1549/1/1549 1548/1/1548 
f 497/1/497 1549/1/1549 1550/1/1550 
f 490/1/490 1549/1/1549 497/1/497 
f 1551/1/1551 467/1/467 466/1/466 
f 479/1/479 483/1/483 1542/1/1542 
f 1548/1/1548 1551/1/1551 1542/1/1542 
f 1548/1/1548 1547/1/1547 467/1/467 
f 1540/1/1540 1552/1/1552 1553/1/1553 
f 1552/1/1552 1540/1/1540 1531/1/1531 
f 1545/1/1545 1553/1/1553 1552/1/1552 
f 1537/1/1537 1550/1/1550 1554/1/1554 
f 1553/1/1553 1554/1/1554 1550/1/1550 
f 1553/1/1553 1545/1/1545 1544/1/1544 
f 1534/1/1534 1554/1/1554 1544/1/1544 
f 1510/1/1510 1546/1/1546 1555/1/1555 
f 1556/1/1556 1555/1/1555 1546/1/1546 
f 1531/1/1531 1527/1/1527 1555/1/1555 
f 1516/1/1516 1555/1/1555 1527/1/1527 
f 798/1/798 797/1/797 1557/1/1557 
f 1557/1/1557 797/1/797 796/1/796 
f 1558/1/1558 1557/1/1557 1559/1/1559 
f 1558/1/1558 1526/1/1526 1525/1/1525 
f 1560/1/1560 1561/1/1561 1562/1/1562 
f 1560/1/1560 1563/1/1563 1564/1/1564 
f 1561/1/1561 1564/1/1564 805/1/805 
f 1562/1/1562 1561/1/1561 1437/1/1437 
f 1560/1/1560 1565/1/1565 1566/1/1566 
f 1567/1/1567 1568/1/1568 1565/1/1565 
f 1565/1/1565 1568/1/1568 1569/1/1569 
f 1570/1/1570 1571/1/1571 1563/1/1563 
f 1572/1/1572 1570/1/1570 1566/1/1566 
f 1570/1/1570 1572/1/1572 1573/1/1573 
f 1571/1/1571 1570/1/1570 1559/1/1559 
f 1574/1/1574 1575/1/1575 1576/1/1576 
f 1567/1/1567 1562/1/1562 1576/1/1576 
f 1576/1/1576 1562/1/1562 1434/1/1434 
f 1577/1/1577 1576/1/1576 1443/1/1443 
f 1573/1/1573 1578/1/1578 1579/1/1579 
f 1580/1/1580 1579/1/1579 1578/1/1578 
f 1519/1/1519 1518/1/1518 1579/1/1579 
f 1558/1/1558 1579/1/1579 1518/1/1518 
f 1569/1/1569 1581/1/1581 1582/1/1582 
f 1583/1/1583 1582/1/1582 1581/1/1581 
f 1584/1/1584 1578/1/1578 1582/1/1582 
f 1572/1/1572 1582/1/1582 1578/1/1578 
f 1574/1/1574 1585/1/1585 1586/1/1586 
f 1581/1/1581 1586/1/1586 1585/1/1585 
f 1568/1/1568 1586/1/1586 1581/1/1581 
f 1567/1/1567 1575/1/1575 1586/1/1586 
f 1584/1/1584 1587/1/1587 1588/1/1588 
f 1589/1/1589 1588/1/1588 1587/1/1587 
f 1508/1/1508 1507/1/1507 1588/1/1588 
f 1580/1/1580 1588/1/1588 1507/1/1507 
f 1590/1/1590 1591/1/1591 1592/1/1592 
f 1593/1/1593 1592/1/1592 1591/1/1591 
f 1594/1/1594 1585/1/1585 1592/1/1592 
f 1595/1/1595 1592/1/1592 1585/1/1585 
f 1593/1/1593 1596/1/1596 1583/1/1583 
f 1597/1/1597 1598/1/1598 1596/1/1596 
f 1599/1/1599 1587/1/1587 1596/1/1596 
f 1583/1/1583 1596/1/1596 1587/1/1587 
f 1599/1/1599 1600/1/1600 1601/1/1601 
f 1602/1/1602 1603/1/1603 1601/1/1601 
f 1604/1/1604 1605/1/1605 1601/1/1601 
f 1589/1/1589 1601/1/1601 1605/1/1605 
f 1606/1/1606 1607/1/1607 1608/1/1608 
f 1609/1/1609 1608/1/1608 1607/1/1607 
f 1597/1/1597 1591/1/1591 1608/1/1608 
f 1610/1/1610 1608/1/1608 1591/1/1591 
f 1611/1/1611 1612/1/1612 1613/1/1613 
f 1600/1/1600 1613/1/1613 1612/1/1612 
f 1599/1/1599 1598/1/1598 1613/1/1613 
f 1609/1/1609 1613/1/1613 1598/1/1598 
f 1614/1/1614 1615/1/1615 1616/1/1616 
f 1617/1/1617 1616/1/1616 1615/1/1615 
f 1618/1/1618 1619/1/1619 1616/1/1616 
f 1620/1/1620 1616/1/1616 1619/1/1619 
f 1621/1/1621 1622/1/1622 1623/1/1623 
f 1624/1/1624 1625/1/1625 1622/1/1622 
f 1620/1/1620 1622/1/1622 1625/1/1625 
f 1626/1/1626 1623/1/1623 1622/1/1622 
f 1627/1/1627 1628/1/1628 1629/1/1629 
f 1621/1/1621 1629/1/1629 1628/1/1628 
f 1630/1/1630 1631/1/1631 1629/1/1629 
f 1632/1/1632 1629/1/1629 1631/1/1631 
f 1633/1/1633 1634/1/1634 1635/1/1635 
f 144/1/144 1635/1/1635 1634/1/1634 
f 143/1/143 1636/1/1636 1635/1/1635 
f 1637/1/1637 1635/1/1635 1636/1/1636 
f 1638/1/1638 1639/1/1639 151/1/151 
f 1640/1/1640 1641/1/1641 1639/1/1639 
f 1639/1/1639 1641/1/1641 1642/1/1642 
f 151/1/151 1639/1/1639 1636/1/1636 
f 150/1/150 160/1/160 1643/1/1643 
f 1644/1/1644 1643/1/1643 160/1/160 
f 1643/1/1643 1644/1/1644 1645/1/1645 
f 1638/1/1638 1643/1/1643 1646/1/1646 
f 1647/1/1647 1648/1/1648 1649/1/1649 
f 1650/1/1650 1651/1/1651 1648/1/1648 
f 1652/1/1652 1648/1/1648 1651/1/1651 
f 1086/1/1086 1649/1/1649 1648/1/1648 
f 289/1/289 1653/1/1653 1654/1/1654 
f 1653/1/1653 1655/1/1655 1656/1/1656 
f 111/1/111 110/1/110 1654/1/1654 
f 236/1/236 1654/1/1654 110/1/110 
f 1657/1/1657 1658/1/1658 1659/1/1659 
f 1660/1/1660 1661/1/1661 1659/1/1659 
f 118/1/118 1659/1/1659 1661/1/1661 
f 109/1/109 1659/1/1659 118/1/118 
f 1662/1/1662 1663/1/1663 1664/1/1664 
f 1653/1/1653 1664/1/1664 1663/1/1663 
f 289/1/289 288/1/288 1664/1/1664 
f 1665/1/1665 1664/1/1664 288/1/288 
f 1666/1/1666 1667/1/1667 1668/1/1668 
f 1667/1/1667 1669/1/1669 1670/1/1670 
f 1168/1/1168 1167/1/1167 1668/1/1668 
f 1181/1/1181 1186/1/1186 1668/1/1668 
f 1671/1/1671 1672/1/1672 1673/1/1673 
f 1670/1/1670 1673/1/1673 1672/1/1672 
f 1673/1/1673 1670/1/1670 1669/1/1669 
f 1674/1/1674 1673/1/1673 1675/1/1675 
f 1676/1/1676 1677/1/1677 1678/1/1678 
f 1667/1/1667 1678/1/1678 1677/1/1677 
f 1666/1/1666 1185/1/1185 1678/1/1678 
f 1194/1/1194 1678/1/1678 1185/1/1185 
f 1679/1/1679 1187/1/1187 1680/1/1680 
f 1681/1/1681 1680/1/1680 1187/1/1187 
f 1681/1/1681 1682/1/1682 1683/1/1683 
f 1683/1/1683 1192/1/1192 1190/1/1190 
f 1684/1/1684 1685/1/1685 1686/1/1686 
f 1478/1/1478 1472/1/1472 1685/1/1685 
f 1495/1/1495 1687/1/1687 1685/1/1685 
f 1686/1/1686 1685/1/1685 1687/1/1687 
f 1688/1/1688 1689/1/1689 1473/1/1473 
f 1684/1/1684 1688/1/1688 1479/1/1479 
f 1688/1/1688 1684/1/1684 1690/1/1690 
f 1689/1/1689 1688/1/1688 1691/1/1691 
f 1692/1/1692 1693/1/1693 1694/1/1694 
f 1695/1/1695 1694/1/1694 1693/1/1693 
f 1696/1/1696 1492/1/1492 1694/1/1694 
f 1697/1/1697 1694/1/1694 1492/1/1492 
f 1696/1/1696 1695/1/1695 1698/1/1698 
f 1699/1/1699 1698/1/1698 1695/1/1695 
f 1687/1/1687 1698/1/1698 1699/1/1699 
f 1497/1/1497 1698/1/1698 1687/1/1687 
f 1700/1/1700 1701/1/1701 1159/1/1159 
f 1702/1/1702 1701/1/1701 1700/1/1700 
f 1703/1/1703 1177/1/1177 1701/1/1701 
f 1159/1/1159 1701/1/1701 1177/1/1177 
f 1703/1/1703 1702/1/1702 1704/1/1704 
f 1705/1/1705 1704/1/1704 1702/1/1702 
f 1704/1/1704 1705/1/1705 1682/1/1682 
f 1175/1/1175 1704/1/1704 1681/1/1681 
f 1706/1/1706 1083/1/1083 1707/1/1707 
f 1708/1/1708 1707/1/1707 1083/1/1083 
f 1709/1/1709 1710/1/1710 1707/1/1707 
f 1711/1/1711 1707/1/1707 1710/1/1710 
f 1712/1/1712 1710/1/1710 1713/1/1713 
f 1714/1/1714 1713/1/1713 1710/1/1710 
f 1714/1/1714 1313/1/1313 1311/1/1311 
f 1311/1/1311 1715/1/1715 1716/1/1716 
f 1717/1/1717 1718/1/1718 1719/1/1719 
f 1720/1/1720 1719/1/1719 1718/1/1718 
f 1721/1/1721 1722/1/1722 1719/1/1719 
f 1723/1/1723 1719/1/1719 1722/1/1722 
f 1724/1/1724 1725/1/1725 1726/1/1726 
f 1727/1/1727 1728/1/1728 1726/1/1726 
f 130/1/130 136/1/136 1728/1/1728 
f 1724/1/1724 1728/1/1728 136/1/136 
f 1729/1/1729 1730/1/1730 1731/1/1731 
f 1732/1/1732 1733/1/1733 1730/1/1730 
f 1734/1/1734 1735/1/1735 1730/1/1730 
f 1736/1/1736 1731/1/1731 1730/1/1730 
f 1734/1/1734 1733/1/1733 1737/1/1737 
f 1738/1/1738 1737/1/1737 1733/1/1733 
f 119/1/119 1661/1/1661 1737/1/1737 
f 1739/1/1739 1737/1/1737 1661/1/1661 
f 1740/1/1740 1738/1/1738 1732/1/1732 
f 1741/1/1741 1740/1/1740 1742/1/1742 
f 1740/1/1740 1741/1/1741 1743/1/1743 
f 1738/1/1738 1740/1/1740 121/1/121 
f 1744/1/1744 1729/1/1729 1745/1/1745 
f 1746/1/1746 1747/1/1747 1748/1/1748 
f 1749/1/1749 1742/1/1742 1744/1/1744 
f 1729/1/1729 1744/1/1744 1742/1/1742 
f 1750/1/1750 1751/1/1751 1752/1/1752 
f 1753/1/1753 1752/1/1752 1751/1/1751 
f 1754/1/1754 1634/1/1634 1752/1/1752 
f 1755/1/1755 1752/1/1752 1634/1/1634 
f 1756/1/1756 1751/1/1751 1757/1/1757 
f 1758/1/1758 1757/1/1757 1751/1/1751 
f 1759/1/1759 1718/1/1718 1757/1/1757 
f 1760/1/1760 1757/1/1757 1718/1/1718 
f 1761/1/1761 1762/1/1762 1763/1/1763 
f 1762/1/1762 1764/1/1764 1765/1/1765 
f 1033/1/1033 1766/1/1766 1763/1/1763 
f 1674/1/1674 1763/1/1763 1766/1/1766 
f 1767/1/1767 1768/1/1768 1769/1/1769 
f 1770/1/1770 1769/1/1769 1768/1/1768 
f 1771/1/1771 1772/1/1772 1769/1/1769 
f 1027/1/1027 1769/1/1769 1772/1/1772 
f 1773/1/1773 1651/1/1651 1774/1/1774 
f 1775/1/1775 1774/1/1774 1651/1/1651 
f 1776/1/1776 1768/1/1768 1774/1/1774 
f 1777/1/1777 1774/1/1774 1768/1/1768 
f 1778/1/1778 1765/1/1765 1764/1/1764 
f 1779/1/1779 1778/1/1778 1780/1/1780 
f 200/1/200 1034/1/1034 1778/1/1778 
f 1034/1/1034 1033/1/1033 1765/1/1765 
f 1781/1/1781 1782/1/1782 1783/1/1783 
f 1665/1/1665 1781/1/1781 1784/1/1784 
f 294/1/294 293/1/293 1781/1/1781 
f 1782/1/1782 1781/1/1781 293/1/293 
f 1785/1/1785 1779/1/1779 1786/1/1786 
f 1782/1/1782 1785/1/1785 1787/1/1787 
f 201/1/201 1788/1/1788 1785/1/1785 
f 1779/1/1779 1785/1/1785 1788/1/1788 
f 1789/1/1789 1790/1/1790 1791/1/1791 
f 211/1/211 1791/1/1791 1790/1/1790 
f 1028/1/1028 1772/1/1772 1791/1/1791 
f 1792/1/1792 1791/1/1791 1772/1/1772 
f 1793/1/1793 1794/1/1794 1795/1/1795 
f 1796/1/1796 1795/1/1795 1794/1/1794 
f 1797/1/1797 1081/1/1081 1795/1/1795 
f 1081/1/1081 1085/1/1085 1798/1/1798 
f 114/1/114 1799/1/1799 1800/1/1800 
f 1801/1/1801 1800/1/1800 1799/1/1799 
f 237/1/237 1800/1/1800 1801/1/1801 
f 116/1/116 115/1/115 1800/1/1800 
f 103/1/103 123/1/123 1802/1/1802 
f 1803/1/1803 1802/1/1802 123/1/123 
f 1803/1/1803 1804/1/1804 1799/1/1799 
f 104/1/104 1802/1/1802 1799/1/1799 
f 1655/1/1655 1805/1/1805 1806/1/1806 
f 1807/1/1807 1806/1/1806 1805/1/1805 
f 107/1/107 112/1/112 1806/1/1806 
f 1656/1/1656 1806/1/1806 112/1/112 
f 1808/1/1808 1809/1/1809 1810/1/1810 
f 1658/1/1658 1810/1/1810 1809/1/1809 
f 108/1/108 1810/1/1810 1658/1/1658 
f 1807/1/1807 1810/1/1810 108/1/108 
f 1811/1/1811 1812/1/1812 1813/1/1813 
f 301/1/301 1813/1/1813 1812/1/1812 
f 205/1/205 1790/1/1790 1813/1/1813 
f 1814/1/1814 1813/1/1813 1790/1/1790 
f 299/1/299 1812/1/1812 1815/1/1815 
f 1816/1/1816 1815/1/1815 1812/1/1812 
f 1816/1/1816 1645/1/1645 1644/1/1644 
f 159/1/159 300/1/300 1815/1/1815 
f 1817/1/1817 1818/1/1818 1819/1/1819 
f 1820/1/1820 1821/1/1821 1819/1/1819 
f 1822/1/1822 1823/1/1823 1819/1/1819 
f 222/1/222 1819/1/1819 1823/1/1823 
f 1824/1/1824 241/1/241 1825/1/1825 
f 241/1/241 1826/1/1826 1827/1/1827 
f 1822/1/1822 1821/1/1821 1825/1/1825 
f 1828/1/1828 1825/1/1825 1821/1/1821 
f 1488/1/1488 1829/1/1829 1830/1/1830 
f 1831/1/1831 1830/1/1830 1829/1/1829 
f 1831/1/1831 1692/1/1692 1697/1/1697 
f 1491/1/1491 1462/1/1462 1830/1/1830 
f 1832/1/1832 1833/1/1833 1834/1/1834 
f 1487/1/1487 1832/1/1832 1829/1/1829 
f 1473/1/1473 1689/1/1689 1832/1/1832 
f 1689/1/1689 1835/1/1835 1833/1/1833 
f 1836/1/1836 1837/1/1837 1838/1/1838 
f 1839/1/1839 1838/1/1838 1837/1/1837 
f 1840/1/1840 1841/1/1841 1838/1/1838 
f 1842/1/1842 1838/1/1838 1841/1/1841 
f 1404/1/1404 1410/1/1410 1843/1/1843 
f 1844/1/1844 1843/1/1843 1410/1/1410 
f 1845/1/1845 1837/1/1837 1843/1/1843 
f 1846/1/1846 1843/1/1843 1837/1/1837 
f 1847/1/1847 1848/1/1848 1849/1/1849 
f 1850/1/1850 1849/1/1849 1848/1/1848 
f 1851/1/1851 1852/1/1852 1849/1/1849 
f 1853/1/1853 1849/1/1849 1852/1/1852 
f 1854/1/1854 1855/1/1855 1856/1/1856 
f 1850/1/1850 1856/1/1856 1855/1/1855 
f 1857/1/1857 1858/1/1858 1856/1/1856 
f 1859/1/1859 1856/1/1856 1858/1/1858 
f 1671/1/1671 1860/1/1860 1861/1/1861 
f 1862/1/1862 1861/1/1861 1860/1/1860 
f 1170/1/1170 1169/1/1169 1861/1/1861 
f 1672/1/1672 1861/1/1861 1169/1/1169 
f 1031/1/1031 1863/1/1863 1864/1/1864 
f 1865/1/1865 1860/1/1860 1864/1/1864 
f 1860/1/1860 1671/1/1671 1766/1/1766 
f 1032/1/1032 1864/1/1864 1766/1/1766 
f 1866/1/1866 1867/1/1867 1868/1/1868 
f 1869/1/1869 1868/1/1868 1867/1/1867 
f 1870/1/1870 1871/1/1871 1868/1/1868 
f 1040/1/1040 1868/1/1868 1871/1/1871 
f 1872/1/1872 1873/1/1873 1874/1/1874 
f 1869/1/1869 1874/1/1874 1873/1/1873 
f 1875/1/1875 1876/1/1876 1874/1/1874 
f 1877/1/1877 1878/1/1878 1874/1/1874 
f 1879/1/1879 1880/1/1880 1881/1/1881 
f 1882/1/1882 1879/1/1879 1883/1/1883 
f 1884/1/1884 1885/1/1885 1879/1/1879 
f 1885/1/1885 1886/1/1886 1880/1/1880 
f 1887/1/1887 1883/1/1883 1888/1/1888 
f 1883/1/1883 1881/1/1881 1889/1/1889 
f 1705/1/1705 1888/1/1888 1889/1/1889 
f 1705/1/1705 1890/1/1890 1891/1/1891 
f 1892/1/1892 1893/1/1893 1894/1/1894 
f 1895/1/1895 1894/1/1894 1893/1/1893 
f 1896/1/1896 1897/1/1897 1894/1/1894 
f 1853/1/1853 1894/1/1894 1897/1/1897 
f 1898/1/1898 1092/1/1092 1896/1/1896 
f 1899/1/1899 1898/1/1898 1895/1/1895 
f 1898/1/1898 1899/1/1899 1900/1/1900 
f 1092/1/1092 1898/1/1898 1649/1/1649 
f 1901/1/1901 1902/1/1902 1903/1/1903 
f 1904/1/1904 1903/1/1903 1902/1/1902 
f 1905/1/1905 1794/1/1794 1903/1/1903 
f 1906/1/1906 1903/1/1903 1794/1/1794 
f 1907/1/1907 1902/1/1902 1908/1/1908 
f 1902/1/1902 1901/1/1901 1909/1/1909 
f 1872/1/1872 1878/1/1878 1908/1/1908 
f 1910/1/1910 1908/1/1908 1878/1/1878 
f 1885/1/1885 1884/1/1884 1911/1/1911 
f 1912/1/1912 1913/1/1913 1911/1/1911 
f 1912/1/1912 1914/1/1914 1915/1/1915 
f 1913/1/1913 1915/1/1915 1886/1/1886 
f 1916/1/1916 1914/1/1914 1912/1/1912 
f 1912/1/1912 1917/1/1917 1918/1/1918 
f 1693/1/1693 1919/1/1919 1918/1/1918 
f 1916/1/1916 1919/1/1919 1693/1/1693 
f 1920/1/1920 1921/1/1921 1922/1/1922 
f 1923/1/1923 1924/1/1924 1922/1/1922 
f 1925/1/1925 1922/1/1922 1924/1/1924 
f 1859/1/1859 1922/1/1922 1925/1/1925 
f 1926/1/1926 1924/1/1924 1927/1/1927 
f 1928/1/1928 1927/1/1927 1924/1/1924 
f 1929/1/1929 1841/1/1841 1927/1/1927 
f 1841/1/1841 1840/1/1840 1930/1/1930 
f 1931/1/1931 1932/1/1932 1933/1/1933 
f 1934/1/1934 1935/1/1935 1936/1/1936 
f 1835/1/1835 1691/1/1691 1931/1/1931 
f 1932/1/1932 1931/1/1931 1691/1/1691 
f 1937/1/1937 1938/1/1938 1939/1/1939 
f 1940/1/1940 1939/1/1939 1938/1/1938 
f 1941/1/1941 1412/1/1412 1939/1/1939 
f 1942/1/1942 1939/1/1939 1412/1/1412 
f 1943/1/1943 1944/1/1944 1945/1/1945 
f 1946/1/1946 1945/1/1945 1944/1/1944 
f 1947/1/1947 1948/1/1948 1945/1/1945 
f 1949/1/1949 1945/1/1945 1948/1/1948 
f 1950/1/1950 1944/1/1944 1951/1/1951 
f 1952/1/1952 1951/1/1951 1944/1/1944 
f 1618/1/1618 1617/1/1617 1951/1/1951 
f 1953/1/1953 1951/1/1951 1617/1/1617 
f 1954/1/1954 1955/1/1955 1956/1/1956 
f 1637/1/1637 1956/1/1956 1955/1/1955 
f 1642/1/1642 1957/1/1957 1956/1/1956 
f 1958/1/1958 1956/1/1956 1957/1/1957 
f 1959/1/1959 1960/1/1960 1961/1/1961 
f 1962/1/1962 1963/1/1963 1964/1/1964 
f 1959/1/1959 1964/1/1964 1640/1/1640 
f 1960/1/1960 1959/1/1959 1646/1/1646 
f 1965/1/1965 1966/1/1966 1967/1/1967 
f 1770/1/1770 1967/1/1967 1966/1/1966 
f 1776/1/1776 1968/1/1968 1967/1/1967 
f 1969/1/1969 1967/1/1967 1968/1/1968 
f 1970/1/1970 1971/1/1971 1972/1/1972 
f 1899/1/1899 1972/1/1972 1971/1/1971 
f 1973/1/1973 1974/1/1974 1972/1/1972 
f 1975/1/1975 1972/1/1972 1974/1/1974 
f 1976/1/1976 1977/1/1977 1978/1/1978 
f 1979/1/1979 1978/1/1978 1977/1/1977 
f 1655/1/1655 1663/1/1663 1978/1/1978 
f 1980/1/1980 1978/1/1978 1663/1/1663 
f 1981/1/1981 1982/1/1982 1983/1/1983 
f 1984/1/1984 1983/1/1983 1982/1/1982 
f 1669/1/1669 1677/1/1677 1983/1/1983 
f 1985/1/1985 1983/1/1983 1677/1/1677 
f 1986/1/1986 1987/1/1987 1988/1/1988 
f 1989/1/1989 1988/1/1988 1987/1/1987 
f 1786/1/1786 1780/1/1780 1988/1/1988 
f 1990/1/1990 1988/1/1988 1780/1/1780 
f 1991/1/1991 1992/1/1992 1993/1/1993 
f 1686/1/1686 1992/1/1992 1991/1/1991 
f 1994/1/1994 1995/1/1995 1992/1/1992 
f 1993/1/1993 1992/1/1992 1995/1/1995 
f 1996/1/1996 1997/1/1997 1998/1/1998 
f 1700/1/1700 1996/1/1996 1999/1/1999 
f 1158/1/1158 2000/1/2000 1996/1/1996 
f 1997/1/1997 1996/1/1996 2000/1/2000 
f 2001/1/2001 2002/1/2002 2003/1/2003 
f 2002/1/2002 1854/1/1854 1925/1/1925 
f 1926/1/1926 2004/1/2004 2003/1/2003 
f 2005/1/2005 2003/1/2003 2004/1/2004 
f 2006/1/2006 2007/1/2007 2008/1/2008 
f 1720/1/1720 2008/1/2008 2007/1/2007 
f 1759/1/1759 2009/1/2009 2008/1/2008 
f 2010/1/2010 2008/1/2008 2009/1/2009 
f 1743/1/1743 2011/1/2011 2012/1/2012 
f 2013/1/2013 2012/1/2012 2011/1/2011 
f 1954/1/1954 2014/1/2014 2012/1/2012 
f 120/1/120 2012/1/2012 2014/1/2014 
f 1958/1/1958 2015/1/2015 2014/1/2014 
f 2016/1/2016 2017/1/2017 2015/1/2015 
f 1804/1/1804 1803/1/1803 2015/1/2015 
f 122/1/122 2014/1/2014 2015/1/2015 
f 1633/1/1633 1955/1/1955 2018/1/2018 
f 2013/1/2013 2018/1/2018 1955/1/1955 
f 2019/1/2019 2020/1/2020 2018/1/2018 
f 1755/1/1755 2018/1/2018 2020/1/2020 
f 1804/1/1804 2017/1/2017 2021/1/2021 
f 2022/1/2022 2021/1/2021 2017/1/2017 
f 2023/1/2023 2021/1/2021 2022/1/2022 
f 232/1/232 1801/1/1801 2021/1/2021 
f 1963/1/1963 1962/1/1962 2024/1/2024 
f 2025/1/2025 2024/1/2024 1962/1/1962 
f 2026/1/2026 233/1/233 2024/1/2024 
f 2023/1/2023 2024/1/2024 233/1/233 
f 1641/1/1641 1640/1/1640 1964/1/1964 
f 1963/1/1963 2022/1/2022 2027/1/2027 
f 2027/1/2027 2022/1/2022 2016/1/2016 
f 1641/1/1641 2027/1/2027 1957/1/1957 
f 2026/1/2026 2025/1/2025 2028/1/2028 
f 1961/1/1961 2029/1/2029 2028/1/2028 
f 2030/1/2030 2031/1/2031 2028/1/2028 
f 290/1/290 2028/1/2028 2031/1/2031 
f 1960/1/1960 2032/1/2032 2029/1/2029 
f 1645/1/1645 1816/1/1816 2032/1/2032 
f 2032/1/2032 1816/1/1816 1811/1/1811 
f 2029/1/2029 2032/1/2032 2033/1/2033 
f 291/1/291 2034/1/2034 2035/1/2035 
f 2036/1/2036 2035/1/2035 2034/1/2034 
f 1965/1/1965 2037/1/2037 2035/1/2035 
f 203/1/203 2035/1/2035 2037/1/2037 
f 204/1/204 2037/1/2037 2038/1/2038 
f 1969/1/1969 2038/1/2038 2037/1/2037 
f 2039/1/2039 2040/1/2040 2038/1/2038 
f 1030/1/1030 2038/1/2038 2040/1/2040 
f 1771/1/1771 1966/1/1966 2041/1/2041 
f 2036/1/2036 2041/1/2041 1966/1/1966 
f 2042/1/2042 2043/1/2043 2041/1/2041 
f 1792/1/1792 2041/1/2041 2043/1/2043 
f 1865/1/1865 2044/1/2044 2045/1/2045 
f 2046/1/2046 2045/1/2045 2044/1/2044 
f 1970/1/1970 2047/1/2047 2045/1/2045 
f 1862/1/1862 2045/1/2045 2047/1/2047 
f 1170/1/1170 2047/1/2047 2048/1/2048 
f 1975/1/1975 2048/1/2048 2047/1/2047 
f 2049/1/2049 2000/1/2000 2048/1/2048 
f 1164/1/1164 2048/1/2048 2000/1/2000 
f 1900/1/1900 1971/1/1971 2050/1/2050 
f 2046/1/2046 2050/1/2050 1971/1/1971 
f 2051/1/2051 2052/1/2052 2050/1/2050 
f 1647/1/1647 2050/1/2050 2052/1/2052 
f 2053/1/2053 2054/1/2054 2055/1/2055 
f 2056/1/2056 2055/1/2055 2054/1/2054 
f 137/1/137 131/1/131 2055/1/2055 
f 2057/1/2057 2055/1/2055 131/1/131 
f 2058/1/2058 2059/1/2059 2060/1/2060 
f 2061/1/2061 2060/1/2060 2059/1/2059 
f 238/1/238 138/1/138 2060/1/2060 
f 2056/1/2056 2060/1/2060 138/1/138 
f 2059/1/2059 2058/1/2058 2062/1/2062 
f 1809/1/1809 2063/1/2063 2062/1/2062 
f 2064/1/2064 2063/1/2063 1809/1/1809 
f 2065/1/2065 2059/1/2059 2063/1/2063 
f 1734/1/1734 1739/1/1739 2066/1/2066 
f 2062/1/2062 2066/1/2066 1739/1/1739 
f 2058/1/2058 2054/1/2054 2066/1/2066 
f 2067/1/2067 2066/1/2066 2054/1/2054 
f 2065/1/2065 2068/1/2068 2069/1/2069 
f 2070/1/2070 2069/1/2069 2068/1/2068 
f 1826/1/1826 239/1/239 2069/1/2069 
f 2061/1/2061 2069/1/2069 239/1/239 
f 2071/1/2071 1977/1/1977 2072/1/2072 
f 2073/1/2073 2072/1/2072 1977/1/1977 
f 1822/1/1822 1827/1/1827 2072/1/2072 
f 2070/1/2070 2072/1/2072 1827/1/1827 
f 1808/1/1808 1805/1/1805 2074/1/2074 
f 1979/1/1979 2074/1/2074 1805/1/1805 
f 2071/1/2071 2068/1/2068 2074/1/2074 
f 2064/1/2064 2074/1/2074 2068/1/2068 
f 2075/1/2075 2076/1/2076 2077/1/2077 
f 2078/1/2078 2077/1/2077 2076/1/2076 
f 1877/1/1877 1876/1/1876 2077/1/2077 
f 2079/1/2079 2077/1/2077 1876/1/1876 
f 2080/1/2080 1910/1/1910 1877/1/1877 
f 2081/1/2081 1982/1/1982 2080/1/2080 
f 1982/1/1982 1981/1/1981 2082/1/2082 
f 1910/1/1910 2080/1/2080 2082/1/2082 
f 1761/1/1761 1675/1/1675 2083/1/2083 
f 1984/1/1984 2083/1/2083 1675/1/1675 
f 2081/1/2081 2076/1/2076 2083/1/2083 
f 2076/1/2076 2075/1/2075 2084/1/2084 
f 2085/1/2085 2086/1/2086 2087/1/2087 
f 2088/1/2088 2087/1/2087 2086/1/2086 
f 1038/1/1038 224/1/224 2087/1/2087 
f 2089/1/2089 2087/1/2087 224/1/224 
f 2090/1/2090 1987/1/1987 2091/1/2091 
f 2092/1/2092 2091/1/2091 1987/1/1987 
f 1866/1/1866 1039/1/1039 2091/1/2091 
f 2088/1/2088 2091/1/2091 1039/1/1039 
f 1783/1/1783 1787/1/1787 2093/1/2093 
f 1989/1/1989 2093/1/2093 1787/1/1787 
f 2090/1/2090 2086/1/2086 2093/1/2093 
f 2094/1/2094 2093/1/2093 2086/1/2086 
f 2095/1/2095 2096/1/2096 2097/1/2097 
f 2096/1/2096 2098/1/2098 2099/1/2099 
f 2097/1/2097 2099/1/2099 1797/1/1797 
f 2100/1/2100 2097/1/2097 1796/1/1796 
f 2099/1/2099 2101/1/2101 1079/1/1079 
f 2101/1/2101 2099/1/2099 2098/1/2098 
f 2102/1/2102 2103/1/2103 2101/1/2101 
f 1079/1/1079 2101/1/2101 2103/1/2103 
f 2104/1/2104 2105/1/2105 2106/1/2106 
f 1682/1/1682 1889/1/1889 2105/1/2105 
f 1881/1/1881 2107/1/2107 2105/1/2105 
f 2106/1/2106 2105/1/2105 2107/1/2107 
f 1192/1/1192 1683/1/1683 2108/1/2108 
f 2104/1/2104 2108/1/2108 1683/1/1683 
f 2098/1/2098 2096/1/2096 2108/1/2108 
f 2096/1/2096 2095/1/2095 2109/1/2109 
f 2110/1/2110 2111/1/2111 2112/1/2112 
f 2111/1/2111 2113/1/2113 2114/1/2114 
f 2112/1/2112 2114/1/2114 2115/1/2115 
f 2116/1/2116 2112/1/2112 1314/1/1314 
f 2115/1/2115 2114/1/2114 2117/1/2117 
f 2114/1/2114 2113/1/2113 2118/1/2118 
f 2119/1/2119 2120/1/2120 2117/1/2117 
f 1306/1/1306 2117/1/2117 2120/1/2120 
f 2113/1/2113 2121/1/2121 2122/1/2122 
f 1831/1/1831 2122/1/2122 2121/1/2121 
f 1834/1/1834 2123/1/2123 2122/1/2122 
f 2118/1/2118 2122/1/2122 2123/1/2123 
f 1914/1/1914 1916/1/1916 2124/1/2124 
f 2121/1/2121 2124/1/2124 1916/1/1916 
f 2113/1/2113 2111/1/2111 2124/1/2124 
f 2125/1/2125 2124/1/2124 2111/1/2111 
f 1307/1/1307 2120/1/2120 2126/1/2126 
f 2127/1/2127 2126/1/2126 2120/1/2120 
f 2128/1/2128 2129/1/2129 2126/1/2126 
f 2129/1/2129 1411/1/1411 1416/1/1416 
f 1411/1/1411 2129/1/2129 2130/1/2130 
f 2131/1/2131 2130/1/2130 2129/1/2129 
f 2132/1/2132 2133/1/2133 2130/1/2130 
f 1942/1/1942 2130/1/2130 2133/1/2133 
f 2128/1/2128 2134/1/2134 2135/1/2135 
f 1936/1/1936 2135/1/2135 2134/1/2134 
f 2135/1/2135 1936/1/1936 1935/1/1935 
f 2131/1/2131 2135/1/2135 2136/1/2136 
f 1835/1/1835 2134/1/2134 2137/1/2137 
f 2127/1/2127 2137/1/2137 2134/1/2134 
f 2119/1/2119 2123/1/2123 2137/1/2137 
f 1833/1/1833 2137/1/2137 2123/1/2123 
f 1627/1/1627 2138/1/2138 2139/1/2139 
f 2140/1/2140 2139/1/2139 2138/1/2138 
f 2141/1/2141 2142/1/2142 2139/1/2139 
f 1628/1/1628 2139/1/2139 2142/1/2142 
f 2142/1/2142 2141/1/2141 2143/1/2143 
f 2144/1/2144 2145/1/2145 2143/1/2143 
f 1614/1/1614 1625/1/1625 2145/1/2145 
f 2142/1/2142 2145/1/2145 1625/1/1625 
f 2146/1/2146 2147/1/2147 2148/1/2148 
f 2149/1/2149 2148/1/2148 2147/1/2147 
f 2150/1/2150 1615/1/1615 2148/1/2148 
f 2144/1/2144 2148/1/2148 1615/1/1615 
f 2150/1/2150 2149/1/2149 2151/1/2151 
f 2152/1/2152 2151/1/2151 2149/1/2149 
f 2153/1/2153 2154/1/2154 2151/1/2151 
f 1953/1/1953 2151/1/2151 2154/1/2154 
f 1950/1/1950 2154/1/2154 2155/1/2155 
f 2156/1/2156 2155/1/2155 2154/1/2154 
f 2157/1/2157 2158/1/2158 2155/1/2155 
f 2158/1/2158 1947/1/1947 1946/1/1946 
f 2159/1/2159 2160/1/2160 2161/1/2161 
f 2162/1/2162 2161/1/2161 2160/1/2160 
f 2163/1/2163 1409/1/1409 2161/1/2161 
f 2164/1/2164 2161/1/2161 1409/1/1409 
f 2163/1/2163 2162/1/2162 2165/1/2165 
f 1993/1/1993 2165/1/2165 2162/1/2162 
f 2166/1/2166 2167/1/2167 2165/1/2165 
f 2167/1/2167 1845/1/1845 1844/1/1844 
f 1933/1/1933 1932/1/1932 2168/1/2168 
f 1991/1/1991 2168/1/2168 1932/1/1932 
f 2169/1/2169 2160/1/2160 2168/1/2168 
f 2170/1/2170 2168/1/2168 2160/1/2160 
f 1845/1/1845 2167/1/2167 2171/1/2171 
f 2172/1/2172 2171/1/2171 2167/1/2167 
f 2173/1/2173 2174/1/2174 2171/1/2171 
f 1839/1/1839 2171/1/2171 2174/1/2174 
f 1840/1/1840 2174/1/2174 2175/1/2175 
f 2176/1/2176 2175/1/2175 2174/1/2174 
f 2177/1/2177 2004/1/2004 2175/1/2175 
f 2004/1/2004 1926/1/1926 1930/1/1930 
f 2176/1/2176 2178/1/2178 2179/1/2179 
f 2173/1/2173 2180/1/2180 2178/1/2178 
f 2181/1/2181 1918/1/1918 2178/1/2178 
f 1918/1/1918 1917/1/1917 2179/1/2179 
f 1994/1/1994 1699/1/1699 2182/1/2182 
f 2180/1/2180 2182/1/2182 1699/1/1699 
f 2173/1/2173 2172/1/2172 2182/1/2182 
f 2166/1/2166 1995/1/1995 2182/1/2182 
f 2183/1/2183 2184/1/2184 2185/1/2185 
f 2186/1/2186 2185/1/2185 2184/1/2184 
f 1892/1/1892 1852/1/1852 2185/1/2185 
f 1852/1/1852 1851/1/1851 2187/1/2187 
f 1893/1/1893 1892/1/1892 2186/1/2186 
f 1997/1/1997 2188/1/2188 2186/1/2186 
f 2049/1/2049 1974/1/1974 2188/1/2188 
f 1974/1/1974 1973/1/1973 1893/1/1893 
f 1887/1/1887 1891/1/1891 2189/1/2189 
f 1999/1/1999 2189/1/2189 1891/1/1891 
f 1998/1/1998 2184/1/2184 2189/1/2189 
f 2184/1/2184 2183/1/2183 2190/1/2190 
f 1887/1/1887 2190/1/2190 2191/1/2191 
f 2192/1/2192 2191/1/2191 2190/1/2190 
f 2001/1/2001 2193/1/2193 2191/1/2191 
f 1882/1/1882 2191/1/2191 2193/1/2193 
f 1884/1/1884 2193/1/2193 2194/1/2194 
f 2005/1/2005 2194/1/2194 2193/1/2193 
f 2194/1/2194 2005/1/2005 2177/1/2177 
f 2179/1/2179 1917/1/1917 1911/1/1911 
f 1854/1/1854 2002/1/2002 2195/1/2195 
f 2192/1/2192 2195/1/2195 2002/1/2002 
f 2183/1/2183 2187/1/2187 2195/1/2195 
f 2195/1/2195 2187/1/2187 1851/1/1851 
f 2196/1/2196 1915/1/1915 1914/1/1914 
f 2125/1/2125 2110/1/2110 2197/1/2197 
f 2198/1/2198 2199/1/2199 2196/1/2196 
f 1915/1/1915 2196/1/2196 2199/1/2199 
f 2200/1/2200 1880/1/1880 1886/1/1886 
f 2199/1/2199 2198/1/2198 2201/1/2201 
f 2102/1/2102 2107/1/2107 2200/1/2200 
f 1880/1/1880 2200/1/2200 2107/1/2107 
f 2198/1/2198 2202/1/2202 2203/1/2203 
f 1708/1/1708 2203/1/2203 2202/1/2202 
f 1082/1/1082 2103/1/2103 2203/1/2203 
f 2103/1/2103 2102/1/2102 2201/1/2201 
f 1709/1/1709 2202/1/2202 2204/1/2204 
f 2197/1/2197 2204/1/2204 2202/1/2202 
f 2110/1/2110 2116/1/2116 2204/1/2204 
f 1714/1/1714 2204/1/2204 2116/1/2116 
f 2205/1/2205 1748/1/1748 1747/1/1747 
f 2010/1/2010 2205/1/2205 2206/1/2206 
f 2205/1/2205 2010/1/2010 2207/1/2207 
f 1748/1/1748 2205/1/2205 2208/1/2208 
f 2053/1/2053 2209/1/2209 2210/1/2210 
f 2211/1/2211 2210/1/2210 2209/1/2209 
f 1736/1/1736 1735/1/1735 2210/1/2210 
f 2067/1/2067 2210/1/2210 1735/1/1735 
f 2212/1/2212 2213/1/2213 1727/1/1727 
f 2214/1/2214 2209/1/2209 2213/1/2213 
f 2057/1/2057 2213/1/2213 2209/1/2209 
f 130/1/130 1727/1/1727 2213/1/2213 
f 1750/1/1750 2020/1/2020 2215/1/2215 
f 2216/1/2216 2215/1/2215 2020/1/2020 
f 2207/1/2207 2009/1/2009 2215/1/2215 
f 1758/1/1758 2215/1/2215 2009/1/2009 
f 1749/1/1749 2208/1/2208 2217/1/2217 
f 2216/1/2216 2217/1/2217 2208/1/2208 
f 2019/1/2019 2011/1/2011 2217/1/2217 
f 1741/1/1741 2217/1/2217 2011/1/2011 
f 1031/1/1031 2040/1/2040 2218/1/2218 
f 2219/1/2219 2218/1/2218 2040/1/2040 
f 2051/1/2051 2044/1/2044 2218/1/2218 
f 1863/1/1863 2218/1/2218 2044/1/2044 
f 2039/1/2039 1968/1/1968 2220/1/2220 
f 1775/1/1775 2220/1/2220 1968/1/1968 
f 1650/1/1650 2052/1/2052 2220/1/2220 
f 2219/1/2219 2220/1/2220 2052/1/2052 
f 1986/1/1986 2221/1/2221 2222/1/2222 
f 2079/1/2079 2222/1/2222 2221/1/2221 
f 1875/1/1875 1867/1/1867 2222/1/2222 
f 2092/1/2092 2222/1/2222 1867/1/1867 
f 2075/1/2075 2221/1/2221 2223/1/2223 
f 1990/1/1990 2223/1/2223 2221/1/2221 
f 1764/1/1764 1762/1/1762 2223/1/2223 
f 1762/1/1762 1761/1/1761 2084/1/2084 
f 1976/1/1976 2224/1/2224 2225/1/2225 
f 2089/1/2089 2225/1/2225 2224/1/2224 
f 223/1/223 1823/1/1823 2225/1/2225 
f 2073/1/2073 2225/1/2225 1823/1/1823 
f 2226/1/2226 1980/1/1980 1662/1/1662 
f 2094/1/2094 2226/1/2226 1784/1/1784 
f 2085/1/2085 2224/1/2224 2226/1/2226 
f 1980/1/1980 2226/1/2226 2224/1/2224 
f 2227/1/2227 295/1/295 285/1/285 
f 2228/1/2228 2227/1/2227 2031/1/2031 
f 2227/1/2227 2228/1/2228 2042/1/2042 
f 2034/1/2034 291/1/291 295/1/295 
f 1789/1/1789 2043/1/2043 2229/1/2229 
f 2228/1/2228 2229/1/2229 2043/1/2043 
f 2030/1/2030 2033/1/2033 2229/1/2229 
f 2033/1/2033 1811/1/1811 1814/1/1814 
f 2109/1/2109 2230/1/2230 1193/1/1193 
f 2230/1/2230 2109/1/2109 2095/1/2095 
f 1985/1/1985 2230/1/2230 2231/1/2231 
f 1676/1/1676 1193/1/1193 2230/1/2230 
f 2100/1/2100 2232/1/2232 2231/1/2231 
f 2100/1/2100 1905/1/1905 1904/1/1904 
f 1907/1/1907 2082/1/2082 2232/1/2232 
f 2231/1/2231 2232/1/2232 2082/1/2082 
f 1563/1/1563 2233/1/2233 2234/1/2234 
f 2233/1/2233 2235/1/2235 2236/1/2236 
f 2234/1/2234 2236/1/2236 2237/1/2237 
f 1564/1/1564 2234/1/2234 806/1/806 
f 975/1/975 2238/1/2238 2239/1/2239 
f 2240/1/2240 2239/1/2239 2238/1/2238 
f 787/1/787 964/1/964 2239/1/2239 
f 969/1/969 976/1/976 2239/1/2239 
f 2241/1/2241 2242/1/2242 2243/1/2243 
f 2238/1/2238 2243/1/2243 2242/1/2242 
f 975/1/975 999/1/999 2243/1/2243 
f 2244/1/2244 2243/1/2243 999/1/999 
f 2245/1/2245 2246/1/2246 2247/1/2247 
f 2248/1/2248 2249/1/2249 2247/1/2247 
f 789/1/789 788/1/788 2247/1/2247 
f 2240/1/2240 2247/1/2247 788/1/788 
f 2245/1/2245 2242/1/2242 2250/1/2250 
f 2251/1/2251 2250/1/2250 2242/1/2242 
f 2252/1/2252 2253/1/2253 2250/1/2250 
f 2246/1/2246 2250/1/2250 2253/1/2253 
f 2253/1/2253 2252/1/2252 2254/1/2254 
f 2254/1/2254 796/1/796 794/1/794 
f 2249/1/2249 2255/1/2255 794/1/794 
f 2255/1/2255 2249/1/2249 2248/1/2248 
f 1571/1/1571 796/1/796 2254/1/2254 
f 2252/1/2252 2256/1/2256 2257/1/2257 
f 2235/1/2235 2233/1/2233 2257/1/2257 
f 2233/1/2233 1563/1/1563 1571/1/1571 
f 2256/1/2256 2258/1/2258 2236/1/2236 
f 2251/1/2251 2258/1/2258 2256/1/2256 
f 2241/1/2241 2259/1/2259 2258/1/2258 
f 2236/1/2236 2258/1/2258 2259/1/2259 
f 2237/1/2237 2259/1/2259 2260/1/2260 
f 2244/1/2244 2260/1/2260 2259/1/2259 
f 998/1/998 1009/1/1009 2260/1/2260 
f 807/1/807 2260/1/2260 1009/1/1009 
f 1459/1/1459 1452/1/1452 2261/1/2261 
f 2262/1/2262 2261/1/2261 1452/1/1452 
f 2262/1/2262 2263/1/2263 2264/1/2264 
f 1448/1/1448 2261/1/2261 2264/1/2264 
f 2265/1/2265 2266/1/2266 1514/1/1514 
f 2262/1/2262 2266/1/2266 2265/1/2265 
f 2266/1/2266 2262/1/2262 1451/1/1451 
f 1524/1/1524 1523/1/1523 1514/1/1514 
f 1503/1/1503 1502/1/1502 2267/1/2267 
f 2267/1/2267 2268/1/2268 2269/1/2269 
f 2263/1/2263 2265/1/2265 2270/1/2270 
f 1513/1/1513 1503/1/1503 2270/1/2270 
f 1449/1/1449 2271/1/2271 2272/1/2272 
f 2273/1/2273 2272/1/2272 2271/1/2271 
f 1400/1/1400 1390/1/1390 2272/1/2272 
f 1389/1/1389 1450/1/1450 2272/1/2272 
f 1449/1/1449 2264/1/2264 2274/1/2274 
f 2263/1/2263 2275/1/2275 2274/1/2274 
f 2276/1/2276 2277/1/2277 2274/1/2274 
f 2271/1/2271 2274/1/2274 2277/1/2277 
f 2276/1/2276 2275/1/2275 2278/1/2278 
f 2269/1/2269 2278/1/2278 2275/1/2275 
f 2268/1/2268 2279/1/2279 2278/1/2278 
f 2280/1/2280 2281/1/2281 2282/1/2282 
f 1407/1/1407 2282/1/2282 2281/1/2281 
f 2283/1/2283 2284/1/2284 2282/1/2282 
f 2285/1/2285 2282/1/2282 2284/1/2284 
f 2286/1/2286 2287/1/2287 2288/1/2288 
f 2289/1/2289 2288/1/2288 2287/1/2287 
f 2290/1/2290 1948/1/1948 2288/1/2288 
f 2291/1/2291 2288/1/2288 1948/1/1948 
f 2292/1/2292 2293/1/2293 2294/1/2294 
f 2295/1/2295 2294/1/2294 2293/1/2293 
f 2296/1/2296 2297/1/2297 2294/1/2294 
f 2285/1/2285 2294/1/2294 2297/1/2297 
f 2298/1/2298 2299/1/2299 2287/1/2287 
f 2296/1/2296 2295/1/2295 2299/1/2299 
f 2300/1/2300 2301/1/2301 2299/1/2299 
f 2301/1/2301 2302/1/2302 2287/1/2287 
f 1408/1/1408 2281/1/2281 2303/1/2303 
f 2304/1/2304 2303/1/2303 2281/1/2281 
f 2305/1/2305 2306/1/2306 2303/1/2303 
f 2164/1/2164 2303/1/2303 2306/1/2306 
f 2307/1/2307 2308/1/2308 2309/1/2309 
f 2291/1/2291 2309/1/2309 2308/1/2308 
f 1947/1/1947 2158/1/2158 2309/1/2309 
f 2310/1/2310 2309/1/2309 2158/1/2158 
f 2311/1/2311 2312/1/2312 2313/1/2313 
f 2298/1/2298 2313/1/2313 2312/1/2312 
f 2286/1/2286 2308/1/2308 2313/1/2313 
f 2314/1/2314 2313/1/2313 2308/1/2308 
f 2296/1/2296 2312/1/2312 2315/1/2315 
f 2316/1/2316 2315/1/2315 2312/1/2312 
f 2304/1/2304 2315/1/2315 2316/1/2316 
f 2280/1/2280 2297/1/2297 2315/1/2315 
f 2317/1/2317 2318/1/2318 2319/1/2319 
f 2170/1/2170 2318/1/2318 2317/1/2317 
f 2159/1/2159 2306/1/2306 2318/1/2318 
f 2319/1/2319 2318/1/2318 2306/1/2306 
f 2311/1/2311 2320/1/2320 2321/1/2321 
f 2322/1/2322 2321/1/2321 2320/1/2320 
f 2323/1/2323 2319/1/2319 2321/1/2321 
f 2316/1/2316 2321/1/2321 2319/1/2319 
f 2323/1/2323 2324/1/2324 2325/1/2325 
f 2326/1/2326 2325/1/2325 2324/1/2324 
f 1935/1/1935 1934/1/1934 2325/1/2325 
f 2317/1/2317 2325/1/2325 1934/1/1934 
f 2327/1/2327 2328/1/2328 2329/1/2329 
f 2330/1/2330 2329/1/2329 2328/1/2328 
f 2331/1/2331 2324/1/2324 2329/1/2329 
f 2324/1/2324 2323/1/2323 2322/1/2322 
f 2332/1/2332 2326/1/2326 2331/1/2331 
f 2333/1/2333 2332/1/2332 2334/1/2334 
f 2132/1/2132 2136/1/2136 2332/1/2332 
f 2326/1/2326 2332/1/2332 2136/1/2136 
f 2335/1/2335 2336/1/2336 2337/1/2337 
f 2338/1/2338 2334/1/2334 2337/1/2337 
f 2330/1/2330 2337/1/2337 2334/1/2334 
f 2330/1/2330 2339/1/2339 2340/1/2340 
f 2341/1/2341 2342/1/2342 2343/1/2343 
f 2344/1/2344 2345/1/2345 2342/1/2342 
f 2346/1/2346 2138/1/2138 2342/1/2342 
f 2343/1/2343 2342/1/2342 2138/1/2138 
f 2338/1/2338 2347/1/2347 2348/1/2348 
f 2349/1/2349 2348/1/2348 2347/1/2347 
f 1937/1/1937 2133/1/2133 2348/1/2348 
f 2333/1/2333 2348/1/2348 2133/1/2133 
f 2336/1/2336 2350/1/2350 2347/1/2347 
f 2351/1/2351 2350/1/2350 2336/1/2336 
f 2352/1/2352 2353/1/2353 2350/1/2350 
f 2354/1/2354 2347/1/2347 2350/1/2350 
f 2355/1/2355 2356/1/2356 2357/1/2357 
f 2351/1/2351 2357/1/2357 2356/1/2356 
f 2335/1/2335 2358/1/2358 2357/1/2357 
f 2341/1/2341 2357/1/2357 2358/1/2358 
f 2359/1/2359 2360/1/2360 2361/1/2361 
f 2362/1/2362 2361/1/2361 2360/1/2360 
f 2355/1/2355 2343/1/2343 2361/1/2361 
f 1632/1/1632 2361/1/2361 2343/1/2343 
f 2354/1/2354 2363/1/2363 2364/1/2364 
f 2365/1/2365 2364/1/2364 2363/1/2363 
f 2366/1/2366 1938/1/1938 2364/1/2364 
f 2349/1/2349 2364/1/2364 1938/1/1938 
f 2353/1/2353 2367/1/2367 2363/1/2363 
f 2368/1/2368 2367/1/2367 2353/1/2353 
f 2369/1/2369 2370/1/2370 2367/1/2367 
f 2371/1/2371 2363/1/2363 2367/1/2367 
f 2372/1/2372 2373/1/2373 2374/1/2374 
f 2368/1/2368 2374/1/2374 2373/1/2373 
f 2352/1/2352 2356/1/2356 2374/1/2374 
f 2362/1/2362 2374/1/2374 2356/1/2356 
f 2375/1/2375 2376/1/2376 2377/1/2377 
f 2378/1/2378 2379/1/2379 2377/1/2377 
f 2365/1/2365 2377/1/2377 2379/1/2379 
f 2365/1/2365 2371/1/2371 2380/1/2380 
f 2371/1/2371 2370/1/2370 2381/1/2381 
f 2382/1/2382 2381/1/2381 2370/1/2370 
f 2383/1/2383 2384/1/2384 2381/1/2381 
f 2380/1/2380 2381/1/2381 2384/1/2384 
f 1590/1/1590 2385/1/2385 2386/1/2386 
f 2385/1/2385 2387/1/2387 2388/1/2388 
f 2389/1/2389 2390/1/2390 2386/1/2386 
f 1610/1/1610 2386/1/2386 2390/1/2390 
f 2387/1/2387 2391/1/2391 2392/1/2392 
f 2393/1/2393 2392/1/2392 2391/1/2391 
f 2394/1/2394 2395/1/2395 2392/1/2392 
f 2396/1/2396 2392/1/2392 2395/1/2395 
f 1432/1/1432 1439/1/1439 2397/1/2397 
f 1439/1/1439 1441/1/1441 2398/1/2398 
f 2393/1/2393 2397/1/2397 2398/1/2398 
f 1445/1/1445 1444/1/1444 2397/1/2397 
f 2385/1/2385 2399/1/2399 2391/1/2391 
f 1595/1/1595 2399/1/2399 2385/1/2385 
f 2399/1/2399 1595/1/1595 1574/1/1574 
f 2399/1/2399 1577/1/1577 1445/1/1445 
f 661/1/661 653/1/653 2400/1/2400 
f 2401/1/2401 2400/1/2400 653/1/653 
f 2400/1/2400 2401/1/2401 2402/1/2402 
f 673/1/673 2400/1/2400 2403/1/2403 
f 668/1/668 2403/1/2403 2404/1/2404 
f 2405/1/2405 2404/1/2404 2403/1/2403 
f 2406/1/2406 6/1/6 2404/1/2404 
f 676/1/676 2404/1/2404 6/1/6 
f 2407/1/2407 2408/1/2408 2409/1/2409 
f 2410/1/2410 2407/1/2407 2411/1/2411 
f 2412/1/2412 142/1/142 2407/1/2407 
f 2408/1/2408 2407/1/2407 142/1/142 
f 141/1/141 242/1/242 2413/1/2413 
f 2414/1/2414 2413/1/2413 242/1/242 
f 2415/1/2415 2416/1/2416 2413/1/2413 
f 2408/1/2408 2413/1/2413 2416/1/2416 
f 2417/1/2417 2418/1/2418 2419/1/2419 
f 49/1/49 2419/1/2419 2418/1/2418 
f 48/1/48 129/1/129 2419/1/2419 
f 129/1/129 128/1/128 2420/1/2420 
f 2421/1/2421 2422/1/2422 2423/1/2423 
f 2424/1/2424 2422/1/2422 2421/1/2421 
f 1872/1/1872 1909/1/1909 2422/1/2422 
f 1901/1/1901 2423/1/2423 2422/1/2422 
f 2425/1/2425 2424/1/2424 2426/1/2426 
f 2427/1/2427 2425/1/2425 2428/1/2428 
f 1870/1/1870 1873/1/1873 2425/1/2425 
f 2424/1/2424 2425/1/2425 1873/1/1873 
f 2429/1/2429 2430/1/2430 2431/1/2431 
f 2432/1/2432 2433/1/2433 2431/1/2431 
f 1021/1/1021 1098/1/1098 2433/1/2433 
f 2429/1/2429 2433/1/2433 1098/1/1098 
f 2434/1/2434 2435/1/2435 2436/1/2436 
f 2437/1/2437 2436/1/2436 2435/1/2435 
f 2438/1/2438 2439/1/2439 2436/1/2436 
f 246/1/246 2436/1/2436 2439/1/2439 
f 2440/1/2440 2441/1/2441 2442/1/2442 
f 1940/1/1940 2442/1/2442 2441/1/2441 
f 2366/1/2366 2379/1/2379 2442/1/2442 
f 2443/1/2443 2442/1/2442 2379/1/2379 
f 1626/1/1626 1619/1/1619 2444/1/2444 
f 2445/1/2445 2444/1/2444 1619/1/1619 
f 2446/1/2446 2447/1/2447 2444/1/2444 
f 2448/1/2448 2444/1/2444 2447/1/2447 
f 2446/1/2446 2445/1/2445 2449/1/2449 
f 1952/1/1952 2449/1/2449 2445/1/2445 
f 1943/1/1943 2450/1/2450 2449/1/2449 
f 2451/1/2451 2449/1/2449 2450/1/2450 
f 2290/1/2290 2452/1/2452 2453/1/2453 
f 2454/1/2454 2453/1/2453 2452/1/2452 
f 2455/1/2455 2450/1/2450 2453/1/2453 
f 1949/1/1949 2453/1/2453 2450/1/2450 
f 2456/1/2456 2452/1/2452 2457/1/2457 
f 2289/1/2289 2457/1/2457 2452/1/2452 
f 2302/1/2302 2458/1/2458 2457/1/2457 
f 2459/1/2459 2457/1/2457 2458/1/2458 
f 2460/1/2460 2461/1/2461 2462/1/2462 
f 1928/1/1928 2462/1/2462 2461/1/2461 
f 1923/1/1923 2463/1/2463 2462/1/2462 
f 2464/1/2464 2462/1/2462 2463/1/2463 
f 2465/1/2465 2466/1/2466 2467/1/2467 
f 2468/1/2468 2467/1/2467 2466/1/2466 
f 1857/1/1857 1848/1/1848 2467/1/2467 
f 2469/1/2469 2467/1/2467 1848/1/1848 
f 1090/1/1090 2470/1/2470 2471/1/2471 
f 2469/1/2469 2471/1/2471 2470/1/2470 
f 1847/1/1847 1897/1/1897 2471/1/2471 
f 1091/1/1091 2471/1/2471 1897/1/1897 
f 2472/1/2472 2473/1/2473 2474/1/2474 
f 2475/1/2475 2474/1/2474 2473/1/2473 
f 2476/1/2476 2277/1/2277 2474/1/2474 
f 2477/1/2477 2474/1/2474 2277/1/2277 
f 2478/1/2478 2479/1/2479 2480/1/2480 
f 1401/1/1401 2480/1/2480 2479/1/2479 
f 1400/1/1400 2273/1/2273 2480/1/2480 
f 2475/1/2475 2480/1/2480 2273/1/2273 
f 2481/1/2481 2482/1/2482 2483/1/2483 
f 2484/1/2484 2463/1/2463 2483/1/2483 
f 1921/1/1921 2483/1/2483 2463/1/2463 
f 2485/1/2485 2483/1/2483 1921/1/1921 
f 2486/1/2486 2487/1/2487 2488/1/2488 
f 2485/1/2485 2488/1/2488 2487/1/2487 
f 1920/1/1920 1858/1/1858 2488/1/2488 
f 2468/1/2468 2488/1/2488 1858/1/1858 
f 2489/1/2489 2490/1/2490 2491/1/2491 
f 2492/1/2492 2491/1/2491 2490/1/2490 
f 35/1/35 41/1/41 2491/1/2491 
f 45/1/45 2491/1/2491 41/1/41 
f 2493/1/2493 2494/1/2494 2495/1/2495 
f 2496/1/2496 2495/1/2495 2494/1/2494 
f 134/1/134 2495/1/2495 2496/1/2496 
f 134/1/134 2412/1/2412 2410/1/2410 
f 2497/1/2497 2498/1/2498 2499/1/2499 
f 2497/1/2497 2500/1/2500 2501/1/2501 
f 2502/1/2502 2498/1/2498 2501/1/2501 
f 2503/1/2503 2499/1/2499 2498/1/2498 
f 2504/1/2504 2505/1/2505 2506/1/2506 
f 2502/1/2502 2506/1/2506 2505/1/2505 
f 2507/1/2507 2494/1/2494 2506/1/2506 
f 2508/1/2508 2506/1/2506 2494/1/2494 
f 2503/1/2503 2505/1/2505 2509/1/2509 
f 2510/1/2510 2509/1/2509 2505/1/2505 
f 101/1/101 100/1/100 2509/1/2509 
f 2511/1/2511 2509/1/2509 100/1/100 
f 2500/1/2500 2512/1/2512 2513/1/2513 
f 2512/1/2512 1725/1/1725 1724/1/1724 
f 135/1/135 2496/1/2496 2513/1/2513 
f 2496/1/2496 2507/1/2507 2501/1/2501 
f 2514/1/2514 2515/1/2515 2516/1/2516 
f 2517/1/2517 2499/1/2499 2516/1/2516 
f 2511/1/2511 2516/1/2516 2499/1/2499 
f 29/1/29 2516/1/2516 2511/1/2511 
f 2518/1/2518 2519/1/2519 2520/1/2520 
f 2521/1/2521 2520/1/2520 2519/1/2519 
f 2521/1/2521 1717/1/1717 1723/1/1723 
f 2522/1/2522 2520/1/2520 1723/1/1723 
f 2523/1/2523 2524/1/2524 2525/1/2525 
f 2526/1/2526 2525/1/2525 2524/1/2524 
f 2527/1/2527 2519/1/2519 2525/1/2525 
f 2528/1/2528 2525/1/2525 2519/1/2519 
f 2529/1/2529 2524/1/2524 2530/1/2530 
f 2531/1/2531 2530/1/2530 2524/1/2524 
f 2532/1/2532 2490/1/2490 2530/1/2530 
f 2533/1/2533 2530/1/2530 2490/1/2490 
f 2529/1/2529 2534/1/2534 2535/1/2535 
f 2536/1/2536 2535/1/2535 2534/1/2534 
f 2537/1/2537 2538/1/2538 2535/1/2535 
f 2526/1/2526 2535/1/2535 2538/1/2538 
f 2539/1/2539 2534/1/2534 2540/1/2540 
f 2533/1/2533 2540/1/2540 2534/1/2534 
f 2489/1/2489 43/1/43 2540/1/2540 
f 2541/1/2541 2540/1/2540 43/1/43 
f 1753/1/1753 2542/1/2542 146/1/146 
f 1756/1/1756 2543/1/2543 2542/1/2542 
f 2537/1/2537 2544/1/2544 2542/1/2542 
f 2544/1/2544 147/1/147 146/1/146 
f 2537/1/2537 2536/1/2536 2545/1/2545 
f 2546/1/2546 2545/1/2545 2536/1/2536 
f 2545/1/2545 2546/1/2546 2547/1/2547 
f 2544/1/2544 2545/1/2545 2548/1/2548 
f 2527/1/2527 2538/1/2538 2549/1/2549 
f 2543/1/2543 2549/1/2549 2538/1/2538 
f 1760/1/1760 2549/1/2549 2543/1/2543 
f 1717/1/1717 2521/1/2521 2549/1/2549 
f 2550/1/2550 2551/1/2551 2552/1/2552 
f 2553/1/2553 2552/1/2552 2551/1/2551 
f 1035/1/1035 1871/1/1871 2552/1/2552 
f 2427/1/2427 2552/1/2552 1871/1/1871 
f 2554/1/2554 2555/1/2555 2418/1/2418 
f 2554/1/2554 2547/1/2547 2546/1/2546 
f 2546/1/2546 2539/1/2539 2541/1/2541 
f 42/1/42 2418/1/2418 2555/1/2555 
f 2553/1/2553 2556/1/2556 1036/1/1036 
f 2557/1/2557 2556/1/2556 2553/1/2553 
f 2558/1/2558 2559/1/2559 2556/1/2556 
f 219/1/219 1036/1/1036 2556/1/2556 
f 2560/1/2560 2561/1/2561 2562/1/2562 
f 2563/1/2563 2562/1/2562 2561/1/2561 
f 2564/1/2564 2565/1/2565 2562/1/2562 
f 2557/1/2557 2562/1/2562 2565/1/2565 
f 2566/1/2566 2567/1/2567 2432/1/2432 
f 2566/1/2566 2568/1/2568 2569/1/2569 
f 1016/1/1016 1022/1/1022 2567/1/2567 
f 2432/1/2432 2567/1/2567 1022/1/1022 
f 196/1/196 2570/1/2570 2571/1/2571 
f 2563/1/2563 2571/1/2571 2570/1/2570 
f 2572/1/2572 2573/1/2573 2571/1/2571 
f 1045/1/1045 2571/1/2571 2573/1/2573 
f 2568/1/2568 2574/1/2574 2575/1/2575 
f 2576/1/2576 2575/1/2575 2574/1/2574 
f 216/1/216 1017/1/1017 2575/1/2575 
f 2569/1/2569 2575/1/2575 1017/1/1017 
f 2568/1/2568 2577/1/2577 2578/1/2578 
f 2579/1/2579 2578/1/2578 2577/1/2577 
f 2580/1/2580 2581/1/2581 2578/1/2578 
f 2574/1/2574 2578/1/2578 2581/1/2581 
f 209/1/209 2582/1/2582 2583/1/2583 
f 2579/1/2579 2583/1/2583 2582/1/2582 
f 2584/1/2584 2585/1/2585 2583/1/2583 
f 1023/1/1023 2583/1/2583 2585/1/2585 
f 2558/1/2558 2586/1/2586 2587/1/2587 
f 2586/1/2586 2588/1/2588 2589/1/2589 
f 1817/1/1817 220/1/220 2587/1/2587 
f 2559/1/2559 2587/1/2587 220/1/220 
f 2565/1/2565 2564/1/2564 2590/1/2590 
f 2591/1/2591 2592/1/2592 2593/1/2593 
f 2586/1/2586 2593/1/2593 2592/1/2592 
f 2586/1/2586 2558/1/2558 2565/1/2565 
f 2590/1/2590 2594/1/2594 2595/1/2595 
f 2564/1/2564 2570/1/2570 2594/1/2594 
f 195/1/195 2594/1/2594 2570/1/2570 
f 195/1/195 282/1/282 2595/1/2595 
f 2576/1/2576 2596/1/2596 217/1/217 
f 2597/1/2597 2596/1/2596 2576/1/2576 
f 2598/1/2598 2599/1/2599 2596/1/2596 
f 217/1/217 2596/1/2596 2599/1/2599 
f 2600/1/2600 2601/1/2601 2602/1/2602 
f 2597/1/2597 2602/1/2602 2601/1/2601 
f 2603/1/2603 2581/1/2581 2602/1/2602 
f 2604/1/2604 2602/1/2602 2581/1/2581 
f 1793/1/1793 2605/1/2605 2606/1/2606 
f 2607/1/2607 2606/1/2606 2605/1/2605 
f 2608/1/2608 2423/1/2423 2606/1/2606 
f 1906/1/1906 2606/1/2606 2423/1/2423 
f 2609/1/2609 2610/1/2610 2611/1/2611 
f 2604/1/2604 2611/1/2611 2610/1/2610 
f 2580/1/2580 2582/1/2582 2611/1/2611 
f 208/1/208 2611/1/2611 2582/1/2582 
f 1085/1/1085 2612/1/2612 2613/1/2613 
f 2612/1/2612 2614/1/2614 2615/1/2615 
f 2616/1/2616 2605/1/2605 2613/1/2613 
f 1798/1/1798 2613/1/2613 2605/1/2605 
f 2617/1/2617 2618/1/2618 2619/1/2619 
f 2615/1/2615 2619/1/2619 2618/1/2618 
f 2619/1/2619 2615/1/2615 2614/1/2614 
f 2620/1/2620 2619/1/2619 2621/1/2621 
f 168/1/168 2439/1/2439 2622/1/2622 
f 2623/1/2623 2622/1/2622 2439/1/2439 
f 2624/1/2624 2625/1/2625 2622/1/2622 
f 166/1/166 169/1/169 2622/1/2622 
f 2620/1/2620 2626/1/2626 2627/1/2627 
f 2626/1/2626 2620/1/2620 2628/1/2628 
f 2629/1/2629 1199/1/1199 2626/1/2626 
f 2627/1/2627 2626/1/2626 1199/1/1199 
f 2504/1/2504 2630/1/2630 2631/1/2631 
f 2632/1/2632 2631/1/2631 2630/1/2630 
f 2633/1/2633 2631/1/2631 2632/1/2632 
f 2633/1/2633 101/1/101 2510/1/2510 
f 2624/1/2624 2634/1/2634 2635/1/2635 
f 2420/1/2420 2635/1/2635 2634/1/2634 
f 2635/1/2635 2420/1/2420 128/1/128 
f 2625/1/2625 2635/1/2635 167/1/167 
f 2636/1/2636 2630/1/2630 2637/1/2637 
f 2508/1/2508 2637/1/2637 2630/1/2630 
f 2493/1/2493 2411/1/2411 2637/1/2637 
f 2638/1/2638 2637/1/2637 2411/1/2411 
f 92/1/92 2639/1/2639 2640/1/2640 
f 2641/1/2641 2640/1/2640 2639/1/2639 
f 2642/1/2642 280/1/280 2640/1/2640 
f 96/1/96 2640/1/2640 280/1/280 
f 2643/1/2643 2632/1/2632 2644/1/2644 
f 2636/1/2636 2645/1/2645 2644/1/2644 
f 2646/1/2646 2644/1/2644 2645/1/2645 
f 2641/1/2641 2644/1/2644 2646/1/2646 
f 88/1/88 102/1/102 2647/1/2647 
f 2633/1/2633 2647/1/2647 102/1/102 
f 2647/1/2647 2633/1/2633 2643/1/2643 
f 91/1/91 2647/1/2647 2639/1/2639 
f 2648/1/2648 2649/1/2649 2650/1/2650 
f 2651/1/2651 2650/1/2650 2649/1/2649 
f 2588/1/2588 2592/1/2592 2650/1/2650 
f 2652/1/2652 2650/1/2650 2592/1/2592 
f 2653/1/2653 2645/1/2645 2654/1/2654 
f 2645/1/2645 2636/1/2636 2638/1/2638 
f 2654/1/2654 2638/1/2638 2409/1/2409 
f 2655/1/2655 2654/1/2654 2416/1/2416 
f 277/1/277 2656/1/2656 2657/1/2657 
f 2652/1/2652 2657/1/2657 2656/1/2656 
f 2591/1/2591 2595/1/2595 2657/1/2657 
f 284/1/284 2657/1/2657 2595/1/2595 
f 1820/1/1820 2658/1/2658 2659/1/2659 
f 2660/1/2660 2659/1/2659 2658/1/2658 
f 2415/1/2415 2414/1/2414 2659/1/2659 
f 1828/1/1828 2659/1/2659 2414/1/2414 
f 2661/1/2661 2649/1/2649 2662/1/2662 
f 2663/1/2663 2662/1/2662 2649/1/2649 
f 2662/1/2662 2663/1/2663 2653/1/2653 
f 2655/1/2655 2415/1/2415 2660/1/2660 
f 1817/1/1817 2589/1/2589 2664/1/2664 
f 2651/1/2651 2664/1/2664 2589/1/2589 
f 2661/1/2661 2658/1/2658 2664/1/2664 
f 2658/1/2658 1820/1/1820 1818/1/1818 
f 2642/1/2642 2646/1/2646 2665/1/2665 
f 2663/1/2663 2665/1/2665 2646/1/2646 
f 2648/1/2648 2656/1/2656 2665/1/2665 
f 281/1/281 2665/1/2665 2656/1/2656 
f 2434/1/2434 308/1/308 2666/1/2666 
f 2667/1/2667 2666/1/2666 308/1/308 
f 2667/1/2667 2668/1/2668 2669/1/2669 
f 2670/1/2670 2435/1/2435 2666/1/2666 
f 2671/1/2671 2672/1/2672 2599/1/2599 
f 2668/1/2668 2667/1/2667 2672/1/2672 
f 307/1/307 253/1/253 2672/1/2672 
f 2599/1/2599 2672/1/2672 253/1/253 
f 2673/1/2673 2674/1/2674 2675/1/2675 
f 2676/1/2676 2675/1/2675 2674/1/2674 
f 2440/1/2440 2677/1/2677 2675/1/2675 
f 2678/1/2678 2675/1/2675 2677/1/2677 
f 2679/1/2679 2680/1/2680 2681/1/2681 
f 2682/1/2682 2681/1/2681 2680/1/2680 
f 1420/1/1420 1288/1/1288 2681/1/2681 
f 1288/1/1288 1287/1/1287 2683/1/2683 
f 1415/1/1415 2684/1/2684 2685/1/2685 
f 2686/1/2686 2685/1/2685 2684/1/2684 
f 2687/1/2687 2688/1/2688 2685/1/2685 
f 1309/1/1309 2685/1/2685 2688/1/2688 
f 2686/1/2686 2689/1/2689 2690/1/2690 
f 2691/1/2691 2674/1/2674 2689/1/2689 
f 2673/1/2673 2680/1/2680 2689/1/2689 
f 2690/1/2690 2689/1/2689 2680/1/2680 
f 1941/1/1941 2441/1/2441 2692/1/2692 
f 2676/1/2676 2692/1/2692 2441/1/2441 
f 2691/1/2691 2684/1/2684 2692/1/2692 
f 1414/1/1414 2692/1/2692 2684/1/2684 
f 2682/1/2682 2693/1/2693 1421/1/1421 
f 2678/1/2678 2693/1/2693 2682/1/2682 
f 2694/1/2694 2695/1/2695 2693/1/2693 
f 2696/1/2696 1421/1/1421 2693/1/2693 
f 2697/1/2697 1846/1/1846 1836/1/1836 
f 2698/1/2698 2697/1/2697 2699/1/2699 
f 2700/1/2700 2701/1/2701 2697/1/2697 
f 1404/1/1404 1846/1/1846 2697/1/2697 
f 1929/1/1929 2461/1/2461 2702/1/2702 
f 2703/1/2703 2702/1/2702 2461/1/2461 
f 2704/1/2704 2699/1/2699 2702/1/2702 
f 1842/1/1842 2702/1/2702 2699/1/2699 
f 2705/1/2705 2706/1/2706 2707/1/2707 
f 1334/1/1334 2707/1/2707 2706/1/2706 
f 1344/1/1344 2708/1/2708 2707/1/2707 
f 2709/1/2709 2707/1/2707 2708/1/2708 
f 1100/1/1100 1099/1/1099 2710/1/2710 
f 2706/1/2706 2710/1/2710 1099/1/1099 
f 2705/1/2705 2711/1/2711 2710/1/2710 
f 2712/1/2712 2710/1/2710 2711/1/2711 
f 2713/1/2713 2714/1/2714 2715/1/2715 
f 2716/1/2716 2715/1/2715 2714/1/2714 
f 2486/1/2486 2466/1/2466 2715/1/2715 
f 2466/1/2466 2465/1/2465 2717/1/2717 
f 2718/1/2718 2719/1/2719 2720/1/2720 
f 2709/1/2709 2720/1/2720 2719/1/2719 
f 2721/1/2721 2722/1/2722 2720/1/2720 
f 2723/1/2723 2720/1/2720 2722/1/2722 
f 2724/1/2724 2711/1/2711 2725/1/2725 
f 2719/1/2719 2725/1/2725 2711/1/2711 
f 2718/1/2718 2714/1/2714 2725/1/2725 
f 2714/1/2714 2713/1/2713 2726/1/2726 
f 2727/1/2727 2728/1/2728 2729/1/2729 
f 1777/1/1777 2729/1/2729 2728/1/2728 
f 1767/1/1767 1026/1/1026 2729/1/2729 
f 2730/1/2730 2729/1/2729 1026/1/1026 
f 2716/1/2716 2731/1/2731 2487/1/2487 
f 2723/1/2723 2731/1/2731 2716/1/2716 
f 2732/1/2732 2733/1/2733 2731/1/2731 
f 2733/1/2733 2481/1/2481 2487/1/2487 
f 2734/1/2734 2735/1/2735 2736/1/2736 
f 2737/1/2737 2736/1/2736 2735/1/2735 
f 2584/1/2584 2577/1/2577 2736/1/2736 
f 2566/1/2566 2736/1/2736 2577/1/2577 
f 1773/1/1773 2728/1/2728 2738/1/2738 
f 2739/1/2739 2738/1/2738 2728/1/2728 
f 2738/1/2738 2739/1/2739 2740/1/2740 
f 1652/1/1652 2738/1/2738 1087/1/1087 
f 2727/1/2727 2741/1/2741 2742/1/2742 
f 2743/1/2743 2742/1/2742 2741/1/2741 
f 2744/1/2744 2745/1/2745 2742/1/2742 
f 2739/1/2739 2742/1/2742 2745/1/2745 
f 2746/1/2746 2741/1/2741 2747/1/2747 
f 2730/1/2730 2747/1/2747 2741/1/2741 
f 1025/1/1025 2585/1/2585 2747/1/2747 
f 2737/1/2737 2747/1/2747 2585/1/2585 
f 2748/1/2748 2749/1/2749 2750/1/2750 
f 1057/1/1057 2750/1/2750 2749/1/2749 
f 1050/1/1050 1042/1/1042 2750/1/2750 
f 2751/1/2751 2750/1/2750 1042/1/1042 
f 2430/1/2430 2752/1/2752 2753/1/2753 
f 2752/1/2752 2744/1/2744 2743/1/2743 
f 2746/1/2746 2735/1/2735 2753/1/2753 
f 2431/1/2431 2753/1/2753 2735/1/2735 
f 2550/1/2550 2754/1/2754 2755/1/2755 
f 2756/1/2756 2755/1/2755 2754/1/2754 
f 2572/1/2572 2561/1/2561 2755/1/2755 
f 2551/1/2551 2755/1/2755 2561/1/2561 
f 1053/1/1053 2749/1/2749 2757/1/2757 
f 2758/1/2758 2757/1/2757 2749/1/2749 
f 2759/1/2759 2760/1/2760 2757/1/2757 
f 1205/1/1205 2757/1/2757 2760/1/2760 
f 2758/1/2758 2761/1/2761 2762/1/2762 
f 2748/1/2748 2763/1/2763 2761/1/2761 
f 2764/1/2764 2761/1/2761 2763/1/2763 
f 2762/1/2762 2761/1/2761 2764/1/2764 
f 2765/1/2765 2763/1/2763 2766/1/2766 
f 2751/1/2751 2766/1/2766 2763/1/2763 
f 1041/1/1041 2573/1/2573 2766/1/2766 
f 2756/1/2756 2766/1/2766 2573/1/2573 
f 2767/1/2767 2768/1/2768 2769/1/2769 
f 2770/1/2770 2769/1/2769 2768/1/2768 
f 2771/1/2771 2772/1/2772 2769/1/2769 
f 2773/1/2773 2774/1/2774 2769/1/2769 
f 2775/1/2775 2764/1/2764 2776/1/2776 
f 2754/1/2754 2776/1/2776 2764/1/2764 
f 2550/1/2550 2428/1/2428 2776/1/2776 
f 2428/1/2428 2426/1/2426 2777/1/2777 
f 1074/1/1074 2778/1/2778 2779/1/2779 
f 2774/1/2774 2779/1/2779 2778/1/2778 
f 2780/1/2780 2779/1/2779 2774/1/2774 
f 1296/1/1296 1294/1/1294 2779/1/2779 
f 1706/1/1706 2781/1/2781 2782/1/2782 
f 2783/1/2783 2782/1/2782 2781/1/2781 
f 2614/1/2614 2612/1/2612 2782/1/2782 
f 1084/1/1084 2782/1/2782 2612/1/2612 
f 2784/1/2784 2768/1/2768 2785/1/2785 
f 2786/1/2786 2785/1/2785 2768/1/2768 
f 2628/1/2628 2621/1/2621 2785/1/2785 
f 2621/1/2621 2614/1/2614 2783/1/2783 
f 2784/1/2784 2781/1/2781 2787/1/2787 
f 1711/1/1711 2787/1/2787 2781/1/2781 
f 1712/1/1712 2788/1/2788 2787/1/2787 
f 2770/1/2770 2787/1/2787 2788/1/2788 
f 2724/1/2724 2789/1/2789 2790/1/2790 
f 2791/1/2791 2790/1/2790 2789/1/2789 
f 1110/1/1110 1115/1/1115 2790/1/2790 
f 2712/1/2712 2790/1/2790 1115/1/1115 
f 2792/1/2792 2793/1/2793 1078/1/1078 
f 2786/1/2786 2793/1/2793 2792/1/2792 
f 2767/1/2767 2778/1/2778 2793/1/2793 
f 1078/1/1078 2793/1/2793 2778/1/2778 
f 2740/1/2740 2745/1/2745 2794/1/2794 
f 2795/1/2795 2794/1/2794 2745/1/2745 
f 2796/1/2796 2797/1/2797 2794/1/2794 
f 1089/1/1089 2794/1/2794 2797/1/2797 
f 2791/1/2791 2798/1/2798 1111/1/1111 
f 2791/1/2791 2799/1/2799 2800/1/2800 
f 2430/1/2430 2429/1/2429 2798/1/2798 
f 1097/1/1097 1111/1/1111 2798/1/2798 
f 2799/1/2799 2801/1/2801 2802/1/2802 
f 2795/1/2795 2802/1/2802 2801/1/2801 
f 2744/1/2744 2752/1/2752 2802/1/2802 
f 2800/1/2800 2802/1/2802 2752/1/2752 
f 2713/1/2713 2803/1/2803 2804/1/2804 
f 2804/1/2804 2803/1/2803 2796/1/2796 
f 2799/1/2799 2789/1/2789 2804/1/2804 
f 2726/1/2726 2804/1/2804 2789/1/2789 
f 2805/1/2805 1196/1/1196 1195/1/1195 
f 2806/1/2806 2805/1/2805 1222/1/1222 
f 2806/1/2806 2807/1/2807 2808/1/2808 
f 1196/1/1196 2805/1/2805 2808/1/2808 
f 2803/1/2803 2809/1/2809 2797/1/2797 
f 2717/1/2717 2809/1/2809 2803/1/2803 
f 2809/1/2809 2717/1/2717 2465/1/2465 
f 1090/1/1090 2797/1/2797 2809/1/2809 
f 2616/1/2616 2618/1/2618 2810/1/2810 
f 2811/1/2811 2810/1/2810 2618/1/2618 
f 2812/1/2812 2813/1/2813 2810/1/2810 
f 2607/1/2607 2810/1/2810 2813/1/2813 
f 2807/1/2807 2806/1/2806 2814/1/2814 
f 1235/1/1235 2814/1/2814 2806/1/2806 
f 2814/1/2814 1235/1/1235 1201/1/1201 
f 2760/1/2760 2759/1/2759 2815/1/2815 
f 2812/1/2812 2816/1/2816 2817/1/2817 
f 2815/1/2815 2817/1/2817 2816/1/2816 
f 2817/1/2817 2815/1/2815 2759/1/2759 
f 2818/1/2818 2817/1/2817 2762/1/2762 
f 2807/1/2807 2816/1/2816 2819/1/2819 
f 2811/1/2811 2819/1/2819 2816/1/2816 
f 2617/1/2617 2627/1/2627 2819/1/2819 
f 2808/1/2808 2819/1/2819 2627/1/2627 
f 2690/1/2690 2679/1/2679 2820/1/2820 
f 2821/1/2821 2822/1/2822 2820/1/2820 
f 2823/1/2823 2824/1/2824 2822/1/2822 
f 2687/1/2687 2690/1/2690 2822/1/2822 
f 2608/1/2608 2813/1/2813 2825/1/2825 
f 2818/1/2818 2825/1/2825 2813/1/2813 
f 2775/1/2775 2777/1/2777 2825/1/2825 
f 2421/1/2421 2825/1/2825 2777/1/2777 
f 2826/1/2826 2827/1/2827 1301/1/1301 
f 2828/1/2828 2820/1/2820 2827/1/2827 
f 2683/1/2683 2827/1/2827 2820/1/2820 
f 2683/1/2683 1287/1/1287 1301/1/1301 
f 1716/1/1716 1715/1/1715 2829/1/2829 
f 2823/1/2823 2830/1/2830 2831/1/2831 
f 2771/1/2771 2788/1/2788 2831/1/2831 
f 1716/1/1716 2831/1/2831 2788/1/2788 
f 2771/1/2771 2830/1/2830 2832/1/2832 
f 2821/1/2821 2832/1/2832 2830/1/2830 
f 2828/1/2828 2833/1/2833 2832/1/2832 
f 2772/1/2772 2832/1/2832 2833/1/2833 
f 2824/1/2824 2834/1/2834 2688/1/2688 
f 2829/1/2829 2834/1/2834 2824/1/2824 
f 1715/1/1715 1312/1/1312 2834/1/2834 
f 2688/1/2688 2834/1/2834 1312/1/1312 
f 2835/1/2835 2836/1/2836 2837/1/2837 
f 1341/1/1341 2837/1/2837 2836/1/2836 
f 1318/1/1318 1317/1/1317 2837/1/2837 
f 2838/1/2838 2837/1/2837 1317/1/1317 
f 1335/1/1335 2836/1/2836 2839/1/2839 
f 2840/1/2840 2839/1/2839 2836/1/2836 
f 2721/1/2721 2708/1/2708 2839/1/2839 
f 1343/1/1343 2839/1/2839 2708/1/2708 
f 2773/1/2773 2833/1/2833 2841/1/2841 
f 2826/1/2826 2841/1/2841 2833/1/2833 
f 1300/1/1300 1297/1/1297 2841/1/2841 
f 2780/1/2780 2841/1/2841 1297/1/1297 
f 2481/1/2481 2733/1/2733 2842/1/2842 
f 2843/1/2843 2842/1/2842 2733/1/2733 
f 2844/1/2844 2845/1/2845 2842/1/2842 
f 2482/1/2482 2842/1/2842 2845/1/2845 
f 2844/1/2844 2846/1/2846 2847/1/2847 
f 2838/1/2838 2847/1/2847 2846/1/2846 
f 1316/1/1316 2848/1/2848 2847/1/2847 
f 2849/1/2849 2847/1/2847 2848/1/2848 
f 2835/1/2835 2846/1/2846 2850/1/2850 
f 2843/1/2843 2850/1/2850 2846/1/2846 
f 2732/1/2732 2722/1/2722 2850/1/2850 
f 2840/1/2840 2850/1/2850 2722/1/2722 
f 2851/1/2851 2852/1/2852 2853/1/2853 
f 2854/1/2854 2853/1/2853 2852/1/2852 
f 2855/1/2855 2856/1/2856 2853/1/2853 
f 2857/1/2857 2853/1/2853 2856/1/2856 
f 2484/1/2484 2845/1/2845 2858/1/2858 
f 2849/1/2849 2858/1/2858 2845/1/2845 
f 2859/1/2859 2860/1/2860 2858/1/2858 
f 2464/1/2464 2858/1/2858 2860/1/2860 
f 2861/1/2861 2856/1/2856 2862/1/2862 
f 2863/1/2863 2862/1/2862 2856/1/2856 
f 1402/1/1402 2479/1/2479 2862/1/2862 
f 2864/1/2864 2862/1/2862 2479/1/2479 
f 2700/1/2700 2865/1/2865 2866/1/2866 
f 2867/1/2867 2866/1/2866 2865/1/2865 
f 2283/1/2283 1405/1/1405 2866/1/2866 
f 2701/1/2701 2866/1/2866 1405/1/1405 
f 2292/1/2292 2284/1/2284 2868/1/2868 
f 2867/1/2867 2868/1/2868 2284/1/2284 
f 2869/1/2869 2852/1/2852 2868/1/2868 
f 2870/1/2870 2868/1/2868 2852/1/2852 
f 2696/1/2696 2871/1/2871 2872/1/2872 
f 2873/1/2873 2872/1/2872 2871/1/2871 
f 1441/1/1441 1440/1/1440 2872/1/2872 
f 1440/1/1440 1417/1/1417 1422/1/1422 
f 2874/1/2874 2875/1/2875 2876/1/2876 
f 2877/1/2877 2876/1/2876 2875/1/2875 
f 2378/1/2378 2376/1/2376 2876/1/2876 
f 2878/1/2878 2876/1/2876 2376/1/2376 
f 2695/1/2695 2694/1/2694 2879/1/2879 
f 2880/1/2880 2881/1/2881 2879/1/2879 
f 2882/1/2882 2871/1/2871 2881/1/2881 
f 2871/1/2871 2696/1/2696 2695/1/2695 
f 2394/1/2394 2398/1/2398 2883/1/2883 
f 2873/1/2873 2883/1/2883 2398/1/2398 
f 2882/1/2882 2884/1/2884 2883/1/2883 
f 2885/1/2885 2883/1/2883 2884/1/2884 
f 2886/1/2886 2884/1/2884 2887/1/2887 
f 2880/1/2880 2887/1/2887 2884/1/2884 
f 2888/1/2888 2875/1/2875 2887/1/2887 
f 2889/1/2889 2887/1/2887 2875/1/2875 
f 2378/1/2378 2877/1/2877 2890/1/2890 
f 2888/1/2888 2879/1/2879 2890/1/2890 
f 2890/1/2890 2879/1/2879 2694/1/2694 
f 2677/1/2677 2440/1/2440 2443/1/2443 
f 2891/1/2891 2892/1/2892 2893/1/2893 
f 2894/1/2894 2893/1/2893 2892/1/2892 
f 2372/1/2372 2360/1/2360 2893/1/2893 
f 2895/1/2895 2893/1/2893 2360/1/2360 
f 2896/1/2896 2897/1/2897 2898/1/2898 
f 2899/1/2899 2898/1/2898 2897/1/2897 
f 2898/1/2898 2899/1/2899 2900/1/2900 
f 2901/1/2901 2898/1/2898 2892/1/2892 
f 2900/1/2900 2902/1/2902 2903/1/2903 
f 2382/1/2382 2903/1/2903 2902/1/2902 
f 2369/1/2369 2373/1/2373 2903/1/2903 
f 2894/1/2894 2903/1/2903 2373/1/2373 
f 2904/1/2904 2905/1/2905 2906/1/2906 
f 2268/1/2268 2267/1/2267 2906/1/2906 
f 2906/1/2906 2267/1/2267 1502/1/1502 
f 2907/1/2907 2906/1/2906 2908/1/2908 
f 2909/1/2909 2897/1/2897 2910/1/2910 
f 2911/1/2911 2910/1/2910 2897/1/2897 
f 1606/1/1606 2390/1/2390 2910/1/2910 
f 2390/1/2390 2389/1/2389 2912/1/2912 
f 2913/1/2913 2914/1/2914 2915/1/2915 
f 2907/1/2907 2915/1/2915 2914/1/2914 
f 2916/1/2916 2917/1/2917 2915/1/2915 
f 2918/1/2918 2915/1/2915 2917/1/2917 
f 2919/1/2919 2920/1/2920 2905/1/2905 
f 2477/1/2477 2920/1/2920 2919/1/2919 
f 2279/1/2279 2920/1/2920 2477/1/2477 
f 2905/1/2905 2920/1/2920 2279/1/2279 
f 2921/1/2921 2922/1/2922 2923/1/2923 
f 1509/1/1509 2923/1/2923 2922/1/2922 
f 1605/1/1605 2923/1/2923 1509/1/1509 
f 2924/1/2924 2923/1/2923 1605/1/1605 
f 2925/1/2925 2922/1/2922 2926/1/2926 
f 2922/1/2922 2921/1/2921 2927/1/2927 
f 2926/1/2926 2927/1/2927 2916/1/2916 
f 2908/1/2908 1502/1/1502 1501/1/1501 
f 2918/1/2918 2928/1/2928 2929/1/2929 
f 2930/1/2930 2931/1/2931 2928/1/2928 
f 2931/1/2931 2456/1/2456 2459/1/2459 
f 2932/1/2932 2929/1/2929 2928/1/2928 
f 2933/1/2933 2934/1/2934 2935/1/2935 
f 2936/1/2936 2935/1/2935 2934/1/2934 
f 2937/1/2937 2938/1/2938 2935/1/2935 
f 2939/1/2939 2935/1/2935 2938/1/2938 
f 2940/1/2940 2934/1/2934 2941/1/2941 
f 2942/1/2942 2941/1/2941 2934/1/2934 
f 1602/1/1602 1612/1/1612 2941/1/2941 
f 2943/1/2943 2941/1/2941 1612/1/1612 
f 2359/1/2359 1631/1/1631 2944/1/2944 
f 2945/1/2945 2944/1/2944 1631/1/1631 
f 2937/1/2937 2946/1/2946 2944/1/2944 
f 2946/1/2946 2891/1/2891 2895/1/2895 
f 2891/1/2891 2946/1/2946 2947/1/2947 
f 2936/1/2936 2947/1/2947 2946/1/2946 
f 2940/1/2940 2948/1/2948 2947/1/2947 
f 2901/1/2901 2947/1/2947 2948/1/2948 
f 2938/1/2938 2937/1/2937 2945/1/2945 
f 1623/1/1623 2949/1/2949 2945/1/2945 
f 1626/1/1626 2448/1/2448 2949/1/2949 
f 2950/1/2950 2938/1/2938 2949/1/2949 
f 2951/1/2951 2952/1/2952 2953/1/2953 
f 2954/1/2954 2955/1/2955 2952/1/2952 
f 2913/1/2913 2929/1/2929 2952/1/2952 
f 2953/1/2953 2952/1/2952 2929/1/2929 
f 2896/1/2896 2948/1/2948 2956/1/2956 
f 2943/1/2943 2956/1/2956 2948/1/2948 
f 1611/1/1611 1607/1/1607 2956/1/2956 
f 2911/1/2911 2956/1/2956 1607/1/1607 
f 2955/1/2955 2957/1/2957 2914/1/2914 
f 2958/1/2958 2957/1/2957 2955/1/2955 
f 2472/1/2472 2919/1/2919 2957/1/2957 
f 2904/1/2904 2914/1/2914 2957/1/2957 
f 2851/1/2851 2959/1/2959 2960/1/2960 
f 2961/1/2961 2960/1/2960 2959/1/2959 
f 2300/1/2300 2293/1/2293 2960/1/2960 
f 2870/1/2870 2960/1/2960 2293/1/2293 
f 2861/1/2861 2962/1/2962 2963/1/2963 
f 2951/1/2951 2963/1/2963 2962/1/2962 
f 2964/1/2964 2959/1/2959 2963/1/2963 
f 2857/1/2857 2963/1/2963 2959/1/2959 
f 2302/1/2302 2301/1/2301 2965/1/2965 
f 2961/1/2961 2965/1/2965 2301/1/2301 
f 2964/1/2964 2953/1/2953 2965/1/2965 
f 2965/1/2965 2953/1/2953 2932/1/2932 
f 2389/1/2389 2966/1/2966 2967/1/2967 
f 2968/1/2968 2967/1/2967 2966/1/2966 
f 2969/1/2969 2970/1/2970 2967/1/2967 
f 2912/1/2912 2967/1/2967 2970/1/2970 
f 2954/1/2954 2962/1/2962 2971/1/2971 
f 2864/1/2864 2971/1/2971 2962/1/2962 
f 2478/1/2478 2473/1/2473 2971/1/2971 
f 2958/1/2958 2971/1/2971 2473/1/2473 
f 2909/1/2909 2970/1/2970 2972/1/2972 
f 2973/1/2973 2972/1/2972 2970/1/2970 
f 2383/1/2383 2902/1/2902 2972/1/2972 
f 2899/1/2899 2972/1/2972 2902/1/2902 
f 2886/1/2886 2974/1/2974 2975/1/2975 
f 2976/1/2976 2975/1/2975 2974/1/2974 
f 2977/1/2977 2395/1/2395 2975/1/2975 
f 2885/1/2885 2975/1/2975 2395/1/2395 
f 2874/1/2874 2978/1/2978 2979/1/2979 
f 2968/1/2968 2979/1/2979 2978/1/2978 
f 2980/1/2980 2974/1/2974 2979/1/2979 
f 2889/1/2889 2979/1/2979 2974/1/2974 
f 2977/1/2977 2976/1/2976 2981/1/2981 
f 2980/1/2980 2966/1/2966 2981/1/2981 
f 2388/1/2388 2981/1/2981 2966/1/2966 
f 2396/1/2396 2981/1/2981 2388/1/2388 
f 2969/1/2969 2978/1/2978 2982/1/2982 
f 2878/1/2878 2982/1/2982 2978/1/2978 
f 2375/1/2375 2384/1/2384 2982/1/2982 
f 2973/1/2973 2982/1/2982 2384/1/2384 
f 2983/1/2983 2984/1/2984 2985/1/2985 
f 2986/1/2986 2985/1/2985 2984/1/2984 
f 162/1/162 154/1/154 2985/1/2985 
f 2987/1/2987 2985/1/2985 154/1/154 
f 2988/1/2988 2984/1/2984 2989/1/2989 
f 2990/1/2990 2989/1/2989 2984/1/2984 
f 2623/1/2623 2989/1/2989 2990/1/2990 
f 2623/1/2623 2438/1/2438 2991/1/2991 
f 2547/1/2547 2992/1/2992 2993/1/2993 
f 2987/1/2987 2993/1/2993 2992/1/2992 
f 153/1/153 148/1/148 2993/1/2993 
f 2548/1/2548 2993/1/2993 148/1/148 
f 2634/1/2634 2624/1/2624 2990/1/2990 
f 2983/1/2983 2992/1/2992 2994/1/2994 
f 2992/1/2992 2547/1/2547 2554/1/2554 
f 2417/1/2417 2634/1/2634 2994/1/2994 
f 2438/1/2438 2437/1/2437 2995/1/2995 
f 2437/1/2437 2670/1/2670 2996/1/2996 
f 2997/1/2997 2998/1/2998 2995/1/2995 
f 2991/1/2991 2995/1/2995 2998/1/2998 
f 2999/1/2999 3000/1/3000 3001/1/3001 
f 2671/1/2671 3001/1/3001 3000/1/3000 
f 2598/1/2598 2601/1/2601 3001/1/3001 
f 3002/1/3002 3001/1/3001 2601/1/2601 
f 3003/1/3003 3004/1/3004 296/1/296 
f 3005/1/3005 3004/1/3004 3003/1/3003 
f 2999/1/2999 3006/1/3006 3004/1/3004 
f 303/1/303 296/1/296 3004/1/3004 
f 2988/1/2988 2998/1/2998 3007/1/3007 
f 3003/1/3003 3007/1/3007 2998/1/2998 
f 157/1/157 156/1/156 3007/1/3007 
f 2986/1/2986 3007/1/3007 156/1/156 
f 2668/1/2668 3000/1/3000 3008/1/3008 
f 3005/1/3005 3008/1/3008 3000/1/3000 
f 3008/1/3008 3005/1/3005 2997/1/2997 
f 2669/1/2669 3008/1/3008 2996/1/2996 
f 3006/1/3006 3009/1/3009 304/1/304 
f 3002/1/3002 3009/1/3009 3006/1/3006 
f 2600/1/2600 2610/1/2610 3009/1/3009 
f 2610/1/2610 2609/1/2609 304/1/304 
f 2869/1/2869 2865/1/2865 3010/1/3010 
f 2700/1/2700 3011/1/3011 3010/1/3010 
f 3012/1/3012 3010/1/3010 3011/1/3011 
f 2854/1/2854 3010/1/3010 3012/1/3012 
f 2859/1/2859 3013/1/3013 3014/1/3014 
f 3015/1/3015 3016/1/3016 3014/1/3014 
f 2703/1/2703 3014/1/3014 3016/1/3016 
f 2460/1/2460 2860/1/2860 3014/1/3014 
f 3017/1/3017 3018/1/3018 1398/1/1398 
f 3019/1/3019 3018/1/3018 3017/1/3017 
f 3015/1/3015 3020/1/3020 3018/1/3018 
f 1398/1/1398 3018/1/3018 3020/1/3020 
f 2855/1/2855 3012/1/3012 3021/1/3021 
f 3022/1/3022 3017/1/3017 3021/1/3021 
f 3021/1/3021 3017/1/3017 1397/1/1397 
f 1403/1/1403 1402/1/1402 2863/1/2863 
f 2704/1/2704 3016/1/3016 3023/1/3023 
f 3019/1/3019 3023/1/3023 3016/1/3016 
f 3022/1/3022 3011/1/3011 3023/1/3023 
f 2698/1/2698 3023/1/3023 3011/1/3011 
f 3015/1/3015 3013/1/3013 3024/1/3024 
f 2848/1/2848 3024/1/3024 3013/1/3013 
f 3024/1/3024 2848/1/2848 1316/1/1316 
f 1315/1/1315 1323/1/1323 3020/1/3020 
f 2950/1/2950 2447/1/2447 3025/1/3025 
f 3026/1/3026 3025/1/3025 2447/1/2447 
f 3027/1/3027 3028/1/3028 3025/1/3025 
f 2939/1/2939 3025/1/3025 3028/1/3028 
f 2933/1/2933 3028/1/3028 3029/1/3029 
f 3030/1/3030 3029/1/3029 3028/1/3028 
f 1603/1/1603 3029/1/3029 3030/1/3030 
f 2942/1/2942 3029/1/3029 1603/1/1603 
f 1604/1/1604 3030/1/3030 3031/1/3031 
f 3032/1/3032 3031/1/3031 3030/1/3030 
f 3033/1/3033 3034/1/3034 3031/1/3031 
f 2924/1/2924 3031/1/3031 3034/1/3034 
f 2455/1/2455 3035/1/3035 3036/1/3036 
f 3032/1/3032 3036/1/3036 3035/1/3035 
f 3027/1/3027 3026/1/3026 3036/1/3036 
f 2451/1/2451 3036/1/3036 3026/1/3026 
f 2456/1/2456 2931/1/2931 3037/1/3037 
f 3038/1/3038 3037/1/3037 2931/1/2931 
f 3033/1/3033 3035/1/3035 3037/1/3037 
f 2454/1/2454 3037/1/3037 3035/1/3035 
f 2921/1/2921 3034/1/3034 3039/1/3039 
f 3038/1/3038 3039/1/3039 3034/1/3034 
f 2930/1/2930 2917/1/2917 3039/1/3039 
f 2927/1/2927 3039/1/3039 2917/1/2917 
f 3040/1/3040 2340/1/2340 2339/1/2339 
f 3041/1/3041 3042/1/3042 3043/1/3043 
f 2344/1/2344 2358/1/2358 3040/1/3040 
f 2340/1/2340 3040/1/3040 2358/1/2358 
f 3044/1/3044 3045/1/3045 3046/1/3046 
f 2345/1/2345 3046/1/3046 3045/1/3045 
f 3043/1/3043 3046/1/3046 2345/1/2345 
f 3042/1/3042 3047/1/3047 3046/1/3046 
f 3048/1/3048 3049/1/3049 3050/1/3050 
f 2140/1/2140 3050/1/3050 3049/1/3049 
f 2346/1/2346 3045/1/3045 3050/1/3050 
f 3051/1/3051 3050/1/3050 3045/1/3045 
f 3049/1/3049 3048/1/3048 3052/1/3052 
f 3053/1/3053 3054/1/3054 3052/1/3052 
f 2146/1/2146 2143/1/2143 3054/1/3054 
f 2143/1/2143 2141/1/2141 3049/1/3049 
f 3055/1/3055 3056/1/3056 3057/1/3057 
f 3058/1/3058 3057/1/3057 3056/1/3056 
f 3059/1/3059 2147/1/2147 3057/1/3057 
f 3053/1/3053 3057/1/3057 2147/1/2147 
f 3060/1/3060 3061/1/3061 3062/1/3062 
f 2152/1/2152 3062/1/3062 3061/1/3061 
f 3059/1/3059 3058/1/3058 3062/1/3062 
f 3063/1/3063 3062/1/3062 3058/1/3058 
f 3064/1/3064 3065/1/3065 3061/1/3061 
f 3066/1/3066 3065/1/3065 3064/1/3064 
f 3066/1/3066 2157/1/2157 2156/1/2156 
f 2153/1/2153 3061/1/3061 3065/1/3065 
f 2307/1/2307 3067/1/3067 3068/1/3068 
f 3069/1/3069 3068/1/3068 3067/1/3067 
f 2327/1/2327 2320/1/2320 3068/1/3068 
f 2314/1/2314 3068/1/3068 2320/1/2320 
f 3070/1/3070 3071/1/3071 3072/1/3072 
f 3071/1/3071 3073/1/3073 3067/1/3067 
f 2310/1/2310 3072/1/3072 3067/1/3067 
f 3066/1/3066 3072/1/3072 2310/1/2310 
f 2339/1/2339 2328/1/2328 3074/1/3074 
f 2328/1/2328 2327/1/2327 3069/1/3069 
f 3074/1/3074 3069/1/3069 3073/1/3073 
f 3075/1/3075 3042/1/3042 3041/1/3041 
f 3076/1/3076 3077/1/3077 3078/1/3078 
f 3047/1/3047 3078/1/3078 3077/1/3077 
f 3047/1/3047 3042/1/3042 3079/1/3079 
f 3080/1/3080 3081/1/3081 3078/1/3078 
f 3076/1/3076 3082/1/3082 3083/1/3083 
f 3084/1/3084 3083/1/3083 3082/1/3082 
f 3048/1/3048 3051/1/3051 3083/1/3083 
f 3044/1/3044 3077/1/3077 3083/1/3083 
f 3085/1/3085 3086/1/3086 3087/1/3087 
f 3088/1/3088 3087/1/3087 3086/1/3086 
f 3055/1/3055 3052/1/3052 3087/1/3087 
f 3084/1/3084 3087/1/3087 3052/1/3052 
f 3089/1/3089 3090/1/3090 3091/1/3091 
f 3090/1/3090 3092/1/3092 3093/1/3093 
f 3056/1/3056 3091/1/3091 3093/1/3093 
f 3088/1/3088 3091/1/3091 3056/1/3056 
f 3094/1/3094 3095/1/3095 3096/1/3096 
f 3063/1/3063 3096/1/3096 3095/1/3095 
f 3097/1/3097 3093/1/3093 3096/1/3096 
f 3098/1/3098 3096/1/3096 3093/1/3093 
f 3076/1/3076 3099/1/3099 3100/1/3100 
f 3101/1/3101 3100/1/3100 3099/1/3099 
f 3102/1/3102 3103/1/3103 3100/1/3100 
f 3103/1/3103 3085/1/3085 3082/1/3082 
f 3102/1/3102 3104/1/3104 3105/1/3105 
f 3106/1/3106 3107/1/3107 3105/1/3105 
f 3089/1/3089 3086/1/3086 3105/1/3105 
f 3103/1/3103 3105/1/3105 3086/1/3086 
f 3108/1/3108 3109/1/3109 3110/1/3110 
f 3064/1/3064 3110/1/3110 3109/1/3109 
f 3060/1/3060 3095/1/3095 3110/1/3110 
f 3111/1/3111 3110/1/3110 3095/1/3095 
f 3106/1/3106 3112/1/3112 3113/1/3113 
f 3114/1/3114 3115/1/3115 3113/1/3113 
f 3092/1/3092 3090/1/3090 3113/1/3113 
f 3107/1/3107 3113/1/3113 3090/1/3090 
f 3116/1/3116 3117/1/3117 3118/1/3118 
f 3112/1/3112 3118/1/3118 3117/1/3117 
f 3106/1/3106 3104/1/3104 3118/1/3118 
f 3101/1/3101 3118/1/3118 3104/1/3104 
f 3119/1/3119 3120/1/3120 3121/1/3121 
f 3122/1/3122 3121/1/3121 3120/1/3120 
f 3114/1/3114 3117/1/3117 3121/1/3121 
f 3123/1/3123 3121/1/3121 3117/1/3117 
f 3092/1/3092 3115/1/3115 3124/1/3124 
f 3122/1/3122 3124/1/3124 3115/1/3115 
f 3125/1/3125 3126/1/3126 3124/1/3124 
f 3098/1/3098 3124/1/3124 3126/1/3126 
f 3127/1/3127 3128/1/3128 3129/1/3129 
f 3128/1/3128 3080/1/3080 3079/1/3079 
f 3129/1/3129 3079/1/3079 3042/1/3042 
f 3130/1/3130 3129/1/3129 3075/1/3075 
f 3131/1/3131 3132/1/3132 3081/1/3081 
f 3123/1/3123 3132/1/3132 3131/1/3131 
f 3116/1/3116 3099/1/3099 3132/1/3132 
f 3081/1/3081 3132/1/3132 3099/1/3099 
f 3133/1/3133 3127/1/3127 3130/1/3130 
f 3130/1/3130 3073/1/3073 3071/1/3071 
f 3071/1/3071 3070/1/3070 3109/1/3109 
f 3109/1/3109 3108/1/3108 3133/1/3133 
f 3134/1/3134 3135/1/3135 3136/1/3136 
f 3137/1/3137 3136/1/3136 3135/1/3135 
f 3127/1/3127 3133/1/3133 3136/1/3136 
f 3138/1/3138 3136/1/3136 3133/1/3133 
f 3137/1/3137 3119/1/3119 3131/1/3131 
f 3080/1/3080 3128/1/3128 3139/1/3139 
f 3137/1/3137 3139/1/3139 3128/1/3128 
f 3125/1/3125 3120/1/3120 3140/1/3140 
f 3135/1/3135 3140/1/3140 3120/1/3120 
f 3141/1/3141 3140/1/3140 3135/1/3135 
f 3094/1/3094 3126/1/3126 3142/1/3142 
f 3141/1/3141 3142/1/3142 3126/1/3126 
f 3134/1/3134 3138/1/3138 3142/1/3142 
f 3111/1/3111 3142/1/3142 3138/1/3138 
f 3143/1/3143 3144/1/3144 3145/1/3145 
f 2405/1/2405 3144/1/3144 3143/1/3143 
f 3144/1/3144 2405/1/2405 2402/1/2402 
f 3146/1/3146 3145/1/3145 3144/1/3144 
f 3147/1/3147 3148/1/3148 3149/1/3149 
f 3150/1/3150 1/1/1 7/1/7 
f 2406/1/2406 3143/1/3143 3147/1/3147 
f 3151/1/3151 3148/1/3148 3147/1/3147 
f 3152/1/3152 3153/1/3153 3154/1/3154 
f 3153/1/3153 3152/1/3152 30/1/30 
f 1/1/1 3150/1/3150 3153/1/3153 
f 3154/1/3154 3153/1/3153 3150/1/3150 
f 27/1/27 31/1/31 3155/1/3155 
f 3152/1/3152 3155/1/3155 31/1/31 
f 3156/1/3156 3157/1/3157 3155/1/3155 
f 3158/1/3158 3155/1/3155 3157/1/3157 
f 2514/1/2514 28/1/28 3159/1/3159 
f 3158/1/3158 3159/1/3159 28/1/28 
f 3160/1/3160 3161/1/3161 3159/1/3159 
f 3162/1/3162 3159/1/3159 3161/1/3161 
f 3163/1/3163 3161/1/3161 3164/1/3164 
f 3165/1/3165 3164/1/3164 3161/1/3161 
f 3166/1/3166 3164/1/3164 3167/1/3167 
f 3168/1/3168 3169/1/3169 3170/1/3170 
f 3171/1/3171 3172/1/3172 3170/1/3170 
f 1726/1/1726 3170/1/3170 3172/1/3172 
f 1725/1/1725 3173/1/3173 3170/1/3170 
f 3171/1/3171 3169/1/3169 3174/1/3174 
f 3175/1/3175 3174/1/3174 3169/1/3169 
f 3173/1/3173 3176/1/3176 3177/1/3177 
f 2512/1/2512 3176/1/3176 3173/1/3173 
f 2512/1/2512 2500/1/2500 3178/1/3178 
f 3179/1/3179 3177/1/3177 3176/1/3176 
f 3180/1/3180 3181/1/3181 3182/1/3182 
f 2212/1/2212 3182/1/3182 3181/1/3181 
f 3183/1/3183 3172/1/3172 3182/1/3182 
f 3184/1/3184 3182/1/3182 3172/1/3172 
f 3185/1/3185 3186/1/3186 3187/1/3187 
f 1736/1/1736 2211/1/2211 3187/1/3187 
f 2214/1/2214 3181/1/3181 3187/1/3187 
f 3188/1/3188 3187/1/3187 3181/1/3181 
f 3184/1/3184 3189/1/3189 3190/1/3190 
f 3171/1/3171 3191/1/3191 3189/1/3189 
f 3192/1/3192 3193/1/3193 3194/1/3194 
f 1745/1/1745 1731/1/1731 3193/1/3193 
f 3186/1/3186 3193/1/3193 1731/1/1731 
f 3185/1/3185 3194/1/3194 3193/1/3193 
f 3180/1/3180 3190/1/3190 3195/1/3195 
f 3196/1/3196 3194/1/3194 3197/1/3197 
f 3198/1/3198 3199/1/3199 1747/1/1747 
f 3192/1/3192 3198/1/3198 1746/1/1746 
f 3196/1/3196 3200/1/3200 3198/1/3198 
f 3199/1/3199 3198/1/3198 3200/1/3200 
f 3201/1/3201 3200/1/3200 3202/1/3202 
f 3203/1/3203 3202/1/3202 3200/1/3200 
f 3204/1/3204 3205/1/3205 3202/1/3202 
f 3205/1/3205 3206/1/3206 3207/1/3207 
f 3208/1/3208 3209/1/3209 3206/1/3206 
f 3210/1/3210 3211/1/3211 3212/1/3212 
f 1721/1/1721 2007/1/2007 3211/1/3211 
f 3213/1/3213 3211/1/3211 2007/1/2007 
f 3214/1/3214 3212/1/3212 3211/1/3211 
f 2006/1/2006 2206/1/2206 3215/1/3215 
f 3199/1/3199 3215/1/3215 2206/1/2206 
f 3201/1/3201 3216/1/3216 3215/1/3215 
f 3213/1/3213 3215/1/3215 3216/1/3216 
f 3214/1/3214 3216/1/3216 3217/1/3217 
f 3207/1/3207 3217/1/3217 3216/1/3216 
f 3206/1/3206 3218/1/3218 3217/1/3217 
f 3219/1/3219 3217/1/3217 3218/1/3218 
f 3209/1/3209 3220/1/3220 3218/1/3218 
f 3221/1/3221 3222/1/3222 3220/1/3220 
f 3223/1/3223 3220/1/3220 3222/1/3222 
f 3224/1/3224 3218/1/3218 3220/1/3220 
f 3225/1/3225 3226/1/3226 3227/1/3227 
f 3226/1/3226 3228/1/3228 1722/1/1722 
f 3210/1/3210 3227/1/3227 1722/1/1722 
f 3229/1/3229 3230/1/3230 3227/1/3227 
f 3229/1/3229 3212/1/3212 3231/1/3231 
f 3219/1/3219 3231/1/3231 3212/1/3212 
f 3224/1/3224 3232/1/3232 3231/1/3231 
f 3233/1/3233 3231/1/3231 3232/1/3232 
f 3223/1/3223 3234/1/3234 3232/1/3232 
f 3235/1/3235 3232/1/3232 3234/1/3234 
f 3230/1/3230 3236/1/3236 3237/1/3237 
f 3233/1/3233 3236/1/3236 3230/1/3230 
f 2522/1/2522 3238/1/3238 3239/1/3239 
f 3228/1/3228 3226/1/3226 3238/1/3238 
f 3240/1/3240 3238/1/3238 3226/1/3226 
f 3241/1/3241 3239/1/3239 3238/1/3238 
f 3242/1/3242 3243/1/3243 3244/1/3244 
f 2528/1/2528 3244/1/3244 3243/1/3243 
f 2518/1/2518 3239/1/3239 3244/1/3244 
f 3245/1/3245 3244/1/3244 3239/1/3239 
f 57/1/57 36/1/36 3246/1/3246 
f 3247/1/3247 3246/1/3246 36/1/36 
f 3247/1/3247 3248/1/3248 3249/1/3249 
f 3250/1/3250 3246/1/3246 3249/1/3249 
f 3249/1/3249 3251/1/3251 3252/1/3252 
f 3248/1/3248 3253/1/3253 3251/1/3251 
f 3254/1/3254 3251/1/3251 3253/1/3253 
f 649/1/649 58/1/58 3255/1/3255 
f 3250/1/3250 3255/1/3255 58/1/58 
f 3256/1/3256 2402/1/2402 2401/1/2401 
f 3256/1/3256 3257/1/3257 3258/1/3258 
f 2515/1/2515 3259/1/3259 3260/1/3260 
f 3162/1/3162 3259/1/3259 2515/1/2515 
f 3163/1/3163 3261/1/3261 3259/1/3259 
f 3261/1/3261 3262/1/3262 3260/1/3260 
f 3262/1/3262 3261/1/3261 3263/1/3263 
f 3166/1/3166 3263/1/3263 3261/1/3261 
f 3264/1/3264 3265/1/3265 3263/1/3263 
f 3266/1/3266 3263/1/3263 3265/1/3265 
f 3260/1/3260 3262/1/3262 3267/1/3267 
f 3178/1/3178 3268/1/3268 3267/1/3267 
f 2497/1/2497 3268/1/3268 3178/1/3178 
f 2517/1/2517 3260/1/3260 3268/1/3268 
f 3269/1/3269 3270/1/3270 3271/1/3271 
f 3272/1/3272 3271/1/3271 3270/1/3270 
f 3273/1/3273 3274/1/3274 3275/1/3275 
f 3276/1/3276 3275/1/3275 3274/1/3274 
f 3248/1/3248 3247/1/3247 3277/1/3277 
f 2492/1/2492 3277/1/3277 3247/1/3247 
f 2532/1/2532 3278/1/3278 3277/1/3277 
f 3279/1/3279 3277/1/3277 3278/1/3278 
f 3175/1/3175 3280/1/3280 3270/1/3270 
f 3168/1/3168 3177/1/3177 3280/1/3280 
f 3281/1/3281 3280/1/3280 3177/1/3177 
f 3273/1/3273 3270/1/3270 3280/1/3280 
f 3281/1/3281 3282/1/3282 3274/1/3274 
f 3179/1/3179 3267/1/3267 3282/1/3282 
f 3266/1/3266 3282/1/3282 3267/1/3267 
f 3283/1/3283 3274/1/3274 3282/1/3282 
f 2531/1/2531 3284/1/3284 3278/1/3278 
f 2523/1/2523 3243/1/3243 3284/1/3284 
f 3285/1/3285 3284/1/3284 3243/1/3243 
f 3286/1/3286 3278/1/3278 3284/1/3284 
f 3287/1/3287 3288/1/3288 3289/1/3289 
f 3290/1/3290 3253/1/3253 3288/1/3288 
f 3279/1/3279 3288/1/3288 3253/1/3253 
f 3286/1/3286 3289/1/3289 3288/1/3288 
f 3291/1/3291 3292/1/3292 3293/1/3293 
f 3294/1/3294 3293/1/3293 3292/1/3292 
f 3287/1/3287 3293/1/3293 3295/1/3295 
f 3291/1/3291 3289/1/3289 3296/1/3296 
f 3285/1/3285 3296/1/3296 3289/1/3289 
f 17/1/17 72/1/72 16/1/16 
f 77/1/77 75/1/75 74/1/74 
f 76/1/76 84/1/84 82/1/82 
f 15/1/15 86/1/86 89/1/89 
f 95/1/95 93/1/93 94/1/94 
f 78/1/78 94/1/94 98/1/98 
f 112/1/112 113/1/113 110/1/110 
f 119/1/119 121/1/121 117/1/117 
f 127/1/127 125/1/125 124/1/124 
f 128/1/128 129/1/129 125/1/125 
f 127/1/127 164/1/164 167/1/167 
f 200/1/200 1788/1/1788 198/1/198 
f 198/1/198 1788/1/1788 201/1/201 
f 199/1/199 198/1/198 203/1/203 
f 168/1/168 173/1/173 245/1/245 
f 248/1/248 245/1/245 173/1/173 
f 273/1/273 274/1/274 271/1/271 
f 293/1/293 292/1/292 202/1/202 
f 243/1/243 306/1/306 305/1/305 
f 344/1/344 339/1/339 342/1/342 
f 324/1/324 348/1/348 345/1/345 
f 360/1/360 364/1/364 363/1/363 
f 382/1/382 375/1/375 380/1/380 
f 370/1/370 390/1/390 363/1/363 
f 401/1/401 403/1/403 399/1/399 
f 425/1/425 427/1/427 423/1/423 
f 432/1/432 404/1/404 430/1/430 
f 450/1/450 456/1/456 455/1/455 
f 460/1/460 772/1/772 458/1/458 
f 464/1/464 471/1/471 468/1/468 
f 485/1/485 486/1/486 463/1/463 
f 459/1/459 486/1/486 485/1/485 
f 474/1/474 471/1/471 486/1/486 
f 463/1/463 486/1/486 471/1/471 
f 493/1/493 494/1/494 491/1/491 
f 496/1/496 491/1/491 494/1/494 
f 495/1/495 499/1/499 498/1/498 
f 499/1/499 501/1/501 431/1/431 
f 400/1/400 503/1/503 461/1/461 
f 512/1/512 514/1/514 511/1/511 
f 522/1/522 942/1/942 519/1/519 
f 531/1/531 532/1/532 529/1/529 
f 534/1/534 529/1/529 532/1/532 
f 494/1/494 548/1/548 547/1/547 
f 553/1/553 554/1/554 551/1/551 
f 500/1/500 551/1/551 554/1/554 
f 552/1/552 551/1/551 547/1/547 
f 552/1/552 557/1/557 555/1/555 
f 553/1/553 560/1/560 559/1/559 
f 554/1/554 559/1/559 506/1/506 
f 520/1/520 560/1/560 561/1/561 
f 564/1/564 561/1/561 562/1/562 
f 521/1/521 561/1/561 564/1/564 
f 571/1/571 569/1/569 568/1/568 
f 584/1/584 579/1/579 582/1/582 
f 570/1/570 595/1/595 585/1/585 
f 583/1/583 541/1/541 585/1/585 
f 575/1/575 594/1/594 595/1/595 
f 588/1/588 602/1/602 601/1/601 
f 600/1/600 601/1/601 573/1/573 
f 592/1/592 602/1/602 603/1/603 
f 586/1/586 603/1/603 602/1/602 
f 580/1/580 578/1/578 603/1/603 
f 593/1/593 603/1/603 578/1/578 
f 626/1/626 627/1/627 625/1/625 
f 172/1/172 625/1/625 627/1/627 
f 243/1/243 637/1/637 634/1/634 
f 632/1/632 637/1/637 635/1/635 
f 248/1/248 635/1/635 637/1/637 
f 247/1/247 627/1/627 635/1/635 
f 636/1/636 635/1/635 627/1/627 
f 647/1/647 651/1/651 663/1/663 
f 732/1/732 723/1/723 729/1/729 
f 773/1/773 775/1/775 772/1/772 
f 451/1/451 455/1/455 775/1/775 
f 772/1/772 775/1/775 455/1/455 
f 451/1/451 774/1/774 781/1/781 
f 787/1/787 788/1/788 785/1/785 
f 790/1/790 785/1/785 788/1/788 
f 791/1/791 792/1/792 785/1/785 
f 786/1/786 785/1/785 792/1/792 
f 797/1/797 795/1/795 794/1/794 
f 853/1/853 852/1/852 756/1/756 
f 860/1/860 851/1/851 858/1/858 
f 861/1/861 862/1/862 858/1/858 
f 867/1/867 868/1/868 866/1/866 
f 863/1/863 866/1/866 868/1/868 
f 836/1/836 832/1/832 866/1/866 
f 868/1/868 872/1/872 871/1/871 
f 871/1/871 874/1/874 873/1/873 
f 877/1/877 875/1/875 874/1/874 
f 882/1/882 883/1/883 880/1/880 
f 873/1/873 880/1/880 883/1/883 
f 908/1/908 897/1/897 907/1/907 
f 906/1/906 910/1/910 902/1/902 
f 910/1/910 911/1/911 394/1/394 
f 394/1/394 911/1/911 912/1/912 
f 337/1/337 920/1/920 919/1/919 
f 870/1/870 842/1/842 922/1/922 
f 945/1/945 946/1/946 943/1/943 
f 878/1/878 932/1/932 946/1/946 
f 943/1/943 946/1/946 932/1/932 
f 952/1/952 939/1/939 527/1/527 
f 517/1/517 941/1/941 953/1/953 
f 948/1/948 953/1/953 941/1/941 
f 929/1/929 966/1/966 965/1/965 
f 968/1/968 965/1/965 966/1/966 
f 967/1/967 966/1/966 970/1/970 
f 938/1/938 970/1/970 966/1/966 
f 924/1/924 923/1/923 970/1/970 
f 971/1/971 970/1/970 923/1/923 
f 968/1/968 973/1/973 976/1/976 
f 204/1/204 1030/1/1030 1029/1/1029 
f 1032/1/1032 1029/1/1029 1030/1/1030 
f 199/1/199 1029/1/1029 1034/1/1034 
f 1061/1/1061 1059/1/1059 1058/1/1058 
f 1069/1/1069 1067/1/1067 1066/1/1066 
f 1070/1/1070 1071/1/1071 1067/1/1067 
f 1073/1/1073 1067/1/1067 1071/1/1071 
f 1097/1/1097 1098/1/1098 1095/1/1095 
f 1101/1/1101 1103/1/1103 1099/1/1099 
f 1104/1/1104 1105/1/1105 1103/1/1103 
f 1107/1/1107 1126/1/1126 1106/1/1106 
f 1110/1/1110 1111/1/1111 1106/1/1106 
f 1108/1/1108 1113/1/1113 1112/1/1112 
f 1114/1/1114 1101/1/1101 1112/1/1112 
f 1109/1/1109 1112/1/1112 1115/1/1115 
f 860/1/860 1118/1/1118 1116/1/1116 
f 1120/1/1120 1121/1/1121 1117/1/1117 
f 1124/1/1124 1125/1/1125 1122/1/1122 
f 1126/1/1126 1122/1/1122 1125/1/1125 
f 1120/1/1120 1122/1/1122 1126/1/1126 
f 1119/1/1119 1123/1/1123 1122/1/1122 
f 1128/1/1128 1127/1/1127 1125/1/1125 
f 1113/1/1113 1127/1/1127 1130/1/1130 
f 1136/1/1136 1135/1/1135 1134/1/1134 
f 550/1/550 1139/1/1139 556/1/556 
f 1146/1/1146 1149/1/1149 1144/1/1144 
f 1150/1/1150 1154/1/1154 1153/1/1153 
f 1153/1/1153 1155/1/1155 1140/1/1140 
f 590/1/590 1155/1/1155 1153/1/1153 
f 1124/1/1124 1143/1/1143 1156/1/1156 
f 1147/1/1147 1157/1/1157 1156/1/1156 
f 1128/1/1128 1156/1/1156 1157/1/1157 
f 1163/1/1163 1166/1/1166 1169/1/1169 
f 1207/1/1207 1208/1/1208 1206/1/1206 
f 1212/1/1212 1210/1/1210 1209/1/1209 
f 1210/1/1210 1212/1/1212 1195/1/1195 
f 1215/1/1215 1217/1/1217 1213/1/1213 
f 1211/1/1211 1209/1/1209 1213/1/1213 
f 1214/1/1214 1213/1/1213 1209/1/1209 
f 1211/1/1211 1220/1/1220 1218/1/1218 
f 1225/1/1225 1228/1/1228 1223/1/1223 
f 1227/1/1227 1225/1/1225 1224/1/1224 
f 1208/1/1208 1225/1/1225 1227/1/1227 
f 1228/1/1228 1225/1/1225 1208/1/1208 
f 1230/1/1230 1229/1/1229 1227/1/1227 
f 1061/1/1061 1229/1/1229 818/1/818 
f 1221/1/1221 1219/1/1219 1234/1/1234 
f 1235/1/1235 1234/1/1234 1202/1/1202 
f 1215/1/1215 1245/1/1245 1243/1/1243 
f 1214/1/1214 1246/1/1246 1245/1/1245 
f 1250/1/1250 1244/1/1244 1248/1/1248 
f 1267/1/1267 1268/1/1268 1266/1/1266 
f 1271/1/1271 1274/1/1274 1263/1/1263 
f 1267/1/1267 1269/1/1269 1282/1/1282 
f 1283/1/1283 1286/1/1286 1268/1/1268 
f 1292/1/1292 1289/1/1289 1273/1/1273 
f 1303/1/1303 1312/1/1312 1310/1/1310 
f 1319/1/1319 1322/1/1322 1317/1/1317 
f 1339/1/1339 1337/1/1337 1336/1/1336 
f 1341/1/1341 1337/1/1337 1324/1/1324 
f 1114/1/1114 1130/1/1130 1355/1/1355 
f 1104/1/1104 1354/1/1354 1358/1/1358 
f 1364/1/1364 1363/1/1363 1157/1/1157 
f 1356/1/1356 1363/1/1363 1366/1/1366 
f 1369/1/1369 1370/1/1370 1367/1/1367 
f 1353/1/1353 1366/1/1366 1367/1/1367 
f 1373/1/1373 1375/1/1375 1371/1/1371 
f 1373/1/1373 1372/1/1372 1365/1/1365 
f 1375/1/1375 1373/1/1373 549/1/549 
f 1368/1/1368 1377/1/1377 1376/1/1376 
f 1371/1/1371 1347/1/1347 1377/1/1377 
f 1346/1/1346 1359/1/1359 1380/1/1380 
f 1370/1/1370 1381/1/1381 1357/1/1357 
f 1345/1/1345 1381/1/1381 1379/1/1379 
f 1332/1/1332 1357/1/1357 1381/1/1381 
f 1385/1/1385 1384/1/1384 1351/1/1351 
f 1320/1/1320 1328/1/1328 1387/1/1387 
f 1393/1/1393 1386/1/1386 1391/1/1391 
f 1395/1/1395 1398/1/1398 1323/1/1323 
f 1433/1/1433 1431/1/1431 1430/1/1430 
f 1434/1/1434 1435/1/1435 1431/1/1431 
f 1432/1/1432 1430/1/1430 1438/1/1438 
f 1438/1/1438 1440/1/1440 1441/1/1441 
f 1350/1/1350 1457/1/1457 1456/1/1456 
f 1454/1/1454 1456/1/1456 1457/1/1457 
f 1385/1/1385 1456/1/1456 1446/1/1446 
f 1469/1/1469 1484/1/1484 1467/1/1467 
f 1463/1/1463 1490/1/1490 1489/1/1489 
f 1480/1/1480 1489/1/1489 1490/1/1490 
f 1527/1/1527 1529/1/1529 1525/1/1525 
f 799/1/799 1529/1/1529 1528/1/1528 
f 791/1/791 1528/1/1528 1530/1/1530 
f 1532/1/1532 1530/1/1530 1528/1/1528 
f 1535/1/1535 1536/1/1536 1533/1/1533 
f 1375/1/1375 1533/1/1533 1536/1/1536 
f 493/1/493 492/1/492 1533/1/1533 
f 1534/1/1534 1533/1/1533 492/1/492 
f 1536/1/1536 1538/1/1538 1349/1/1349 
f 1542/1/1542 1539/1/1539 1540/1/1540 
f 482/1/482 1539/1/1539 1542/1/1542 
f 1523/1/1523 1522/1/1522 1543/1/1543 
f 1544/1/1544 1543/1/1543 1522/1/1522 
f 1515/1/1515 1543/1/1543 1546/1/1546 
f 466/1/466 479/1/479 1551/1/1551 
f 1542/1/1542 1551/1/1551 479/1/479 
f 467/1/467 1551/1/1551 1548/1/1548 
f 1531/1/1531 1556/1/1556 1552/1/1552 
f 1544/1/1544 1554/1/1554 1553/1/1553 
f 796/1/796 1559/1/1559 1557/1/1557 
f 1525/1/1525 1557/1/1557 1558/1/1558 
f 1564/1/1564 1561/1/1561 1560/1/1560 
f 805/1/805 1437/1/1437 1561/1/1561 
f 1569/1/1569 1566/1/1566 1565/1/1565 
f 1563/1/1563 1566/1/1566 1570/1/1570 
f 1573/1/1573 1559/1/1559 1570/1/1570 
f 1576/1/1576 1577/1/1577 1574/1/1574 
f 1576/1/1576 1575/1/1575 1567/1/1567 
f 1434/1/1434 1443/1/1443 1576/1/1576 
f 1642/1/1642 1636/1/1636 1639/1/1639 
f 1645/1/1645 1646/1/1646 1643/1/1643 
f 1656/1/1656 1654/1/1654 1653/1/1653 
f 1670/1/1670 1668/1/1668 1667/1/1667 
f 1669/1/1669 1675/1/1675 1673/1/1673 
f 1683/1/1683 1680/1/1680 1681/1/1681 
f 1190/1/1190 1680/1/1680 1683/1/1683 
f 1473/1/1473 1479/1/1479 1688/1/1688 
f 1690/1/1690 1691/1/1691 1688/1/1688 
f 1682/1/1682 1681/1/1681 1704/1/1704 
f 1732/1/1732 1742/1/1742 1740/1/1740 
f 1743/1/1743 121/1/121 1740/1/1740 
f 1745/1/1745 1746/1/1746 1744/1/1744 
f 1748/1/1748 1744/1/1744 1746/1/1746 
f 1765/1/1765 1763/1/1763 1762/1/1762 
f 1764/1/1764 1780/1/1780 1778/1/1778 
f 1765/1/1765 1778/1/1778 1034/1/1034 
f 1783/1/1783 1784/1/1784 1781/1/1781 
f 1786/1/1786 1787/1/1787 1785/1/1785 
f 1798/1/1798 1795/1/1795 1081/1/1081 
f 1697/1/1697 1830/1/1830 1831/1/1831 
f 1834/1/1834 1829/1/1829 1832/1/1832 
f 1833/1/1833 1832/1/1832 1689/1/1689 
f 1881/1/1881 1883/1/1883 1879/1/1879 
f 1880/1/1880 1879/1/1879 1885/1/1885 
f 1889/1/1889 1888/1/1888 1883/1/1883 
f 1891/1/1891 1888/1/1888 1705/1/1705 
f 1896/1/1896 1895/1/1895 1898/1/1898 
f 1900/1/1900 1649/1/1649 1898/1/1898 
f 1909/1/1909 1908/1/1908 1902/1/1902 
f 1911/1/1911 1913/1/1913 1885/1/1885 
f 1886/1/1886 1885/1/1885 1913/1/1913 
f 1912/1/1912 1919/1/1919 1916/1/1916 
f 1930/1/1930 1927/1/1927 1841/1/1841 
f 1933/1/1933 1934/1/1934 1931/1/1931 
f 1936/1/1936 1931/1/1931 1934/1/1934 
f 1961/1/1961 1962/1/1962 1959/1/1959 
f 1964/1/1964 1959/1/1959 1962/1/1962 
f 1640/1/1640 1646/1/1646 1959/1/1959 
f 1998/1/1998 1999/1/1999 1996/1/1996 
f 1925/1/1925 2003/1/2003 2002/1/2002 
f 1964/1/1964 2027/1/2027 1641/1/1641 
f 2016/1/2016 1957/1/1957 2027/1/2027 
f 1811/1/1811 2033/1/2033 2032/1/2032 
f 1877/1/1877 2078/1/2078 2080/1/2080 
f 2082/1/2082 2080/1/2080 1982/1/1982 
f 2084/1/2084 2083/1/2083 2076/1/2076 
f 2099/1/2099 2097/1/2097 2096/1/2096 
f 1797/1/1797 1796/1/1796 2097/1/2097 
f 2098/1/2098 2106/1/2106 2101/1/2101 
f 2109/1/2109 2108/1/2108 2096/1/2096 
f 2114/1/2114 2112/1/2112 2111/1/2111 
f 2115/1/2115 1314/1/1314 2112/1/2112 
f 2118/1/2118 2117/1/2117 2114/1/2114 
f 1416/1/1416 2126/1/2126 2129/1/2129 
f 1935/1/1935 2136/1/2136 2135/1/2135 
f 1946/1/1946 2155/1/2155 2158/1/2158 
f 1844/1/1844 2165/1/2165 2167/1/2167 
f 1930/1/1930 2175/1/2175 2004/1/2004 
f 2187/1/2187 2185/1/2185 1852/1/1852 
f 2186/1/2186 2188/1/2188 1893/1/1893 
f 1893/1/1893 2188/1/2188 1974/1/1974 
f 2190/1/2190 2189/1/2189 2184/1/2184 
f 2177/1/2177 2179/1/2179 2194/1/2194 
f 1851/1/1851 1855/1/1855 2195/1/2195 
f 1914/1/1914 2125/1/2125 2196/1/2196 
f 1886/1/1886 2199/1/2199 2200/1/2200 
f 2201/1/2201 2200/1/2200 2199/1/2199 
f 2201/1/2201 2203/1/2203 2103/1/2103 
f 1747/1/1747 2206/1/2206 2205/1/2205 
f 2207/1/2207 2208/1/2208 2205/1/2205 
f 2084/1/2084 2223/1/2223 1762/1/1762 
f 1662/1/1662 1784/1/1784 2226/1/2226 
f 285/1/285 2031/1/2031 2227/1/2227 
f 2042/1/2042 2034/1/2034 2227/1/2227 
f 295/1/295 2227/1/2227 2034/1/2034 
f 1814/1/1814 2229/1/2229 2033/1/2033 
f 2095/1/2095 2231/1/2231 2230/1/2230 
f 2236/1/2236 2234/1/2234 2233/1/2233 
f 2237/1/2237 806/1/806 2234/1/2234 
f 2254/1/2254 2255/1/2255 2253/1/2253 
f 794/1/794 2255/1/2255 2254/1/2254 
f 2248/1/2248 2253/1/2253 2255/1/2255 
f 2254/1/2254 2257/1/2257 1571/1/1571 
f 1571/1/1571 2257/1/2257 2233/1/2233 
f 1451/1/1451 1524/1/1524 2266/1/2266 
f 1514/1/1514 2266/1/2266 1524/1/1524 
f 2267/1/2267 2270/1/2270 1503/1/1503 
f 2269/1/2269 2270/1/2270 2267/1/2267 
f 2322/1/2322 2329/1/2329 2324/1/2324 
f 2331/1/2331 2334/1/2334 2332/1/2332 
f 2340/1/2340 2337/1/2337 2330/1/2330 
f 2397/1/2397 1444/1/1444 1432/1/1432 
f 1574/1/1574 1577/1/1577 2399/1/2399 
f 1445/1/1445 2391/1/2391 2399/1/2399 
f 2402/1/2402 2403/1/2403 2400/1/2400 
f 2409/1/2409 2411/1/2411 2407/1/2407 
f 2420/1/2420 2419/1/2419 129/1/129 
f 2426/1/2426 2428/1/2428 2425/1/2425 
f 146/1/146 2542/1/2542 2544/1/2544 
f 2547/1/2547 2548/1/2548 2545/1/2545 
f 2546/1/2546 2555/1/2555 2554/1/2554 
f 2615/1/2615 2613/1/2613 2612/1/2612 
f 2614/1/2614 2621/1/2621 2619/1/2619 
f 2628/1/2628 2792/1/2792 2626/1/2626 
f 128/1/128 167/1/167 2635/1/2635 
f 2643/1/2643 2639/1/2639 2647/1/2647 
f 2638/1/2638 2654/1/2654 2645/1/2645 
f 2409/1/2409 2416/1/2416 2654/1/2654 
f 2653/1/2653 2655/1/2655 2662/1/2662 
f 2660/1/2660 2662/1/2662 2655/1/2655 
f 1818/1/1818 2664/1/2664 2658/1/2658 
f 2683/1/2683 2681/1/2681 1288/1/1288 
f 2693/1/2693 2695/1/2695 2696/1/2696 
f 1836/1/1836 2699/1/2699 2697/1/2697 
f 2717/1/2717 2715/1/2715 2466/1/2466 
f 2726/1/2726 2725/1/2725 2714/1/2714 
f 2740/1/2740 1087/1/1087 2738/1/2738 
f 2743/1/2743 2753/1/2753 2752/1/2752 
f 2777/1/2777 2776/1/2776 2428/1/2428 
f 2783/1/2783 2785/1/2785 2621/1/2621 
f 2796/1/2796 2801/1/2801 2804/1/2804 
f 1195/1/1195 1222/1/1222 2805/1/2805 
f 2808/1/2808 2805/1/2805 2806/1/2806 
f 2465/1/2465 2470/1/2470 2809/1/2809 
f 1201/1/1201 2760/1/2760 2814/1/2814 
f 2815/1/2815 2814/1/2814 2760/1/2760 
f 2759/1/2759 2762/1/2762 2817/1/2817 
f 1422/1/1422 2872/1/2872 1440/1/1440 
f 2695/1/2695 2881/1/2881 2871/1/2871 
f 2694/1/2694 2677/1/2677 2890/1/2890 
f 2443/1/2443 2890/1/2890 2677/1/2677 
f 2900/1/2900 2892/1/2892 2898/1/2898 
f 1502/1/1502 2908/1/2908 2906/1/2906 
f 2912/1/2912 2910/1/2910 2390/1/2390 
f 2927/1/2927 2926/1/2926 2922/1/2922 
f 2916/1/2916 2908/1/2908 2926/1/2926 
f 1501/1/1501 2926/1/2926 2908/1/2908 
f 2459/1/2459 2928/1/2928 2931/1/2931 
f 2895/1/2895 2944/1/2944 2946/1/2946 
f 2554/1/2554 2994/1/2994 2992/1/2992 
f 2996/1/2996 2995/1/2995 2437/1/2437 
f 2997/1/2997 2996/1/2996 3008/1/3008 
f 1397/1/1397 1403/1/1403 3021/1/3021 
f 2863/1/2863 3021/1/3021 1403/1/1403 
f 1316/1/1316 1315/1/1315 3024/1/3024 
f 2339/1/2339 3041/1/3041 3040/1/3040 
f 3043/1/3043 3040/1/3040 3041/1/3041 
f 3069/1/3069 3074/1/3074 2328/1/2328 
f 3073/1/3073 3075/1/3075 3074/1/3074 
f 3041/1/3041 3074/1/3074 3075/1/3075 
f 3079/1/3079 3078/1/3078 3047/1/3047 
f 3079/1/3079 3129/1/3129 3128/1/3128 
f 3042/1/3042 3075/1/3075 3129/1/3129 
f 3130/1/3130 3297/1/3297 3133/1/3133 
f 3071/1/3071 3297/1/3297 3130/1/3130 
f 3109/1/3109 3297/1/3297 3071/1/3071 
f 3133/1/3133 3297/1/3297 3109/1/3109 
f 3131/1/3131 3139/1/3139 3137/1/3137 
f 2402/1/2402 3258/1/3258 3144/1/3144 
f 3149/1/3149 3150/1/3150 3147/1/3147 
f 7/1/7 3147/1/3147 3150/1/3150 
f 30/1/30 22/1/22 3153/1/3153 
f 1747/1/1747 1746/1/1746 3198/1/3198 
f 3207/1/3207 3202/1/3202 3205/1/3205 
f 3206/1/3206 3205/1/3205 3208/1/3208 
f 3146/1/3146 3258/1/3258 3257/1/3257 
f 3/1/3 7/1/7 1/1/1 
f 2/1/2 11/1/11 4/1/4 
f 3/1/3 4/1/4 5/1/5 
f 6/1/6 2406/1/2406 7/1/7 
f 10/1/10 13/1/13 8/1/8 
f 9/1/9 5/1/5 4/1/4 
f 10/1/10 4/1/4 11/1/11 
f 12/1/12 18/1/18 13/1/13 
f 16/1/16 19/1/19 14/1/14 
f 16/1/16 72/1/72 18/1/18 
f 12/1/12 11/1/11 19/1/19 
f 22/1/22 30/1/30 20/1/20 
f 21/1/21 20/1/20 14/1/14 
f 21/1/21 19/1/19 11/1/11 
f 2/1/2 1/1/1 22/1/22 
f 25/1/25 29/1/29 23/1/23 
f 24/1/24 33/1/33 26/1/26 
f 25/1/25 26/1/26 27/1/27 
f 28/1/28 2514/1/2514 29/1/29 
f 32/1/32 20/1/20 30/1/30 
f 31/1/31 27/1/27 26/1/26 
f 32/1/32 26/1/26 33/1/33 
f 34/1/34 14/1/14 20/1/20 
f 37/1/37 41/1/41 35/1/35 
f 36/1/36 57/1/57 38/1/38 
f 37/1/37 38/1/38 39/1/39 
f 40/1/40 46/1/46 41/1/41 
f 44/1/44 49/1/49 42/1/42 
f 43/1/43 2489/1/2489 45/1/45 
f 47/1/47 44/1/44 45/1/45 
f 49/1/49 44/1/44 47/1/47 
f 52/1/52 53/1/53 50/1/50 
f 51/1/51 48/1/48 47/1/47 
f 52/1/52 47/1/47 46/1/46 
f 40/1/40 39/1/39 53/1/53 
f 56/1/56 59/1/59 54/1/54 
f 55/1/55 39/1/39 38/1/38 
f 56/1/56 38/1/38 57/1/57 
f 58/1/58 649/1/649 59/1/59 
f 62/1/62 66/1/66 60/1/60 
f 61/1/61 178/1/178 63/1/63 
f 62/1/62 63/1/63 64/1/64 
f 65/1/65 839/1/839 66/1/66 
f 68/1/68 72/1/72 17/1/17 
f 67/1/67 95/1/95 69/1/69 
f 68/1/68 69/1/69 70/1/70 
f 71/1/71 18/1/18 72/1/72 
f 75/1/75 78/1/78 73/1/73 
f 75/1/75 77/1/77 70/1/70 
f 69/1/69 95/1/95 78/1/78 
f 79/1/79 81/1/81 71/1/71 
f 79/1/79 85/1/85 80/1/80 
f 81/1/81 80/1/80 8/1/8 
f 13/1/13 18/1/18 71/1/71 
f 84/1/84 259/1/259 83/1/83 
f 82/1/82 83/1/83 85/1/85 
f 77/1/77 82/1/82 79/1/79 
f 86/1/86 15/1/15 14/1/14 
f 34/1/34 33/1/33 87/1/87 
f 86/1/86 87/1/87 88/1/88 
f 90/1/90 67/1/67 17/1/17 
f 89/1/89 88/1/88 91/1/91 
f 90/1/90 91/1/91 92/1/92 
f 93/1/93 95/1/95 67/1/67 
f 93/1/93 92/1/92 96/1/96 
f 94/1/94 96/1/96 97/1/97 
f 99/1/99 87/1/87 33/1/33 
f 24/1/24 23/1/23 100/1/100 
f 99/1/99 100/1/100 101/1/101 
f 102/1/102 88/1/88 87/1/87 
f 105/1/105 109/1/109 103/1/103 
f 104/1/104 114/1/114 106/1/106 
f 105/1/105 106/1/106 107/1/107 
f 108/1/108 1657/1/1657 109/1/109 
f 112/1/112 107/1/107 106/1/106 
f 115/1/115 113/1/113 106/1/106 
f 113/1/113 115/1/115 116/1/116 
f 121/1/121 1743/1/1743 120/1/120 
f 117/1/117 120/1/120 122/1/122 
f 123/1/123 103/1/103 118/1/118 
f 51/1/51 50/1/50 124/1/124 
f 129/1/129 48/1/48 51/1/51 
f 132/1/132 136/1/136 130/1/130 
f 131/1/131 137/1/137 133/1/133 
f 133/1/133 2412/1/2412 134/1/134 
f 132/1/132 134/1/134 135/1/135 
f 139/1/139 133/1/133 137/1/137 
f 138/1/138 238/1/238 140/1/140 
f 139/1/139 140/1/140 141/1/141 
f 142/1/142 2412/1/2412 133/1/133 
f 145/1/145 149/1/149 143/1/143 
f 144/1/144 1754/1/1754 146/1/146 
f 145/1/145 146/1/146 147/1/147 
f 148/1/148 153/1/153 149/1/149 
f 152/1/152 155/1/155 150/1/150 
f 151/1/151 143/1/143 149/1/149 
f 152/1/152 149/1/149 153/1/153 
f 154/1/154 162/1/162 155/1/155 
f 158/1/158 161/1/161 156/1/156 
f 161/1/161 158/1/158 159/1/159 
f 160/1/160 150/1/150 155/1/155 
f 156/1/156 161/1/161 155/1/155 
f 164/1/164 127/1/127 126/1/126 
f 163/1/163 171/1/171 165/1/165 
f 164/1/164 165/1/165 166/1/166 
f 170/1/170 173/1/173 168/1/168 
f 169/1/169 166/1/166 165/1/165 
f 170/1/170 165/1/165 171/1/171 
f 172/1/172 247/1/247 173/1/173 
f 176/1/176 179/1/179 174/1/174 
f 175/1/175 180/1/180 177/1/177 
f 176/1/176 177/1/177 178/1/178 
f 61/1/61 60/1/60 179/1/179 
f 182/1/182 177/1/177 180/1/180 
f 181/1/181 186/1/186 183/1/183 
f 182/1/182 183/1/183 184/1/184 
f 185/1/185 178/1/178 177/1/177 
f 188/1/188 183/1/183 186/1/186 
f 187/1/187 192/1/192 189/1/189 
f 188/1/188 189/1/189 190/1/190 
f 191/1/191 184/1/184 183/1/183 
f 194/1/194 189/1/189 192/1/192 
f 193/1/193 282/1/282 195/1/195 
f 194/1/194 195/1/195 196/1/196 
f 197/1/197 190/1/190 189/1/189 
f 202/1/202 291/1/291 203/1/203 
f 207/1/207 211/1/211 205/1/205 
f 206/1/206 2609/1/2609 208/1/208 
f 207/1/207 208/1/208 209/1/209 
f 210/1/210 1028/1/1028 211/1/211 
f 214/1/214 218/1/218 212/1/212 
f 213/1/213 230/1/230 215/1/215 
f 214/1/214 215/1/215 216/1/216 
f 217/1/217 252/1/252 218/1/218 
f 221/1/221 225/1/225 219/1/219 
f 220/1/220 1817/1/1817 222/1/222 
f 221/1/221 222/1/222 223/1/223 
f 224/1/224 1038/1/1038 225/1/225 
f 228/1/228 231/1/231 226/1/226 
f 227/1/227 758/1/758 229/1/229 
f 228/1/228 229/1/229 230/1/230 
f 213/1/213 212/1/212 231/1/231 
f 234/1/234 237/1/237 232/1/232 
f 233/1/233 2026/1/2026 235/1/235 
f 235/1/235 289/1/289 236/1/236 
f 236/1/236 116/1/116 237/1/237 
f 240/1/240 140/1/140 238/1/238 
f 239/1/239 1826/1/1826 241/1/241 
f 241/1/241 1824/1/1824 242/1/242 
f 242/1/242 141/1/141 140/1/140 
f 245/1/245 248/1/248 243/1/243 
f 244/1/244 2434/1/2434 246/1/246 
f 251/1/251 254/1/254 249/1/249 
f 250/1/250 212/1/212 218/1/218 
f 251/1/251 218/1/218 252/1/252 
f 253/1/253 307/1/307 254/1/254 
f 257/1/257 260/1/260 255/1/255 
f 256/1/256 263/1/263 258/1/258 
f 257/1/257 258/1/258 259/1/259 
f 84/1/84 76/1/76 260/1/260 
f 261/1/261 264/1/264 180/1/180 
f 175/1/175 174/1/174 262/1/262 
f 261/1/261 262/1/262 263/1/263 
f 256/1/256 255/1/255 264/1/264 
f 267/1/267 268/1/268 265/1/265 
f 266/1/266 255/1/255 260/1/260 
f 267/1/267 260/1/260 76/1/76 
f 74/1/74 73/1/73 268/1/268 
f 269/1/269 270/1/270 186/1/186 
f 181/1/181 180/1/180 264/1/264 
f 269/1/269 264/1/264 255/1/255 
f 266/1/266 265/1/265 270/1/270 
f 274/1/274 265/1/265 268/1/268 
f 271/1/271 268/1/268 73/1/73 
f 98/1/98 97/1/97 272/1/272 
f 275/1/275 276/1/276 192/1/192 
f 187/1/187 186/1/186 270/1/270 
f 275/1/275 270/1/270 265/1/265 
f 274/1/274 273/1/273 276/1/276 
f 279/1/279 281/1/281 277/1/277 
f 278/1/278 273/1/273 272/1/272 
f 279/1/279 272/1/272 97/1/97 
f 280/1/280 2642/1/2642 281/1/281 
f 283/1/283 284/1/284 282/1/282 
f 193/1/193 192/1/192 276/1/276 
f 283/1/283 276/1/276 273/1/273 
f 278/1/278 277/1/277 284/1/284 
f 287/1/287 290/1/290 285/1/285 
f 286/1/286 294/1/294 288/1/288 
f 287/1/287 288/1/288 289/1/289 
f 235/1/235 2026/1/2026 290/1/290 
f 292/1/292 295/1/295 291/1/291 
f 292/1/292 293/1/293 294/1/294 
f 286/1/286 285/1/285 295/1/295 
f 297/1/297 158/1/158 157/1/157 
f 296/1/296 303/1/303 298/1/298 
f 297/1/297 298/1/298 299/1/299 
f 300/1/300 159/1/159 158/1/158 
f 206/1/206 205/1/205 301/1/301 
f 301/1/301 299/1/299 298/1/298 
f 302/1/302 298/1/298 303/1/303 
f 304/1/304 2609/1/2609 206/1/206 
f 306/1/306 249/1/249 254/1/254 
f 305/1/305 254/1/254 307/1/307 
f 308/1/308 2434/1/2434 244/1/244 
f 309/1/309 231/1/231 212/1/212 
f 250/1/250 249/1/249 310/1/310 
f 309/1/309 310/1/310 311/1/311 
f 312/1/312 226/1/226 231/1/231 
f 315/1/315 319/1/319 313/1/313 
f 314/1/314 916/1/916 316/1/316 
f 315/1/315 316/1/316 317/1/317 
f 318/1/318 333/1/333 319/1/319 
f 322/1/322 326/1/326 320/1/320 
f 321/1/321 331/1/331 323/1/323 
f 322/1/322 323/1/323 324/1/324 
f 325/1/325 917/1/917 326/1/326 
f 329/1/329 332/1/332 327/1/327 
f 328/1/328 353/1/353 330/1/330 
f 329/1/329 330/1/330 331/1/331 
f 321/1/321 320/1/320 332/1/332 
f 335/1/335 319/1/319 333/1/333 
f 334/1/334 365/1/365 336/1/336 
f 335/1/335 336/1/336 337/1/337 
f 338/1/338 313/1/313 319/1/319 
f 339/1/339 344/1/344 333/1/333 
f 318/1/318 317/1/317 340/1/340 
f 339/1/339 340/1/340 341/1/341 
f 348/1/348 352/1/352 347/1/347 
f 340/1/340 345/1/345 347/1/347 
f 340/1/340 317/1/317 346/1/346 
f 350/1/350 323/1/323 331/1/331 
f 349/1/349 357/1/357 351/1/351 
f 350/1/350 351/1/351 352/1/352 
f 348/1/348 324/1/324 323/1/323 
f 355/1/355 330/1/330 353/1/353 
f 354/1/354 378/1/378 356/1/356 
f 355/1/355 356/1/356 357/1/357 
f 349/1/349 331/1/331 330/1/330 
f 359/1/359 354/1/354 353/1/353 
f 358/1/358 365/1/365 360/1/360 
f 359/1/359 360/1/360 361/1/361 
f 362/1/362 378/1/378 354/1/354 
f 364/1/364 344/1/344 343/1/343 
f 364/1/364 360/1/360 365/1/365 
f 334/1/334 333/1/333 344/1/344 
f 366/1/366 370/1/370 343/1/343 
f 342/1/342 341/1/341 367/1/367 
f 366/1/366 367/1/367 368/1/368 
f 369/1/369 388/1/388 370/1/370 
f 371/1/371 367/1/367 341/1/341 
f 372/1/372 371/1/371 347/1/347 
f 371/1/371 372/1/372 373/1/373 
f 374/1/374 368/1/368 367/1/367 
f 376/1/376 351/1/351 357/1/357 
f 375/1/375 382/1/382 377/1/377 
f 376/1/376 377/1/377 373/1/373 
f 372/1/372 352/1/352 351/1/351 
f 380/1/380 356/1/356 378/1/378 
f 379/1/379 387/1/387 381/1/381 
f 375/1/375 357/1/357 356/1/356 
f 362/1/362 361/1/361 383/1/383 
f 384/1/384 383/1/383 385/1/385 
f 384/1/384 386/1/386 387/1/387 
f 379/1/379 378/1/378 362/1/362 
f 390/1/390 370/1/370 388/1/388 
f 389/1/389 385/1/385 383/1/383 
f 390/1/390 383/1/383 361/1/361 
f 393/1/393 398/1/398 391/1/391 
f 393/1/393 392/1/392 394/1/394 
f 393/1/393 395/1/395 396/1/396 
f 397/1/397 429/1/429 398/1/398 
f 403/1/403 410/1/410 402/1/402 
f 399/1/399 402/1/402 391/1/391 
f 404/1/404 432/1/432 400/1/400 
f 407/1/407 411/1/411 405/1/405 
f 409/1/409 407/1/407 406/1/406 
f 407/1/407 409/1/409 410/1/410 
f 403/1/403 401/1/401 411/1/411 
f 413/1/413 406/1/406 405/1/405 
f 412/1/412 417/1/417 414/1/414 
f 413/1/413 414/1/414 415/1/415 
f 416/1/416 408/1/408 406/1/406 
f 419/1/419 414/1/414 417/1/417 
f 418/1/418 428/1/428 420/1/420 
f 419/1/419 420/1/420 421/1/421 
f 422/1/422 415/1/415 414/1/414 
f 427/1/427 429/1/429 426/1/426 
f 426/1/426 421/1/421 420/1/420 
f 428/1/428 424/1/424 423/1/423 
f 430/1/430 398/1/398 429/1/429 
f 430/1/430 427/1/427 425/1/425 
f 404/1/404 391/1/391 398/1/398 
f 433/1/433 436/1/436 368/1/368 
f 374/1/374 373/1/373 434/1/434 
f 434/1/434 437/1/437 435/1/435 
f 435/1/435 454/1/454 436/1/436 
f 438/1/438 440/1/440 437/1/437 
f 434/1/434 373/1/373 377/1/377 
f 438/1/438 377/1/377 382/1/382 
f 439/1/439 444/1/444 440/1/440 
f 442/1/442 381/1/381 387/1/387 
f 441/1/441 448/1/448 443/1/443 
f 442/1/442 443/1/443 444/1/444 
f 439/1/439 382/1/382 381/1/381 
f 446/1/446 386/1/386 385/1/385 
f 445/1/445 453/1/453 447/1/447 
f 446/1/446 447/1/447 448/1/448 
f 441/1/441 387/1/387 386/1/386 
f 449/1/449 445/1/445 385/1/385 
f 389/1/389 388/1/388 450/1/450 
f 449/1/449 450/1/450 451/1/451 
f 445/1/445 449/1/449 452/1/452 
f 456/1/456 436/1/436 454/1/454 
f 456/1/456 450/1/450 388/1/388 
f 369/1/369 368/1/368 436/1/436 
f 458/1/458 435/1/435 437/1/437 
f 457/1/457 474/1/474 459/1/459 
f 458/1/458 772/1/772 454/1/454 
f 462/1/462 411/1/411 401/1/401 
f 461/1/461 484/1/484 463/1/463 
f 462/1/462 463/1/463 464/1/464 
f 465/1/465 405/1/405 411/1/411 
f 468/1/468 470/1/470 466/1/466 
f 467/1/467 1547/1/1547 469/1/469 
f 471/1/471 474/1/474 470/1/470 
f 473/1/473 440/1/440 444/1/444 
f 472/1/472 466/1/466 470/1/470 
f 473/1/473 470/1/470 474/1/474 
f 457/1/457 437/1/437 440/1/440 
f 465/1/465 464/1/464 469/1/469 
f 469/1/469 1547/1/1547 476/1/476 
f 476/1/476 417/1/417 412/1/412 
f 475/1/475 412/1/412 405/1/405 
f 478/1/478 443/1/443 448/1/448 
f 477/1/477 483/1/483 479/1/479 
f 478/1/478 479/1/479 466/1/466 
f 472/1/472 444/1/444 443/1/443 
f 481/1/481 447/1/447 453/1/453 
f 480/1/480 783/1/783 482/1/482 
f 481/1/481 482/1/482 483/1/483 
f 477/1/477 448/1/448 447/1/447 
f 489/1/489 490/1/490 487/1/487 
f 488/1/488 428/1/428 418/1/418 
f 489/1/489 418/1/418 417/1/417 
f 476/1/476 1547/1/1547 490/1/490 
f 491/1/491 496/1/496 487/1/487 
f 497/1/497 1537/1/1537 492/1/492 
f 499/1/499 425/1/425 424/1/424 
f 498/1/498 424/1/424 428/1/428 
f 488/1/488 487/1/487 496/1/496 
f 499/1/499 495/1/495 500/1/500 
f 500/1/500 505/1/505 502/1/502 
f 501/1/501 502/1/502 432/1/432 
f 503/1/503 400/1/400 432/1/432 
f 502/1/502 505/1/505 504/1/504 
f 503/1/503 504/1/504 484/1/484 
f 507/1/507 504/1/504 505/1/505 
f 506/1/506 512/1/512 508/1/508 
f 507/1/507 508/1/508 509/1/509 
f 510/1/510 484/1/484 504/1/504 
f 514/1/514 525/1/525 513/1/513 
f 511/1/511 513/1/513 515/1/515 
f 516/1/516 509/1/509 508/1/508 
f 519/1/519 942/1/942 517/1/517 
f 519/1/519 518/1/518 520/1/520 
f 523/1/523 526/1/526 520/1/520 
f 518/1/518 517/1/517 524/1/524 
f 523/1/523 524/1/524 525/1/525 
f 514/1/514 512/1/512 526/1/526 
f 529/1/529 534/1/534 527/1/527 
f 528/1/528 538/1/538 530/1/530 
f 537/1/537 540/1/540 535/1/535 
f 536/1/536 535/1/535 538/1/538 
f 528/1/528 527/1/527 539/1/539 
f 539/1/539 522/1/522 537/1/537 
f 542/1/542 535/1/535 540/1/540 
f 541/1/541 583/1/583 543/1/543 
f 542/1/542 543/1/543 544/1/544 
f 545/1/545 538/1/538 535/1/535 
f 548/1/548 550/1/550 546/1/546 
f 548/1/548 494/1/494 493/1/493 
f 549/1/549 1137/1/1137 550/1/550 
f 551/1/551 500/1/500 495/1/495 
f 557/1/557 552/1/552 546/1/546 
f 557/1/557 556/1/556 558/1/558 
f 560/1/560 520/1/520 526/1/526 
f 559/1/559 526/1/526 512/1/512 
f 560/1/560 553/1/553 562/1/562 
f 566/1/566 563/1/563 562/1/562 
f 562/1/562 553/1/553 555/1/555 
f 565/1/565 555/1/555 558/1/558 
f 567/1/567 598/1/598 566/1/566 
f 569/1/569 564/1/564 563/1/563 
f 569/1/569 571/1/571 540/1/540 
f 537/1/537 522/1/522 564/1/564 
f 574/1/574 576/1/576 572/1/572 
f 573/1/573 596/1/596 575/1/575 
f 574/1/574 575/1/575 570/1/570 
f 568/1/568 563/1/563 576/1/576 
f 579/1/579 584/1/584 577/1/577 
f 579/1/579 578/1/578 580/1/580 
f 581/1/581 591/1/591 582/1/582 
f 585/1/585 595/1/595 577/1/577 
f 541/1/541 540/1/540 571/1/571 
f 587/1/587 581/1/581 580/1/580 
f 587/1/587 586/1/586 588/1/588 
f 589/1/589 598/1/598 590/1/590 
f 587/1/587 590/1/590 591/1/591 
f 594/1/594 597/1/597 592/1/592 
f 593/1/593 577/1/577 595/1/595 
f 594/1/594 575/1/575 596/1/596 
f 599/1/599 566/1/566 598/1/598 
f 589/1/589 588/1/588 600/1/600 
f 599/1/599 600/1/600 572/1/572 
f 576/1/576 563/1/563 566/1/566 
f 597/1/597 601/1/601 602/1/602 
f 601/1/601 597/1/597 596/1/596 
f 606/1/606 607/1/607 604/1/604 
f 605/1/605 50/1/50 53/1/53 
f 606/1/606 53/1/53 39/1/39 
f 55/1/55 54/1/54 607/1/607 
f 608/1/608 124/1/124 50/1/50 
f 605/1/605 604/1/604 609/1/609 
f 608/1/608 609/1/609 610/1/610 
f 611/1/611 126/1/126 124/1/124 
f 613/1/613 609/1/609 604/1/604 
f 612/1/612 645/1/645 614/1/614 
f 613/1/613 614/1/614 615/1/615 
f 616/1/616 610/1/610 609/1/609 
f 611/1/611 610/1/610 617/1/617 
f 618/1/618 617/1/617 619/1/619 
f 618/1/618 620/1/620 171/1/171 
f 163/1/163 126/1/126 611/1/611 
f 622/1/622 616/1/616 615/1/615 
f 621/1/621 629/1/629 623/1/623 
f 622/1/622 623/1/623 619/1/619 
f 622/1/622 617/1/617 610/1/610 
f 620/1/620 619/1/619 624/1/624 
f 172/1/172 171/1/171 620/1/620 
f 628/1/628 624/1/624 619/1/619 
f 628/1/628 623/1/623 629/1/629 
f 630/1/630 639/1/639 631/1/631 
f 631/1/631 626/1/626 624/1/624 
f 634/1/634 637/1/637 632/1/632 
f 633/1/633 311/1/311 310/1/310 
f 634/1/634 310/1/310 249/1/249 
f 638/1/638 636/1/636 626/1/626 
f 638/1/638 631/1/631 639/1/639 
f 640/1/640 720/1/720 641/1/641 
f 638/1/638 641/1/641 632/1/632 
f 643/1/643 607/1/607 54/1/54 
f 642/1/642 647/1/647 644/1/644 
f 643/1/643 644/1/644 645/1/645 
f 612/1/612 604/1/604 607/1/607 
f 642/1/642 648/1/648 646/1/646 
f 642/1/642 54/1/54 59/1/59 
f 648/1/648 59/1/59 649/1/649 
f 650/1/650 654/1/654 646/1/646 
f 653/1/653 661/1/661 651/1/651 
f 651/1/651 647/1/647 646/1/646 
f 652/1/652 646/1/646 654/1/654 
f 653/1/653 652/1/652 655/1/655 
f 658/1/658 645/1/645 644/1/644 
f 644/1/644 647/1/647 659/1/659 
f 657/1/657 659/1/659 660/1/660 
f 663/1/663 651/1/651 661/1/661 
f 662/1/662 672/1/672 664/1/664 
f 664/1/664 660/1/660 659/1/659 
f 667/1/667 681/1/681 665/1/665 
f 665/1/665 615/1/615 614/1/614 
f 666/1/666 614/1/614 645/1/645 
f 658/1/658 660/1/660 667/1/667 
f 670/1/670 673/1/673 668/1/668 
f 669/1/669 674/1/674 671/1/671 
f 670/1/670 671/1/671 672/1/672 
f 662/1/662 661/1/661 673/1/673 
f 675/1/675 677/1/677 674/1/674 
f 669/1/669 668/1/668 676/1/676 
f 675/1/675 676/1/676 5/1/5 
f 9/1/9 8/1/8 677/1/677 
f 680/1/680 684/1/684 678/1/678 
f 667/1/667 679/1/679 678/1/678 
f 679/1/679 667/1/667 660/1/660 
f 679/1/679 664/1/664 672/1/672 
f 680/1/680 672/1/672 671/1/671 
f 682/1/682 671/1/671 674/1/674 
f 682/1/682 683/1/683 684/1/684 
f 685/1/685 677/1/677 8/1/8 
f 685/1/685 80/1/80 85/1/85 
f 685/1/685 686/1/686 687/1/687 
f 688/1/688 674/1/674 677/1/677 
f 690/1/690 665/1/665 681/1/681 
f 689/1/689 698/1/698 691/1/691 
f 690/1/690 691/1/691 629/1/629 
f 621/1/621 615/1/615 665/1/665 
f 688/1/688 687/1/687 692/1/692 
f 692/1/692 695/1/695 694/1/694 
f 693/1/693 694/1/694 684/1/684 
f 683/1/683 674/1/674 688/1/688 
f 697/1/697 694/1/694 695/1/695 
f 696/1/696 698/1/698 689/1/689 
f 689/1/689 681/1/681 678/1/678 
f 678/1/678 684/1/684 694/1/694 
f 700/1/700 691/1/691 698/1/698 
f 699/1/699 716/1/716 701/1/701 
f 700/1/700 701/1/701 639/1/639 
f 630/1/630 629/1/629 691/1/691 
f 702/1/702 699/1/699 698/1/698 
f 696/1/696 695/1/695 703/1/703 
f 702/1/702 703/1/703 704/1/704 
f 705/1/705 716/1/716 699/1/699 
f 707/1/707 692/1/692 687/1/687 
f 709/1/709 707/1/707 706/1/706 
f 709/1/709 704/1/704 703/1/703 
f 703/1/703 695/1/695 692/1/692 
f 711/1/711 83/1/83 259/1/259 
f 710/1/710 708/1/708 706/1/706 
f 711/1/711 706/1/706 687/1/687 
f 686/1/686 85/1/85 83/1/83 
f 714/1/714 717/1/717 712/1/712 
f 713/1/713 730/1/730 715/1/715 
f 714/1/714 715/1/715 716/1/716 
f 705/1/705 704/1/704 717/1/717 
f 718/1/718 701/1/701 716/1/716 
f 715/1/715 730/1/730 719/1/719 
f 718/1/718 719/1/719 720/1/720 
f 640/1/640 639/1/639 701/1/701 
f 721/1/721 717/1/717 704/1/704 
f 709/1/709 708/1/708 722/1/722 
f 722/1/722 712/1/712 717/1/717 
f 724/1/724 641/1/641 720/1/720 
f 723/1/723 732/1/732 725/1/725 
f 724/1/724 725/1/725 311/1/311 
f 633/1/633 632/1/632 641/1/641 
f 727/1/727 258/1/258 263/1/263 
f 726/1/726 733/1/733 728/1/728 
f 727/1/727 728/1/728 708/1/708 
f 710/1/710 259/1/259 258/1/258 
f 723/1/723 720/1/720 719/1/719 
f 729/1/729 719/1/719 730/1/730 
f 735/1/735 728/1/728 733/1/733 
f 734/1/734 737/1/737 736/1/736 
f 735/1/735 736/1/736 712/1/712 
f 722/1/722 708/1/708 728/1/728 
f 739/1/739 736/1/736 737/1/737 
f 738/1/738 732/1/732 731/1/731 
f 739/1/739 731/1/731 730/1/730 
f 713/1/713 712/1/712 736/1/736 
f 741/1/741 725/1/725 732/1/732 
f 740/1/740 753/1/753 742/1/742 
f 741/1/741 742/1/742 226/1/226 
f 312/1/312 311/1/311 725/1/725 
f 744/1/744 262/1/262 174/1/174 
f 743/1/743 746/1/746 745/1/745 
f 744/1/744 745/1/745 733/1/733 
f 726/1/726 263/1/263 262/1/262 
f 748/1/748 745/1/745 746/1/746 
f 747/1/747 750/1/750 749/1/749 
f 748/1/748 749/1/749 737/1/737 
f 734/1/734 733/1/733 745/1/745 
f 752/1/752 749/1/749 750/1/750 
f 751/1/751 753/1/753 740/1/740 
f 752/1/752 740/1/740 732/1/732 
f 738/1/738 737/1/737 749/1/749 
f 754/1/754 757/1/757 742/1/742 
f 757/1/757 754/1/754 755/1/755 
f 757/1/757 756/1/756 758/1/758 
f 227/1/227 226/1/226 742/1/742 
f 760/1/760 179/1/179 60/1/60 
f 759/1/759 762/1/762 761/1/761 
f 760/1/760 761/1/761 746/1/746 
f 743/1/743 174/1/174 179/1/179 
f 764/1/764 761/1/761 762/1/762 
f 763/1/763 766/1/766 765/1/765 
f 764/1/764 765/1/765 750/1/750 
f 747/1/747 746/1/746 761/1/761 
f 768/1/768 765/1/765 766/1/766 
f 767/1/767 755/1/755 754/1/754 
f 768/1/768 754/1/754 753/1/753 
f 751/1/751 750/1/750 765/1/765 
f 66/1/66 839/1/839 769/1/769 
f 769/1/769 847/1/847 771/1/771 
f 770/1/770 771/1/771 762/1/762 
f 759/1/759 60/1/60 66/1/66 
f 773/1/773 793/1/793 774/1/774 
f 778/1/778 780/1/780 776/1/776 
f 777/1/777 793/1/793 779/1/779 
f 778/1/778 779/1/779 509/1/509 
f 516/1/516 515/1/515 780/1/780 
f 774/1/774 793/1/793 782/1/782 
f 781/1/781 782/1/782 783/1/783 
f 480/1/480 453/1/453 452/1/452 
f 510/1/510 509/1/509 779/1/779 
f 779/1/779 793/1/793 773/1/773 
f 784/1/784 773/1/773 460/1/460 
f 485/1/485 484/1/484 510/1/510 
f 795/1/795 790/1/790 789/1/789 
f 795/1/795 797/1/797 798/1/798 
f 799/1/799 791/1/791 790/1/790 
f 802/1/802 807/1/807 800/1/800 
f 802/1/802 801/1/801 803/1/803 
f 802/1/802 804/1/804 805/1/805 
f 806/1/806 2237/1/2237 807/1/807 
f 810/1/810 814/1/814 808/1/808 
f 809/1/809 815/1/815 811/1/811 
f 810/1/810 811/1/811 812/1/812 
f 813/1/813 1236/1/1236 814/1/814 
f 817/1/817 811/1/811 815/1/815 
f 816/1/816 835/1/835 818/1/818 
f 817/1/817 818/1/818 819/1/819 
f 820/1/820 812/1/812 811/1/811 
f 823/1/823 825/1/825 821/1/821 
f 822/1/822 830/1/830 824/1/824 
f 823/1/823 824/1/824 815/1/815 
f 809/1/809 808/1/808 825/1/825 
f 828/1/828 831/1/831 826/1/826 
f 827/1/827 867/1/867 829/1/829 
f 828/1/828 829/1/829 830/1/830 
f 822/1/822 821/1/821 831/1/831 
f 833/1/833 824/1/824 830/1/830 
f 832/1/832 836/1/836 834/1/834 
f 833/1/833 834/1/834 835/1/835 
f 816/1/816 815/1/815 824/1/824 
f 838/1/838 834/1/834 836/1/836 
f 837/1/837 847/1/847 769/1/769 
f 838/1/838 769/1/769 839/1/839 
f 840/1/840 835/1/835 834/1/834 
f 843/1/843 846/1/846 841/1/841 
f 842/1/842 870/1/870 844/1/844 
f 843/1/843 844/1/844 826/1/826 
f 845/1/845 979/1/979 846/1/846 
f 849/1/849 771/1/771 847/1/847 
f 848/1/848 855/1/855 850/1/850 
f 849/1/849 850/1/850 766/1/766 
f 763/1/763 762/1/762 771/1/771 
f 853/1/853 861/1/861 851/1/851 
f 851/1/851 860/1/860 854/1/854 
f 854/1/854 758/1/758 756/1/756 
f 857/1/857 850/1/850 855/1/855 
f 856/1/856 861/1/861 853/1/853 
f 857/1/857 853/1/853 755/1/755 
f 767/1/767 766/1/766 850/1/850 
f 862/1/862 533/1/533 532/1/532 
f 532/1/532 531/1/531 859/1/859 
f 864/1/864 837/1/837 836/1/836 
f 863/1/863 869/1/869 865/1/865 
f 864/1/864 865/1/865 855/1/855 
f 848/1/848 847/1/847 837/1/837 
f 832/1/832 830/1/830 829/1/829 
f 872/1/872 844/1/844 870/1/870 
f 872/1/872 868/1/868 867/1/867 
f 827/1/827 826/1/826 844/1/844 
f 875/1/875 878/1/878 873/1/873 
f 871/1/871 870/1/870 876/1/876 
f 880/1/880 873/1/873 878/1/878 
f 879/1/879 951/1/951 881/1/881 
f 884/1/884 886/1/886 882/1/882 
f 881/1/881 951/1/951 885/1/885 
f 884/1/884 885/1/885 533/1/533 
f 862/1/862 861/1/861 886/1/886 
f 856/1/856 855/1/855 865/1/865 
f 865/1/865 869/1/869 883/1/883 
f 887/1/887 883/1/883 882/1/882 
f 887/1/887 886/1/886 861/1/861 
f 888/1/888 891/1/891 394/1/394 
f 392/1/392 391/1/391 402/1/402 
f 888/1/888 402/1/402 410/1/410 
f 888/1/888 889/1/889 890/1/890 
f 894/1/894 895/1/895 892/1/892 
f 894/1/894 893/1/893 421/1/421 
f 894/1/894 426/1/426 429/1/429 
f 894/1/894 397/1/397 396/1/396 
f 898/1/898 900/1/900 896/1/896 
f 897/1/897 908/1/908 899/1/899 
f 898/1/898 899/1/899 408/1/408 
f 416/1/416 415/1/415 900/1/900 
f 409/1/409 408/1/408 899/1/899 
f 899/1/899 908/1/908 902/1/902 
f 901/1/901 902/1/902 890/1/890 
f 889/1/889 410/1/410 409/1/409 
f 904/1/904 893/1/893 892/1/892 
f 903/1/903 896/1/896 900/1/900 
f 904/1/904 900/1/900 415/1/415 
f 422/1/422 421/1/421 893/1/893 
f 907/1/907 909/1/909 905/1/905 
f 907/1/907 897/1/897 896/1/896 
f 903/1/903 892/1/892 909/1/909 
f 910/1/910 891/1/891 890/1/890 
f 910/1/910 906/1/906 905/1/905 
f 912/1/912 911/1/911 905/1/905 
f 909/1/909 892/1/892 895/1/895 
f 912/1/912 895/1/895 396/1/396 
f 338/1/338 337/1/337 913/1/913 
f 913/1/913 917/1/917 915/1/915 
f 914/1/914 915/1/915 916/1/916 
f 314/1/314 313/1/313 338/1/338 
f 918/1/918 915/1/915 917/1/917 
f 325/1/325 324/1/324 346/1/346 
f 918/1/918 346/1/346 317/1/317 
f 918/1/918 316/1/316 916/1/916 
f 919/1/919 332/1/332 320/1/320 
f 326/1/326 917/1/917 913/1/913 
f 920/1/920 327/1/327 332/1/332 
f 921/1/921 328/1/328 327/1/327 
f 920/1/920 337/1/337 336/1/336 
f 921/1/921 336/1/336 365/1/365 
f 358/1/358 353/1/353 328/1/328 
f 842/1/842 841/1/841 923/1/923 
f 922/1/922 923/1/923 924/1/924 
f 925/1/925 877/1/877 876/1/876 
f 927/1/927 780/1/780 515/1/515 
f 926/1/926 935/1/935 928/1/928 
f 927/1/927 928/1/928 929/1/929 
f 930/1/930 776/1/776 780/1/780 
f 933/1/933 934/1/934 931/1/931 
f 932/1/932 878/1/878 875/1/875 
f 933/1/933 875/1/875 877/1/877 
f 925/1/925 924/1/924 934/1/934 
f 937/1/937 928/1/928 935/1/935 
f 936/1/936 931/1/931 934/1/934 
f 937/1/937 934/1/934 924/1/924 
f 938/1/938 929/1/929 928/1/928 
f 940/1/940 539/1/539 527/1/527 
f 939/1/939 944/1/944 941/1/941 
f 940/1/940 941/1/941 517/1/517 
f 942/1/942 522/1/522 539/1/539 
f 945/1/945 951/1/951 879/1/879 
f 949/1/949 950/1/950 947/1/947 
f 949/1/949 948/1/948 944/1/944 
f 949/1/949 943/1/943 931/1/931 
f 936/1/936 935/1/935 950/1/950 
f 952/1/952 885/1/885 951/1/951 
f 945/1/945 944/1/944 939/1/939 
f 534/1/534 533/1/533 885/1/885 
f 953/1/953 948/1/948 947/1/947 
f 954/1/954 525/1/525 524/1/524 
f 955/1/955 513/1/513 525/1/525 
f 954/1/954 947/1/947 950/1/950 
f 955/1/955 950/1/950 935/1/935 
f 926/1/926 515/1/515 513/1/513 
f 957/1/957 961/1/961 803/1/803 
f 956/1/956 994/1/994 958/1/958 
f 957/1/957 958/1/958 959/1/959 
f 960/1/960 1426/1/1426 961/1/961 
f 963/1/963 777/1/777 776/1/776 
f 962/1/962 969/1/969 964/1/964 
f 963/1/963 964/1/964 787/1/787 
f 786/1/786 793/1/793 777/1/777 
f 965/1/965 968/1/968 969/1/969 
f 962/1/962 776/1/776 930/1/930 
f 973/1/973 968/1/968 967/1/967 
f 972/1/972 990/1/990 974/1/974 
f 973/1/973 974/1/974 975/1/975 
f 978/1/978 990/1/990 972/1/972 
f 972/1/972 967/1/967 971/1/971 
f 971/1/971 841/1/841 846/1/846 
f 977/1/977 846/1/846 979/1/979 
f 982/1/982 985/1/985 980/1/980 
f 981/1/981 1006/1/1006 983/1/983 
f 983/1/983 1240/1/1240 984/1/984 
f 984/1/984 994/1/994 985/1/985 
f 988/1/988 991/1/991 986/1/986 
f 987/1/987 996/1/996 989/1/989 
f 988/1/988 989/1/989 990/1/990 
f 978/1/978 979/1/979 991/1/991 
f 801/1/801 800/1/800 992/1/992 
f 992/1/992 980/1/980 985/1/985 
f 993/1/993 985/1/985 994/1/994 
f 956/1/956 803/1/803 801/1/801 
f 995/1/995 999/1/999 975/1/975 
f 974/1/974 990/1/990 989/1/989 
f 995/1/995 989/1/989 996/1/996 
f 995/1/995 997/1/997 998/1/998 
f 1001/1/1001 1003/1/1003 986/1/986 
f 1000/1/1000 821/1/821 825/1/825 
f 1001/1/1001 825/1/825 808/1/808 
f 1002/1/1002 1006/1/1006 1003/1/1003 
f 1004/1/1004 1005/1/1005 981/1/981 
f 1005/1/1005 1004/1/1004 996/1/996 
f 987/1/987 986/1/986 1003/1/1003 
f 1005/1/1005 1003/1/1003 1006/1/1006 
f 1007/1/1007 831/1/831 821/1/821 
f 1000/1/1000 986/1/986 991/1/991 
f 1007/1/1007 991/1/991 979/1/979 
f 845/1/845 826/1/826 831/1/831 
f 1004/1/1004 1008/1/1008 997/1/997 
f 1004/1/1004 980/1/980 992/1/992 
f 1008/1/1008 992/1/992 800/1/800 
f 1009/1/1009 998/1/998 997/1/997 
f 1012/1/1012 1013/1/1013 1010/1/1010 
f 1011/1/1011 230/1/230 229/1/229 
f 1012/1/1012 229/1/229 758/1/758 
f 854/1/854 860/1/860 1013/1/1013 
f 1014/1/1014 215/1/215 230/1/230 
f 1011/1/1011 1010/1/1010 1015/1/1015 
f 1014/1/1014 1015/1/1015 1016/1/1016 
f 1017/1/1017 216/1/216 215/1/215 
f 1019/1/1019 1015/1/1015 1010/1/1010 
f 1018/1/1018 1093/1/1093 1020/1/1020 
f 1019/1/1019 1020/1/1020 1021/1/1021 
f 1022/1/1022 1016/1/1016 1015/1/1015 
f 210/1/210 209/1/209 1023/1/1023 
f 1024/1/1024 1023/1/1023 1025/1/1025 
f 1026/1/1026 1767/1/1767 1027/1/1027 
f 1024/1/1024 1027/1/1027 1028/1/1028 
f 1029/1/1029 1032/1/1032 1033/1/1033 
f 1037/1/1037 1040/1/1040 1035/1/1035 
f 1036/1/1036 219/1/219 225/1/225 
f 1037/1/1037 225/1/225 1038/1/1038 
f 1039/1/1039 1866/1/1866 1040/1/1040 
f 1043/1/1043 1045/1/1045 1041/1/1041 
f 1042/1/1042 1050/1/1050 1044/1/1044 
f 1043/1/1043 1044/1/1044 190/1/190 
f 197/1/197 196/1/196 1045/1/1045 
f 1048/1/1048 1049/1/1049 1046/1/1046 
f 1047/1/1047 64/1/64 63/1/63 
f 1048/1/1048 63/1/63 178/1/178 
f 185/1/185 184/1/184 1049/1/1049 
f 1052/1/1052 1044/1/1044 1050/1/1050 
f 1051/1/1051 1046/1/1046 1049/1/1049 
f 1052/1/1052 1049/1/1049 184/1/184 
f 191/1/191 190/1/190 1044/1/1044 
f 1055/1/1055 1057/1/1057 1053/1/1053 
f 1054/1/1054 1062/1/1062 1056/1/1056 
f 1055/1/1055 1056/1/1056 1046/1/1046 
f 1051/1/1051 1050/1/1050 1057/1/1057 
f 65/1/65 64/1/64 1058/1/1058 
f 1061/1/1061 835/1/835 840/1/840 
f 840/1/840 839/1/839 65/1/65 
f 1064/1/1064 1056/1/1056 1062/1/1062 
f 1063/1/1063 1060/1/1060 1058/1/1058 
f 1064/1/1064 1058/1/1058 64/1/64 
f 1047/1/1047 1046/1/1046 1056/1/1056 
f 1067/1/1067 1073/1/1073 1065/1/1065 
f 1076/1/1076 1078/1/1078 1074/1/1074 
f 1075/1/1075 1065/1/1065 1073/1/1073 
f 1076/1/1076 1073/1/1073 1072/1/1072 
f 1077/1/1077 2629/1/2629 1078/1/1078 
f 1081/1/1081 1797/1/1797 1079/1/1079 
f 1080/1/1080 1079/1/1079 1082/1/1082 
f 1083/1/1083 1706/1/1706 1084/1/1084 
f 1080/1/1080 1084/1/1084 1085/1/1085 
f 1088/1/1088 1092/1/1092 1086/1/1086 
f 1087/1/1087 2740/1/2740 1089/1/1089 
f 1088/1/1088 1089/1/1089 1090/1/1090 
f 1091/1/1091 1896/1/1896 1092/1/1092 
f 1095/1/1095 1020/1/1020 1093/1/1093 
f 1094/1/1094 1107/1/1107 1096/1/1096 
f 1098/1/1098 1021/1/1021 1020/1/1020 
f 1101/1/1101 1114/1/1114 1102/1/1102 
f 1105/1/1105 1329/1/1329 1099/1/1099 
f 1106/1/1106 1126/1/1126 1108/1/1108 
f 1096/1/1096 1106/1/1106 1111/1/1111 
f 1112/1/1112 1101/1/1101 1100/1/1100 
f 1118/1/1118 1119/1/1119 1117/1/1117 
f 1116/1/1116 1117/1/1117 1093/1/1093 
f 1018/1/1018 1010/1/1010 1013/1/1013 
f 1121/1/1121 1120/1/1120 1107/1/1107 
f 1121/1/1121 1094/1/1094 1093/1/1093 
f 1127/1/1127 1113/1/1113 1108/1/1108 
f 1127/1/1127 1128/1/1128 1129/1/1129 
f 1131/1/1131 530/1/530 538/1/538 
f 545/1/545 544/1/544 1132/1/1132 
f 1131/1/1131 1132/1/1132 1133/1/1133 
f 1134/1/1134 531/1/531 530/1/530 
f 1135/1/1135 859/1/859 531/1/531 
f 1135/1/1135 1136/1/1136 1119/1/1119 
f 1118/1/1118 860/1/860 859/1/859 
f 1139/1/1139 550/1/550 1137/1/1137 
f 1138/1/1138 1145/1/1145 1140/1/1140 
f 1139/1/1139 1140/1/1140 558/1/558 
f 1123/1/1123 1119/1/1119 1136/1/1136 
f 1141/1/1141 1136/1/1136 1133/1/1133 
f 1142/1/1142 1152/1/1152 1143/1/1143 
f 1143/1/1143 1124/1/1124 1123/1/1123 
f 1149/1/1149 1146/1/1146 1147/1/1147 
f 1148/1/1148 1152/1/1152 1144/1/1144 
f 1151/1/1151 1132/1/1132 544/1/544 
f 1150/1/1150 1145/1/1145 1144/1/1144 
f 1151/1/1151 1144/1/1144 1152/1/1152 
f 1142/1/1142 1133/1/1133 1132/1/1132 
f 1154/1/1154 582/1/582 591/1/591 
f 1150/1/1150 544/1/544 543/1/543 
f 543/1/543 583/1/583 582/1/582 
f 567/1/567 558/1/558 1140/1/1140 
f 1155/1/1155 590/1/590 598/1/598 
f 1156/1/1156 1143/1/1143 1152/1/1152 
f 1160/1/1160 1164/1/1164 1158/1/1158 
f 1159/1/1159 1180/1/1180 1161/1/1161 
f 1160/1/1160 1161/1/1161 1162/1/1162 
f 1163/1/1163 1170/1/1170 1164/1/1164 
f 1166/1/1166 1163/1/1163 1162/1/1162 
f 1165/1/1165 1181/1/1181 1167/1/1167 
f 1166/1/1166 1167/1/1167 1168/1/1168 
f 1165/1/1165 1162/1/1162 1161/1/1161 
f 1161/1/1161 1180/1/1180 1172/1/1172 
f 1171/1/1171 1172/1/1172 1173/1/1173 
f 1174/1/1174 1181/1/1181 1165/1/1165 
f 1177/1/1177 1703/1/1703 1175/1/1175 
f 1176/1/1176 1175/1/1175 1178/1/1178 
f 1179/1/1179 1173/1/1173 1172/1/1172 
f 1176/1/1176 1172/1/1172 1180/1/1180 
f 1182/1/1182 1186/1/1186 1181/1/1181 
f 1174/1/1174 1173/1/1173 1183/1/1183 
f 1182/1/1182 1183/1/1183 1184/1/1184 
f 1185/1/1185 1666/1/1666 1186/1/1186 
f 1188/1/1188 1179/1/1179 1178/1/1178 
f 1187/1/1187 1679/1/1679 1189/1/1189 
f 1183/1/1183 1188/1/1188 1189/1/1189 
f 1188/1/1188 1183/1/1183 1173/1/1173 
f 1189/1/1189 1679/1/1679 1190/1/1190 
f 1191/1/1191 1190/1/1190 1192/1/1192 
f 1193/1/1193 1676/1/1676 1194/1/1194 
f 1191/1/1191 1194/1/1194 1184/1/1184 
f 1197/1/1197 1200/1/1200 1195/1/1195 
f 1197/1/1197 1196/1/1196 1198/1/1198 
f 1199/1/1199 2629/1/2629 1077/1/1077 
f 1077/1/1077 1072/1/1072 1200/1/1200 
f 1203/1/1203 1205/1/1205 1201/1/1201 
f 1202/1/1202 1207/1/1207 1204/1/1204 
f 1203/1/1203 1204/1/1204 1062/1/1062 
f 1054/1/1054 1053/1/1053 1205/1/1205 
f 1208/1/1208 1060/1/1060 1063/1/1063 
f 1063/1/1063 1062/1/1062 1204/1/1204 
f 1210/1/1210 1071/1/1071 1070/1/1070 
f 1210/1/1210 1200/1/1200 1072/1/1072 
f 1217/1/1217 1226/1/1226 1216/1/1216 
f 1220/1/1220 1223/1/1223 1219/1/1219 
f 1218/1/1218 1219/1/1219 1221/1/1221 
f 1222/1/1222 1195/1/1195 1212/1/1212 
f 1229/1/1229 1061/1/1061 1060/1/1060 
f 1229/1/1229 1230/1/1230 819/1/819 
f 1231/1/1231 1224/1/1224 1223/1/1223 
f 1231/1/1231 1220/1/1220 1211/1/1211 
f 1216/1/1216 1226/1/1226 1224/1/1224 
f 1232/1/1232 1233/1/1233 812/1/812 
f 820/1/820 819/1/819 1230/1/1230 
f 1232/1/1232 1230/1/1230 1226/1/1226 
f 1217/1/1217 1215/1/1215 1233/1/1233 
f 1228/1/1228 1234/1/1234 1219/1/1219 
f 1234/1/1234 1228/1/1228 1207/1/1207 
f 1238/1/1238 814/1/814 1236/1/1236 
f 1237/1/1237 1240/1/1240 983/1/983 
f 1238/1/1238 983/1/983 1006/1/1006 
f 1002/1/1002 808/1/808 814/1/814 
f 1239/1/1239 958/1/958 994/1/994 
f 1239/1/1239 984/1/984 1240/1/1240 
f 1241/1/1241 1252/1/1252 1242/1/1242 
f 1242/1/1242 959/1/959 958/1/958 
f 1245/1/1245 1248/1/1248 1244/1/1244 
f 1243/1/1243 1244/1/1244 1236/1/1236 
f 813/1/813 812/1/812 1233/1/1233 
f 1246/1/1246 1214/1/1214 1070/1/1070 
f 1069/1/1069 1068/1/1068 1247/1/1247 
f 1246/1/1246 1247/1/1247 1248/1/1248 
f 1251/1/1251 1254/1/1254 1249/1/1249 
f 1250/1/1250 1249/1/1249 1240/1/1240 
f 1237/1/1237 1236/1/1236 1244/1/1244 
f 1253/1/1253 1255/1/1255 1252/1/1252 
f 1241/1/1241 1240/1/1240 1249/1/1249 
f 1253/1/1253 1249/1/1249 1254/1/1254 
f 1257/1/1257 1248/1/1248 1247/1/1247 
f 1256/1/1256 1247/1/1247 1068/1/1068 
f 1256/1/1256 1258/1/1258 1259/1/1259 
f 1261/1/1261 1242/1/1242 1252/1/1252 
f 1261/1/1261 1260/1/1260 1262/1/1262 
f 1263/1/1263 1276/1/1276 1264/1/1264 
f 1261/1/1261 1264/1/1264 959/1/959 
f 1255/1/1255 1254/1/1254 1265/1/1265 
f 1268/1/1268 1262/1/1262 1260/1/1260 
f 1260/1/1260 1252/1/1252 1255/1/1255 
f 1270/1/1270 1257/1/1257 1259/1/1259 
f 1269/1/1269 1267/1/1267 1265/1/1265 
f 1270/1/1270 1265/1/1265 1254/1/1254 
f 1251/1/1251 1248/1/1248 1257/1/1257 
f 1274/1/1274 1271/1/1271 1272/1/1272 
f 1273/1/1273 1291/1/1291 1275/1/1275 
f 1274/1/1274 1275/1/1275 1276/1/1276 
f 1066/1/1066 1065/1/1065 1277/1/1277 
f 1280/1/1280 1278/1/1278 1277/1/1277 
f 1278/1/1278 1280/1/1280 1259/1/1259 
f 1258/1/1258 1068/1/1068 1066/1/1066 
f 1282/1/1282 1280/1/1280 1279/1/1279 
f 1281/1/1281 1284/1/1284 1283/1/1283 
f 1269/1/1269 1259/1/1259 1280/1/1280 
f 1286/1/1286 1283/1/1283 1284/1/1284 
f 1285/1/1285 1272/1/1272 1271/1/1271 
f 1286/1/1286 1271/1/1271 1262/1/1262 
f 1289/1/1289 1292/1/1292 1287/1/1287 
f 1288/1/1288 1420/1/1420 1290/1/1290 
f 1289/1/1289 1290/1/1290 1291/1/1291 
f 1293/1/1293 1277/1/1277 1065/1/1065 
f 1075/1/1075 1074/1/1074 1294/1/1294 
f 1294/1/1294 1296/1/1296 1295/1/1295 
f 1295/1/1295 1279/1/1279 1277/1/1277 
f 1298/1/1298 1295/1/1295 1296/1/1296 
f 1297/1/1297 1300/1/1300 1299/1/1299 
f 1298/1/1298 1299/1/1299 1284/1/1284 
f 1281/1/1281 1279/1/1279 1295/1/1295 
f 1302/1/1302 1299/1/1299 1300/1/1300 
f 1301/1/1301 1287/1/1287 1292/1/1292 
f 1302/1/1302 1292/1/1292 1272/1/1272 
f 1285/1/1285 1284/1/1284 1299/1/1299 
f 1305/1/1305 1309/1/1309 1303/1/1303 
f 1304/1/1304 2115/1/2115 1306/1/1306 
f 1305/1/1305 1306/1/1306 1307/1/1307 
f 1308/1/1308 1415/1/1415 1309/1/1309 
f 1312/1/1312 1715/1/1715 1311/1/1311 
f 1310/1/1310 1311/1/1311 1313/1/1313 
f 1314/1/1314 2115/1/2115 1304/1/1304 
f 1317/1/1317 1322/1/1322 1315/1/1315 
f 1322/1/1322 1319/1/1319 1320/1/1320 
f 1315/1/1315 1322/1/1322 1321/1/1321 
f 1325/1/1325 1319/1/1319 1318/1/1318 
f 1324/1/1324 1340/1/1340 1326/1/1326 
f 1325/1/1325 1326/1/1326 1327/1/1327 
f 1328/1/1328 1320/1/1320 1319/1/1319 
f 1330/1/1330 1334/1/1334 1329/1/1329 
f 1105/1/1105 1104/1/1104 1331/1/1331 
f 1330/1/1330 1331/1/1331 1332/1/1332 
f 1333/1/1333 1344/1/1344 1334/1/1334 
f 1337/1/1337 1341/1/1341 1335/1/1335 
f 1337/1/1337 1339/1/1339 1340/1/1340 
f 1342/1/1342 1345/1/1345 1338/1/1338 
f 1336/1/1336 1335/1/1335 1343/1/1343 
f 1342/1/1342 1343/1/1343 1344/1/1344 
f 1333/1/1333 1332/1/1332 1345/1/1345 
f 1348/1/1348 1352/1/1352 1346/1/1346 
f 1347/1/1347 1371/1/1371 1349/1/1349 
f 1348/1/1348 1349/1/1349 1350/1/1350 
f 1351/1/1351 1361/1/1361 1352/1/1352 
f 1355/1/1355 1356/1/1356 1353/1/1353 
f 1354/1/1354 1104/1/1104 1102/1/1102 
f 1130/1/1130 1129/1/1129 1356/1/1356 
f 1354/1/1354 1353/1/1353 1357/1/1357 
f 1357/1/1357 1332/1/1332 1331/1/1331 
f 1360/1/1360 1326/1/1326 1340/1/1340 
f 1359/1/1359 1346/1/1346 1352/1/1352 
f 1360/1/1360 1352/1/1352 1361/1/1361 
f 1362/1/1362 1327/1/1327 1326/1/1326 
f 1363/1/1363 1356/1/1356 1129/1/1129 
f 1363/1/1363 1364/1/1364 1365/1/1365 
f 1366/1/1366 1365/1/1365 1368/1/1368 
f 1374/1/1374 1137/1/1137 549/1/549 
f 1368/1/1368 1365/1/1365 1372/1/1372 
f 1347/1/1347 1346/1/1346 1376/1/1376 
f 1378/1/1378 1138/1/1138 1137/1/1137 
f 1374/1/1374 1365/1/1365 1364/1/1364 
f 1378/1/1378 1364/1/1364 1147/1/1147 
f 1146/1/1146 1145/1/1145 1138/1/1138 
f 1380/1/1380 1339/1/1339 1338/1/1338 
f 1379/1/1379 1369/1/1369 1376/1/1376 
f 1359/1/1359 1340/1/1340 1339/1/1339 
f 1370/1/1370 1369/1/1369 1379/1/1379 
f 1384/1/1384 1385/1/1385 1382/1/1382 
f 1383/1/1383 1327/1/1327 1362/1/1362 
f 1384/1/1384 1362/1/1362 1361/1/1361 
f 1383/1/1383 1382/1/1382 1386/1/1386 
f 1386/1/1386 1393/1/1393 1388/1/1388 
f 1328/1/1328 1327/1/1327 1383/1/1383 
f 1391/1/1391 1394/1/1394 1389/1/1389 
f 1390/1/1390 1400/1/1400 1392/1/1392 
f 1386/1/1386 1382/1/1382 1394/1/1394 
f 1321/1/1321 1320/1/1320 1388/1/1388 
f 1395/1/1395 1388/1/1388 1393/1/1393 
f 1395/1/1395 1396/1/1396 1397/1/1397 
f 1396/1/1396 1393/1/1393 1392/1/1392 
f 1401/1/1401 1399/1/1399 1392/1/1392 
f 1399/1/1399 1401/1/1401 1402/1/1402 
f 1403/1/1403 1397/1/1397 1396/1/1396 
f 1406/1/1406 1410/1/1410 1404/1/1404 
f 1405/1/1405 2283/1/2283 1407/1/1407 
f 1406/1/1406 1407/1/1407 1408/1/1408 
f 1409/1/1409 2163/1/2163 1410/1/1410 
f 1413/1/1413 1416/1/1416 1411/1/1411 
f 1412/1/1412 1941/1/1941 1414/1/1414 
f 1413/1/1413 1414/1/1414 1415/1/1415 
f 1308/1/1308 1307/1/1307 1416/1/1416 
f 1419/1/1419 1422/1/1422 1417/1/1417 
f 1418/1/1418 1291/1/1291 1290/1/1290 
f 1419/1/1419 1290/1/1290 1420/1/1420 
f 1421/1/1421 2696/1/2696 1422/1/1422 
f 1424/1/1424 1264/1/1264 1276/1/1276 
f 1423/1/1423 1427/1/1427 1425/1/1425 
f 1424/1/1424 1425/1/1425 1426/1/1426 
f 960/1/960 959/1/959 1264/1/1264 
f 1428/1/1428 1429/1/1429 1427/1/1427 
f 1423/1/1423 1276/1/1276 1275/1/1275 
f 1428/1/1428 1275/1/1275 1291/1/1291 
f 1418/1/1418 1417/1/1417 1429/1/1429 
f 1431/1/1431 1425/1/1425 1427/1/1427 
f 1435/1/1435 1426/1/1426 1425/1/1425 
f 1436/1/1436 961/1/961 1426/1/1426 
f 1435/1/1435 1434/1/1434 1437/1/1437 
f 1436/1/1436 1437/1/1437 805/1/805 
f 804/1/804 803/1/803 961/1/961 
f 1430/1/1430 1427/1/1427 1429/1/1429 
f 1438/1/1438 1429/1/1429 1417/1/1417 
f 1443/1/1443 1434/1/1434 1433/1/1433 
f 1442/1/1442 1433/1/1433 1432/1/1432 
f 1442/1/1442 1444/1/1444 1445/1/1445 
f 1447/1/1447 1394/1/1394 1382/1/1382 
f 1446/1/1446 1459/1/1459 1448/1/1448 
f 1447/1/1447 1448/1/1448 1449/1/1449 
f 1450/1/1450 1389/1/1389 1394/1/1394 
f 1453/1/1453 1455/1/1455 1451/1/1451 
f 1452/1/1452 1459/1/1459 1454/1/1454 
f 1454/1/1454 1458/1/1458 1455/1/1455 
f 1456/1/1456 1454/1/1454 1459/1/1459 
f 1462/1/1462 1491/1/1491 1460/1/1460 
f 1461/1/1461 1460/1/1460 1463/1/1463 
f 1461/1/1461 1464/1/1464 1465/1/1465 
f 1466/1/1466 1488/1/1488 1462/1/1462 
f 1467/1/1467 1484/1/1484 1470/1/1470 
f 1471/1/1471 1495/1/1495 1472/1/1472 
f 1472/1/1472 1478/1/1478 1468/1/1468 
f 1475/1/1475 1479/1/1479 1473/1/1473 
f 1475/1/1475 1474/1/1474 1476/1/1476 
f 1468/1/1468 1475/1/1475 1477/1/1477 
f 1475/1/1475 1468/1/1468 1478/1/1478 
f 1477/1/1477 1476/1/1476 1480/1/1480 
f 1481/1/1481 1480/1/1480 1482/1/1482 
f 1481/1/1481 1483/1/1483 1470/1/1470 
f 1481/1/1481 1484/1/1484 1469/1/1469 
f 1466/1/1466 1465/1/1465 1485/1/1485 
f 1474/1/1474 1486/1/1486 1485/1/1485 
f 1474/1/1474 1473/1/1473 1487/1/1487 
f 1486/1/1486 1487/1/1487 1488/1/1488 
f 1489/1/1489 1480/1/1480 1476/1/1476 
f 1485/1/1485 1465/1/1465 1464/1/1464 
f 1493/1/1493 1460/1/1460 1491/1/1491 
f 1492/1/1492 1696/1/1696 1494/1/1494 
f 1493/1/1493 1494/1/1494 1482/1/1482 
f 1490/1/1490 1463/1/1463 1460/1/1460 
f 1496/1/1496 1497/1/1497 1495/1/1495 
f 1471/1/1471 1470/1/1470 1483/1/1483 
f 1496/1/1496 1483/1/1483 1482/1/1482 
f 1494/1/1494 1696/1/1696 1497/1/1497 
f 1500/1/1500 1504/1/1504 1498/1/1498 
f 1499/1/1499 2925/1/2925 1501/1/1501 
f 1500/1/1500 1501/1/1501 1502/1/1502 
f 1503/1/1503 1513/1/1513 1504/1/1504 
f 1506/1/1506 1499/1/1499 1498/1/1498 
f 1505/1/1505 1519/1/1519 1507/1/1507 
f 1506/1/1506 1507/1/1507 1508/1/1508 
f 1509/1/1509 2925/1/2925 1499/1/1499 
f 1512/1/1512 1515/1/1515 1510/1/1510 
f 1511/1/1511 1498/1/1498 1504/1/1504 
f 1512/1/1512 1504/1/1504 1513/1/1513 
f 1514/1/1514 1523/1/1523 1515/1/1515 
f 1517/1/1517 1511/1/1511 1510/1/1510 
f 1516/1/1516 1526/1/1526 1518/1/1518 
f 1517/1/1517 1518/1/1518 1519/1/1519 
f 1505/1/1505 1498/1/1498 1511/1/1511 
f 1521/1/1521 1455/1/1455 1458/1/1458 
f 1520/1/1520 1535/1/1535 1522/1/1522 
f 1521/1/1521 1522/1/1522 1523/1/1523 
f 1524/1/1524 1451/1/1451 1455/1/1455 
f 1527/1/1527 1531/1/1531 1528/1/1528 
f 799/1/799 798/1/798 1525/1/1525 
f 1530/1/1530 1532/1/1532 783/1/783 
f 782/1/782 793/1/793 792/1/792 
f 1536/1/1536 1535/1/1535 1520/1/1520 
f 1520/1/1520 1458/1/1458 1457/1/1457 
f 1457/1/1457 1350/1/1350 1349/1/1349 
f 1539/1/1539 482/1/482 783/1/783 
f 1532/1/1532 1531/1/1531 1540/1/1540 
f 1543/1/1543 1544/1/1544 1545/1/1545 
f 1549/1/1549 490/1/490 1547/1/1547 
f 1548/1/1548 1541/1/1541 1550/1/1550 
f 1550/1/1550 1537/1/1537 497/1/497 
f 497/1/497 487/1/487 490/1/490 
f 1542/1/1542 1541/1/1541 1548/1/1548 
f 1553/1/1553 1541/1/1541 1540/1/1540 
f 1552/1/1552 1556/1/1556 1545/1/1545 
f 1554/1/1554 1534/1/1534 1537/1/1537 
f 1550/1/1550 1541/1/1541 1553/1/1553 
f 1544/1/1544 1535/1/1535 1534/1/1534 
f 1555/1/1555 1516/1/1516 1510/1/1510 
f 1546/1/1546 1545/1/1545 1556/1/1556 
f 1555/1/1555 1556/1/1556 1531/1/1531 
f 1527/1/1527 1526/1/1526 1516/1/1516 
f 1557/1/1557 1525/1/1525 798/1/798 
f 1559/1/1559 1573/1/1573 1558/1/1558 
f 1562/1/1562 1567/1/1567 1560/1/1560 
f 1437/1/1437 1434/1/1434 1562/1/1562 
f 1566/1/1566 1563/1/1563 1560/1/1560 
f 1565/1/1565 1560/1/1560 1567/1/1567 
f 1566/1/1566 1569/1/1569 1572/1/1572 
f 1559/1/1559 796/1/796 1571/1/1571 
f 1443/1/1443 1445/1/1445 1577/1/1577 
f 1579/1/1579 1558/1/1558 1573/1/1573 
f 1578/1/1578 1584/1/1584 1580/1/1580 
f 1579/1/1579 1580/1/1580 1519/1/1519 
f 1518/1/1518 1526/1/1526 1558/1/1558 
f 1582/1/1582 1572/1/1572 1569/1/1569 
f 1581/1/1581 1594/1/1594 1583/1/1583 
f 1582/1/1582 1583/1/1583 1584/1/1584 
f 1578/1/1578 1573/1/1573 1572/1/1572 
f 1586/1/1586 1575/1/1575 1574/1/1574 
f 1585/1/1585 1594/1/1594 1581/1/1581 
f 1581/1/1581 1569/1/1569 1568/1/1568 
f 1586/1/1586 1568/1/1568 1567/1/1567 
f 1588/1/1588 1580/1/1580 1584/1/1584 
f 1587/1/1587 1599/1/1599 1589/1/1589 
f 1588/1/1588 1589/1/1589 1508/1/1508 
f 1507/1/1507 1519/1/1519 1580/1/1580 
f 1592/1/1592 1595/1/1595 1590/1/1590 
f 1591/1/1591 1597/1/1597 1593/1/1593 
f 1592/1/1592 1593/1/1593 1594/1/1594 
f 1585/1/1585 1574/1/1574 1595/1/1595 
f 1583/1/1583 1594/1/1594 1593/1/1593 
f 1596/1/1596 1593/1/1593 1597/1/1597 
f 1596/1/1596 1598/1/1598 1599/1/1599 
f 1587/1/1587 1584/1/1584 1583/1/1583 
f 1601/1/1601 1589/1/1589 1599/1/1599 
f 1601/1/1601 1600/1/1600 1602/1/1602 
f 1601/1/1601 1603/1/1603 1604/1/1604 
f 1605/1/1605 1508/1/1508 1589/1/1589 
f 1608/1/1608 1610/1/1610 1606/1/1606 
f 1607/1/1607 1611/1/1611 1609/1/1609 
f 1608/1/1608 1609/1/1609 1597/1/1597 
f 1591/1/1591 1590/1/1590 1610/1/1610 
f 1613/1/1613 1609/1/1609 1611/1/1611 
f 1612/1/1612 1602/1/1602 1600/1/1600 
f 1613/1/1613 1600/1/1600 1599/1/1599 
f 1598/1/1598 1597/1/1597 1609/1/1609 
f 1616/1/1616 1620/1/1620 1614/1/1614 
f 1615/1/1615 2150/1/2150 1617/1/1617 
f 1616/1/1616 1617/1/1617 1618/1/1618 
f 1619/1/1619 1626/1/1626 1620/1/1620 
f 1623/1/1623 1630/1/1630 1621/1/1621 
f 1622/1/1622 1621/1/1621 1624/1/1624 
f 1625/1/1625 1614/1/1614 1620/1/1620 
f 1622/1/1622 1620/1/1620 1626/1/1626 
f 1629/1/1629 1632/1/1632 1627/1/1627 
f 1628/1/1628 1624/1/1624 1621/1/1621 
f 1629/1/1629 1621/1/1621 1630/1/1630 
f 1631/1/1631 2359/1/2359 1632/1/1632 
f 1635/1/1635 1637/1/1637 1633/1/1633 
f 1634/1/1634 1754/1/1754 144/1/144 
f 1635/1/1635 144/1/144 143/1/143 
f 1636/1/1636 1642/1/1642 1637/1/1637 
f 151/1/151 150/1/150 1638/1/1638 
f 1639/1/1639 1638/1/1638 1640/1/1640 
f 1636/1/1636 143/1/143 151/1/151 
f 1643/1/1643 1638/1/1638 150/1/150 
f 160/1/160 159/1/159 1644/1/1644 
f 1646/1/1646 1640/1/1640 1638/1/1638 
f 1649/1/1649 1900/1/1900 1647/1/1647 
f 1648/1/1648 1647/1/1647 1650/1/1650 
f 1651/1/1651 1773/1/1773 1652/1/1652 
f 1648/1/1648 1652/1/1652 1086/1/1086 
f 1654/1/1654 236/1/236 289/1/289 
f 1654/1/1654 1656/1/1656 111/1/111 
f 110/1/110 116/1/116 236/1/236 
f 1659/1/1659 109/1/109 1657/1/1657 
f 1659/1/1659 1658/1/1658 1660/1/1660 
f 1661/1/1661 119/1/119 118/1/118 
f 118/1/118 103/1/103 109/1/109 
f 1664/1/1664 1665/1/1665 1662/1/1662 
f 1663/1/1663 1655/1/1655 1653/1/1653 
f 1664/1/1664 1653/1/1653 289/1/289 
f 288/1/288 294/1/294 1665/1/1665 
f 1668/1/1668 1186/1/1186 1666/1/1666 
f 1668/1/1668 1670/1/1670 1168/1/1168 
f 1668/1/1668 1167/1/1167 1181/1/1181 
f 1673/1/1673 1674/1/1674 1671/1/1671 
f 1672/1/1672 1168/1/1168 1670/1/1670 
f 1675/1/1675 1761/1/1761 1674/1/1674 
f 1678/1/1678 1194/1/1194 1676/1/1676 
f 1677/1/1677 1669/1/1669 1667/1/1667 
f 1678/1/1678 1667/1/1667 1666/1/1666 
f 1185/1/1185 1184/1/1184 1194/1/1194 
f 1680/1/1680 1190/1/1190 1679/1/1679 
f 1187/1/1187 1178/1/1178 1681/1/1681 
f 1686/1/1686 1690/1/1690 1684/1/1684 
f 1685/1/1685 1684/1/1684 1478/1/1478 
f 1685/1/1685 1472/1/1472 1495/1/1495 
f 1687/1/1687 1994/1/1994 1686/1/1686 
f 1479/1/1479 1478/1/1478 1684/1/1684 
f 1691/1/1691 1835/1/1835 1689/1/1689 
f 1694/1/1694 1697/1/1697 1692/1/1692 
f 1693/1/1693 2181/1/2181 1695/1/1695 
f 1694/1/1694 1695/1/1695 1696/1/1696 
f 1492/1/1492 1491/1/1491 1697/1/1697 
f 1698/1/1698 1497/1/1497 1696/1/1696 
f 1695/1/1695 2181/1/2181 1699/1/1699 
f 1699/1/1699 1994/1/1994 1687/1/1687 
f 1687/1/1687 1495/1/1495 1497/1/1497 
f 1159/1/1159 1158/1/1158 1700/1/1700 
f 1700/1/1700 1890/1/1890 1702/1/1702 
f 1701/1/1701 1702/1/1702 1703/1/1703 
f 1177/1/1177 1180/1/1180 1159/1/1159 
f 1704/1/1704 1175/1/1175 1703/1/1703 
f 1702/1/1702 1890/1/1890 1705/1/1705 
f 1681/1/1681 1178/1/1178 1175/1/1175 
f 1707/1/1707 1711/1/1711 1706/1/1706 
f 1083/1/1083 1082/1/1082 1708/1/1708 
f 1707/1/1707 1708/1/1708 1709/1/1709 
f 1710/1/1710 1712/1/1712 1711/1/1711 
f 1713/1/1713 1716/1/1716 1712/1/1712 
f 1710/1/1710 1709/1/1709 1714/1/1714 
f 1311/1/1311 1713/1/1713 1714/1/1714 
f 1716/1/1716 1713/1/1713 1311/1/1311 
f 1719/1/1719 1723/1/1723 1717/1/1717 
f 1718/1/1718 1759/1/1759 1720/1/1720 
f 1719/1/1719 1720/1/1720 1721/1/1721 
f 1722/1/1722 3228/1/3228 1723/1/1723 
f 1726/1/1726 1728/1/1728 1724/1/1724 
f 1726/1/1726 3183/1/3183 1727/1/1727 
f 1728/1/1728 1727/1/1727 130/1/130 
f 136/1/136 135/1/135 1724/1/1724 
f 1731/1/1731 1745/1/1745 1729/1/1729 
f 1730/1/1730 1729/1/1729 1732/1/1732 
f 1730/1/1730 1733/1/1733 1734/1/1734 
f 1730/1/1730 1735/1/1735 1736/1/1736 
f 1737/1/1737 1739/1/1739 1734/1/1734 
f 1733/1/1733 1732/1/1732 1738/1/1738 
f 1737/1/1737 1738/1/1738 119/1/119 
f 1661/1/1661 1660/1/1660 1739/1/1739 
f 1742/1/1742 1749/1/1749 1741/1/1741 
f 121/1/121 119/1/119 1738/1/1738 
f 1744/1/1744 1748/1/1748 1749/1/1749 
f 1742/1/1742 1732/1/1732 1729/1/1729 
f 1752/1/1752 1755/1/1755 1750/1/1750 
f 1751/1/1751 1756/1/1756 1753/1/1753 
f 1752/1/1752 1753/1/1753 1754/1/1754 
f 1634/1/1634 1633/1/1633 1755/1/1755 
f 1757/1/1757 1760/1/1760 1756/1/1756 
f 1751/1/1751 1750/1/1750 1758/1/1758 
f 1757/1/1757 1758/1/1758 1759/1/1759 
f 1718/1/1718 1717/1/1717 1760/1/1760 
f 1763/1/1763 1674/1/1674 1761/1/1761 
f 1763/1/1763 1765/1/1765 1033/1/1033 
f 1766/1/1766 1671/1/1671 1674/1/1674 
f 1769/1/1769 1027/1/1027 1767/1/1767 
f 1768/1/1768 1776/1/1776 1770/1/1770 
f 1769/1/1769 1770/1/1770 1771/1/1771 
f 1772/1/1772 1028/1/1028 1027/1/1027 
f 1774/1/1774 1777/1/1777 1773/1/1773 
f 1651/1/1651 1650/1/1650 1775/1/1775 
f 1774/1/1774 1775/1/1775 1776/1/1776 
f 1768/1/1768 1767/1/1767 1777/1/1777 
f 1780/1/1780 1786/1/1786 1779/1/1779 
f 1778/1/1778 1779/1/1779 200/1/200 
f 1784/1/1784 1662/1/1662 1665/1/1665 
f 1781/1/1781 1665/1/1665 294/1/294 
f 293/1/293 201/1/201 1782/1/1782 
f 1787/1/1787 1783/1/1783 1782/1/1782 
f 1785/1/1785 1782/1/1782 201/1/201 
f 1788/1/1788 200/1/200 1779/1/1779 
f 1791/1/1791 1792/1/1792 1789/1/1789 
f 1790/1/1790 205/1/205 211/1/211 
f 1791/1/1791 211/1/211 1028/1/1028 
f 1772/1/1772 1771/1/1771 1792/1/1792 
f 1795/1/1795 1798/1/1798 1793/1/1793 
f 1794/1/1794 1905/1/1905 1796/1/1796 
f 1795/1/1795 1796/1/1796 1797/1/1797 
f 1800/1/1800 115/1/115 114/1/114 
f 1799/1/1799 1804/1/1804 1801/1/1801 
f 1801/1/1801 232/1/232 237/1/237 
f 1800/1/1800 237/1/237 116/1/116 
f 1802/1/1802 104/1/104 103/1/103 
f 123/1/123 122/1/122 1803/1/1803 
f 1799/1/1799 1802/1/1802 1803/1/1803 
f 1799/1/1799 114/1/114 104/1/104 
f 1806/1/1806 1656/1/1656 1655/1/1655 
f 1805/1/1805 1808/1/1808 1807/1/1807 
f 1806/1/1806 1807/1/1807 107/1/107 
f 112/1/112 111/1/111 1656/1/1656 
f 1810/1/1810 1807/1/1807 1808/1/1808 
f 1809/1/1809 1660/1/1660 1658/1/1658 
f 1658/1/1658 1657/1/1657 108/1/108 
f 108/1/108 107/1/107 1807/1/1807 
f 1813/1/1813 1814/1/1814 1811/1/1811 
f 1812/1/1812 299/1/299 301/1/301 
f 1813/1/1813 301/1/301 205/1/205 
f 1790/1/1790 1789/1/1789 1814/1/1814 
f 1815/1/1815 300/1/300 299/1/299 
f 1812/1/1812 1811/1/1811 1816/1/1816 
f 1644/1/1644 1815/1/1815 1816/1/1816 
f 1815/1/1815 1644/1/1644 159/1/159 
f 1819/1/1819 222/1/222 1817/1/1817 
f 1819/1/1819 1818/1/1818 1820/1/1820 
f 1819/1/1819 1821/1/1821 1822/1/1822 
f 1823/1/1823 223/1/223 222/1/222 
f 1825/1/1825 1828/1/1828 1824/1/1824 
f 1827/1/1827 1825/1/1825 241/1/241 
f 1825/1/1825 1827/1/1827 1822/1/1822 
f 1821/1/1821 1820/1/1820 1828/1/1828 
f 1830/1/1830 1462/1/1462 1488/1/1488 
f 1829/1/1829 1834/1/1834 1831/1/1831 
f 1830/1/1830 1697/1/1697 1491/1/1491 
f 1829/1/1829 1488/1/1488 1487/1/1487 
f 1832/1/1832 1487/1/1487 1473/1/1473 
f 1838/1/1838 1842/1/1842 1836/1/1836 
f 1837/1/1837 1845/1/1845 1839/1/1839 
f 1838/1/1838 1839/1/1839 1840/1/1840 
f 1841/1/1841 1929/1/1929 1842/1/1842 
f 1843/1/1843 1846/1/1846 1404/1/1404 
f 1410/1/1410 2163/1/2163 1844/1/1844 
f 1843/1/1843 1844/1/1844 1845/1/1845 
f 1837/1/1837 1836/1/1836 1846/1/1846 
f 1849/1/1849 1853/1/1853 1847/1/1847 
f 1848/1/1848 1857/1/1857 1850/1/1850 
f 1849/1/1849 1850/1/1850 1851/1/1851 
f 1852/1/1852 1892/1/1892 1853/1/1853 
f 1856/1/1856 1859/1/1859 1854/1/1854 
f 1855/1/1855 1851/1/1851 1850/1/1850 
f 1856/1/1856 1850/1/1850 1857/1/1857 
f 1858/1/1858 1920/1/1920 1859/1/1859 
f 1861/1/1861 1672/1/1672 1671/1/1671 
f 1860/1/1860 1865/1/1865 1862/1/1862 
f 1861/1/1861 1862/1/1862 1170/1/1170 
f 1169/1/1169 1168/1/1168 1672/1/1672 
f 1864/1/1864 1032/1/1032 1031/1/1031 
f 1864/1/1864 1863/1/1863 1865/1/1865 
f 1766/1/1766 1864/1/1864 1860/1/1860 
f 1766/1/1766 1033/1/1033 1032/1/1032 
f 1868/1/1868 1040/1/1040 1866/1/1866 
f 1867/1/1867 1875/1/1875 1869/1/1869 
f 1868/1/1868 1869/1/1869 1870/1/1870 
f 1871/1/1871 1035/1/1035 1040/1/1040 
f 1874/1/1874 1878/1/1878 1872/1/1872 
f 1873/1/1873 1870/1/1870 1869/1/1869 
f 1874/1/1874 1869/1/1869 1875/1/1875 
f 1874/1/1874 1876/1/1876 1877/1/1877 
f 1883/1/1883 1887/1/1887 1882/1/1882 
f 1879/1/1879 1882/1/1882 1884/1/1884 
f 1888/1/1888 1891/1/1891 1887/1/1887 
f 1889/1/1889 1682/1/1682 1705/1/1705 
f 1894/1/1894 1853/1/1853 1892/1/1892 
f 1893/1/1893 1973/1/1973 1895/1/1895 
f 1894/1/1894 1895/1/1895 1896/1/1896 
f 1897/1/1897 1847/1/1847 1853/1/1853 
f 1895/1/1895 1973/1/1973 1899/1/1899 
f 1649/1/1649 1086/1/1086 1092/1/1092 
f 1903/1/1903 1906/1/1906 1901/1/1901 
f 1902/1/1902 1907/1/1907 1904/1/1904 
f 1903/1/1903 1904/1/1904 1905/1/1905 
f 1794/1/1794 1793/1/1793 1906/1/1906 
f 1908/1/1908 1910/1/1910 1907/1/1907 
f 1908/1/1908 1909/1/1909 1872/1/1872 
f 1878/1/1878 1877/1/1877 1910/1/1910 
f 1911/1/1911 1917/1/1917 1912/1/1912 
f 1915/1/1915 1913/1/1913 1912/1/1912 
f 1918/1/1918 1919/1/1919 1912/1/1912 
f 1918/1/1918 2181/1/2181 1693/1/1693 
f 1693/1/1693 1692/1/1692 1916/1/1916 
f 1922/1/1922 1859/1/1859 1920/1/1920 
f 1922/1/1922 1921/1/1921 1923/1/1923 
f 1924/1/1924 1926/1/1926 1925/1/1925 
f 1925/1/1925 1854/1/1854 1859/1/1859 
f 1927/1/1927 1930/1/1930 1926/1/1926 
f 1924/1/1924 1923/1/1923 1928/1/1928 
f 1927/1/1927 1928/1/1928 1929/1/1929 
f 1931/1/1931 1936/1/1936 1835/1/1835 
f 1691/1/1691 1690/1/1690 1932/1/1932 
f 1939/1/1939 1942/1/1942 1937/1/1937 
f 1938/1/1938 2366/1/2366 1940/1/1940 
f 1939/1/1939 1940/1/1940 1941/1/1941 
f 1412/1/1412 1411/1/1411 1942/1/1942 
f 1945/1/1945 1949/1/1949 1943/1/1943 
f 1944/1/1944 1950/1/1950 1946/1/1946 
f 1945/1/1945 1946/1/1946 1947/1/1947 
f 1948/1/1948 2290/1/2290 1949/1/1949 
f 1951/1/1951 1953/1/1953 1950/1/1950 
f 1944/1/1944 1943/1/1943 1952/1/1952 
f 1951/1/1951 1952/1/1952 1618/1/1618 
f 1617/1/1617 2150/1/2150 1953/1/1953 
f 1956/1/1956 1958/1/1958 1954/1/1954 
f 1955/1/1955 1633/1/1633 1637/1/1637 
f 1956/1/1956 1637/1/1637 1642/1/1642 
f 1957/1/1957 2016/1/2016 1958/1/1958 
f 1646/1/1646 1645/1/1645 1960/1/1960 
f 1967/1/1967 1969/1/1969 1965/1/1965 
f 1966/1/1966 1771/1/1771 1770/1/1770 
f 1967/1/1967 1770/1/1770 1776/1/1776 
f 1968/1/1968 2039/1/2039 1969/1/1969 
f 1972/1/1972 1975/1/1975 1970/1/1970 
f 1971/1/1971 1900/1/1900 1899/1/1899 
f 1972/1/1972 1899/1/1899 1973/1/1973 
f 1974/1/1974 2049/1/2049 1975/1/1975 
f 1978/1/1978 1980/1/1980 1976/1/1976 
f 1977/1/1977 2071/1/2071 1979/1/1979 
f 1978/1/1978 1979/1/1979 1655/1/1655 
f 1663/1/1663 1662/1/1662 1980/1/1980 
f 1983/1/1983 1985/1/1985 1981/1/1981 
f 1982/1/1982 2081/1/2081 1984/1/1984 
f 1983/1/1983 1984/1/1984 1669/1/1669 
f 1677/1/1677 1676/1/1676 1985/1/1985 
f 1988/1/1988 1990/1/1990 1986/1/1986 
f 1987/1/1987 2090/1/2090 1989/1/1989 
f 1988/1/1988 1989/1/1989 1786/1/1786 
f 1780/1/1780 1764/1/1764 1990/1/1990 
f 1993/1/1993 2169/1/2169 1991/1/1991 
f 1991/1/1991 1690/1/1690 1686/1/1686 
f 1992/1/1992 1686/1/1686 1994/1/1994 
f 1995/1/1995 2166/1/2166 1993/1/1993 
f 1999/1/1999 1890/1/1890 1700/1/1700 
f 1996/1/1996 1700/1/1700 1158/1/1158 
f 2000/1/2000 2049/1/2049 1997/1/1997 
f 2003/1/2003 2005/1/2005 2001/1/2001 
f 2003/1/2003 1925/1/1925 1926/1/1926 
f 2004/1/2004 2177/1/2177 2005/1/2005 
f 2008/1/2008 2010/1/2010 2006/1/2006 
f 2007/1/2007 1721/1/1721 1720/1/1720 
f 2008/1/2008 1720/1/1720 1759/1/1759 
f 2009/1/2009 2207/1/2207 2010/1/2010 
f 2012/1/2012 120/1/120 1743/1/1743 
f 2011/1/2011 2019/1/2019 2013/1/2013 
f 2012/1/2012 2013/1/2013 1954/1/1954 
f 2014/1/2014 122/1/122 120/1/120 
f 2014/1/2014 1954/1/1954 1958/1/1958 
f 2015/1/2015 1958/1/1958 2016/1/2016 
f 2015/1/2015 2017/1/2017 1804/1/1804 
f 2015/1/2015 1803/1/1803 122/1/122 
f 2018/1/2018 1755/1/1755 1633/1/1633 
f 1955/1/1955 1954/1/1954 2013/1/2013 
f 2018/1/2018 2013/1/2013 2019/1/2019 
f 2020/1/2020 1750/1/1750 1755/1/1755 
f 2021/1/2021 1801/1/1801 1804/1/1804 
f 2017/1/2017 2016/1/2016 2022/1/2022 
f 2022/1/2022 1963/1/1963 2023/1/2023 
f 2021/1/2021 2023/1/2023 232/1/232 
f 2024/1/2024 2023/1/2023 1963/1/1963 
f 1962/1/1962 1961/1/1961 2025/1/2025 
f 2024/1/2024 2025/1/2025 2026/1/2026 
f 233/1/233 232/1/232 2023/1/2023 
f 2027/1/2027 1964/1/1964 1963/1/1963 
f 1957/1/1957 1642/1/1642 1641/1/1641 
f 2028/1/2028 290/1/290 2026/1/2026 
f 2028/1/2028 2025/1/2025 1961/1/1961 
f 2028/1/2028 2029/1/2029 2030/1/2030 
f 2031/1/2031 285/1/285 290/1/290 
f 2029/1/2029 1961/1/1961 1960/1/1960 
f 2032/1/2032 1960/1/1960 1645/1/1645 
f 2033/1/2033 2030/1/2030 2029/1/2029 
f 2035/1/2035 203/1/203 291/1/291 
f 2034/1/2034 2042/1/2042 2036/1/2036 
f 2035/1/2035 2036/1/2036 1965/1/1965 
f 2037/1/2037 204/1/204 203/1/203 
f 2038/1/2038 1030/1/1030 204/1/204 
f 2037/1/2037 1965/1/1965 1969/1/1969 
f 2038/1/2038 1969/1/1969 2039/1/2039 
f 2040/1/2040 1031/1/1031 1030/1/1030 
f 2041/1/2041 1792/1/1792 1771/1/1771 
f 1966/1/1966 1965/1/1965 2036/1/2036 
f 2041/1/2041 2036/1/2036 2042/1/2042 
f 2043/1/2043 1789/1/1789 1792/1/1792 
f 2045/1/2045 1862/1/1862 1865/1/1865 
f 2044/1/2044 2051/1/2051 2046/1/2046 
f 2045/1/2045 2046/1/2046 1970/1/1970 
f 2047/1/2047 1170/1/1170 1862/1/1862 
f 2048/1/2048 1164/1/1164 1170/1/1170 
f 2047/1/2047 1970/1/1970 1975/1/1975 
f 2048/1/2048 1975/1/1975 2049/1/2049 
f 2000/1/2000 1158/1/1158 1164/1/1164 
f 2050/1/2050 1647/1/1647 1900/1/1900 
f 1971/1/1971 1970/1/1970 2046/1/2046 
f 2050/1/2050 2046/1/2046 2051/1/2051 
f 2052/1/2052 1650/1/1650 1647/1/1647 
f 2055/1/2055 2057/1/2057 2053/1/2053 
f 2054/1/2054 2058/1/2058 2056/1/2056 
f 2055/1/2055 2056/1/2056 137/1/137 
f 131/1/131 130/1/130 2057/1/2057 
f 2060/1/2060 2056/1/2056 2058/1/2058 
f 2059/1/2059 2065/1/2065 2061/1/2061 
f 2060/1/2060 2061/1/2061 238/1/238 
f 138/1/138 137/1/137 2056/1/2056 
f 2062/1/2062 2063/1/2063 2059/1/2059 
f 2062/1/2062 1660/1/1660 1809/1/1809 
f 1809/1/1809 1808/1/1808 2064/1/2064 
f 2063/1/2063 2064/1/2064 2065/1/2065 
f 2066/1/2066 2067/1/2067 1734/1/1734 
f 1739/1/1739 1660/1/1660 2062/1/2062 
f 2066/1/2066 2062/1/2062 2058/1/2058 
f 2054/1/2054 2053/1/2053 2067/1/2067 
f 2069/1/2069 2061/1/2061 2065/1/2065 
f 2068/1/2068 2071/1/2071 2070/1/2070 
f 2069/1/2069 2070/1/2070 1826/1/1826 
f 239/1/239 238/1/238 2061/1/2061 
f 2072/1/2072 2070/1/2070 2071/1/2071 
f 1977/1/1977 1976/1/1976 2073/1/2073 
f 2072/1/2072 2073/1/2073 1822/1/1822 
f 1827/1/1827 1826/1/1826 2070/1/2070 
f 2074/1/2074 2064/1/2064 1808/1/1808 
f 1805/1/1805 1655/1/1655 1979/1/1979 
f 2074/1/2074 1979/1/1979 2071/1/2071 
f 2068/1/2068 2065/1/2065 2064/1/2064 
f 2077/1/2077 2079/1/2079 2075/1/2075 
f 2076/1/2076 2081/1/2081 2078/1/2078 
f 2077/1/2077 2078/1/2078 1877/1/1877 
f 1876/1/1876 1875/1/1875 2079/1/2079 
f 2080/1/2080 2078/1/2078 2081/1/2081 
f 2082/1/2082 1907/1/1907 1910/1/1910 
f 2083/1/2083 2084/1/2084 1761/1/1761 
f 1675/1/1675 1669/1/1669 1984/1/1984 
f 2083/1/2083 1984/1/1984 2081/1/2081 
f 2087/1/2087 2089/1/2089 2085/1/2085 
f 2086/1/2086 2090/1/2090 2088/1/2088 
f 2087/1/2087 2088/1/2088 1038/1/1038 
f 224/1/224 223/1/223 2089/1/2089 
f 2091/1/2091 2088/1/2088 2090/1/2090 
f 1987/1/1987 1986/1/1986 2092/1/2092 
f 2091/1/2091 2092/1/2092 1866/1/1866 
f 1039/1/1039 1038/1/1038 2088/1/2088 
f 2093/1/2093 2094/1/2094 1783/1/1783 
f 1787/1/1787 1786/1/1786 1989/1/1989 
f 2093/1/2093 1989/1/1989 2090/1/2090 
f 2086/1/2086 2085/1/2085 2094/1/2094 
f 2097/1/2097 2100/1/2100 2095/1/2095 
f 1796/1/1796 1905/1/1905 2100/1/2100 
f 1079/1/1079 1797/1/1797 2099/1/2099 
f 2101/1/2101 2106/1/2106 2102/1/2102 
f 2103/1/2103 1082/1/1082 1079/1/1079 
f 2106/1/2106 2098/1/2098 2104/1/2104 
f 2105/1/2105 2104/1/2104 1682/1/1682 
f 2105/1/2105 1889/1/1889 1881/1/1881 
f 2107/1/2107 2102/1/2102 2106/1/2106 
f 2108/1/2108 2109/1/2109 1192/1/1192 
f 1683/1/1683 1682/1/1682 2104/1/2104 
f 2108/1/2108 2104/1/2104 2098/1/2098 
f 2112/1/2112 2116/1/2116 2110/1/2110 
f 1314/1/1314 1313/1/1313 2116/1/2116 
f 2117/1/2117 1306/1/1306 2115/1/2115 
f 2117/1/2117 2118/1/2118 2119/1/2119 
f 2120/1/2120 1307/1/1307 1306/1/1306 
f 2122/1/2122 2118/1/2118 2113/1/2113 
f 2121/1/2121 1692/1/1692 1831/1/1831 
f 2122/1/2122 1831/1/1831 1834/1/1834 
f 2123/1/2123 2119/1/2119 2118/1/2118 
f 2124/1/2124 2125/1/2125 1914/1/1914 
f 1916/1/1916 1692/1/1692 2121/1/2121 
f 2124/1/2124 2121/1/2121 2113/1/2113 
f 2111/1/2111 2110/1/2110 2125/1/2125 
f 2126/1/2126 1416/1/1416 1307/1/1307 
f 2120/1/2120 2119/1/2119 2127/1/2127 
f 2126/1/2126 2127/1/2127 2128/1/2128 
f 2130/1/2130 1942/1/1942 1411/1/1411 
f 2129/1/2129 2128/1/2128 2131/1/2131 
f 2130/1/2130 2131/1/2131 2132/1/2132 
f 2133/1/2133 1937/1/1937 1942/1/1942 
f 2135/1/2135 2131/1/2131 2128/1/2128 
f 2134/1/2134 1835/1/1835 1936/1/1936 
f 2136/1/2136 2132/1/2132 2131/1/2131 
f 2137/1/2137 1833/1/1833 1835/1/1835 
f 2134/1/2134 2128/1/2128 2127/1/2127 
f 2137/1/2137 2127/1/2127 2119/1/2119 
f 2123/1/2123 1834/1/1834 1833/1/1833 
f 2139/1/2139 1628/1/1628 1627/1/1627 
f 2138/1/2138 2346/1/2346 2140/1/2140 
f 2139/1/2139 2140/1/2140 2141/1/2141 
f 2142/1/2142 1624/1/1624 1628/1/1628 
f 2143/1/2143 2145/1/2145 2142/1/2142 
f 2143/1/2143 2146/1/2146 2144/1/2144 
f 2145/1/2145 2144/1/2144 1614/1/1614 
f 1625/1/1625 1624/1/1624 2142/1/2142 
f 2148/1/2148 2144/1/2144 2146/1/2146 
f 2147/1/2147 3059/1/3059 2149/1/2149 
f 2148/1/2148 2149/1/2149 2150/1/2150 
f 1615/1/1615 1614/1/1614 2144/1/2144 
f 2151/1/2151 1953/1/1953 2150/1/2150 
f 2149/1/2149 3059/1/3059 2152/1/2152 
f 2151/1/2151 2152/1/2152 2153/1/2153 
f 2154/1/2154 1950/1/1950 1953/1/1953 
f 2155/1/2155 1946/1/1946 1950/1/1950 
f 2154/1/2154 2153/1/2153 2156/1/2156 
f 2155/1/2155 2156/1/2156 2157/1/2157 
f 2161/1/2161 2164/1/2164 2159/1/2159 
f 2160/1/2160 2169/1/2169 2162/1/2162 
f 2161/1/2161 2162/1/2162 2163/1/2163 
f 1409/1/1409 1408/1/1408 2164/1/2164 
f 2165/1/2165 1844/1/1844 2163/1/2163 
f 2162/1/2162 2169/1/2169 1993/1/1993 
f 2165/1/2165 1993/1/1993 2166/1/2166 
f 2168/1/2168 2170/1/2170 1933/1/1933 
f 1932/1/1932 1690/1/1690 1991/1/1991 
f 2168/1/2168 1991/1/1991 2169/1/2169 
f 2160/1/2160 2159/1/2159 2170/1/2170 
f 2171/1/2171 1839/1/1839 1845/1/1845 
f 2167/1/2167 2166/1/2166 2172/1/2172 
f 2171/1/2171 2172/1/2172 2173/1/2173 
f 2174/1/2174 1840/1/1840 1839/1/1839 
f 2175/1/2175 1930/1/1930 1840/1/1840 
f 2174/1/2174 2173/1/2173 2176/1/2176 
f 2175/1/2175 2176/1/2176 2177/1/2177 
f 2179/1/2179 2177/1/2177 2176/1/2176 
f 2178/1/2178 2176/1/2176 2173/1/2173 
f 2178/1/2178 2180/1/2180 2181/1/2181 
f 2179/1/2179 2178/1/2178 1918/1/1918 
f 2182/1/2182 1995/1/1995 1994/1/1994 
f 1699/1/1699 2181/1/2181 2180/1/2180 
f 2182/1/2182 2180/1/2180 2173/1/2173 
f 2182/1/2182 2172/1/2172 2166/1/2166 
f 2185/1/2185 2187/1/2187 2183/1/2183 
f 2184/1/2184 1998/1/1998 2186/1/2186 
f 2185/1/2185 2186/1/2186 1892/1/1892 
f 2186/1/2186 1998/1/1998 1997/1/1997 
f 2188/1/2188 1997/1/1997 2049/1/2049 
f 2189/1/2189 2190/1/2190 1887/1/1887 
f 1891/1/1891 1890/1/1890 1999/1/1999 
f 2189/1/2189 1999/1/1999 1998/1/1998 
f 2191/1/2191 1882/1/1882 1887/1/1887 
f 2190/1/2190 2183/1/2183 2192/1/2192 
f 2191/1/2191 2192/1/2192 2001/1/2001 
f 2193/1/2193 1884/1/1884 1882/1/1882 
f 2194/1/2194 1911/1/1911 1884/1/1884 
f 2193/1/2193 2001/1/2001 2005/1/2005 
f 1911/1/1911 2194/1/2194 2179/1/2179 
f 2195/1/2195 1855/1/1855 1854/1/1854 
f 2002/1/2002 2001/1/2001 2192/1/2192 
f 2195/1/2195 2192/1/2192 2183/1/2183 
f 2197/1/2197 2196/1/2196 2125/1/2125 
f 2196/1/2196 2197/1/2197 2198/1/2198 
f 2199/1/2199 1886/1/1886 1915/1/1915 
f 2200/1/2200 2201/1/2201 2102/1/2102 
f 2107/1/2107 1881/1/1881 1880/1/1880 
f 2203/1/2203 2201/1/2201 2198/1/2198 
f 2202/1/2202 1709/1/1709 1708/1/1708 
f 2203/1/2203 1708/1/1708 1082/1/1082 
f 2204/1/2204 1714/1/1714 1709/1/1709 
f 2202/1/2202 2198/1/2198 2197/1/2197 
f 2204/1/2204 2197/1/2197 2110/1/2110 
f 2116/1/2116 1313/1/1313 1714/1/1714 
f 2206/1/2206 2006/1/2006 2010/1/2010 
f 2208/1/2208 1749/1/1749 1748/1/1748 
f 2210/1/2210 2067/1/2067 2053/1/2053 
f 2209/1/2209 2214/1/2214 2211/1/2211 
f 2210/1/2210 2211/1/2211 1736/1/1736 
f 1735/1/1735 1734/1/1734 2067/1/2067 
f 1727/1/1727 3183/1/3183 2212/1/2212 
f 2213/1/2213 2212/1/2212 2214/1/2214 
f 2209/1/2209 2053/1/2053 2057/1/2057 
f 2213/1/2213 2057/1/2057 130/1/130 
f 2215/1/2215 1758/1/1758 1750/1/1750 
f 2020/1/2020 2019/1/2019 2216/1/2216 
f 2215/1/2215 2216/1/2216 2207/1/2207 
f 2009/1/2009 1759/1/1759 1758/1/1758 
f 2217/1/2217 1741/1/1741 1749/1/1749 
f 2208/1/2208 2207/1/2207 2216/1/2216 
f 2217/1/2217 2216/1/2216 2019/1/2019 
f 2011/1/2011 1743/1/1743 1741/1/1741 
f 2218/1/2218 1863/1/1863 1031/1/1031 
f 2040/1/2040 2039/1/2039 2219/1/2219 
f 2218/1/2218 2219/1/2219 2051/1/2051 
f 2044/1/2044 1865/1/1865 1863/1/1863 
f 2220/1/2220 2219/1/2219 2039/1/2039 
f 1968/1/1968 1776/1/1776 1775/1/1775 
f 2220/1/2220 1775/1/1775 1650/1/1650 
f 2052/1/2052 2051/1/2051 2219/1/2219 
f 2222/1/2222 2092/1/2092 1986/1/1986 
f 2221/1/2221 2075/1/2075 2079/1/2079 
f 2222/1/2222 2079/1/2079 1875/1/1875 
f 1867/1/1867 1866/1/1866 2092/1/2092 
f 2223/1/2223 2084/1/2084 2075/1/2075 
f 2221/1/2221 1986/1/1986 1990/1/1990 
f 2223/1/2223 1990/1/1990 1764/1/1764 
f 2225/1/2225 2073/1/2073 1976/1/1976 
f 2224/1/2224 2085/1/2085 2089/1/2089 
f 2225/1/2225 2089/1/2089 223/1/223 
f 1823/1/1823 1822/1/1822 2073/1/2073 
f 1784/1/1784 1783/1/1783 2094/1/2094 
f 2226/1/2226 2094/1/2094 2085/1/2085 
f 2224/1/2224 1976/1/1976 1980/1/1980 
f 2031/1/2031 2030/1/2030 2228/1/2228 
f 2229/1/2229 1814/1/1814 1789/1/1789 
f 2043/1/2043 2042/1/2042 2228/1/2228 
f 2229/1/2229 2228/1/2228 2030/1/2030 
f 1193/1/1193 1192/1/1192 2109/1/2109 
f 2231/1/2231 1981/1/1981 1985/1/1985 
f 2230/1/2230 1985/1/1985 1676/1/1676 
f 2231/1/2231 2095/1/2095 2100/1/2100 
f 1904/1/1904 2232/1/2232 2100/1/2100 
f 2232/1/2232 1904/1/1904 1907/1/1907 
f 2082/1/2082 1981/1/1981 2231/1/2231 
f 2234/1/2234 1564/1/1564 1563/1/1563 
f 806/1/806 805/1/805 1564/1/1564 
f 2239/1/2239 976/1/976 975/1/975 
f 2238/1/2238 2245/1/2245 2240/1/2240 
f 2239/1/2239 2240/1/2240 787/1/787 
f 2239/1/2239 964/1/964 969/1/969 
f 2243/1/2243 2244/1/2244 2241/1/2241 
f 2242/1/2242 2245/1/2245 2238/1/2238 
f 2243/1/2243 2238/1/2238 975/1/975 
f 999/1/999 998/1/998 2244/1/2244 
f 2247/1/2247 2240/1/2240 2245/1/2245 
f 2247/1/2247 2246/1/2246 2248/1/2248 
f 2247/1/2247 2249/1/2249 789/1/789 
f 788/1/788 787/1/787 2240/1/2240 
f 2250/1/2250 2246/1/2246 2245/1/2245 
f 2242/1/2242 2241/1/2241 2251/1/2251 
f 2250/1/2250 2251/1/2251 2252/1/2252 
f 2253/1/2253 2248/1/2248 2246/1/2246 
f 794/1/794 789/1/789 2249/1/2249 
f 2257/1/2257 2254/1/2254 2252/1/2252 
f 2257/1/2257 2256/1/2256 2235/1/2235 
f 2236/1/2236 2235/1/2235 2256/1/2256 
f 2256/1/2256 2252/1/2252 2251/1/2251 
f 2258/1/2258 2251/1/2251 2241/1/2241 
f 2259/1/2259 2237/1/2237 2236/1/2236 
f 2260/1/2260 807/1/807 2237/1/2237 
f 2259/1/2259 2241/1/2241 2244/1/2244 
f 2260/1/2260 2244/1/2244 998/1/998 
f 1009/1/1009 800/1/800 807/1/807 
f 2261/1/2261 1448/1/1448 1459/1/1459 
f 1452/1/1452 1451/1/1451 2262/1/2262 
f 2264/1/2264 2261/1/2261 2262/1/2262 
f 2264/1/2264 1449/1/1449 1448/1/1448 
f 1514/1/1514 1513/1/1513 2265/1/2265 
f 2265/1/2265 2263/1/2263 2262/1/2262 
f 2270/1/2270 2269/1/2269 2263/1/2263 
f 2270/1/2270 2265/1/2265 1513/1/1513 
f 2272/1/2272 1450/1/1450 1449/1/1449 
f 2271/1/2271 2476/1/2476 2273/1/2273 
f 2272/1/2272 2273/1/2273 1400/1/1400 
f 2272/1/2272 1390/1/1390 1389/1/1389 
f 2274/1/2274 2271/1/2271 1449/1/1449 
f 2274/1/2274 2264/1/2264 2263/1/2263 
f 2274/1/2274 2275/1/2275 2276/1/2276 
f 2277/1/2277 2476/1/2476 2271/1/2271 
f 2278/1/2278 2279/1/2279 2276/1/2276 
f 2275/1/2275 2263/1/2263 2269/1/2269 
f 2278/1/2278 2269/1/2269 2268/1/2268 
f 2282/1/2282 2285/1/2285 2280/1/2280 
f 2281/1/2281 1408/1/1408 1407/1/1407 
f 2282/1/2282 1407/1/1407 2283/1/2283 
f 2284/1/2284 2292/1/2292 2285/1/2285 
f 2288/1/2288 2291/1/2291 2286/1/2286 
f 2287/1/2287 2302/1/2302 2289/1/2289 
f 2288/1/2288 2289/1/2289 2290/1/2290 
f 1948/1/1948 1947/1/1947 2291/1/2291 
f 2294/1/2294 2285/1/2285 2292/1/2292 
f 2293/1/2293 2300/1/2300 2295/1/2295 
f 2294/1/2294 2295/1/2295 2296/1/2296 
f 2297/1/2297 2280/1/2280 2285/1/2285 
f 2287/1/2287 2286/1/2286 2298/1/2298 
f 2299/1/2299 2298/1/2298 2296/1/2296 
f 2299/1/2299 2295/1/2295 2300/1/2300 
f 2287/1/2287 2299/1/2299 2301/1/2301 
f 2303/1/2303 2164/1/2164 1408/1/1408 
f 2281/1/2281 2280/1/2280 2304/1/2304 
f 2303/1/2303 2304/1/2304 2305/1/2305 
f 2306/1/2306 2159/1/2159 2164/1/2164 
f 2309/1/2309 2310/1/2310 2307/1/2307 
f 2308/1/2308 2286/1/2286 2291/1/2291 
f 2309/1/2309 2291/1/2291 1947/1/1947 
f 2158/1/2158 2157/1/2157 2310/1/2310 
f 2313/1/2313 2314/1/2314 2311/1/2311 
f 2312/1/2312 2296/1/2296 2298/1/2298 
f 2313/1/2313 2298/1/2298 2286/1/2286 
f 2308/1/2308 2307/1/2307 2314/1/2314 
f 2315/1/2315 2297/1/2297 2296/1/2296 
f 2312/1/2312 2311/1/2311 2316/1/2316 
f 2316/1/2316 2305/1/2305 2304/1/2304 
f 2315/1/2315 2304/1/2304 2280/1/2280 
f 2319/1/2319 2323/1/2323 2317/1/2317 
f 2317/1/2317 1933/1/1933 2170/1/2170 
f 2318/1/2318 2170/1/2170 2159/1/2159 
f 2306/1/2306 2305/1/2305 2319/1/2319 
f 2321/1/2321 2316/1/2316 2311/1/2311 
f 2320/1/2320 2327/1/2327 2322/1/2322 
f 2321/1/2321 2322/1/2322 2323/1/2323 
f 2319/1/2319 2305/1/2305 2316/1/2316 
f 2325/1/2325 2317/1/2317 2323/1/2323 
f 2324/1/2324 2331/1/2331 2326/1/2326 
f 2325/1/2325 2326/1/2326 1935/1/1935 
f 1934/1/1934 1933/1/1933 2317/1/2317 
f 2329/1/2329 2322/1/2322 2327/1/2327 
f 2328/1/2328 2339/1/2339 2330/1/2330 
f 2329/1/2329 2330/1/2330 2331/1/2331 
f 2334/1/2334 2338/1/2338 2333/1/2333 
f 2332/1/2332 2333/1/2333 2132/1/2132 
f 2136/1/2136 1935/1/1935 2326/1/2326 
f 2337/1/2337 2340/1/2340 2335/1/2335 
f 2337/1/2337 2336/1/2336 2338/1/2338 
f 2334/1/2334 2331/1/2331 2330/1/2330 
f 2343/1/2343 2355/1/2355 2341/1/2341 
f 2342/1/2342 2341/1/2341 2344/1/2344 
f 2342/1/2342 2345/1/2345 2346/1/2346 
f 2138/1/2138 1627/1/1627 2343/1/2343 
f 2348/1/2348 2333/1/2333 2338/1/2338 
f 2347/1/2347 2354/1/2354 2349/1/2349 
f 2348/1/2348 2349/1/2349 1937/1/1937 
f 2133/1/2133 2132/1/2132 2333/1/2333 
f 2347/1/2347 2338/1/2338 2336/1/2336 
f 2336/1/2336 2335/1/2335 2351/1/2351 
f 2350/1/2350 2351/1/2351 2352/1/2352 
f 2350/1/2350 2353/1/2353 2354/1/2354 
f 2357/1/2357 2341/1/2341 2355/1/2355 
f 2356/1/2356 2352/1/2352 2351/1/2351 
f 2357/1/2357 2351/1/2351 2335/1/2335 
f 2358/1/2358 2344/1/2344 2341/1/2341 
f 2361/1/2361 1632/1/1632 2359/1/2359 
f 2360/1/2360 2372/1/2372 2362/1/2362 
f 2361/1/2361 2362/1/2362 2355/1/2355 
f 2343/1/2343 1627/1/1627 1632/1/1632 
f 2364/1/2364 2349/1/2349 2354/1/2354 
f 2363/1/2363 2371/1/2371 2365/1/2365 
f 2364/1/2364 2365/1/2365 2366/1/2366 
f 1938/1/1938 1937/1/1937 2349/1/2349 
f 2363/1/2363 2354/1/2354 2353/1/2353 
f 2353/1/2353 2352/1/2352 2368/1/2368 
f 2367/1/2367 2368/1/2368 2369/1/2369 
f 2367/1/2367 2370/1/2370 2371/1/2371 
f 2374/1/2374 2362/1/2362 2372/1/2372 
f 2373/1/2373 2369/1/2369 2368/1/2368 
f 2374/1/2374 2368/1/2368 2352/1/2352 
f 2356/1/2356 2355/1/2355 2362/1/2362 
f 2377/1/2377 2380/1/2380 2375/1/2375 
f 2377/1/2377 2376/1/2376 2378/1/2378 
f 2379/1/2379 2366/1/2366 2365/1/2365 
f 2380/1/2380 2377/1/2377 2365/1/2365 
f 2381/1/2381 2380/1/2380 2371/1/2371 
f 2370/1/2370 2369/1/2369 2382/1/2382 
f 2381/1/2381 2382/1/2382 2383/1/2383 
f 2384/1/2384 2375/1/2375 2380/1/2380 
f 2386/1/2386 1610/1/1610 1590/1/1590 
f 2388/1/2388 2386/1/2386 2385/1/2385 
f 2386/1/2386 2388/1/2388 2389/1/2389 
f 2390/1/2390 1606/1/1606 1610/1/1610 
f 2392/1/2392 2396/1/2396 2387/1/2387 
f 2391/1/2391 1445/1/1445 2393/1/2393 
f 2392/1/2392 2393/1/2393 2394/1/2394 
f 2395/1/2395 2977/1/2977 2396/1/2396 
f 2398/1/2398 2397/1/2397 1439/1/1439 
f 2398/1/2398 2394/1/2394 2393/1/2393 
f 2397/1/2397 2393/1/2393 1445/1/1445 
f 2391/1/2391 2387/1/2387 2385/1/2385 
f 2385/1/2385 1590/1/1590 1595/1/1595 
f 2400/1/2400 673/1/673 661/1/661 
f 653/1/653 656/1/656 2401/1/2401 
f 2403/1/2403 668/1/668 673/1/673 
f 2404/1/2404 676/1/676 668/1/668 
f 2403/1/2403 2402/1/2402 2405/1/2405 
f 2404/1/2404 2405/1/2405 2406/1/2406 
f 6/1/6 5/1/5 676/1/676 
f 2411/1/2411 2493/1/2493 2410/1/2410 
f 2407/1/2407 2410/1/2410 2412/1/2412 
f 142/1/142 141/1/141 2408/1/2408 
f 2413/1/2413 2408/1/2408 141/1/141 
f 242/1/242 1824/1/1824 2414/1/2414 
f 2413/1/2413 2414/1/2414 2415/1/2415 
f 2416/1/2416 2409/1/2409 2408/1/2408 
f 2419/1/2419 2420/1/2420 2417/1/2417 
f 2418/1/2418 42/1/42 49/1/49 
f 2419/1/2419 49/1/49 48/1/48 
f 2423/1/2423 2608/1/2608 2421/1/2421 
f 2421/1/2421 2426/1/2426 2424/1/2424 
f 2422/1/2422 2424/1/2424 1872/1/1872 
f 2422/1/2422 1909/1/1909 1901/1/1901 
f 2428/1/2428 2550/1/2550 2427/1/2427 
f 2425/1/2425 2427/1/2427 1870/1/1870 
f 1873/1/1873 1872/1/1872 2424/1/2424 
f 2431/1/2431 2433/1/2433 2429/1/2429 
f 2431/1/2431 2734/1/2734 2432/1/2432 
f 2433/1/2433 2432/1/2432 1021/1/1021 
f 1098/1/1098 1097/1/1097 2429/1/2429 
f 2436/1/2436 246/1/246 2434/1/2434 
f 2435/1/2435 2670/1/2670 2437/1/2437 
f 2436/1/2436 2437/1/2437 2438/1/2438 
f 2439/1/2439 168/1/168 246/1/246 
f 2442/1/2442 2443/1/2443 2440/1/2440 
f 2441/1/2441 1941/1/1941 1940/1/1940 
f 2442/1/2442 1940/1/1940 2366/1/2366 
f 2379/1/2379 2378/1/2378 2443/1/2443 
f 2444/1/2444 2448/1/2448 1626/1/1626 
f 1619/1/1619 1618/1/1618 2445/1/2445 
f 2444/1/2444 2445/1/2445 2446/1/2446 
f 2447/1/2447 2950/1/2950 2448/1/2448 
f 2449/1/2449 2451/1/2451 2446/1/2446 
f 2445/1/2445 1618/1/1618 1952/1/1952 
f 2449/1/2449 1952/1/1952 1943/1/1943 
f 2450/1/2450 2455/1/2455 2451/1/2451 
f 2453/1/2453 1949/1/1949 2290/1/2290 
f 2452/1/2452 2456/1/2456 2454/1/2454 
f 2453/1/2453 2454/1/2454 2455/1/2455 
f 2450/1/2450 1943/1/1943 1949/1/1949 
f 2457/1/2457 2459/1/2459 2456/1/2456 
f 2452/1/2452 2290/1/2290 2289/1/2289 
f 2457/1/2457 2289/1/2289 2302/1/2302 
f 2458/1/2458 2932/1/2932 2459/1/2459 
f 2462/1/2462 2464/1/2464 2460/1/2460 
f 2461/1/2461 1929/1/1929 1928/1/1928 
f 2462/1/2462 1928/1/1928 1923/1/1923 
f 2463/1/2463 2484/1/2484 2464/1/2464 
f 2467/1/2467 2469/1/2469 2465/1/2465 
f 2466/1/2466 2486/1/2486 2468/1/2468 
f 2467/1/2467 2468/1/2468 1857/1/1857 
f 1848/1/1848 1847/1/1847 2469/1/2469 
f 2471/1/2471 1091/1/1091 1090/1/1090 
f 2470/1/2470 2465/1/2465 2469/1/2469 
f 2471/1/2471 2469/1/2469 1847/1/1847 
f 1897/1/1897 1896/1/1896 1091/1/1091 
f 2474/1/2474 2477/1/2477 2472/1/2472 
f 2473/1/2473 2478/1/2478 2475/1/2475 
f 2474/1/2474 2475/1/2475 2476/1/2476 
f 2277/1/2277 2276/1/2276 2477/1/2477 
f 2480/1/2480 2475/1/2475 2478/1/2478 
f 2479/1/2479 1402/1/1402 1401/1/1401 
f 2480/1/2480 1401/1/1401 1400/1/1400 
f 2273/1/2273 2476/1/2476 2475/1/2475 
f 2483/1/2483 2485/1/2485 2481/1/2481 
f 2483/1/2483 2482/1/2482 2484/1/2484 
f 2463/1/2463 1923/1/1923 1921/1/1921 
f 1921/1/1921 1920/1/1920 2485/1/2485 
f 2488/1/2488 2468/1/2468 2486/1/2486 
f 2487/1/2487 2481/1/2481 2485/1/2485 
f 2488/1/2488 2485/1/2485 1920/1/1920 
f 1858/1/1858 1857/1/1857 2468/1/2468 
f 2491/1/2491 45/1/45 2489/1/2489 
f 2490/1/2490 2532/1/2532 2492/1/2492 
f 2491/1/2491 2492/1/2492 35/1/35 
f 41/1/41 46/1/46 45/1/45 
f 2495/1/2495 2410/1/2410 2493/1/2493 
f 2494/1/2494 2507/1/2507 2496/1/2496 
f 2496/1/2496 135/1/135 134/1/134 
f 2410/1/2410 2495/1/2495 134/1/134 
f 2499/1/2499 2517/1/2517 2497/1/2497 
f 2501/1/2501 2498/1/2498 2497/1/2497 
f 2501/1/2501 2507/1/2507 2502/1/2502 
f 2498/1/2498 2502/1/2502 2503/1/2503 
f 2506/1/2506 2508/1/2508 2504/1/2504 
f 2505/1/2505 2503/1/2503 2502/1/2502 
f 2506/1/2506 2502/1/2502 2507/1/2507 
f 2494/1/2494 2493/1/2493 2508/1/2508 
f 2509/1/2509 2511/1/2511 2503/1/2503 
f 2505/1/2505 2504/1/2504 2510/1/2510 
f 2509/1/2509 2510/1/2510 101/1/101 
f 100/1/100 23/1/23 2511/1/2511 
f 2513/1/2513 2501/1/2501 2500/1/2500 
f 1724/1/1724 2513/1/2513 2512/1/2512 
f 2513/1/2513 1724/1/1724 135/1/135 
f 2501/1/2501 2513/1/2513 2496/1/2496 
f 2516/1/2516 29/1/29 2514/1/2514 
f 2516/1/2516 2515/1/2515 2517/1/2517 
f 2499/1/2499 2503/1/2503 2511/1/2511 
f 2511/1/2511 23/1/23 29/1/29 
f 2520/1/2520 2522/1/2522 2518/1/2518 
f 2519/1/2519 2527/1/2527 2521/1/2521 
f 1723/1/1723 2520/1/2520 2521/1/2521 
f 1723/1/1723 3228/1/3228 2522/1/2522 
f 2525/1/2525 2528/1/2528 2523/1/2523 
f 2524/1/2524 2529/1/2529 2526/1/2526 
f 2525/1/2525 2526/1/2526 2527/1/2527 
f 2519/1/2519 2518/1/2518 2528/1/2528 
f 2530/1/2530 2533/1/2533 2529/1/2529 
f 2524/1/2524 2523/1/2523 2531/1/2531 
f 2530/1/2530 2531/1/2531 2532/1/2532 
f 2490/1/2490 2489/1/2489 2533/1/2533 
f 2535/1/2535 2526/1/2526 2529/1/2529 
f 2534/1/2534 2539/1/2539 2536/1/2536 
f 2535/1/2535 2536/1/2536 2537/1/2537 
f 2538/1/2538 2527/1/2527 2526/1/2526 
f 2540/1/2540 2541/1/2541 2539/1/2539 
f 2534/1/2534 2529/1/2529 2533/1/2533 
f 2540/1/2540 2533/1/2533 2489/1/2489 
f 43/1/43 42/1/42 2541/1/2541 
f 146/1/146 1754/1/1754 1753/1/1753 
f 2542/1/2542 1753/1/1753 1756/1/1756 
f 2542/1/2542 2543/1/2543 2537/1/2537 
f 2545/1/2545 2544/1/2544 2537/1/2537 
f 2536/1/2536 2539/1/2539 2546/1/2546 
f 2548/1/2548 147/1/147 2544/1/2544 
f 2549/1/2549 2521/1/2521 2527/1/2527 
f 2538/1/2538 2537/1/2537 2543/1/2543 
f 2543/1/2543 1756/1/1756 1760/1/1760 
f 2549/1/2549 1760/1/1760 1717/1/1717 
f 2552/1/2552 2427/1/2427 2550/1/2550 
f 2551/1/2551 2560/1/2560 2553/1/2553 
f 2552/1/2552 2553/1/2553 1035/1/1035 
f 1871/1/1871 1870/1/1870 2427/1/2427 
f 2418/1/2418 2417/1/2417 2554/1/2554 
f 2541/1/2541 2555/1/2555 2546/1/2546 
f 2555/1/2555 2541/1/2541 42/1/42 
f 1036/1/1036 1035/1/1035 2553/1/2553 
f 2553/1/2553 2560/1/2560 2557/1/2557 
f 2556/1/2556 2557/1/2557 2558/1/2558 
f 2556/1/2556 2559/1/2559 219/1/219 
f 2562/1/2562 2557/1/2557 2560/1/2560 
f 2561/1/2561 2572/1/2572 2563/1/2563 
f 2562/1/2562 2563/1/2563 2564/1/2564 
f 2565/1/2565 2558/1/2558 2557/1/2557 
f 2432/1/2432 2734/1/2734 2566/1/2566 
f 2569/1/2569 2567/1/2567 2566/1/2566 
f 2567/1/2567 2569/1/2569 1016/1/1016 
f 1022/1/1022 1021/1/1021 2432/1/2432 
f 2571/1/2571 1045/1/1045 196/1/196 
f 2570/1/2570 2564/1/2564 2563/1/2563 
f 2571/1/2571 2563/1/2563 2572/1/2572 
f 2573/1/2573 1041/1/1041 1045/1/1045 
f 2575/1/2575 2569/1/2569 2568/1/2568 
f 2574/1/2574 2603/1/2603 2576/1/2576 
f 2575/1/2575 2576/1/2576 216/1/216 
f 1017/1/1017 1016/1/1016 2569/1/2569 
f 2578/1/2578 2574/1/2574 2568/1/2568 
f 2577/1/2577 2584/1/2584 2579/1/2579 
f 2578/1/2578 2579/1/2579 2580/1/2580 
f 2581/1/2581 2603/1/2603 2574/1/2574 
f 2583/1/2583 1023/1/1023 209/1/209 
f 2582/1/2582 2580/1/2580 2579/1/2579 
f 2583/1/2583 2579/1/2579 2584/1/2584 
f 2585/1/2585 1025/1/1025 1023/1/1023 
f 2587/1/2587 2559/1/2559 2558/1/2558 
f 2589/1/2589 2587/1/2587 2586/1/2586 
f 2587/1/2587 2589/1/2589 1817/1/1817 
f 220/1/220 219/1/219 2559/1/2559 
f 2590/1/2590 2593/1/2593 2565/1/2565 
f 2593/1/2593 2590/1/2590 2591/1/2591 
f 2592/1/2592 2588/1/2588 2586/1/2586 
f 2565/1/2565 2593/1/2593 2586/1/2586 
f 2595/1/2595 2591/1/2591 2590/1/2590 
f 2594/1/2594 2590/1/2590 2564/1/2564 
f 2570/1/2570 196/1/196 195/1/195 
f 2595/1/2595 2594/1/2594 195/1/195 
f 217/1/217 216/1/216 2576/1/2576 
f 2576/1/2576 2603/1/2603 2597/1/2597 
f 2596/1/2596 2597/1/2597 2598/1/2598 
f 2599/1/2599 252/1/252 217/1/217 
f 2602/1/2602 2604/1/2604 2600/1/2600 
f 2601/1/2601 2598/1/2598 2597/1/2597 
f 2602/1/2602 2597/1/2597 2603/1/2603 
f 2581/1/2581 2580/1/2580 2604/1/2604 
f 2606/1/2606 1906/1/1906 1793/1/1793 
f 2605/1/2605 2616/1/2616 2607/1/2607 
f 2606/1/2606 2607/1/2607 2608/1/2608 
f 2423/1/2423 1901/1/1901 1906/1/1906 
f 2611/1/2611 208/1/208 2609/1/2609 
f 2610/1/2610 2600/1/2600 2604/1/2604 
f 2611/1/2611 2604/1/2604 2580/1/2580 
f 2582/1/2582 209/1/209 208/1/208 
f 2613/1/2613 1798/1/1798 1085/1/1085 
f 2613/1/2613 2615/1/2615 2616/1/2616 
f 2605/1/2605 1793/1/1793 1798/1/1798 
f 2619/1/2619 2620/1/2620 2617/1/2617 
f 2618/1/2618 2616/1/2616 2615/1/2615 
f 2621/1/2621 2628/1/2628 2620/1/2620 
f 2622/1/2622 169/1/169 168/1/168 
f 2439/1/2439 2438/1/2438 2623/1/2623 
f 2622/1/2622 2623/1/2623 2624/1/2624 
f 2622/1/2622 2625/1/2625 166/1/166 
f 2627/1/2627 2617/1/2617 2620/1/2620 
f 2626/1/2626 2792/1/2792 2629/1/2629 
f 1199/1/1199 1198/1/1198 2627/1/2627 
f 2631/1/2631 2510/1/2510 2504/1/2504 
f 2630/1/2630 2636/1/2636 2632/1/2632 
f 2632/1/2632 2643/1/2643 2633/1/2633 
f 2510/1/2510 2631/1/2631 2633/1/2633 
f 2635/1/2635 2625/1/2625 2624/1/2624 
f 2634/1/2634 2417/1/2417 2420/1/2420 
f 167/1/167 166/1/166 2625/1/2625 
f 2637/1/2637 2638/1/2638 2636/1/2636 
f 2630/1/2630 2504/1/2504 2508/1/2508 
f 2637/1/2637 2508/1/2508 2493/1/2493 
f 2411/1/2411 2409/1/2409 2638/1/2638 
f 2640/1/2640 96/1/96 92/1/92 
f 2639/1/2639 2643/1/2643 2641/1/2641 
f 2640/1/2640 2641/1/2641 2642/1/2642 
f 280/1/280 97/1/97 96/1/96 
f 2644/1/2644 2641/1/2641 2643/1/2643 
f 2644/1/2644 2632/1/2632 2636/1/2636 
f 2645/1/2645 2653/1/2653 2646/1/2646 
f 2646/1/2646 2642/1/2642 2641/1/2641 
f 2647/1/2647 91/1/91 88/1/88 
f 102/1/102 101/1/101 2633/1/2633 
f 2639/1/2639 92/1/92 91/1/91 
f 2650/1/2650 2652/1/2652 2648/1/2648 
f 2649/1/2649 2661/1/2661 2651/1/2651 
f 2650/1/2650 2651/1/2651 2588/1/2588 
f 2592/1/2592 2591/1/2591 2652/1/2652 
f 2654/1/2654 2655/1/2655 2653/1/2653 
f 2416/1/2416 2415/1/2415 2655/1/2655 
f 2657/1/2657 284/1/284 277/1/277 
f 2656/1/2656 2648/1/2648 2652/1/2652 
f 2657/1/2657 2652/1/2652 2591/1/2591 
f 2595/1/2595 282/1/282 284/1/284 
f 2659/1/2659 1828/1/1828 1820/1/1820 
f 2658/1/2658 2661/1/2661 2660/1/2660 
f 2659/1/2659 2660/1/2660 2415/1/2415 
f 2414/1/2414 1824/1/1824 1828/1/1828 
f 2662/1/2662 2660/1/2660 2661/1/2661 
f 2649/1/2649 2648/1/2648 2663/1/2663 
f 2664/1/2664 1818/1/1818 1817/1/1817 
f 2589/1/2589 2588/1/2588 2651/1/2651 
f 2664/1/2664 2651/1/2651 2661/1/2661 
f 2665/1/2665 281/1/281 2642/1/2642 
f 2646/1/2646 2653/1/2653 2663/1/2663 
f 2665/1/2665 2663/1/2663 2648/1/2648 
f 2656/1/2656 277/1/277 281/1/281 
f 2666/1/2666 2435/1/2435 2434/1/2434 
f 308/1/308 307/1/307 2667/1/2667 
f 2669/1/2669 2666/1/2666 2667/1/2667 
f 2666/1/2666 2669/1/2669 2670/1/2670 
f 2599/1/2599 2598/1/2598 2671/1/2671 
f 2672/1/2672 2671/1/2671 2668/1/2668 
f 2672/1/2672 2667/1/2667 307/1/307 
f 253/1/253 252/1/252 2599/1/2599 
f 2675/1/2675 2678/1/2678 2673/1/2673 
f 2674/1/2674 2691/1/2691 2676/1/2676 
f 2675/1/2675 2676/1/2676 2440/1/2440 
f 2677/1/2677 2694/1/2694 2678/1/2678 
f 2681/1/2681 2683/1/2683 2679/1/2679 
f 2680/1/2680 2673/1/2673 2682/1/2682 
f 2681/1/2681 2682/1/2682 1420/1/1420 
f 2685/1/2685 1309/1/1309 1415/1/1415 
f 2684/1/2684 2691/1/2691 2686/1/2686 
f 2685/1/2685 2686/1/2686 2687/1/2687 
f 2688/1/2688 1303/1/1303 1309/1/1309 
f 2690/1/2690 2687/1/2687 2686/1/2686 
f 2689/1/2689 2686/1/2686 2691/1/2691 
f 2689/1/2689 2674/1/2674 2673/1/2673 
f 2680/1/2680 2679/1/2679 2690/1/2690 
f 2692/1/2692 1414/1/1414 1941/1/1941 
f 2441/1/2441 2440/1/2440 2676/1/2676 
f 2692/1/2692 2676/1/2676 2691/1/2691 
f 2684/1/2684 1415/1/1415 1414/1/1414 
f 1421/1/1421 1420/1/1420 2682/1/2682 
f 2682/1/2682 2673/1/2673 2678/1/2678 
f 2693/1/2693 2678/1/2678 2694/1/2694 
f 2699/1/2699 2704/1/2704 2698/1/2698 
f 2697/1/2697 2698/1/2698 2700/1/2700 
f 2697/1/2697 2701/1/2701 1404/1/1404 
f 2702/1/2702 1842/1/1842 1929/1/1929 
f 2461/1/2461 2460/1/2460 2703/1/2703 
f 2702/1/2702 2703/1/2703 2704/1/2704 
f 2699/1/2699 1836/1/1836 1842/1/1842 
f 2707/1/2707 2709/1/2709 2705/1/2705 
f 2706/1/2706 1329/1/1329 1334/1/1334 
f 2707/1/2707 1334/1/1334 1344/1/1344 
f 2708/1/2708 2721/1/2721 2709/1/2709 
f 2710/1/2710 2712/1/2712 1100/1/1100 
f 1099/1/1099 1329/1/1329 2706/1/2706 
f 2710/1/2710 2706/1/2706 2705/1/2705 
f 2711/1/2711 2724/1/2724 2712/1/2712 
f 2715/1/2715 2717/1/2717 2713/1/2713 
f 2714/1/2714 2718/1/2718 2716/1/2716 
f 2715/1/2715 2716/1/2716 2486/1/2486 
f 2720/1/2720 2723/1/2723 2718/1/2718 
f 2719/1/2719 2705/1/2705 2709/1/2709 
f 2720/1/2720 2709/1/2709 2721/1/2721 
f 2722/1/2722 2732/1/2732 2723/1/2723 
f 2725/1/2725 2726/1/2726 2724/1/2724 
f 2711/1/2711 2705/1/2705 2719/1/2719 
f 2725/1/2725 2719/1/2719 2718/1/2718 
f 2729/1/2729 2730/1/2730 2727/1/2727 
f 2728/1/2728 1773/1/1773 1777/1/1777 
f 2729/1/2729 1777/1/1777 1767/1/1767 
f 1026/1/1026 1025/1/1025 2730/1/2730 
f 2487/1/2487 2486/1/2486 2716/1/2716 
f 2716/1/2716 2718/1/2718 2723/1/2723 
f 2731/1/2731 2723/1/2723 2732/1/2732 
f 2487/1/2487 2731/1/2731 2733/1/2733 
f 2736/1/2736 2566/1/2566 2734/1/2734 
f 2735/1/2735 2746/1/2746 2737/1/2737 
f 2736/1/2736 2737/1/2737 2584/1/2584 
f 2577/1/2577 2568/1/2568 2566/1/2566 
f 2738/1/2738 1652/1/1652 1773/1/1773 
f 2728/1/2728 2727/1/2727 2739/1/2739 
f 1087/1/1087 1086/1/1086 1652/1/1652 
f 2742/1/2742 2739/1/2739 2727/1/2727 
f 2741/1/2741 2746/1/2746 2743/1/2743 
f 2742/1/2742 2743/1/2743 2744/1/2744 
f 2745/1/2745 2740/1/2740 2739/1/2739 
f 2747/1/2747 2737/1/2737 2746/1/2746 
f 2741/1/2741 2727/1/2727 2730/1/2730 
f 2747/1/2747 2730/1/2730 1025/1/1025 
f 2585/1/2585 2584/1/2584 2737/1/2737 
f 2750/1/2750 2751/1/2751 2748/1/2748 
f 2749/1/2749 1053/1/1053 1057/1/1057 
f 2750/1/2750 1057/1/1057 1050/1/1050 
f 1042/1/1042 1041/1/1041 2751/1/2751 
f 2753/1/2753 2431/1/2431 2430/1/2430 
f 2753/1/2753 2743/1/2743 2746/1/2746 
f 2735/1/2735 2734/1/2734 2431/1/2431 
f 2755/1/2755 2551/1/2551 2550/1/2550 
f 2754/1/2754 2765/1/2765 2756/1/2756 
f 2755/1/2755 2756/1/2756 2572/1/2572 
f 2561/1/2561 2560/1/2560 2551/1/2551 
f 2757/1/2757 1205/1/1205 1053/1/1053 
f 2749/1/2749 2748/1/2748 2758/1/2758 
f 2757/1/2757 2758/1/2758 2759/1/2759 
f 2760/1/2760 1201/1/1201 1205/1/1205 
f 2762/1/2762 2759/1/2759 2758/1/2758 
f 2761/1/2761 2758/1/2758 2748/1/2748 
f 2763/1/2763 2765/1/2765 2764/1/2764 
f 2764/1/2764 2775/1/2775 2762/1/2762 
f 2766/1/2766 2756/1/2756 2765/1/2765 
f 2763/1/2763 2748/1/2748 2751/1/2751 
f 2766/1/2766 2751/1/2751 1041/1/1041 
f 2573/1/2573 2572/1/2572 2756/1/2756 
f 2769/1/2769 2774/1/2774 2767/1/2767 
f 2768/1/2768 2784/1/2784 2770/1/2770 
f 2769/1/2769 2770/1/2770 2771/1/2771 
f 2769/1/2769 2772/1/2772 2773/1/2773 
f 2776/1/2776 2777/1/2777 2775/1/2775 
f 2764/1/2764 2765/1/2765 2754/1/2754 
f 2776/1/2776 2754/1/2754 2550/1/2550 
f 2779/1/2779 1294/1/1294 1074/1/1074 
f 2778/1/2778 2767/1/2767 2774/1/2774 
f 2774/1/2774 2773/1/2773 2780/1/2780 
f 2779/1/2779 2780/1/2780 1296/1/1296 
f 2782/1/2782 1084/1/1084 1706/1/1706 
f 2781/1/2781 2784/1/2784 2783/1/2783 
f 2782/1/2782 2783/1/2783 2614/1/2614 
f 2612/1/2612 1085/1/1085 1084/1/1084 
f 2785/1/2785 2783/1/2783 2784/1/2784 
f 2768/1/2768 2767/1/2767 2786/1/2786 
f 2785/1/2785 2786/1/2786 2628/1/2628 
f 2787/1/2787 2770/1/2770 2784/1/2784 
f 2781/1/2781 1706/1/1706 1711/1/1711 
f 2787/1/2787 1711/1/1711 1712/1/1712 
f 2788/1/2788 2771/1/2771 2770/1/2770 
f 2790/1/2790 2712/1/2712 2724/1/2724 
f 2789/1/2789 2799/1/2799 2791/1/2791 
f 2790/1/2790 2791/1/2791 1110/1/1110 
f 1115/1/1115 1100/1/1100 2712/1/2712 
f 1078/1/1078 2629/1/2629 2792/1/2792 
f 2792/1/2792 2628/1/2628 2786/1/2786 
f 2793/1/2793 2786/1/2786 2767/1/2767 
f 2778/1/2778 1074/1/1074 1078/1/1078 
f 2794/1/2794 1089/1/1089 2740/1/2740 
f 2745/1/2745 2744/1/2744 2795/1/2795 
f 2794/1/2794 2795/1/2795 2796/1/2796 
f 2797/1/2797 1090/1/1090 1089/1/1089 
f 1111/1/1111 1110/1/1110 2791/1/2791 
f 2800/1/2800 2798/1/2798 2791/1/2791 
f 2798/1/2798 2800/1/2800 2430/1/2430 
f 2798/1/2798 2429/1/2429 1097/1/1097 
f 2802/1/2802 2800/1/2800 2799/1/2799 
f 2801/1/2801 2796/1/2796 2795/1/2795 
f 2802/1/2802 2795/1/2795 2744/1/2744 
f 2752/1/2752 2430/1/2430 2800/1/2800 
f 2804/1/2804 2726/1/2726 2713/1/2713 
f 2804/1/2804 2801/1/2801 2799/1/2799 
f 2789/1/2789 2724/1/2724 2726/1/2726 
f 1222/1/1222 1221/1/1221 2806/1/2806 
f 2808/1/2808 1198/1/1198 1196/1/1196 
f 2797/1/2797 2796/1/2796 2803/1/2803 
f 2803/1/2803 2713/1/2713 2717/1/2717 
f 2809/1/2809 2470/1/2470 1090/1/1090 
f 2810/1/2810 2607/1/2607 2616/1/2616 
f 2618/1/2618 2617/1/2617 2811/1/2811 
f 2810/1/2810 2811/1/2811 2812/1/2812 
f 2813/1/2813 2608/1/2608 2607/1/2607 
f 2814/1/2814 2815/1/2815 2807/1/2807 
f 2806/1/2806 1221/1/1221 1235/1/1235 
f 2817/1/2817 2818/1/2818 2812/1/2812 
f 2816/1/2816 2807/1/2807 2815/1/2815 
f 2762/1/2762 2775/1/2775 2818/1/2818 
f 2819/1/2819 2808/1/2808 2807/1/2807 
f 2816/1/2816 2812/1/2812 2811/1/2811 
f 2819/1/2819 2811/1/2811 2617/1/2617 
f 2627/1/2627 1198/1/1198 2808/1/2808 
f 2820/1/2820 2822/1/2822 2690/1/2690 
f 2820/1/2820 2828/1/2828 2821/1/2821 
f 2822/1/2822 2821/1/2821 2823/1/2823 
f 2822/1/2822 2824/1/2824 2687/1/2687 
f 2825/1/2825 2421/1/2421 2608/1/2608 
f 2813/1/2813 2812/1/2812 2818/1/2818 
f 2825/1/2825 2818/1/2818 2775/1/2775 
f 2777/1/2777 2426/1/2426 2421/1/2421 
f 1301/1/1301 1300/1/1300 2826/1/2826 
f 2827/1/2827 2826/1/2826 2828/1/2828 
f 2820/1/2820 2679/1/2679 2683/1/2683 
f 1301/1/1301 2827/1/2827 2683/1/2683 
f 2829/1/2829 2831/1/2831 1716/1/1716 
f 2831/1/2831 2829/1/2829 2823/1/2823 
f 2831/1/2831 2830/1/2830 2771/1/2771 
f 2788/1/2788 1712/1/1712 1716/1/1716 
f 2832/1/2832 2772/1/2772 2771/1/2771 
f 2830/1/2830 2823/1/2823 2821/1/2821 
f 2832/1/2832 2821/1/2821 2828/1/2828 
f 2833/1/2833 2773/1/2773 2772/1/2772 
f 2688/1/2688 2687/1/2687 2824/1/2824 
f 2824/1/2824 2823/1/2823 2829/1/2829 
f 2834/1/2834 2829/1/2829 1715/1/1715 
f 1312/1/1312 1303/1/1303 2688/1/2688 
f 2837/1/2837 2838/1/2838 2835/1/2835 
f 2836/1/2836 1335/1/1335 1341/1/1341 
f 2837/1/2837 1341/1/1341 1318/1/1318 
f 1317/1/1317 1316/1/1316 2838/1/2838 
f 2839/1/2839 1343/1/1343 1335/1/1335 
f 2836/1/2836 2835/1/2835 2840/1/2840 
f 2839/1/2839 2840/1/2840 2721/1/2721 
f 2708/1/2708 1344/1/1344 1343/1/1343 
f 2841/1/2841 2780/1/2780 2773/1/2773 
f 2833/1/2833 2828/1/2828 2826/1/2826 
f 2841/1/2841 2826/1/2826 1300/1/1300 
f 1297/1/1297 1296/1/1296 2780/1/2780 
f 2842/1/2842 2482/1/2482 2481/1/2481 
f 2733/1/2733 2732/1/2732 2843/1/2843 
f 2842/1/2842 2843/1/2843 2844/1/2844 
f 2845/1/2845 2484/1/2484 2482/1/2482 
f 2847/1/2847 2849/1/2849 2844/1/2844 
f 2846/1/2846 2835/1/2835 2838/1/2838 
f 2847/1/2847 2838/1/2838 1316/1/1316 
f 2848/1/2848 2859/1/2859 2849/1/2849 
f 2850/1/2850 2840/1/2840 2835/1/2835 
f 2846/1/2846 2844/1/2844 2843/1/2843 
f 2850/1/2850 2843/1/2843 2732/1/2732 
f 2722/1/2722 2721/1/2721 2840/1/2840 
f 2853/1/2853 2857/1/2857 2851/1/2851 
f 2852/1/2852 2869/1/2869 2854/1/2854 
f 2853/1/2853 2854/1/2854 2855/1/2855 
f 2856/1/2856 2861/1/2861 2857/1/2857 
f 2858/1/2858 2464/1/2464 2484/1/2484 
f 2845/1/2845 2844/1/2844 2849/1/2849 
f 2858/1/2858 2849/1/2849 2859/1/2859 
f 2860/1/2860 2460/1/2460 2464/1/2464 
f 2862/1/2862 2864/1/2864 2861/1/2861 
f 2856/1/2856 2855/1/2855 2863/1/2863 
f 2862/1/2862 2863/1/2863 1402/1/1402 
f 2479/1/2479 2478/1/2478 2864/1/2864 
f 2866/1/2866 2701/1/2701 2700/1/2700 
f 2865/1/2865 2869/1/2869 2867/1/2867 
f 2866/1/2866 2867/1/2867 2283/1/2283 
f 1405/1/1405 1404/1/1404 2701/1/2701 
f 2868/1/2868 2870/1/2870 2292/1/2292 
f 2284/1/2284 2283/1/2283 2867/1/2867 
f 2868/1/2868 2867/1/2867 2869/1/2869 
f 2852/1/2852 2851/1/2851 2870/1/2870 
f 2872/1/2872 1422/1/1422 2696/1/2696 
f 2871/1/2871 2882/1/2882 2873/1/2873 
f 2872/1/2872 2873/1/2873 1441/1/1441 
f 2876/1/2876 2878/1/2878 2874/1/2874 
f 2875/1/2875 2888/1/2888 2877/1/2877 
f 2876/1/2876 2877/1/2877 2378/1/2378 
f 2376/1/2376 2375/1/2375 2878/1/2878 
f 2879/1/2879 2881/1/2881 2695/1/2695 
f 2879/1/2879 2888/1/2888 2880/1/2880 
f 2881/1/2881 2880/1/2880 2882/1/2882 
f 2883/1/2883 2885/1/2885 2394/1/2394 
f 2398/1/2398 1441/1/1441 2873/1/2873 
f 2883/1/2883 2873/1/2873 2882/1/2882 
f 2884/1/2884 2886/1/2886 2885/1/2885 
f 2887/1/2887 2889/1/2889 2886/1/2886 
f 2884/1/2884 2882/1/2882 2880/1/2880 
f 2887/1/2887 2880/1/2880 2888/1/2888 
f 2875/1/2875 2874/1/2874 2889/1/2889 
f 2890/1/2890 2443/1/2443 2378/1/2378 
f 2890/1/2890 2877/1/2877 2888/1/2888 
f 2893/1/2893 2895/1/2895 2891/1/2891 
f 2892/1/2892 2900/1/2900 2894/1/2894 
f 2893/1/2893 2894/1/2894 2372/1/2372 
f 2360/1/2360 2359/1/2359 2895/1/2895 
f 2898/1/2898 2901/1/2901 2896/1/2896 
f 2897/1/2897 2909/1/2909 2899/1/2899 
f 2892/1/2892 2891/1/2891 2901/1/2901 
f 2903/1/2903 2894/1/2894 2900/1/2900 
f 2902/1/2902 2383/1/2383 2382/1/2382 
f 2903/1/2903 2382/1/2382 2369/1/2369 
f 2373/1/2373 2372/1/2372 2894/1/2894 
f 2906/1/2906 2907/1/2907 2904/1/2904 
f 2906/1/2906 2905/1/2905 2268/1/2268 
f 2908/1/2908 2916/1/2916 2907/1/2907 
f 2910/1/2910 2912/1/2912 2909/1/2909 
f 2897/1/2897 2896/1/2896 2911/1/2911 
f 2910/1/2910 2911/1/2911 1606/1/1606 
f 2915/1/2915 2918/1/2918 2913/1/2913 
f 2914/1/2914 2904/1/2904 2907/1/2907 
f 2915/1/2915 2907/1/2907 2916/1/2916 
f 2917/1/2917 2930/1/2930 2918/1/2918 
f 2905/1/2905 2904/1/2904 2919/1/2919 
f 2919/1/2919 2472/1/2472 2477/1/2477 
f 2477/1/2477 2276/1/2276 2279/1/2279 
f 2279/1/2279 2268/1/2268 2905/1/2905 
f 2923/1/2923 2924/1/2924 2921/1/2921 
f 2922/1/2922 2925/1/2925 1509/1/1509 
f 1509/1/1509 1508/1/1508 1605/1/1605 
f 1605/1/1605 1604/1/1604 2924/1/2924 
f 2926/1/2926 1501/1/1501 2925/1/2925 
f 2929/1/2929 2913/1/2913 2918/1/2918 
f 2928/1/2928 2918/1/2918 2930/1/2930 
f 2928/1/2928 2459/1/2459 2932/1/2932 
f 2935/1/2935 2939/1/2939 2933/1/2933 
f 2934/1/2934 2940/1/2940 2936/1/2936 
f 2935/1/2935 2936/1/2936 2937/1/2937 
f 2938/1/2938 2950/1/2950 2939/1/2939 
f 2941/1/2941 2943/1/2943 2940/1/2940 
f 2934/1/2934 2933/1/2933 2942/1/2942 
f 2941/1/2941 2942/1/2942 1602/1/1602 
f 1612/1/1612 1611/1/1611 2943/1/2943 
f 2944/1/2944 2895/1/2895 2359/1/2359 
f 1631/1/1631 1630/1/1630 2945/1/2945 
f 2944/1/2944 2945/1/2945 2937/1/2937 
f 2947/1/2947 2901/1/2901 2891/1/2891 
f 2946/1/2946 2937/1/2937 2936/1/2936 
f 2947/1/2947 2936/1/2936 2940/1/2940 
f 2948/1/2948 2896/1/2896 2901/1/2901 
f 2945/1/2945 2949/1/2949 2938/1/2938 
f 2945/1/2945 1630/1/1630 1623/1/1623 
f 2949/1/2949 1623/1/1623 1626/1/1626 
f 2949/1/2949 2448/1/2448 2950/1/2950 
f 2953/1/2953 2964/1/2964 2951/1/2951 
f 2952/1/2952 2951/1/2951 2954/1/2954 
f 2952/1/2952 2955/1/2955 2913/1/2913 
f 2929/1/2929 2932/1/2932 2953/1/2953 
f 2956/1/2956 2911/1/2911 2896/1/2896 
f 2948/1/2948 2940/1/2940 2943/1/2943 
f 2956/1/2956 2943/1/2943 1611/1/1611 
f 1607/1/1607 1606/1/1606 2911/1/2911 
f 2914/1/2914 2913/1/2913 2955/1/2955 
f 2955/1/2955 2954/1/2954 2958/1/2958 
f 2957/1/2957 2958/1/2958 2472/1/2472 
f 2957/1/2957 2919/1/2919 2904/1/2904 
f 2960/1/2960 2870/1/2870 2851/1/2851 
f 2959/1/2959 2964/1/2964 2961/1/2961 
f 2960/1/2960 2961/1/2961 2300/1/2300 
f 2293/1/2293 2292/1/2292 2870/1/2870 
f 2963/1/2963 2857/1/2857 2861/1/2861 
f 2962/1/2962 2954/1/2954 2951/1/2951 
f 2963/1/2963 2951/1/2951 2964/1/2964 
f 2959/1/2959 2851/1/2851 2857/1/2857 
f 2965/1/2965 2458/1/2458 2302/1/2302 
f 2301/1/2301 2300/1/2300 2961/1/2961 
f 2965/1/2965 2961/1/2961 2964/1/2964 
f 2932/1/2932 2458/1/2458 2965/1/2965 
f 2967/1/2967 2912/1/2912 2389/1/2389 
f 2966/1/2966 2980/1/2980 2968/1/2968 
f 2967/1/2967 2968/1/2968 2969/1/2969 
f 2970/1/2970 2909/1/2909 2912/1/2912 
f 2971/1/2971 2958/1/2958 2954/1/2954 
f 2962/1/2962 2861/1/2861 2864/1/2864 
f 2971/1/2971 2864/1/2864 2478/1/2478 
f 2473/1/2473 2472/1/2472 2958/1/2958 
f 2972/1/2972 2899/1/2899 2909/1/2909 
f 2970/1/2970 2969/1/2969 2973/1/2973 
f 2972/1/2972 2973/1/2973 2383/1/2383 
f 2902/1/2902 2900/1/2900 2899/1/2899 
f 2975/1/2975 2885/1/2885 2886/1/2886 
f 2974/1/2974 2980/1/2980 2976/1/2976 
f 2975/1/2975 2976/1/2976 2977/1/2977 
f 2395/1/2395 2394/1/2394 2885/1/2885 
f 2979/1/2979 2889/1/2889 2874/1/2874 
f 2978/1/2978 2969/1/2969 2968/1/2968 
f 2979/1/2979 2968/1/2968 2980/1/2980 
f 2974/1/2974 2886/1/2886 2889/1/2889 
f 2981/1/2981 2396/1/2396 2977/1/2977 
f 2981/1/2981 2976/1/2976 2980/1/2980 
f 2966/1/2966 2389/1/2389 2388/1/2388 
f 2388/1/2388 2387/1/2387 2396/1/2396 
f 2982/1/2982 2973/1/2973 2969/1/2969 
f 2978/1/2978 2874/1/2874 2878/1/2878 
f 2982/1/2982 2878/1/2878 2375/1/2375 
f 2384/1/2384 2383/1/2383 2973/1/2973 
f 2985/1/2985 2987/1/2987 2983/1/2983 
f 2984/1/2984 2988/1/2988 2986/1/2986 
f 2985/1/2985 2986/1/2986 162/1/162 
f 154/1/154 153/1/153 2987/1/2987 
f 2989/1/2989 2991/1/2991 2988/1/2988 
f 2984/1/2984 2983/1/2983 2990/1/2990 
f 2990/1/2990 2624/1/2624 2623/1/2623 
f 2991/1/2991 2989/1/2989 2623/1/2623 
f 2993/1/2993 2548/1/2548 2547/1/2547 
f 2992/1/2992 2983/1/2983 2987/1/2987 
f 2993/1/2993 2987/1/2987 153/1/153 
f 148/1/148 147/1/147 2548/1/2548 
f 2990/1/2990 2994/1/2994 2634/1/2634 
f 2994/1/2994 2990/1/2990 2983/1/2983 
f 2994/1/2994 2554/1/2554 2417/1/2417 
f 2995/1/2995 2991/1/2991 2438/1/2438 
f 2995/1/2995 2996/1/2996 2997/1/2997 
f 2998/1/2998 2988/1/2988 2991/1/2991 
f 3001/1/3001 3002/1/3002 2999/1/2999 
f 3000/1/3000 2668/1/2668 2671/1/2671 
f 3001/1/3001 2671/1/2671 2598/1/2598 
f 2601/1/2601 2600/1/2600 3002/1/3002 
f 296/1/296 157/1/157 3003/1/3003 
f 3003/1/3003 2997/1/2997 3005/1/3005 
f 3004/1/3004 3005/1/3005 2999/1/2999 
f 3004/1/3004 3006/1/3006 303/1/303 
f 3007/1/3007 2986/1/2986 2988/1/2988 
f 2998/1/2998 2997/1/2997 3003/1/3003 
f 3007/1/3007 3003/1/3003 157/1/157 
f 156/1/156 162/1/162 2986/1/2986 
f 3008/1/3008 2669/1/2669 2668/1/2668 
f 3000/1/3000 2999/1/2999 3005/1/3005 
f 2996/1/2996 2670/1/2670 2669/1/2669 
f 304/1/304 303/1/303 3006/1/3006 
f 3006/1/3006 2999/1/2999 3002/1/3002 
f 3009/1/3009 3002/1/3002 2600/1/2600 
f 304/1/304 3009/1/3009 2610/1/2610 
f 3010/1/3010 2854/1/2854 2869/1/2869 
f 3010/1/3010 2865/1/2865 2700/1/2700 
f 3011/1/3011 3022/1/3022 3012/1/3012 
f 3012/1/3012 2855/1/2855 2854/1/2854 
f 3014/1/3014 2860/1/2860 2859/1/2859 
f 3014/1/3014 3013/1/3013 3015/1/3015 
f 3016/1/3016 2704/1/2704 2703/1/2703 
f 3014/1/3014 2703/1/2703 2460/1/2460 
f 1398/1/1398 1397/1/1397 3017/1/3017 
f 3017/1/3017 3022/1/3022 3019/1/3019 
f 3018/1/3018 3019/1/3019 3015/1/3015 
f 3020/1/3020 1323/1/1323 1398/1/1398 
f 3021/1/3021 2863/1/2863 2855/1/2855 
f 3021/1/3021 3012/1/3012 3022/1/3022 
f 3023/1/3023 2698/1/2698 2704/1/2704 
f 3016/1/3016 3015/1/3015 3019/1/3019 
f 3023/1/3023 3019/1/3019 3022/1/3022 
f 3011/1/3011 2700/1/2700 2698/1/2698 
f 3024/1/3024 3020/1/3020 3015/1/3015 
f 3013/1/3013 2859/1/2859 2848/1/2848 
f 3020/1/3020 3024/1/3024 1315/1/1315 
f 3025/1/3025 2939/1/2939 2950/1/2950 
f 2447/1/2447 2446/1/2446 3026/1/3026 
f 3025/1/3025 3026/1/3026 3027/1/3027 
f 3028/1/3028 2933/1/2933 2939/1/2939 
f 3029/1/3029 2942/1/2942 2933/1/2933 
f 3028/1/3028 3027/1/3027 3030/1/3030 
f 3030/1/3030 1604/1/1604 1603/1/1603 
f 1603/1/1603 1602/1/1602 2942/1/2942 
f 3031/1/3031 2924/1/2924 1604/1/1604 
f 3030/1/3030 3027/1/3027 3032/1/3032 
f 3031/1/3031 3032/1/3032 3033/1/3033 
f 3034/1/3034 2921/1/2921 2924/1/2924 
f 3036/1/3036 2451/1/2451 2455/1/2455 
f 3035/1/3035 3033/1/3033 3032/1/3032 
f 3036/1/3036 3032/1/3032 3027/1/3027 
f 3026/1/3026 2446/1/2446 2451/1/2451 
f 3037/1/3037 2454/1/2454 2456/1/2456 
f 2931/1/2931 2930/1/2930 3038/1/3038 
f 3037/1/3037 3038/1/3038 3033/1/3033 
f 3035/1/3035 2455/1/2455 2454/1/2454 
f 3039/1/3039 2927/1/2927 2921/1/2921 
f 3034/1/3034 3033/1/3033 3038/1/3038 
f 3039/1/3039 3038/1/3038 2930/1/2930 
f 2917/1/2917 2916/1/2916 2927/1/2927 
f 3040/1/3040 3043/1/3043 2344/1/2344 
f 2358/1/2358 2335/1/2335 2340/1/2340 
f 3046/1/3046 3047/1/3047 3044/1/3044 
f 3045/1/3045 2346/1/2346 2345/1/2345 
f 2345/1/2345 2344/1/2344 3043/1/3043 
f 3046/1/3046 3043/1/3043 3042/1/3042 
f 3050/1/3050 3051/1/3051 3048/1/3048 
f 3049/1/3049 2141/1/2141 2140/1/2140 
f 3050/1/3050 2140/1/2140 2346/1/2346 
f 3045/1/3045 3044/1/3044 3051/1/3051 
f 3052/1/3052 3054/1/3054 3049/1/3049 
f 3052/1/3052 3055/1/3055 3053/1/3053 
f 3054/1/3054 3053/1/3053 2146/1/2146 
f 3049/1/3049 3054/1/3054 2143/1/2143 
f 3057/1/3057 3053/1/3053 3055/1/3055 
f 3056/1/3056 3097/1/3097 3058/1/3058 
f 3057/1/3057 3058/1/3058 3059/1/3059 
f 2147/1/2147 2146/1/2146 3053/1/3053 
f 3062/1/3062 3063/1/3063 3060/1/3060 
f 3061/1/3061 2153/1/2153 2152/1/2152 
f 3062/1/3062 2152/1/2152 3059/1/3059 
f 3058/1/3058 3097/1/3097 3063/1/3063 
f 3061/1/3061 3060/1/3060 3064/1/3064 
f 3064/1/3064 3070/1/3070 3066/1/3066 
f 2156/1/2156 3065/1/3065 3066/1/3066 
f 3065/1/3065 2156/1/2156 2153/1/2153 
f 3068/1/3068 2314/1/2314 2307/1/2307 
f 3067/1/3067 3073/1/3073 3069/1/3069 
f 3068/1/3068 3069/1/3069 2327/1/2327 
f 2320/1/2320 2311/1/2311 2314/1/2314 
f 3072/1/3072 3066/1/3066 3070/1/3070 
f 3067/1/3067 3072/1/3072 3071/1/3071 
f 3067/1/3067 2307/1/2307 2310/1/2310 
f 2310/1/2310 2157/1/2157 3066/1/3066 
f 3074/1/3074 3041/1/3041 2339/1/2339 
f 3078/1/3078 3081/1/3081 3076/1/3076 
f 3077/1/3077 3044/1/3044 3047/1/3047 
f 3078/1/3078 3079/1/3079 3080/1/3080 
f 3083/1/3083 3077/1/3077 3076/1/3076 
f 3082/1/3082 3085/1/3085 3084/1/3084 
f 3083/1/3083 3084/1/3084 3048/1/3048 
f 3083/1/3083 3051/1/3051 3044/1/3044 
f 3087/1/3087 3084/1/3084 3085/1/3085 
f 3086/1/3086 3089/1/3089 3088/1/3088 
f 3087/1/3087 3088/1/3088 3055/1/3055 
f 3052/1/3052 3048/1/3048 3084/1/3084 
f 3091/1/3091 3088/1/3088 3089/1/3089 
f 3093/1/3093 3091/1/3091 3090/1/3090 
f 3093/1/3093 3097/1/3097 3056/1/3056 
f 3056/1/3056 3055/1/3055 3088/1/3088 
f 3096/1/3096 3098/1/3098 3094/1/3094 
f 3095/1/3095 3060/1/3060 3063/1/3063 
f 3096/1/3096 3063/1/3063 3097/1/3097 
f 3093/1/3093 3092/1/3092 3098/1/3098 
f 3100/1/3100 3082/1/3082 3076/1/3076 
f 3099/1/3099 3116/1/3116 3101/1/3101 
f 3100/1/3100 3101/1/3101 3102/1/3102 
f 3082/1/3082 3100/1/3100 3103/1/3103 
f 3105/1/3105 3103/1/3103 3102/1/3102 
f 3105/1/3105 3104/1/3104 3106/1/3106 
f 3105/1/3105 3107/1/3107 3089/1/3089 
f 3086/1/3086 3085/1/3085 3103/1/3103 
f 3110/1/3110 3111/1/3111 3108/1/3108 
f 3109/1/3109 3070/1/3070 3064/1/3064 
f 3110/1/3110 3064/1/3064 3060/1/3060 
f 3095/1/3095 3094/1/3094 3111/1/3111 
f 3113/1/3113 3107/1/3107 3106/1/3106 
f 3113/1/3113 3112/1/3112 3114/1/3114 
f 3113/1/3113 3115/1/3115 3092/1/3092 
f 3090/1/3090 3089/1/3089 3107/1/3107 
f 3118/1/3118 3101/1/3101 3116/1/3116 
f 3117/1/3117 3114/1/3114 3112/1/3112 
f 3118/1/3118 3112/1/3112 3106/1/3106 
f 3104/1/3104 3102/1/3102 3101/1/3101 
f 3121/1/3121 3123/1/3123 3119/1/3119 
f 3120/1/3120 3125/1/3125 3122/1/3122 
f 3121/1/3121 3122/1/3122 3114/1/3114 
f 3117/1/3117 3116/1/3116 3123/1/3123 
f 3124/1/3124 3098/1/3098 3092/1/3092 
f 3115/1/3115 3114/1/3114 3122/1/3122 
f 3124/1/3124 3122/1/3122 3125/1/3125 
f 3126/1/3126 3094/1/3094 3098/1/3098 
f 3129/1/3129 3130/1/3130 3127/1/3127 
f 3075/1/3075 3073/1/3073 3130/1/3130 
f 3081/1/3081 3080/1/3080 3131/1/3131 
f 3131/1/3131 3119/1/3119 3123/1/3123 
f 3132/1/3132 3123/1/3123 3116/1/3116 
f 3099/1/3099 3076/1/3076 3081/1/3081 
f 3136/1/3136 3138/1/3138 3134/1/3134 
f 3135/1/3135 3119/1/3119 3137/1/3137 
f 3136/1/3136 3137/1/3137 3127/1/3127 
f 3133/1/3133 3108/1/3108 3138/1/3138 
f 3139/1/3139 3131/1/3131 3080/1/3080 
f 3128/1/3128 3127/1/3127 3137/1/3137 
f 3140/1/3140 3141/1/3141 3125/1/3125 
f 3120/1/3120 3119/1/3119 3135/1/3135 
f 3135/1/3135 3134/1/3134 3141/1/3141 
f 3142/1/3142 3111/1/3111 3094/1/3094 
f 3126/1/3126 3125/1/3125 3141/1/3141 
f 3142/1/3142 3141/1/3141 3134/1/3134 
f 3138/1/3138 3108/1/3108 3111/1/3111 
f 3145/1/3145 3151/1/3151 3143/1/3143 
f 3143/1/3143 2406/1/2406 2405/1/2405 
f 3144/1/3144 3258/1/3258 3146/1/3146 
f 3147/1/3147 7/1/7 2406/1/2406 
f 3147/1/3147 3143/1/3143 3151/1/3151 
f 3154/1/3154 3156/1/3156 3152/1/3152 
f 3153/1/3153 22/1/22 1/1/1 
f 3150/1/3150 3149/1/3149 3154/1/3154 
f 3155/1/3155 3158/1/3158 27/1/27 
f 31/1/31 30/1/30 3152/1/3152 
f 3155/1/3155 3152/1/3152 3156/1/3156 
f 3157/1/3157 3160/1/3160 3158/1/3158 
f 3159/1/3159 3162/1/3162 2514/1/2514 
f 28/1/28 27/1/27 3158/1/3158 
f 3159/1/3159 3158/1/3158 3160/1/3160 
f 3161/1/3161 3163/1/3163 3162/1/3162 
f 3164/1/3164 3166/1/3166 3163/1/3163 
f 3161/1/3161 3160/1/3160 3165/1/3165 
f 3167/1/3167 3264/1/3264 3166/1/3166 
f 3170/1/3170 3173/1/3173 3168/1/3168 
f 3170/1/3170 3169/1/3169 3171/1/3171 
f 3172/1/3172 3183/1/3183 1726/1/1726 
f 3170/1/3170 1726/1/1726 1725/1/1725 
f 3174/1/3174 3175/1/3175 3269/1/3269 
f 3174/1/3174 3191/1/3191 3171/1/3171 
f 3169/1/3169 3168/1/3168 3175/1/3175 
f 3177/1/3177 3168/1/3168 3173/1/3173 
f 3173/1/3173 1725/1/1725 2512/1/2512 
f 3178/1/3178 3176/1/3176 2512/1/2512 
f 3176/1/3176 3178/1/3178 3179/1/3179 
f 3182/1/3182 3184/1/3184 3180/1/3180 
f 3181/1/3181 2214/1/2214 2212/1/2212 
f 3182/1/3182 2212/1/2212 3183/1/3183 
f 3172/1/3172 3171/1/3171 3184/1/3184 
f 3187/1/3187 3188/1/3188 3185/1/3185 
f 3187/1/3187 3186/1/3186 1736/1/1736 
f 3187/1/3187 2211/1/2211 2214/1/2214 
f 3181/1/3181 3180/1/3180 3188/1/3188 
f 3190/1/3190 3180/1/3180 3184/1/3184 
f 3189/1/3189 3184/1/3184 3171/1/3171 
f 3194/1/3194 3196/1/3196 3192/1/3192 
f 3193/1/3193 3192/1/3192 1745/1/1745 
f 1731/1/1731 1736/1/1736 3186/1/3186 
f 3193/1/3193 3186/1/3186 3185/1/3185 
f 3195/1/3195 3188/1/3188 3180/1/3180 
f 3197/1/3197 3203/1/3203 3196/1/3196 
f 1746/1/1746 1745/1/1745 3192/1/3192 
f 3198/1/3198 3192/1/3192 3196/1/3196 
f 3200/1/3200 3201/1/3201 3199/1/3199 
f 3202/1/3202 3207/1/3207 3201/1/3201 
f 3200/1/3200 3196/1/3196 3203/1/3203 
f 3202/1/3202 3203/1/3203 3204/1/3204 
f 3212/1/3212 3229/1/3229 3210/1/3210 
f 3211/1/3211 3210/1/3210 1721/1/1721 
f 2007/1/2007 2006/1/2006 3213/1/3213 
f 3211/1/3211 3213/1/3213 3214/1/3214 
f 3215/1/3215 3213/1/3213 2006/1/2006 
f 2206/1/2206 1747/1/1747 3199/1/3199 
f 3215/1/3215 3199/1/3199 3201/1/3201 
f 3216/1/3216 3214/1/3214 3213/1/3213 
f 3217/1/3217 3219/1/3219 3214/1/3214 
f 3216/1/3216 3201/1/3201 3207/1/3207 
f 3217/1/3217 3207/1/3207 3206/1/3206 
f 3218/1/3218 3224/1/3224 3219/1/3219 
f 3218/1/3218 3206/1/3206 3209/1/3209 
f 3220/1/3220 3209/1/3209 3221/1/3221 
f 3222/1/3222 3298/1/3298 3223/1/3223 
f 3220/1/3220 3223/1/3223 3224/1/3224 
f 3227/1/3227 3230/1/3230 3225/1/3225 
f 1722/1/1722 3227/1/3227 3226/1/3226 
f 1722/1/1722 1721/1/1721 3210/1/3210 
f 3227/1/3227 3210/1/3210 3229/1/3229 
f 3231/1/3231 3233/1/3233 3229/1/3229 
f 3212/1/3212 3214/1/3214 3219/1/3219 
f 3231/1/3231 3219/1/3219 3224/1/3224 
f 3232/1/3232 3235/1/3235 3233/1/3233 
f 3232/1/3232 3224/1/3224 3223/1/3223 
f 3234/1/3234 3223/1/3223 3298/1/3298 
f 3237/1/3237 3225/1/3225 3230/1/3230 
f 3230/1/3230 3229/1/3229 3233/1/3233 
f 3236/1/3236 3233/1/3233 3235/1/3235 
f 3239/1/3239 2518/1/2518 2522/1/2522 
f 3238/1/3238 2522/1/2522 3228/1/3228 
f 3226/1/3226 3225/1/3225 3240/1/3240 
f 3238/1/3238 3240/1/3240 3241/1/3241 
f 3244/1/3244 3245/1/3245 3242/1/3242 
f 3243/1/3243 2523/1/2523 2528/1/2528 
f 3244/1/3244 2528/1/2528 2518/1/2518 
f 3246/1/3246 3250/1/3250 57/1/57 
f 36/1/36 35/1/35 3247/1/3247 
f 3249/1/3249 3246/1/3246 3247/1/3247 
f 3249/1/3249 3299/1/3299 3250/1/3250 
f 3252/1/3252 3299/1/3299 3249/1/3249 
f 3251/1/3251 3249/1/3249 3248/1/3248 
f 3253/1/3253 3290/1/3290 3254/1/3254 
f 3255/1/3255 3300/1/3300 649/1/649 
f 58/1/58 57/1/57 3250/1/3250 
f 3255/1/3255 3250/1/3250 3299/1/3299 
f 650/1/650 649/1/649 3300/1/3300 
f 2401/1/2401 3301/1/3301 3256/1/3256 
f 3301/1/3301 2401/1/2401 656/1/656 
f 3258/1/3258 2402/1/2402 3256/1/3256 
f 3260/1/3260 2517/1/2517 2515/1/2515 
f 2515/1/2515 2514/1/2514 3162/1/3162 
f 3259/1/3259 3162/1/3162 3163/1/3163 
f 3260/1/3260 3259/1/3259 3261/1/3261 
f 3263/1/3263 3266/1/3266 3262/1/3262 
f 3261/1/3261 3163/1/3163 3166/1/3166 
f 3263/1/3263 3166/1/3166 3264/1/3264 
f 3265/1/3265 3283/1/3283 3266/1/3266 
f 3267/1/3267 3268/1/3268 3260/1/3260 
f 3267/1/3267 3179/1/3179 3178/1/3178 
f 3178/1/3178 2500/1/2500 2497/1/2497 
f 3268/1/3268 2497/1/2497 2517/1/2517 
f 3270/1/3270 3273/1/3273 3272/1/3272 
f 3275/1/3275 3272/1/3272 3273/1/3273 
f 3274/1/3274 3283/1/3283 3276/1/3276 
f 3277/1/3277 3279/1/3279 3248/1/3248 
f 3247/1/3247 35/1/35 2492/1/2492 
f 3277/1/3277 2492/1/2492 2532/1/2532 
f 3278/1/3278 3286/1/3286 3279/1/3279 
f 3270/1/3270 3269/1/3269 3175/1/3175 
f 3280/1/3280 3175/1/3175 3168/1/3168 
f 3177/1/3177 3179/1/3179 3281/1/3281 
f 3280/1/3280 3281/1/3281 3273/1/3273 
f 3274/1/3274 3273/1/3273 3281/1/3281 
f 3282/1/3282 3281/1/3281 3179/1/3179 
f 3267/1/3267 3262/1/3262 3266/1/3266 
f 3282/1/3282 3266/1/3266 3283/1/3283 
f 3278/1/3278 2532/1/2532 2531/1/2531 
f 3284/1/3284 2531/1/2531 2523/1/2523 
f 3243/1/3243 3242/1/3242 3285/1/3285 
f 3284/1/3284 3285/1/3285 3286/1/3286 
f 3289/1/3289 3291/1/3291 3287/1/3287 
f 3288/1/3288 3287/1/3287 3290/1/3290 
f 3253/1/3253 3248/1/3248 3279/1/3279 
f 3288/1/3288 3279/1/3279 3286/1/3286 
f 3293/1/3293 3287/1/3287 3291/1/3291 
f 3295/1/3295 3290/1/3290 3287/1/3287 
f 3292/1/3292 3291/1/3291 3302/1/3302 
f 3296/1/3296 3302/1/3302 3291/1/3291 
f 3289/1/3289 3286/1/3286 3285/1/3285 
f 3296/1/3296 3285/1/3285 3242/1/3242 
# 0 polygons - 6535 triangles

