# Blender 4.5.3 LTS
# www.blender.org
mtllib PuertaDere.mtl
g PuertaDere_Vintage_Door_Open
v 3.657558 0.192059 5.426875
v 3.664095 0.195375 5.426869
v 3.662848 0.198615 5.911064
v 3.656311 0.195299 5.911069
v 3.660928 0.186980 5.426918
v 3.662414 0.181056 5.426961
v 3.661872 0.174984 5.427000
v 3.659364 0.169454 5.427031
v 3.655142 0.165036 5.427050
v 3.649728 0.162296 5.427053
v 3.643670 0.161462 5.427044
v 3.637716 0.162719 5.427020
v 3.632480 0.165838 5.426986
v 3.628591 0.170531 5.426944
v 3.626472 0.176239 5.426901
v 3.623047 0.174502 5.426904
v 3.626298 0.220876 5.426601
v 3.659681 0.190219 5.911112
v 3.625051 0.224115 5.910796
v 3.621799 0.177742 5.911098
v 3.625225 0.179478 5.911095
v 3.627344 0.173771 5.911139
v 3.631233 0.169078 5.911180
v 3.636469 0.165959 5.911214
v 3.642423 0.164702 5.911238
v 3.648481 0.165535 5.911248
v 3.653895 0.168276 5.911244
v 3.658117 0.172694 5.911225
v 3.660625 0.178223 5.911194
v 3.661167 0.184296 5.911155
v 3.677176 0.161396 0.348630
v 3.639379 0.186897 0.348362
v 3.638132 0.190136 0.832556
v 3.675929 0.164636 0.832824
v 3.670639 0.158081 0.348636
v 3.674009 0.153001 0.348678
v 3.675495 0.147078 0.348722
v 3.674953 0.141005 0.348761
v 3.672445 0.135475 0.348792
v 3.668223 0.131058 0.348810
v 3.662809 0.128317 0.348815
v 3.656751 0.127483 0.348805
v 3.650797 0.128741 0.348781
v 3.645561 0.131860 0.348747
v 3.641672 0.136553 0.348705
v 3.639553 0.142260 0.348661
v 3.636127 0.140523 0.348664
v 3.669391 0.161320 0.832829
v 3.634880 0.143763 0.832858
v 3.638306 0.145500 0.832855
v 3.640425 0.139792 0.832899
v 3.644313 0.135099 0.832940
v 3.649549 0.131980 0.832975
v 3.655504 0.130723 0.832998
v 3.661562 0.131557 0.833008
v 3.666975 0.134297 0.833004
v 3.671198 0.138715 0.832985
v 3.673705 0.144244 0.832955
v 3.674248 0.150317 0.832916
v 3.672762 0.156241 0.832872
v 3.662851 0.178310 3.371942
v 3.669388 0.181625 3.371936
v 3.631592 0.207126 3.371668
v 3.628340 0.160752 3.371970
v 3.631765 0.162489 3.371967
v 3.633884 0.156782 3.372011
v 3.637773 0.152089 3.372052
v 3.643009 0.148970 3.372087
v 3.648963 0.147712 3.372111
v 3.655021 0.148546 3.372121
v 3.660435 0.151286 3.372116
v 3.664658 0.155704 3.372097
v 3.667165 0.161234 3.372067
v 3.667707 0.167307 3.372028
v 3.666221 0.173230 3.371984
v 3.664098 0.175070 2.887748
v 3.670636 0.178386 2.887742
v 3.667469 0.169990 2.887790
v 3.668954 0.164067 2.887834
v 3.668412 0.157994 2.887873
v 3.665905 0.152465 2.887903
v 3.661682 0.148047 2.887922
v 3.656269 0.145306 2.887927
v 3.650210 0.144473 2.887917
v 3.644256 0.145730 2.887893
v 3.639020 0.148849 2.887858
v 3.635131 0.153542 2.887817
v 3.633012 0.159249 2.887773
v 3.629587 0.157513 2.887776
v 3.632839 0.203886 2.887474
v -0.062624 0.263484 6.381363
v -0.023501 0.263234 6.764035
v -0.008019 0.484202 6.762597
v -0.047143 0.484451 6.379924
v -0.042472 0.262070 6.381424
v -0.026974 0.221812 0.364661
v -0.047074 0.223090 0.344401
v 3.623883 -0.034033 0.355577
v -0.049540 0.185402 0.287807
v 3.621417 -0.071720 0.298984
v -0.046162 0.220718 -0.009995
v -0.046689 0.213182 -0.009946
v -0.048307 0.191053 0.012533
v -0.048739 0.192177 0.180520
v -0.048043 0.204073 0.225800
v -0.049456 0.185183 0.255068
v -0.030680 0.441687 -0.011433
v -0.044618 0.390333 3.385260
v -0.049720 0.317521 3.385734
v -0.050871 0.320510 3.832382
v -0.051264 0.321532 3.985189
v -0.051471 0.322069 4.065367
v -0.046368 0.394880 4.064893
v 0.450347 0.413037 0.764747
v 3.640277 0.184564 -0.000257
v 3.624796 -0.036404 0.001181
v 3.624269 -0.043941 0.001230
v 3.608333 0.006361 6.392539
v 3.623814 0.227329 6.391100
v 3.588183 0.007772 6.392478
v 3.567238 0.011730 6.774968
v 3.547539 0.013083 6.770714
v 3.447719 0.022481 7.140421
v 3.429331 0.023716 7.132168
v 3.255003 0.038151 7.472978
v 3.238732 0.039213 7.461033
v 2.997506 0.058047 7.758022
v 2.984063 0.058892 7.742960
v 2.686489 0.081303 7.983162
v 2.676458 0.081891 7.965669
v 2.335542 0.106904 8.138561
v 2.329363 0.107210 8.119328
v 1.960001 0.133729 8.217405
v 1.957948 0.133740 8.197308
v 1.578440 0.160321 8.196152
v 1.576280 0.160603 8.216237
v 1.207429 0.185794 8.115911
v 1.201151 0.186358 8.135108
v 0.861129 0.209040 7.960143
v 0.851010 0.209865 7.977574
v 0.554678 0.229049 7.735564
v 0.541158 0.230096 7.750544
v 0.301469 0.244943 7.452090
v 0.285134 0.246167 7.463936
v 0.112562 0.256030 7.122070
v 0.094132 0.257375 7.130211
v -0.003780 0.261825 6.759902
v 0.434866 0.192069 0.766186
v 3.603682 -0.032487 0.375714
v 3.125313 0.040192 6.391069
v 3.126810 0.036305 5.810036
v 3.133794 0.018162 3.098551
v 3.135041 0.014922 2.614357
v 3.139781 0.002611 0.774421
v 1.932229 0.087190 0.770744
v 1.642417 0.107490 0.769862
v 1.633092 0.099663 0.778618
v 0.442952 0.183028 0.774994
v 1.637678 0.119801 2.609798
v 1.628398 0.111858 2.601100
v 0.430127 0.204380 2.606122
v 0.438258 0.195222 2.597477
v 0.454467 0.179181 0.786839
v 0.449833 0.191217 2.585744
v 1.621084 0.097470 0.790391
v 1.616450 0.109507 2.589296
v 0.461221 0.193303 2.574577
v 1.605532 0.113152 2.578061
v 0.465798 0.181416 0.798036
v 1.610108 0.101265 0.801520
v 1.596850 0.122395 2.568639
v 1.589852 0.129838 2.561053
v 1.594341 0.118176 0.818222
v 1.601378 0.110632 0.810772
v 0.471163 0.201239 2.565212
v 0.479174 0.207635 2.557672
v 0.475691 0.189476 0.807345
v 0.483664 0.195973 0.814841
v 0.491831 0.195452 0.823074
v 0.487385 0.207004 2.549488
v 1.581688 0.130357 2.552819
v 0.492284 0.209806 2.544800
v 1.577251 0.133814 2.548103
v 0.496706 0.198317 0.827749
v 1.586135 0.118805 0.826406
v 1.581674 0.122325 0.831053
v 1.572649 0.148155 2.542386
v 1.577043 0.136741 0.836553
v 0.498877 0.223363 2.539117
v 0.503271 0.211949 0.833284
v 1.565884 0.148712 0.848378
v 0.515920 0.222253 0.845181
v 1.561552 0.159966 2.530345
v 0.511587 0.233507 2.527148
v 0.529231 0.222123 0.858550
v 0.524967 0.233199 2.513852
v 1.552602 0.150440 0.861665
v 1.548338 0.161516 2.516967
v 0.537038 0.238887 2.502239
v 1.537251 0.168833 2.505284
v 0.541242 0.227967 0.870148
v 1.541454 0.157912 0.873193
v 1.530632 0.180363 2.497762
v 1.534798 0.169542 0.880525
v 0.545244 0.249383 2.494762
v 0.549410 0.238563 0.877525
v 0.552012 0.251667 0.879133
v 1.534036 0.182882 0.882123
v 0.547855 0.262465 2.492993
v 0.557489 0.329832 0.878624
v 0.553332 0.340630 2.492484
v 1.539513 0.261048 0.881614
v 1.529879 0.193681 2.495982
v 1.535356 0.271846 2.495473
v 0.591462 0.337712 2.454474
v 0.593883 0.331425 1.514841
v 0.592788 0.334268 1.939837
v 0.592497 0.335024 2.052795
v 0.590130 0.318696 2.454598
v 0.591165 0.316008 2.052919
v 0.958093 0.312032 2.455590
v 0.956761 0.293016 2.455714
v 1.061196 0.304809 2.455904
v 1.449104 0.277638 2.457085
v 1.497576 0.273853 2.397211
v 1.498671 0.271009 1.972215
v 1.498962 0.270253 1.859257
v 1.500057 0.267410 1.434260
v 1.500348 0.266654 1.321302
v 1.501383 0.263966 0.919623
v 1.134752 0.289646 0.918507
v 1.031652 0.296867 0.918193
v 0.643740 0.324039 0.917012
v 0.595268 0.327825 0.976886
v 0.594174 0.330669 1.401883
v 1.496244 0.254837 2.397335
v 0.592842 0.311653 1.402006
v 1.497339 0.251993 1.972339
v 0.593936 0.308809 0.977010
v 1.497630 0.251238 1.859380
v 0.642408 0.305024 0.917136
v 1.498725 0.248394 1.434384
v 1.030320 0.277851 0.918317
v 1.499016 0.247638 1.321426
v 1.133419 0.270630 0.918631
v 1.500051 0.244950 0.919747
v 0.592551 0.312409 1.514965
v 1.447773 0.258623 2.457209
v 0.591456 0.315253 1.939961
v 1.059864 0.285793 2.456028
v 0.420398 0.229650 6.382834
v 0.449224 0.229466 6.664785
v 0.457116 0.220366 6.663074
v 0.428428 0.220551 6.382457
v 0.535903 0.225152 6.934637
v 0.543237 0.216080 6.931170
v 0.676640 0.216893 7.180519
v 0.683073 0.207873 7.175487
v 0.865291 0.205050 7.391700
v 0.870510 0.196106 7.385330
v 1.093602 0.190142 7.559005
v 1.097363 0.181294 7.551525
v 1.351602 0.172822 7.675084
v 1.353705 0.164086 7.666873
v 1.624479 0.154087 7.734055
v 1.615287 0.146125 7.723409
v 1.628199 0.144423 6.289671
v 1.618958 0.136590 6.298354
v 0.420648 0.229002 6.285995
v 0.428654 0.219964 6.294730
v 0.439860 0.216630 6.381903
v 0.440054 0.216125 6.306452
v 0.468362 0.216450 6.660689
v 0.553733 0.212199 6.926458
v 0.692349 0.204064 7.168636
v 0.878154 0.192401 7.376643
v 1.103028 0.177716 7.541421
v 1.357137 0.160658 7.655733
v 1.603455 0.143748 7.708982
v 1.607059 0.134387 6.310005
v 0.451280 0.218366 6.317562
v 1.596189 0.138175 6.321047
v 0.451116 0.218792 6.381346
v 0.479441 0.218614 6.658378
v 0.564102 0.214397 6.921932
v 0.701563 0.206329 7.162086
v 0.885818 0.194764 7.368373
v 1.108813 0.180204 7.531773
v 1.360804 0.163288 7.645125
v 1.592649 0.147369 7.695242
v 1.587547 0.147537 6.330189
v 1.580587 0.155076 6.337555
v 1.577143 0.164021 7.674502
v 1.584061 0.156593 7.683759
v 0.461087 0.226434 6.326760
v 0.468985 0.232934 6.334171
v 0.460948 0.226796 6.380822
v 0.468866 0.233244 6.380418
v 0.489124 0.226618 6.656404
v 0.496925 0.233066 6.654857
v 0.573191 0.222431 6.918127
v 0.580509 0.228903 6.915052
v 0.709687 0.214421 7.156600
v 0.716229 0.220935 7.152151
v 0.892646 0.202936 7.361435
v 0.898147 0.209518 7.355838
v 1.114076 0.188479 7.523686
v 1.118319 0.195142 7.517133
v 1.364298 0.171680 7.636233
v 1.367116 0.178441 7.629066
v 1.369656 0.178211 7.621295
v 1.122413 0.194810 7.510092
v 0.903622 0.209096 7.349756
v 0.722840 0.220443 7.147367
v 0.587971 0.228359 6.911720
v 0.504907 0.232492 6.653165
v 0.476980 0.232675 6.380023
v 0.477077 0.232423 6.342356
v 1.572455 0.155699 6.345690
v 0.481911 0.235287 6.346962
v 1.568040 0.159211 6.350268
v 0.481826 0.235507 6.379750
v 0.509680 0.235330 6.652205
v 0.592446 0.231208 6.909845
v 0.726829 0.223321 7.144613
v 0.906963 0.212013 7.346275
v 1.124969 0.197779 7.506038
v 1.371323 0.181241 7.616856
v 1.569058 0.164523 7.664413
v 1.564670 0.167966 7.658659
v 1.563462 0.173623 6.355727
v 1.560124 0.182295 7.651689
v 0.488423 0.248923 6.352454
v 0.488353 0.249104 6.379409
v 0.516117 0.248927 6.650949
v 0.598524 0.244822 6.907481
v 0.732328 0.236971 7.141256
v 0.911684 0.225709 7.342078
v 1.128749 0.211537 7.501113
v 1.374042 0.195072 7.611471
v 1.549144 0.194082 7.636979
v 1.378509 0.205800 7.600087
v 1.552414 0.185587 6.367438
v 0.500954 0.259237 6.364237
v 0.500916 0.259334 6.378725
v 0.528490 0.259156 6.648434
v 0.610141 0.255090 6.902601
v 0.742711 0.247312 7.134237
v 0.920415 0.236157 7.333185
v 1.135479 0.222113 7.490765
v 1.382684 0.206136 7.587475
v 1.142181 0.222281 7.479267
v 1.536066 0.195604 7.620655
v 1.539260 0.187307 6.380584
v 0.514141 0.259111 6.377463
v 0.514140 0.259115 6.378074
v 0.541505 0.258940 6.645724
v 0.622304 0.254915 6.897257
v 0.753497 0.247217 7.126449
v 0.929352 0.236177 7.323332
v 1.148431 0.228391 7.469253
v 0.937552 0.242160 7.314735
v 1.386736 0.212394 7.576463
v 1.525094 0.202894 7.606356
v 1.528222 0.194769 6.392021
v 0.514740 0.259405 6.378074
v 0.527246 0.264878 6.388973
v 0.526043 0.264964 6.388969
v 0.534139 0.275561 6.396278
v 0.536155 0.275420 6.396284
v 0.536727 0.288665 6.397875
v 0.538929 0.288513 6.397881
v 0.541699 0.359625 6.397412
v 0.544406 0.366679 6.397372
v 0.569292 0.366520 6.640768
v 0.563814 0.288355 6.641276
v 1.159889 0.330478 7.460745
v 1.396464 0.314595 7.567150
v 1.396734 0.314579 7.567151
v 1.160158 0.330462 7.460745
v 0.950803 0.344128 7.307338
v 0.777822 0.354989 7.113667
v 0.648771 0.362561 6.888178
v 0.544134 0.366697 6.397371
v 0.569022 0.366537 6.640767
v 0.648504 0.362580 6.888177
v 0.777554 0.355008 7.113666
v 0.950536 0.344148 7.307337
v 1.391257 0.236413 7.567659
v 1.154681 0.252296 7.461254
v 1.523021 0.305908 7.594528
v 1.523293 0.305890 7.594529
v 1.517816 0.227724 7.595037
v 1.520892 0.219734 6.400871
v 1.526369 0.297900 6.400362
v 1.444951 0.303600 6.400114
v 1.443619 0.284585 6.400238
v 1.524765 0.278902 6.400485
v 1.526097 0.297918 6.400361
v 1.521637 0.206396 6.399284
v 0.561249 0.275259 6.641738
v 0.553250 0.264714 6.643313
v 0.640836 0.271298 6.889455
v 0.643294 0.284395 6.888687
v 0.633309 0.260726 6.892519
v 0.763305 0.253099 7.119648
v 0.770064 0.263713 7.115249
v 0.943279 0.252840 7.309188
v 1.152915 0.239155 7.462787
v 1.389810 0.223250 7.569345
v 1.518551 0.214411 7.597188
v 0.945328 0.265966 7.307847
v 0.772347 0.276821 7.114175
v 0.976149 0.342324 7.302497
v 1.150334 0.330951 7.430100
v 1.455025 0.303860 6.547882
v 1.183556 0.328753 7.450485
v 1.380452 0.315538 7.539078
v 1.417268 0.313041 7.552153
v 1.504066 0.307082 7.570908
v 1.525795 0.298701 6.517482
v 1.500738 0.300420 6.511688
v 1.488219 0.301671 6.569067
v 1.488056 0.301679 6.568799
v 1.478159 0.301892 6.494958
v 1.460273 0.302977 6.469016
v 1.182224 0.309738 7.450609
v 1.486724 0.282663 6.568923
v 1.486887 0.282655 6.569191
v 1.502733 0.288066 7.571032
v 1.415936 0.294025 7.552277
v 1.379120 0.296522 7.539202
v 1.448830 0.303568 6.436307
v 1.426831 0.305659 6.521261
v 0.947955 0.344123 7.275876
v 0.804033 0.353158 7.114738
v 0.781993 0.354497 7.083140
v 0.674598 0.360800 6.895501
v 0.659510 0.361626 6.860265
v 0.593349 0.364922 6.654337
v 0.585702 0.365214 6.616950
v 0.565205 0.365347 6.416499
v 1.373823 0.308708 6.418961
v 0.563874 0.346332 6.416623
v 1.372491 0.289692 6.419084
v 0.584370 0.346199 6.617074
v 1.390031 0.307803 6.454200
v 0.658178 0.342610 6.860389
v 0.592017 0.345907 6.654461
v 1.388699 0.288787 6.454324
v 1.404928 0.306988 6.489512
v 0.673266 0.341784 6.895625
v 1.403596 0.287972 6.489635
v 0.780661 0.335481 7.083264
v 0.802701 0.334142 7.114861
v 1.425499 0.286643 6.521384
v 0.946623 0.325107 7.276000
v 0.974817 0.323308 7.302621
v 1.453690 0.284840 6.548006
v 1.149002 0.311935 7.430225
v 1.447496 0.284549 6.436431
v 1.458941 0.283961 6.469140
v 1.476827 0.282876 6.495082
v 1.499406 0.281404 6.511812
v 1.524463 0.279685 6.517606
v 0.421895 0.225762 5.801801
v 0.428879 0.207620 3.090316
v 1.636431 0.123040 3.093992
v 1.654702 0.282820 0.768721
v 1.649962 0.295131 2.608657
v 0.447150 0.367399 0.765044
v 0.442411 0.379710 2.604980
v 0.445608 0.425348 2.604683
v 0.565163 0.370313 2.482620
v 0.569270 0.359644 0.888151
v 1.527839 0.302887 2.485551
v 1.653159 0.340769 2.608360
v 1.531947 0.292218 0.891082
v 1.657899 0.328458 0.768423
v 1.387111 0.347424 0.767599
v 1.947711 0.308159 0.769306
v 2.337693 0.280844 0.770493
v 3.155262 0.223579 0.772982
v 3.150522 0.235890 2.612919
v 3.149275 0.239130 3.097112
v 3.142291 0.257273 5.808597
v 3.140794 0.261161 6.389630
v 3.270484 0.259119 7.471539
v 3.463202 0.243452 7.138982
v 3.582726 0.232707 6.773529
v 3.012987 0.279015 7.756584
v 3.022445 0.273040 6.940721
v 2.880444 0.284584 7.185743
v 2.701970 0.302272 7.981724
v 2.690711 0.299243 7.395771
v 2.461539 0.316382 7.561684
v 2.351023 0.327872 8.137122
v 2.202948 0.335243 7.676189
v 1.975482 0.354697 8.215966
v 1.929772 0.354756 7.733499
v 1.639960 0.375055 7.732616
v 1.591762 0.381572 8.214798
v 1.367084 0.393790 7.673645
v 1.216632 0.407326 8.133669
v 1.109084 0.411110 7.557567
v 0.880772 0.426018 7.390261
v 0.866492 0.430833 7.976136
v 0.692121 0.437861 7.179080
v 0.556640 0.451064 7.749105
v 0.551385 0.446120 6.933198
v 0.464705 0.450434 6.663346
v 0.435880 0.450618 6.381395
v 0.300615 0.467135 7.462497
v 0.109613 0.478343 7.128772
v 0.452188 0.435850 2.598816
v 0.456897 0.423617 0.770508
v 1.648140 0.352083 2.602457
v 1.652850 0.339849 0.774149
v 0.468764 0.427258 0.782131
v 1.641538 0.345115 0.785702
v 0.464115 0.439336 2.587206
v 1.636888 0.357193 2.590776
v 1.629611 0.341629 0.797312
v 1.625021 0.353552 2.579153
v 0.480016 0.422148 0.793812
v 0.475427 0.434071 2.575653
v 1.618471 0.342971 2.573392
v 0.480472 0.422681 2.569927
v 1.623031 0.331127 0.803180
v 0.485032 0.410836 0.799715
v 0.491605 0.408796 2.558012
v 0.496103 0.397112 0.811872
v 1.605587 0.330770 2.561403
v 1.610085 0.319087 0.815264
v 0.510147 0.386468 0.826781
v 1.594600 0.310511 0.830082
v 0.505726 0.397954 2.543320
v 1.590179 0.321997 2.546621
v 1.577485 0.305906 0.846772
v 1.573149 0.317168 2.529906
v 0.526354 0.379531 0.843572
v 0.522018 0.390793 2.526706
v 1.555488 0.316560 2.512235
v 0.539530 0.387721 2.509142
v 1.559733 0.305534 0.864359
v 0.543774 0.376695 0.861266
v 0.549389 0.394172 2.499772
v 0.553586 0.383271 0.870600
v 1.546679 0.324319 2.502808
v 1.550876 0.313418 0.873637
v 0.565117 0.381004 0.882343
v 1.539070 0.312785 0.885308
v 0.560981 0.391748 2.488120
v 1.534934 0.323530 2.491085
v 1.534336 0.307478 0.889674
v 1.532906 0.305875 0.890993
v 1.528798 0.316544 2.485462
v 1.530223 0.318165 2.486766
v 0.569040 0.375091 0.886735
v 0.570226 0.373304 0.888062
v 0.564926 0.385777 2.483827
v 0.566118 0.383972 2.482531
v 1.651912 0.344008 3.092553
v 1.644928 0.362151 5.804038
v 1.643680 0.365391 6.288232
v 1.942971 0.320470 2.609242
v 1.944514 0.262521 0.769603
v 1.939774 0.274832 2.609539
v 1.954264 0.318737 0.775066
v 1.949554 0.330970 2.603374
v 3.150213 0.234971 0.778707
v 3.145503 0.247204 2.607016
v 1.961478 0.334457 2.591764
v 3.134252 0.252315 2.595335
v 1.966128 0.322380 0.786690
v 3.138901 0.240237 0.790260
v 3.122387 0.248671 2.583711
v 3.126977 0.236749 0.801871
v 1.972790 0.329193 2.580211
v 1.977379 0.317270 0.798371
v 3.120394 0.226249 0.807738
v 1.982398 0.305956 0.804274
v 3.115835 0.238093 2.577951
v 1.977839 0.317800 2.574486
v 1.993466 0.292234 0.816431
v 1.988968 0.303917 2.562571
v 3.107448 0.214208 0.819822
v 3.102950 0.225892 2.565962
v 2.003089 0.293075 2.547879
v 3.087542 0.217118 2.551180
v 2.007511 0.281590 0.831339
v 3.091963 0.205633 0.834641
v 3.070512 0.212290 2.534465
v 3.074848 0.201028 0.851331
v 2.019384 0.285913 2.531265
v 2.023720 0.274651 0.848131
v 3.057096 0.200656 0.868918
v 2.041138 0.271817 0.865825
v 3.052852 0.211682 2.516794
v 2.036893 0.282843 2.513701
v 2.050949 0.278393 0.875159
v 2.046753 0.289294 2.504330
v 3.048239 0.208540 0.878196
v 3.044043 0.219441 2.507367
v 2.058344 0.286870 2.492678
v 3.032300 0.218649 2.495644
v 2.062481 0.276125 0.886901
v 3.036437 0.207905 0.889867
v 3.027586 0.213286 2.491325
v 3.026161 0.211665 2.490021
v 3.030268 0.200997 0.895551
v 3.031700 0.202600 0.894233
v 2.062289 0.280899 2.488386
v 2.063482 0.279094 2.487089
v 2.066403 0.270212 0.891294
v 2.067589 0.268425 0.892621
v 3.029313 0.187338 0.895640
v 2.066633 0.254766 0.892709
v 3.025206 0.198007 2.490109
v 2.062526 0.265435 2.487179
v 3.147326 0.190253 2.613216
v 1.941724 0.323709 3.093436
v 2.304026 0.298334 3.094539
v 3.144226 0.250522 3.102838
v 1.948277 0.334287 3.099196
v 3.137272 0.268587 5.802675
v 1.934740 0.341853 5.804921
v 1.941323 0.352352 5.799035
v 1.960141 0.337930 3.110820
v 1.953246 0.355840 5.787451
v 3.132915 0.255787 3.114391
v 3.126020 0.273697 5.791021
v 1.964558 0.350575 5.775887
v 3.114156 0.270053 5.779387
v 1.971393 0.332821 3.122501
v 3.120991 0.252300 3.126001
v 3.107603 0.259476 5.773644
v 3.114408 0.241799 3.131868
v 1.969607 0.339183 5.770180
v 1.976412 0.321507 3.128404
v 3.101461 0.229759 3.143952
v 1.987479 0.307785 3.140561
v 3.094718 0.247274 5.761645
v 1.980737 0.325300 5.758254
v 2.001524 0.297141 3.155469
v 1.994857 0.314458 5.743569
v 3.085977 0.221184 3.158771
v 3.079310 0.238501 5.746871
v 2.011152 0.307295 5.726958
v 3.062281 0.233672 5.730159
v 2.017733 0.290201 3.172261
v 3.068861 0.216578 3.175462
v 3.044620 0.233064 5.712465
v 3.051110 0.216207 3.193048
v 2.028661 0.304225 5.709371
v 2.035151 0.287368 3.189955
v 3.042253 0.224091 3.202326
v 2.044963 0.293944 3.199289
v 3.035811 0.240823 5.703049
v 2.038521 0.310676 5.700013
v 2.056494 0.291676 3.211031
v 2.050113 0.308252 5.688354
v 3.030450 0.223456 3.213997
v 3.024069 0.240032 5.691319
v 2.054058 0.302281 5.684057
v 2.055250 0.300477 5.682776
v 3.017930 0.233048 5.685707
v 3.019354 0.234669 5.686996
v 2.060416 0.285763 3.215424
v 2.061602 0.283976 3.216750
v 3.025713 0.218151 3.218363
v 3.024282 0.216548 3.219681
v 3.016974 0.219389 5.685795
v 3.023326 0.202889 3.219770
v 2.054295 0.286817 5.682865
v 2.060647 0.270317 3.216839
v 1.938527 0.278072 3.093733
v 1.931543 0.296215 5.805218
v 1.933493 0.345092 6.289115
v 2.295794 0.319716 6.290218
v 3.141044 0.260513 6.292791
v 3.137847 0.214875 6.293088
v 3.137597 0.215523 6.389927
v 3.046613 0.233342 6.384770
v 3.135994 0.271904 6.298536
v 3.135761 0.272511 6.389236
v 1.940045 0.355670 6.294895
v 1.936358 0.365248 7.726278
v 2.201926 0.346281 7.670546
v 2.459403 0.327499 7.556533
v 2.687587 0.310436 7.391342
v 2.876503 0.295836 7.182225
v 3.017890 0.284342 6.938231
v 3.110513 0.265118 6.671402
v 3.105577 0.276454 6.670094
v 3.124480 0.277695 6.388562
v 3.094491 0.281613 6.667628
v 3.124683 0.277170 6.310062
v 1.951909 0.359313 6.306492
v 1.948289 0.368717 7.711950
v 2.198661 0.350834 7.659373
v 2.453910 0.332217 7.546383
v 2.680117 0.315300 7.382636
v 2.867401 0.300829 7.175268
v 3.007567 0.289435 6.933444
v 3.082796 0.278017 6.665181
v 2.996628 0.285768 6.928674
v 3.112589 0.274126 6.387946
v 3.112759 0.273682 6.321683
v 1.963161 0.354203 6.318184
v 1.959608 0.363434 7.697678
v 2.194780 0.346636 7.648297
v 2.447803 0.328178 7.536252
v 2.672037 0.311413 7.373947
v 2.857686 0.297066 7.168405
v 2.990538 0.275184 6.926364
v 2.852207 0.286428 7.165030
v 3.076328 0.267463 6.664015
v 3.106021 0.263584 6.387693
v 3.106176 0.263182 6.327532
v 1.968180 0.342889 6.324068
v 1.964660 0.352032 7.690561
v 2.192228 0.335780 7.642797
v 2.444132 0.317402 7.531282
v 2.667380 0.300708 7.369660
v 2.841548 0.274102 7.157994
v 2.658414 0.288252 7.360723
v 2.978613 0.262959 6.921460
v 3.063617 0.255312 6.661548
v 3.093107 0.251459 6.387132
v 3.093230 0.251142 6.339628
v 1.979248 0.329167 6.336236
v 1.975797 0.338130 7.675813
v 2.187617 0.322998 7.631355
v 2.437216 0.304792 7.520864
v 2.647829 0.279168 7.349699
v 2.429147 0.295520 7.508018
v 2.828880 0.265179 7.149251
v 2.964387 0.254163 6.915458
v 3.048420 0.246601 6.658479
v 3.077663 0.242780 6.386349
v 3.077745 0.242566 6.354438
v 1.993293 0.318523 6.351137
v 1.989927 0.327265 7.657660
v 2.182385 0.313520 7.617260
v 2.420393 0.290123 7.493467
v 2.176837 0.307889 7.601308
v 2.636240 0.273982 7.337237
v 2.814941 0.260175 7.139374
v 2.948687 0.249301 6.908624
v 3.031633 0.241840 6.654959
v 3.060593 0.238057 6.385460
v 3.060630 0.237961 6.371125
v 2.009501 0.311584 6.367925
v 2.006232 0.320076 7.637122
v 2.171296 0.306439 7.584451
v 2.023752 0.316979 7.615417
v 2.411471 0.288918 7.478125
v 2.624322 0.273003 7.324021
v 2.800541 0.259386 7.128933
v 2.932432 0.248664 6.901343
v 3.014226 0.241304 6.651258
v 3.046917 0.237672 6.384741
v 3.042889 0.237561 6.384503
v 3.042435 0.237621 6.388734
v 2.026919 0.308750 6.385642
v 3.042878 0.237589 6.388735
v 2.033617 0.323415 7.603848
v 2.036731 0.315326 6.394965
v 2.168921 0.313751 7.575436
v 2.407303 0.296363 7.469905
v 2.618565 0.280565 7.316978
v 2.793468 0.267051 7.123335
v 2.924369 0.256408 6.897458
v 3.005553 0.249105 6.649201
v 3.032551 0.245578 6.397996
v 2.048263 0.313059 6.406714
v 3.019451 0.245031 6.409671
v 2.053371 0.305358 6.412422
v 3.012661 0.238169 6.415342
v 2.052185 0.307146 6.411110
v 2.052415 0.291699 6.412510
v 3.011704 0.224508 6.415431
v 3.015095 0.224271 6.415441
v 3.016050 0.237930 6.415352
v 2.050357 0.313188 7.582530
v 2.049401 0.299529 7.582619
v 2.162965 0.305145 7.558893
v 2.162009 0.291486 7.558982
v 2.398019 0.288000 7.454838
v 2.397062 0.274338 7.454927
v 2.606329 0.272424 7.304037
v 2.605371 0.258761 7.304126
v 2.778792 0.259098 7.113095
v 2.777835 0.245436 7.113184
v 2.907867 0.248604 6.890376
v 2.906912 0.234945 6.890464
v 2.987918 0.241402 6.645585
v 2.986960 0.227740 6.645674
v 3.016133 0.237714 6.383021
v 3.015178 0.224055 6.383110
v 3.107314 0.219477 6.671699
v 3.019248 0.227402 6.941018
v 2.877247 0.238946 7.186040
v 2.687515 0.253606 7.396068
v 2.458342 0.270745 7.561982
v 2.199751 0.289605 7.676486
v 1.926575 0.309119 7.733796
v 2.675230 0.078275 7.397210
v 2.864963 0.063616 7.187181
v 2.446058 0.095414 7.563123
v 2.187466 0.114275 7.677628
v 1.914290 0.133788 7.734937
v 0.461509 0.404796 6.663644
v 0.548186 0.400479 6.933496
v 0.432683 0.404980 6.381692
v 0.581995 0.396190 6.638352
v 0.525285 0.409942 6.377094
v 0.555135 0.396362 6.375621
v 0.558438 0.396340 6.407962
v 0.660784 0.392268 6.883626
v 0.788709 0.384759 7.107128
v 0.960186 0.373996 7.299117
v 1.167715 0.360445 7.451185
v 1.402230 0.344702 7.556669
v 1.514714 0.336981 7.580992
v 1.517728 0.329152 6.410883
v 0.555052 0.396578 6.407952
v 0.436129 0.449970 6.284556
v 1.345209 0.386298 6.287323
v 0.442445 0.461157 6.381036
v 0.442679 0.460551 6.290336
v 0.471181 0.460974 6.662073
v 0.557483 0.456674 6.930741
v 0.697616 0.448450 7.175591
v 0.885450 0.436661 7.385856
v 1.112780 0.421819 7.552433
v 1.369665 0.404572 7.668012
v 1.634945 0.386360 7.725360
v 1.638631 0.376783 6.293977
v 0.454546 0.464191 6.301932
v 1.627320 0.382048 6.305503
v 0.454344 0.464717 6.380432
v 0.482892 0.464536 6.659677
v 0.568449 0.460273 6.926018
v 0.707367 0.452121 7.168692
v 0.893576 0.440435 7.377197
v 1.118937 0.425718 7.542318
v 1.373603 0.408622 7.656862
v 1.623700 0.391452 7.710961
v 1.615393 0.378562 6.317125
v 1.611840 0.387793 7.696619
v 0.465798 0.459082 6.313624
v 0.465627 0.459525 6.379887
v 0.493989 0.459342 6.657299
v 0.578799 0.455120 6.921313
v 0.716506 0.447039 7.161886
v 0.901089 0.435452 7.368556
v 1.124484 0.420868 7.532224
v 1.376925 0.403920 7.645807
v 1.605293 0.377203 7.689467
v 1.377973 0.392810 7.640317
v 1.608813 0.368060 6.322974
v 0.470814 0.447770 6.319509
v 0.470659 0.448172 6.379670
v 0.498931 0.447990 6.656168
v 0.583365 0.443785 6.919036
v 0.720465 0.435741 7.158540
v 0.904238 0.424205 7.364293
v 1.126646 0.409685 7.527272
v 1.380826 0.379508 7.628899
v 1.131800 0.396225 7.516890
v 1.592416 0.364983 7.674645
v 1.595867 0.356020 6.335069
v 0.481885 0.434045 6.331677
v 0.481762 0.434363 6.379181
v 0.509839 0.434184 6.653772
v 0.593502 0.430018 6.914198
v 0.729344 0.422043 7.151564
v 0.911428 0.410616 7.355405
v 1.138576 0.385915 7.504089
v 0.920711 0.400141 7.344441
v 1.384771 0.369386 7.614832
v 1.577017 0.356186 7.656402
v 1.580382 0.347445 6.349879
v 0.495929 0.423401 6.346578
v 0.495847 0.423615 6.378489
v 0.523690 0.423440 6.650793
v 0.606398 0.419320 6.908279
v 0.740698 0.411438 7.142894
v 0.931542 0.393384 7.332047
v 0.753863 0.404540 7.133100
v 1.146578 0.379345 7.489589
v 1.389575 0.363031 7.598911
v 1.559998 0.351331 7.635764
v 1.563267 0.342839 6.366567
v 0.512135 0.416464 6.363366
v 0.512098 0.416560 6.377701
v 0.539673 0.416383 6.647372
v 0.621309 0.412317 6.901539
v 0.768074 0.401744 7.122745
v 0.637360 0.409417 6.894356
v 0.943287 0.390748 7.318903
v 1.155339 0.376900 7.474301
v 1.394964 0.360815 7.582088
v 1.542347 0.350696 7.613952
v 1.545515 0.342467 6.384176
v 0.525591 0.414274 6.377065
v 0.529556 0.413629 6.381083
v 0.529999 0.413597 6.381084
v 0.555472 0.411814 6.381162
v 0.556856 0.413427 6.643777
v 0.529567 0.413600 6.376851
v 0.646445 0.415958 6.890523
v 0.566543 0.419939 6.641776
v 0.776182 0.408346 7.117194
v 0.950089 0.397429 7.311898
v 1.160556 0.383688 7.466110
v 1.398389 0.367718 7.573090
v 1.533544 0.358440 7.602325
v 1.536658 0.350352 6.393442
v 0.552263 0.417749 6.388473
v 0.540844 0.420101 6.390410
v 0.539368 0.420205 6.390406
v 0.540844 0.420101 6.390410
v 0.577920 0.417586 6.639380
v 0.553665 0.417741 6.402164
v 0.582952 0.409853 6.638263
v 0.559395 0.410002 6.407873
v 0.581786 0.411644 6.638553
v 0.556091 0.410021 6.375532
v 0.661739 0.405927 6.883537
v 0.789667 0.398421 7.107039
v 0.961143 0.387658 7.299028
v 1.168673 0.374107 7.451096
v 1.403185 0.358361 7.556580
v 1.515673 0.350637 7.580903
v 1.518687 0.342808 6.410794
v 0.556008 0.410237 6.407863
v 0.688922 0.392220 7.179377
v 0.877573 0.380377 7.390558
v 1.105887 0.365472 7.557864
v 1.363885 0.348149 7.673942
v 1.636763 0.329417 7.732913
v 1.640484 0.319753 6.288529
v 0.432932 0.404332 6.284853
v 0.437376 0.446731 5.800362
v 0.444361 0.428588 3.088877
v 1.353441 0.364915 3.091645
v 0.441164 0.382950 3.089174
v 1.648715 0.298370 3.092850
v 0.450911 0.439168 3.094638
v 1.646863 0.355400 3.098279
v 0.443956 0.457233 5.794475
v 1.639909 0.373465 5.798117
v 1.635551 0.360666 3.109832
v 1.628657 0.378575 5.786462
v 0.462778 0.442809 3.106261
v 0.455883 0.460719 5.782891
v 1.616790 0.374934 5.774828
v 0.467195 0.455453 5.771327
v 1.623624 0.357180 3.121442
v 0.474030 0.437699 3.117942
v 0.472241 0.444063 5.765621
v 0.479046 0.426387 3.123845
v 1.610240 0.364354 5.769086
v 1.617045 0.346678 3.127310
v 0.490116 0.412663 3.136002
v 1.604098 0.334637 3.139394
v 0.483374 0.430178 5.753694
v 1.597355 0.352153 5.757086
v 1.588614 0.326062 3.154212
v 1.581947 0.343379 5.742311
v 0.504161 0.402019 3.150911
v 0.497494 0.419336 5.739010
v 1.564918 0.338550 5.725600
v 0.513786 0.412176 5.722400
v 1.571498 0.321456 3.170903
v 0.520367 0.395082 3.167703
v 0.531298 0.409104 5.704813
v 0.537788 0.392246 3.185396
v 1.547257 0.337942 5.707906
v 1.553747 0.321085 3.188489
v 0.547599 0.398822 3.194731
v 1.544889 0.328969 3.197767
v 0.541158 0.415555 5.695454
v 1.538448 0.345702 5.698491
v 1.533084 0.328336 3.209438
v 1.526703 0.344912 5.686760
v 0.559131 0.396554 3.206473
v 0.552750 0.413130 5.683795
v 1.521991 0.339547 5.682437
v 1.520566 0.337926 5.681148
v 0.557887 0.405355 5.678217
v 0.556694 0.407159 5.679499
v 1.528350 0.323029 3.213804
v 1.526919 0.321426 3.215122
v 0.563053 0.390641 3.210865
v 0.564239 0.388855 3.212192
v 0.556931 0.391696 5.678307
v 0.563284 0.375196 3.212281
v 1.519608 0.324270 5.681237
v 1.525960 0.307769 3.215211
v 1.641731 0.316513 5.804335
v 0.434179 0.401093 5.800659
v 1.629446 0.141183 5.805477
v 0.436966 0.198578 3.099125
v 0.430026 0.216604 5.793152
v 1.627105 0.115214 3.102748
v 1.620166 0.133240 5.796775
v 0.441601 0.212600 5.781427
v 1.608219 0.130889 5.784979
v 0.448480 0.194732 3.110969
v 1.615097 0.113021 3.114521
v 1.597300 0.134534 5.773755
v 1.604121 0.116816 3.125650
v 0.452990 0.214685 5.770271
v 0.459811 0.196967 3.122166
v 1.595391 0.126184 3.134902
v 1.588355 0.133728 3.142352
v 0.477677 0.211524 3.138971
v 0.469705 0.205028 3.131475
v 1.588618 0.143777 5.764330
v 1.581621 0.151220 5.756713
v 0.462932 0.222621 5.760903
v 0.470943 0.229017 5.753332
v 0.485845 0.211003 3.147204
v 1.580148 0.134356 3.150536
v 1.573456 0.151739 5.748490
v 0.479153 0.228386 5.745159
v 0.490720 0.213868 3.151880
v 0.484052 0.231188 5.740464
v 1.575687 0.137877 3.155183
v 1.569020 0.155197 5.743767
v 0.490645 0.244745 5.734785
v 1.564418 0.169537 5.738054
v 0.497284 0.227500 3.157414
v 1.571057 0.152292 3.160683
v 1.553320 0.181348 5.726012
v 1.559898 0.164263 3.172508
v 0.503356 0.254890 5.722816
v 0.509933 0.237804 3.169311
v 1.546615 0.165991 3.185795
v 0.523245 0.237674 3.182680
v 1.540106 0.182899 5.712661
v 0.516736 0.254581 5.709546
v 0.535255 0.243518 3.194277
v 0.528806 0.260270 5.697910
v 1.535468 0.173463 3.197322
v 1.529019 0.190215 5.700954
v 0.537012 0.270766 5.690426
v 1.522400 0.201745 5.693426
v 0.543423 0.254113 3.201655
v 1.528811 0.185093 3.204655
v 1.521647 0.215063 5.691657
v 1.528049 0.198433 3.206253
v 0.539623 0.283847 5.688667
v 0.546025 0.267217 3.203263
v 1.533527 0.276599 3.205744
v 1.457462 0.281925 3.205513
v 0.627570 0.340054 3.202986
v 0.551502 0.345383 3.202754
v 1.527125 0.293229 5.691148
v 1.527321 0.292718 5.614897
v 1.533330 0.277109 3.281995
v 0.545100 0.362013 5.688159
v 0.621168 0.356684 5.688390
v 1.451060 0.298555 5.690917
v 0.551306 0.345893 3.279005
v 0.545297 0.361503 5.611907
v 1.128676 0.235119 4.543066
v 0.938511 0.248438 4.542486
v 1.129167 0.233843 4.352438
v 0.939002 0.247162 4.351859
v 1.927490 0.099502 2.610681
v 1.935624 0.090342 2.602036
v 1.940319 0.078147 0.779553
v 3.125761 0.006979 2.605659
v 3.130455 -0.005215 0.783177
v 1.951830 0.074303 0.791398
v 3.118447 -0.007408 0.794949
v 1.947196 0.086339 2.590303
v 3.113814 0.004628 2.593855
v 3.107471 -0.003613 0.806078
v 3.102895 0.008274 2.582620
v 1.963161 0.076538 0.802595
v 1.958584 0.088425 2.579136
v 3.094213 0.017516 2.573198
v 3.087219 0.024958 2.565612
v 1.976537 0.102757 2.562230
v 1.968526 0.096361 2.569771
v 3.098741 0.005754 0.815331
v 3.091708 0.013296 0.822781
v 1.973054 0.084599 0.811904
v 1.981027 0.091095 0.819399
v 1.984748 0.102126 2.554047
v 3.079051 0.025479 2.557379
v 3.083498 0.013927 0.830965
v 1.989195 0.090574 0.827633
v 1.989650 0.104925 2.549358
v 1.994073 0.093436 0.832308
v 3.074618 0.028934 2.552662
v 3.079041 0.017445 0.835611
v 2.000634 0.107071 0.837843
v 3.074406 0.031862 0.841112
v 1.996240 0.118485 2.543676
v 3.070012 0.043277 2.546945
v 3.063247 0.043833 0.852937
v 3.058915 0.055088 2.534904
v 2.013283 0.117375 0.849740
v 2.008950 0.128629 2.531707
v 3.045701 0.056638 2.521526
v 2.022334 0.128318 2.518410
v 3.049964 0.045562 0.866224
v 2.026597 0.117242 0.863108
v 2.034401 0.134009 2.506798
v 2.038605 0.123089 0.874706
v 3.034614 0.063955 2.509843
v 3.038818 0.053035 0.877751
v 2.046773 0.133684 0.882084
v 3.032160 0.064664 0.885084
v 2.042607 0.144506 2.499321
v 3.027995 0.075485 2.502321
v 3.031399 0.078004 0.886682
v 3.027242 0.088802 2.500541
v 2.049375 0.146788 0.883692
v 2.045218 0.157586 2.497551
v 3.032719 0.166968 2.500032
v 2.050695 0.235752 2.497042
v 3.036876 0.156169 0.886173
v 2.054852 0.224954 0.883183
v 2.088983 0.232430 2.399012
v 2.137143 0.229449 2.459180
v 2.525054 0.202276 2.460361
v 2.628154 0.195055 2.460675
v 2.994785 0.169376 2.461791
v 2.995820 0.166689 2.060112
v 2.996111 0.165933 1.947154
v 2.997205 0.163089 1.522158
v 2.997497 0.162333 1.409199
v 2.998591 0.159490 0.984203
v 2.950428 0.162472 0.924035
v 2.562520 0.189643 0.922854
v 2.459417 0.196866 0.922540
v 2.092789 0.222543 0.921424
v 2.090078 0.229586 1.974015
v 2.087651 0.213414 2.399135
v 2.088746 0.210570 1.974139
v 2.996164 0.143317 1.409323
v 2.135811 0.210433 2.459303
v 2.995873 0.144073 1.522282
v 2.523722 0.183260 2.460485
v 2.994779 0.146917 1.947278
v 2.626822 0.176040 2.460799
v 2.994488 0.147673 2.060236
v 2.993453 0.150360 2.461915
v 2.997259 0.140474 0.984327
v 2.090369 0.228830 1.861057
v 2.949096 0.143456 0.924159
v 2.089037 0.209815 1.861181
v 2.561188 0.170627 0.922978
v 2.091464 0.225986 1.436061
v 2.090132 0.206971 1.436185
v 2.091754 0.225231 1.323103
v 2.458086 0.177850 0.922664
v 2.090423 0.206215 1.323227
v 2.091457 0.203527 0.921548
v 3.152065 0.177941 0.773279
v 1.926243 0.102741 3.094874
v 3.124469 0.010335 3.107307
v 1.934332 0.093698 3.103683
v 3.117529 0.028362 5.801334
v 1.919258 0.120884 5.806359
v 1.927393 0.111724 5.797711
v 1.945843 0.089854 3.115527
v 1.938965 0.107722 5.785986
v 3.112461 0.008143 3.119079
v 3.105582 0.026011 5.789537
v 1.950353 0.109807 5.774830
v 3.094663 0.029656 5.778314
v 1.957174 0.092089 3.126724
v 3.101485 0.011938 3.130209
v 3.085981 0.038899 5.768888
v 3.078987 0.046340 5.761271
v 3.085721 0.028847 3.146911
v 3.092754 0.021305 3.139461
v 1.960294 0.117743 5.765461
v 1.968306 0.124139 5.757890
v 1.967067 0.100150 3.136034
v 1.975040 0.106646 3.143529
v 1.983208 0.106125 3.151763
v 1.976516 0.123508 5.749717
v 3.070819 0.046861 5.753049
v 1.981419 0.126308 5.745022
v 3.066386 0.050316 5.748325
v 1.988086 0.108987 3.156438
v 3.077511 0.029478 3.155095
v 3.073054 0.032996 3.159742
v 3.061781 0.064659 5.742613
v 3.068419 0.047414 3.165241
v 1.988009 0.139867 5.739344
v 1.994648 0.122622 3.161972
v 3.057261 0.059384 3.177067
v 2.007296 0.132926 3.173870
v 3.050683 0.076470 5.730571
v 2.000719 0.150012 5.727374
v 2.020611 0.132793 3.187238
v 2.014102 0.149701 5.714105
v 3.043978 0.061113 3.190354
v 3.037469 0.078020 5.717220
v 2.026169 0.155391 5.702468
v 3.026382 0.085337 5.705513
v 2.032618 0.138639 3.198836
v 3.032831 0.068585 3.201881
v 3.019763 0.096867 5.697985
v 3.026174 0.080215 3.209213
v 2.034375 0.165888 5.694985
v 2.040786 0.149235 3.206213
v 2.043388 0.162339 3.207822
v 3.025412 0.093555 3.210812
v 2.036986 0.178969 5.693226
v 2.048865 0.240505 3.207313
v 2.048669 0.241014 3.283563
v 2.042660 0.256624 5.616466
v 2.042463 0.257134 5.692717
v 3.030890 0.171721 3.210303
v 2.954825 0.177047 3.210071
v 2.124933 0.235176 3.207544
v 3.019011 0.110184 5.696216
v 3.024487 0.188350 5.695707
v 3.024684 0.187840 5.619456
v 3.030693 0.172230 3.286554
v 2.118531 0.251805 5.692949
v 2.948423 0.193677 5.695475
v 2.435874 0.143560 4.547045
v 2.436365 0.142284 4.356417
v 2.626530 0.128965 4.356996
v 2.626039 0.130240 4.547624
v 3.139094 0.211635 5.808894
v 3.146078 0.193492 3.097409
v 1.918011 0.124124 6.290553
v 3.125562 0.039544 6.294230
v 3.095032 0.044151 6.672841
v 3.006964 0.052072 6.942160
v 2.857366 0.055581 7.182106
v 2.668850 0.070148 7.390805
v 2.998457 0.044110 6.938645
v 3.085959 0.036240 6.671077
v 3.116095 0.032299 6.390640
v 3.116321 0.031712 6.302913
v 1.926017 0.115086 6.299289
v 1.922346 0.124621 7.724344
v 2.184212 0.105916 7.669401
v 2.441148 0.087173 7.555616
v 2.660819 0.067540 7.382071
v 2.435100 0.084414 7.545476
v 2.847690 0.053097 7.175197
v 2.987554 0.041730 6.933867
v 3.074292 0.033926 6.668623
v 3.104231 0.030012 6.390015
v 3.104425 0.029507 6.314564
v 1.937418 0.111246 6.311011
v 1.933814 0.120607 7.709988
v 2.180403 0.102994 7.658239
v 2.429774 0.087680 7.535795
v 2.177203 0.106103 7.647611
v 2.653612 0.070944 7.373755
v 2.838925 0.056623 7.168593
v 2.977623 0.045349 6.929280
v 3.063635 0.037609 6.666245
v 3.093391 0.033721 6.389390
v 3.093555 0.033295 6.325606
v 1.948643 0.113487 6.322121
v 1.945103 0.122682 7.696316
v 2.174968 0.114898 7.638701
v 2.173167 0.121984 7.631519
v 1.962907 0.137000 7.675677
v 1.954964 0.130612 7.684888
v 2.425766 0.096603 7.527680
v 2.422535 0.103792 7.521104
v 2.648028 0.079984 7.366780
v 2.643531 0.087268 7.361152
v 2.832043 0.065765 7.163062
v 2.826498 0.073131 7.158575
v 2.969765 0.054569 6.925423
v 2.963434 0.061998 6.922307
v 3.055176 0.046884 6.664217
v 3.048357 0.054356 6.662624
v 3.084771 0.043020 6.388810
v 3.077830 0.050507 6.388361
v 3.084910 0.042659 6.334748
v 3.077950 0.050197 6.342114
v 1.958450 0.121556 6.331318
v 1.966351 0.128054 6.338730
v 1.974443 0.127543 6.346914
v 3.069818 0.050821 6.350249
v 1.979274 0.130409 6.351521
v 3.065403 0.054333 6.354827
v 1.971046 0.136366 7.665637
v 1.975904 0.139164 7.659912
v 2.170664 0.122106 7.623734
v 2.169460 0.125339 7.619286
v 2.418474 0.104032 7.514038
v 2.416384 0.107326 7.509969
v 2.638090 0.087607 7.355036
v 2.635210 0.090963 7.351536
v 2.819913 0.073558 7.153751
v 2.816379 0.076963 7.150975
v 2.955993 0.062495 6.918930
v 2.951970 0.065940 6.917028
v 3.040388 0.054905 6.660884
v 3.036062 0.058375 6.659896
v 3.069721 0.051073 6.387917
v 3.065319 0.054553 6.387615
v 3.060825 0.068745 6.360285
v 3.060756 0.068925 6.387240
v 1.985786 0.144045 6.357012
v 1.982447 0.152717 7.652974
v 2.168730 0.139410 7.613891
v 2.414586 0.121475 7.505028
v 2.632470 0.105181 7.347316
v 2.812857 0.091244 7.147590
v 2.947866 0.080269 6.914634
v 3.031594 0.072735 6.658607
v 3.049740 0.080806 6.386484
v 3.020777 0.084591 6.656022
v 3.049778 0.080709 6.371996
v 1.998317 0.154358 6.368795
v 1.995047 0.162853 7.638336
v 2.165872 0.150651 7.602484
v 2.409459 0.132881 7.494644
v 2.625333 0.116741 7.338376
v 2.804060 0.102931 7.140512
v 2.937822 0.092053 6.909687
v 3.007878 0.086188 6.653233
v 2.925784 0.093576 6.904270
v 3.036622 0.082433 6.385754
v 3.036623 0.082429 6.385143
v 2.011508 0.154231 6.382022
v 2.008313 0.162528 7.622092
v 2.161861 0.151560 7.589848
v 2.402916 0.133977 7.483105
v 2.616546 0.118003 7.328469
v 2.793413 0.104336 7.132659
v 2.915725 0.100859 6.899467
v 2.784563 0.111523 7.125802
v 2.997069 0.093543 6.650753
v 3.036068 0.082806 6.385750
v 3.025615 0.089815 6.385103
v 3.024382 0.089976 6.396576
v 3.019050 0.101388 6.384590
v 3.016984 0.101659 6.403837
v 3.018310 0.114715 6.384422
v 3.016056 0.115010 6.405423
v 2.034091 0.183787 6.402433
v 2.031502 0.170683 6.400836
v 2.038236 0.242937 6.402048
v 2.119382 0.237254 6.402295
v 2.120714 0.256270 6.402172
v 3.021531 0.193173 6.404914
v 2.031015 0.191777 7.596600
v 2.036492 0.269943 7.596091
v 2.039266 0.262736 6.519045
v 2.037934 0.243720 6.519169
v 2.157710 0.182728 7.569993
v 2.163188 0.260894 7.569484
v 2.394830 0.165431 7.465030
v 2.400308 0.243597 7.464521
v 2.604973 0.149720 7.312899
v 2.610448 0.227883 7.312390
v 2.778949 0.136276 7.120284
v 2.784426 0.214441 7.119775
v 2.909159 0.125691 6.895585
v 2.914637 0.203857 6.895076
v 2.989912 0.118423 6.648663
v 2.995389 0.196589 6.648154
v 2.990626 0.105103 6.649135
v 2.023406 0.160085 6.393528
v 3.025585 0.089891 6.396579
v 3.019000 0.101517 6.403843
v 2.020278 0.168211 7.607863
v 2.158789 0.158316 7.578814
v 2.397640 0.140892 7.473056
v 2.609313 0.125066 7.319825
v 2.779375 0.122977 7.121366
v 2.605164 0.136439 7.314248
v 2.909765 0.112376 6.896362
v 2.394740 0.152171 7.466568
v 2.157300 0.169491 7.571681
v 2.028417 0.178698 7.598740
v 3.018255 0.114855 6.405429
v 3.000363 0.194781 6.423913
v 2.978834 0.197596 6.624236
v 2.970995 0.198387 6.661575
v 2.903772 0.204434 6.867097
v 2.888505 0.205734 6.902241
v 2.780145 0.214543 7.089224
v 2.757941 0.216301 7.120686
v 2.613190 0.227486 7.280946
v 2.584862 0.229644 7.307395
v 2.138209 0.255833 6.523427
v 2.109881 0.257990 6.549876
v 2.116650 0.256790 6.438340
v 2.105040 0.257818 6.470979
v 2.115318 0.237774 6.438464
v 2.103707 0.238801 6.471103
v 2.191745 0.251421 6.421451
v 2.190411 0.232402 6.421575
v 2.999031 0.175765 6.424036
v 2.977502 0.178580 6.624360
v 2.175356 0.252796 6.456591
v 2.160276 0.254080 6.491811
v 2.778811 0.195524 7.089347
v 2.158944 0.235065 6.491935
v 2.887173 0.186718 6.902365
v 2.902441 0.185418 6.867221
v 2.174024 0.233780 6.456715
v 2.969661 0.179369 6.661699
v 2.136878 0.236817 6.523551
v 2.756608 0.197285 7.120810
v 2.611858 0.208471 7.281069
v 2.063023 0.241929 6.513527
v 2.085688 0.240233 6.496935
v 2.064355 0.260945 6.513404
v 2.055569 0.268453 7.572587
v 2.142464 0.262249 7.554361
v 2.179347 0.259580 7.541510
v 2.376696 0.245187 7.454117
v 2.410022 0.242718 7.433936
v 2.087020 0.259249 6.496812
v 2.076740 0.260447 6.570591
v 2.076578 0.260461 6.570858
v 2.054237 0.249438 7.572711
v 2.075245 0.241445 6.570982
v 2.141130 0.243231 7.554485
v 2.178015 0.240564 7.541634
v 2.375361 0.226167 7.454241
v 2.075408 0.241431 6.570715
v 2.408690 0.223702 7.434060
v 2.108549 0.238975 6.550000
v 2.583530 0.210628 7.307519
v 1.930296 0.299454 6.289412
v 1.524852 0.349719 6.405121
v 1.520118 0.344412 6.409491
v 0.540731 0.419936 6.391821
v 0.550900 0.417937 6.402156
v 0.554822 0.412024 6.406552
v 1.521806 0.357632 7.587849
v 1.517097 0.352261 7.582535
v 1.402898 0.360102 7.557826
v 1.401935 0.365863 7.561940
v 1.168133 0.375862 7.452227
v 1.166340 0.381676 7.455957
v 0.960378 0.389425 7.299968
v 0.957851 0.395290 7.303202
v 0.788719 0.400200 7.107787
v 0.785586 0.406103 7.110332
v 0.660657 0.407717 6.884056
v 0.657070 0.413646 6.885800
v 2.993975 0.248359 6.646736
v 2.989323 0.243017 6.645883
v 2.913558 0.255597 6.892670
v 2.909188 0.250226 6.890902
v 2.779974 0.260728 7.113849
v 2.783885 0.266137 7.116416
v 2.607327 0.274069 7.304982
v 2.610627 0.279526 7.308233
v 2.398793 0.289664 7.455974
v 2.401357 0.295173 7.459717
v 2.163488 0.306827 7.560141
v 2.165218 0.312400 7.564264
v 2.049163 0.314994 7.584155
v 2.045216 0.320972 7.589443
v 3.022219 0.244838 6.409679
v 3.017482 0.239534 6.414050
v 3.621501 -0.071939 0.266244
v 3.622914 -0.053049 0.236977
v 3.622218 -0.064946 0.191696
v 3.622651 -0.066070 0.023709
v -0.042565 0.394614 4.064904
v -0.040814 0.390067 3.385272
v -0.047667 0.321802 4.065378
v -0.047461 0.321266 3.985200
v -0.043272 0.380447 3.971242
v -0.042948 0.379607 3.845581
v -0.043117 0.367053 3.611531
v -0.042497 0.375483 3.602970
v -0.042252 0.378512 3.591329
v -0.042102 0.378123 3.533225
v -0.041952 0.377734 3.475122
v -0.042138 0.374550 3.463522
v -0.042714 0.366006 3.455068
v -0.043517 0.354395 3.452032
v -0.044337 0.342823 3.455219
v -0.044952 0.334394 3.463783
v -0.045917 0.317255 3.385746
v -0.045202 0.331364 3.475425
v -0.047068 0.320243 3.832393
v -0.046154 0.333873 3.845878
v -0.046478 0.334714 3.971540
v -0.038687 0.334167 3.971564
v -0.035482 0.379900 3.971266
v -0.038364 0.333327 3.845902
v -0.035158 0.379060 3.845604
v -0.043936 0.355484 3.614721
v -0.019930 0.365428 3.611602
v -0.020748 0.353858 3.614792
v -0.019313 0.373860 3.603040
v -0.019064 0.376886 3.591399
v -0.042437 0.375328 3.579729
v -0.019253 0.373704 3.579799
v -0.042347 0.375094 3.544867
v -0.018915 0.376498 3.533296
v -0.019163 0.373471 3.544937
v -0.042287 0.374939 3.521625
v -0.019103 0.373316 3.521696
v -0.042197 0.374706 3.486763
v -0.018765 0.376109 3.475193
v -0.019014 0.373082 3.486834
v -0.018954 0.372927 3.463593
v -0.019527 0.364381 3.455138
v -0.020329 0.352770 3.452103
v -0.021150 0.341197 3.455289
v -0.021768 0.332771 3.463854
v -0.022015 0.329739 3.475495
v -0.045012 0.334549 3.487025
v -0.021828 0.332926 3.487095
v -0.045351 0.331753 3.533527
v -0.045501 0.332142 3.591631
v -0.045311 0.335327 3.603231
v -0.044741 0.343870 3.611682
v -0.021553 0.342244 3.611752
v -0.019826 0.365159 3.571345
v -0.020629 0.353548 3.568309
v -0.021449 0.341975 3.571496
v -0.022067 0.333548 3.580060
v -0.022314 0.330516 3.591702
v -0.022127 0.333704 3.603302
v -0.043013 0.366784 3.571274
v -0.043816 0.355173 3.568238
v -0.043786 0.355095 3.556618
v -0.042967 0.366664 3.553427
v -0.019780 0.365039 3.553498
v -0.019676 0.364770 3.513242
v -0.020479 0.353159 3.510206
v -0.021300 0.341586 3.513392
v -0.021917 0.333159 3.521957
v -0.022164 0.330127 3.533598
v -0.021977 0.333315 3.545198
v -0.021403 0.341855 3.553649
v -0.020599 0.353470 3.556688
v -0.042863 0.366395 3.513171
v -0.043666 0.354784 3.510135
v -0.043636 0.354706 3.498514
v -0.042818 0.366276 3.495324
v -0.019630 0.364650 3.495395
v -0.021254 0.341466 3.495546
v -0.020449 0.353081 3.498585
v -0.044441 0.343092 3.495475
v -0.045102 0.334783 3.521887
v -0.045162 0.334938 3.545128
v -0.045251 0.335172 3.579990
v -0.044637 0.343600 3.571425
v -0.044591 0.343481 3.553578
v -0.044487 0.343211 3.513322
v 0.158569 0.116367 3.673542
v 0.159735 0.102869 3.616105
v 0.154176 0.097822 3.762214
v 0.156223 0.105904 3.719862
v 0.162571 0.118262 3.561277
v 0.161216 0.129210 3.623253
v 0.201393 0.113369 3.673673
v 0.200866 0.126436 3.623374
v 0.201979 0.102698 3.720002
v 0.202622 0.094429 3.762361
v 0.152431 0.092121 3.800615
v 0.203323 0.088558 3.800770
v 0.157185 0.089843 3.667074
v 0.198706 0.100138 3.616223
v 0.199104 0.086907 3.667202
v 0.198376 0.115754 3.561386
v 0.198112 0.133758 3.502667
v 0.165696 0.136027 3.502568
v 0.200397 0.141900 3.569109
v 0.198014 0.143953 3.471342
v 0.167404 0.146097 3.471248
v 0.164169 0.144436 3.568999
v 0.167420 0.162045 3.510779
v 0.199984 0.159764 3.510878
v 0.168208 0.156218 3.439956
v 0.169085 0.167312 3.407327
v 0.169285 0.169766 3.398721
v 0.169195 0.172039 3.479685
v 0.199805 0.169895 3.479778
v 0.199894 0.167622 3.398814
v 0.199695 0.165168 3.407421
v 0.198818 0.154073 3.440050
v 0.200060 0.169649 3.390661
v 0.169450 0.171794 3.390568
v 0.198027 0.138924 3.351037
v 0.197981 0.138178 3.349368
v 0.197956 0.137754 3.347625
v 0.197956 0.137653 3.345830
v 0.197976 0.137875 3.344010
v 0.198022 0.138415 3.342195
v 0.198087 0.139277 3.340405
v 0.198172 0.140462 3.338670
v 0.198285 0.141968 3.337017
v 0.198416 0.143795 3.335469
v 0.198574 0.145945 3.334052
v 0.198750 0.148414 3.332789
v 0.198948 0.151205 3.331715
v 0.199424 0.157978 3.330382
v 0.199869 0.164247 3.329636
v 0.200274 0.170012 3.329468
v 0.200640 0.175277 3.329880
v 0.200971 0.180039 3.330879
v 0.201263 0.184298 3.332456
v 0.201519 0.188054 3.334612
v 0.201740 0.191308 3.337356
v 0.201923 0.194062 3.340678
v 0.202068 0.196315 3.344579
v 0.202176 0.198063 3.349066
v 0.202249 0.199308 3.354133
v 0.202284 0.200053 3.359778
v 0.202284 0.200296 3.366011
v 0.202243 0.200035 3.372822
v 0.202165 0.199274 3.380212
v 0.202055 0.198008 3.388189
v 0.201903 0.196244 3.396744
v 0.201717 0.193972 3.405880
v 0.201494 0.191200 3.415601
v 0.200605 0.179950 3.448681
v 0.200190 0.171176 3.383262
v 0.200283 0.172226 3.376652
v 0.200343 0.172820 3.370883
v 0.200370 0.173007 3.366013
v 0.200372 0.172852 3.362102
v 0.200353 0.172474 3.359203
v 0.200327 0.172013 3.357342
v 0.200321 0.171920 3.357106
v 0.200285 0.171415 3.356999
v 0.200143 0.169343 3.356837
v 0.199926 0.166261 3.356925
v 0.199641 0.162224 3.357406
v 0.199233 0.156457 3.358541
v 0.199002 0.153140 3.358414
v 0.198793 0.150147 3.358003
v 0.198608 0.147472 3.357334
v 0.198446 0.145116 3.356434
v 0.198308 0.143088 3.355326
v 0.198189 0.141377 3.354041
v 0.198100 0.139990 3.352605
v 0.167420 0.141066 3.350944
v 0.167372 0.140322 3.349275
v 0.167491 0.142135 3.352512
v 0.167582 0.143520 3.353948
v 0.167699 0.145232 3.355233
v 0.167836 0.147261 3.356341
v 0.168001 0.149614 3.357240
v 0.168186 0.152289 3.357910
v 0.168392 0.155284 3.358321
v 0.168623 0.158601 3.358448
v 0.169032 0.164369 3.357312
v 0.169316 0.168406 3.356833
v 0.169534 0.171487 3.356743
v 0.169678 0.173557 3.356906
v 0.169711 0.174064 3.357013
v 0.169717 0.174158 3.357249
v 0.169747 0.174616 3.359110
v 0.169762 0.174997 3.362009
v 0.169761 0.175151 3.365920
v 0.169733 0.174964 3.370790
v 0.169673 0.174370 3.376559
v 0.169580 0.173321 3.383169
v 0.169664 0.172156 3.329376
v 0.169259 0.166391 3.329542
v 0.168818 0.160120 3.330289
v 0.168338 0.153349 3.331622
v 0.168140 0.150558 3.332696
v 0.167964 0.148089 3.333959
v 0.167809 0.145937 3.335376
v 0.167675 0.144113 3.336924
v 0.167566 0.142604 3.338577
v 0.167478 0.141421 3.340312
v 0.167412 0.140559 3.342102
v 0.167369 0.140017 3.343917
v 0.167346 0.139798 3.345737
v 0.167346 0.139899 3.347532
v 0.169995 0.182094 3.448587
v 0.170884 0.193344 3.415508
v 0.171107 0.196116 3.405787
v 0.171296 0.198386 3.396651
v 0.171445 0.200152 3.388096
v 0.171558 0.201416 3.380119
v 0.171634 0.202179 3.372729
v 0.171674 0.202440 3.365918
v 0.171674 0.202198 3.359685
v 0.171639 0.201453 3.354040
v 0.171566 0.200208 3.348973
v 0.171458 0.198460 3.344485
v 0.171314 0.196207 3.340585
v 0.171130 0.193453 3.337262
v 0.170909 0.190199 3.334519
v 0.170653 0.186442 3.332363
v 0.170362 0.182184 3.330786
v 0.170030 0.177421 3.329787
v 0.204080 0.085086 3.835186
v 0.199574 0.076061 3.714352
v 0.154924 0.079188 3.714216
v 0.200113 0.067606 3.757715
v 0.152948 0.070907 3.757571
v 0.206607 0.082123 3.964845
v 0.205227 0.070279 3.944561
v 0.204065 0.062585 3.921275
v 0.203067 0.058254 3.895108
v 0.202192 0.056786 3.865872
v 0.201416 0.057926 3.833378
v 0.200727 0.061551 3.797360
v 0.147286 0.086281 3.964665
v 0.147126 0.074349 3.944384
v 0.208218 0.098737 3.980980
v 0.147912 0.102961 3.980797
v 0.209966 0.119441 3.991332
v 0.149001 0.123711 3.991147
v 0.211705 0.142360 3.995224
v 0.150453 0.146648 3.995038
v 0.213361 0.166195 3.993543
v 0.152145 0.170482 3.993357
v 0.214779 0.186866 4.003132
v 0.153563 0.191153 4.002946
v 0.215356 0.195398 4.011007
v 0.154136 0.199687 4.010821
v 0.214829 0.182279 3.961185
v 0.213495 0.161767 3.966465
v 0.151558 0.166103 3.966277
v 0.153130 0.186601 3.960996
v 0.212220 0.143652 3.967727
v 0.150291 0.147987 3.967538
v 0.211000 0.127937 3.965046
v 0.149322 0.132254 3.964858
v 0.209839 0.114618 3.958421
v 0.148658 0.118904 3.958235
v 0.208735 0.103701 3.947778
v 0.148292 0.107935 3.947594
v 0.148230 0.099345 3.933010
v 0.207688 0.095178 3.933191
v 0.148466 0.093139 3.914484
v 0.149004 0.089310 3.891940
v 0.149846 0.087866 3.865453
v 0.150988 0.088803 3.835024
v 0.204896 0.084010 3.865621
v 0.205772 0.085335 3.892113
v 0.206703 0.089059 3.914662
v 0.151260 0.065017 3.797209
v 0.149852 0.061536 3.833221
v 0.148729 0.060533 3.865710
v 0.147889 0.062118 3.894940
v 0.147345 0.066556 3.921103
v 0.154773 0.209649 4.030887
v 0.154769 0.209646 4.030506
v 0.215993 0.205360 4.031074
v 0.216191 0.204845 3.954060
v 0.216196 0.204832 3.952115
v 0.154971 0.209120 3.951929
v 0.155003 0.209479 3.951774
v 0.154798 0.210013 4.031609
v 0.216220 0.205193 3.951960
v 0.216014 0.205727 4.031795
v 0.178030 0.208835 4.156010
v 0.163389 0.210240 4.214108
v 0.149108 0.211951 4.323676
v 0.127713 0.213361 4.309808
v 0.111080 0.214401 4.290466
v 0.100554 0.214985 4.267178
v 0.278281 0.195826 3.236694
v 0.099908 0.208319 3.236151
v 0.097318 0.215048 4.241890
v 0.096994 0.215073 4.241889
v 0.094772 0.215404 4.268876
v 0.093654 0.208717 3.229850
v 0.091047 0.215488 4.241871
v 0.084748 0.216356 4.307314
v 0.107191 0.214952 4.333422
v 0.106004 0.214779 4.293692
v 0.123757 0.213666 4.314372
v 0.136054 0.213053 4.352116
v 0.146593 0.212166 4.329158
v 0.172662 0.210387 4.336938
v 0.169009 0.210805 4.361938
v 0.137678 0.236236 4.351965
v 0.170635 0.233991 4.361787
v 0.108815 0.238136 4.333271
v 0.086371 0.239540 4.307163
v 0.070551 0.217146 4.275931
v 0.072175 0.240330 4.275780
v 0.065747 0.217261 4.241794
v 0.068419 0.210320 3.204411
v 0.309930 0.193403 3.205147
v 0.098509 0.208048 3.179389
v 0.074502 0.209677 3.171378
v 0.070042 0.233504 3.204260
v 0.076126 0.232860 3.171228
v 0.067370 0.240445 4.241643
v 0.089397 0.208437 3.141297
v 0.091023 0.231624 3.141146
v 0.111965 0.206697 3.116473
v 0.110281 0.207066 3.155619
v 0.128125 0.205692 3.135990
v 0.140469 0.204584 3.098820
v 0.113589 0.229880 3.116322
v 0.142092 0.227768 3.098669
v 0.172714 0.202265 3.089692
v 0.174338 0.225449 3.089541
v 0.150663 0.204021 3.122031
v 0.130939 0.205516 3.139391
v 0.113921 0.206830 3.158113
v 0.105542 0.207526 3.175034
v 0.279968 0.195337 3.179942
v 0.272962 0.195800 3.175544
v 0.176756 0.202172 3.119195
v 0.202031 0.200403 3.119272
v 0.226317 0.198747 3.126303
v 0.247746 0.197335 3.139747
v 0.264670 0.196270 3.158571
v 0.152435 0.203921 3.126078
v 0.202652 0.200330 3.114897
v 0.176157 0.202187 3.114816
v 0.206228 0.199919 3.089794
v 0.207851 0.223102 3.089643
v 0.238425 0.197723 3.099118
v 0.240049 0.220907 3.098967
v 0.228114 0.198595 3.122267
v 0.250578 0.197114 3.136362
v 0.266837 0.195848 3.116945
v 0.268461 0.219032 3.116794
v 0.289276 0.194438 3.141905
v 0.290899 0.217621 3.141754
v 0.268321 0.195998 3.156101
v 0.304019 0.193599 3.172077
v 0.305645 0.216786 3.171926
v 0.311554 0.216587 3.204996
v 0.308882 0.223528 4.242378
v 0.307258 0.200345 4.242529
v 0.302278 0.200916 4.276636
v 0.303902 0.224100 4.276485
v 0.287920 0.202126 4.307933
v 0.281958 0.202117 4.242452
v 0.284565 0.195346 3.230431
v 0.276011 0.202533 4.242434
v 0.275691 0.202555 4.242434
v 0.272321 0.202953 4.267701
v 0.261678 0.203852 4.290925
v 0.244946 0.205151 4.310165
v 0.223477 0.206742 4.323902
v 0.209760 0.206991 4.214249
v 0.206624 0.207284 4.225867
v 0.199010 0.208503 4.331033
v 0.198115 0.207939 4.234344
v 0.186516 0.208770 4.237434
v 0.174931 0.209562 4.234273
v 0.173535 0.210288 4.330955
v 0.166467 0.210098 4.225745
v 0.199856 0.208482 4.337021
v 0.203380 0.208399 4.362042
v 0.205003 0.231583 4.361892
v 0.236381 0.206024 4.352421
v 0.238007 0.229210 4.352270
v 0.225963 0.206605 4.329399
v 0.248876 0.204903 4.314753
v 0.265345 0.203876 4.333904
v 0.266734 0.203520 4.294181
v 0.278093 0.202563 4.269433
v 0.266969 0.227060 4.333753
v 0.289544 0.225309 4.307782
v 0.168071 0.198314 4.222358
v 0.165366 0.198438 4.212094
v 0.175521 0.197841 4.229853
v 0.185716 0.197144 4.232629
v 0.195924 0.196410 4.229915
v 0.203411 0.195839 4.222466
v 0.203463 0.195702 4.201992
v 0.196016 0.196173 4.194497
v 0.193467 0.196349 4.193803
v 0.187305 0.196894 4.211018
v 0.187275 0.196910 4.213037
v 0.185752 0.197051 4.218676
v 0.184010 0.197170 4.218214
v 0.178165 0.197419 4.193756
v 0.175613 0.197604 4.194435
v 0.168123 0.198177 4.201884
v 0.166526 0.209942 4.202527
v 0.175035 0.209293 4.194012
v 0.177935 0.209084 4.193258
v 0.178249 0.197200 4.160968
v 0.184026 0.197130 4.212152
v 0.184579 0.208801 4.221072
v 0.184596 0.208755 4.214172
v 0.186557 0.208664 4.221574
v 0.188286 0.208501 4.215174
v 0.186568 0.208614 4.214025
v 0.188322 0.208483 4.212886
v 0.185977 0.208560 4.199421
v 0.187112 0.208469 4.197366
v 0.185631 0.208571 4.197361
v 0.185601 0.208649 4.208990
v 0.185764 0.197005 4.212042
v 0.185240 0.196959 4.199192
v 0.186241 0.196877 4.197365
v 0.193551 0.196130 4.161015
v 0.184938 0.196970 4.197361
v 0.184912 0.197039 4.207579
v 0.195421 0.207616 4.156063
v 0.195325 0.207865 4.193311
v 0.198218 0.207669 4.194083
v 0.206683 0.207129 4.202649
v 0.206172 0.195577 4.212219
v 0.210149 0.114350 4.087714
v 0.210535 0.120200 4.095683
v 0.148742 0.124526 4.095495
v 0.148356 0.118676 4.087526
v 0.211442 0.131490 4.057368
v 0.216625 0.205484 4.056810
v 0.216523 0.205750 4.096461
v 0.215765 0.195103 4.101029
v 0.214954 0.183512 4.101104
v 0.214087 0.170973 4.096687
v 0.213063 0.155609 4.080354
v 0.212250 0.144015 4.080430
v 0.210941 0.125997 4.095645
v 0.149649 0.135816 4.057180
v 0.154833 0.209810 4.056622
v 0.149149 0.130323 4.095457
v 0.150455 0.148344 4.080241
v 0.151267 0.159937 4.080166
v 0.152296 0.175302 4.096498
v 0.153159 0.187840 4.100916
v 0.153971 0.199434 4.100841
v 0.154731 0.210075 4.096272
v 0.189122 0.575476 3.716805
v 0.188260 0.584316 3.759046
v 0.192930 0.576648 3.613020
v 0.189945 0.564192 3.670627
v 0.234881 0.572273 3.716944
v 0.236709 0.580921 3.759194
v 0.232769 0.561193 3.670757
v 0.231900 0.573917 3.613139
v 0.230378 0.547675 3.620631
v 0.190731 0.550453 3.620510
v 0.229343 0.557793 3.558508
v 0.226521 0.539244 3.500027
v 0.227709 0.531725 3.566571
v 0.224973 0.528755 3.468836
v 0.224332 0.518220 3.437679
v 0.224755 0.513341 3.508576
v 0.223623 0.506685 3.405197
v 0.223469 0.504116 3.396624
v 0.223137 0.502928 3.477610
v 0.225503 0.531129 3.350059
v 0.225402 0.529761 3.351512
v 0.225281 0.528069 3.352820
v 0.225136 0.526052 3.353954
v 0.224969 0.523714 3.354884
v 0.224780 0.521048 3.355588
v 0.224569 0.518061 3.356038
v 0.224334 0.514743 3.356209
v 0.223935 0.508959 3.355148
v 0.223652 0.504916 3.354721
v 0.223438 0.501836 3.354672
v 0.223291 0.499766 3.354861
v 0.223253 0.499262 3.354975
v 0.223246 0.499172 3.355212
v 0.223213 0.498739 3.357079
v 0.223182 0.498397 3.359983
v 0.223160 0.498297 3.363895
v 0.223163 0.498550 3.368763
v 0.223193 0.499221 3.374523
v 0.223255 0.500357 3.381119
v 0.223344 0.501984 3.388497
v 0.222501 0.492456 3.446646
v 0.221782 0.480765 3.413715
v 0.221608 0.477863 3.404032
v 0.221468 0.475474 3.394927
v 0.221362 0.473590 3.386395
v 0.221289 0.472220 3.378435
v 0.221252 0.471357 3.371055
v 0.221249 0.471009 3.364249
v 0.221279 0.471165 3.358013
v 0.221343 0.471834 3.352359
v 0.221439 0.473013 3.347276
v 0.221572 0.474704 3.342766
v 0.221738 0.476900 3.338836
v 0.221939 0.479609 3.335478
v 0.222171 0.482828 3.332693
v 0.222438 0.486555 3.330488
v 0.222743 0.490794 3.328856
v 0.223076 0.495545 3.327795
v 0.223448 0.500801 3.327315
v 0.223852 0.506568 3.327407
v 0.224288 0.512846 3.328072
v 0.224761 0.519634 3.329316
v 0.224956 0.522442 3.330354
v 0.225125 0.524928 3.331585
v 0.225271 0.527094 3.332973
v 0.225396 0.528945 3.334498
v 0.225498 0.530471 3.336131
v 0.225580 0.531680 3.337851
v 0.225636 0.532566 3.339629
v 0.225669 0.533132 3.341437
v 0.225683 0.533376 3.343254
v 0.225668 0.533298 3.345050
v 0.225634 0.532897 3.346799
v 0.225580 0.532174 3.348477
v 0.194893 0.533274 3.349966
v 0.194792 0.531905 3.351419
v 0.192470 0.497687 3.327702
v 0.192133 0.492938 3.328762
v 0.191829 0.488700 3.330395
v 0.191565 0.484970 3.332600
v 0.191329 0.481753 3.335385
v 0.191129 0.479044 3.338743
v 0.190965 0.476846 3.342673
v 0.190829 0.475158 3.347183
v 0.190733 0.473978 3.352266
v 0.190669 0.473309 3.357920
v 0.190639 0.473153 3.364155
v 0.190643 0.473502 3.370962
v 0.190680 0.474364 3.378342
v 0.190753 0.475735 3.386302
v 0.190858 0.477618 3.394833
v 0.190998 0.480007 3.403938
v 0.191172 0.482909 3.413622
v 0.191890 0.494600 3.446553
v 0.192527 0.505073 3.477517
v 0.192859 0.506260 3.396530
v 0.192734 0.504129 3.388404
v 0.192645 0.502501 3.381026
v 0.192583 0.501365 3.374430
v 0.192556 0.500692 3.368670
v 0.192551 0.500442 3.363802
v 0.192572 0.500541 3.359890
v 0.192603 0.500884 3.356986
v 0.192639 0.501314 3.355119
v 0.192647 0.501405 3.354882
v 0.192681 0.501910 3.354768
v 0.192828 0.503981 3.354579
v 0.193043 0.507060 3.354627
v 0.193325 0.511103 3.355055
v 0.193727 0.516885 3.356116
v 0.193962 0.520203 3.355945
v 0.194170 0.523193 3.355495
v 0.194359 0.525858 3.354791
v 0.194527 0.528197 3.353861
v 0.194672 0.530213 3.352727
v 0.194970 0.534318 3.348384
v 0.195027 0.535040 3.346705
v 0.195062 0.535440 3.344957
v 0.195073 0.535520 3.343161
v 0.195059 0.535276 3.341343
v 0.195026 0.534710 3.339536
v 0.194970 0.533824 3.337757
v 0.194888 0.532615 3.336038
v 0.194789 0.531087 3.334405
v 0.194661 0.529239 3.332880
v 0.194515 0.527072 3.331491
v 0.194346 0.524586 3.330261
v 0.194151 0.521778 3.329223
v 0.193679 0.514990 3.327978
v 0.193242 0.508713 3.327314
v 0.192839 0.502946 3.327222
v 0.192194 0.515620 3.508477
v 0.191482 0.534261 3.566461
v 0.194106 0.541516 3.499928
v 0.194366 0.530898 3.468743
v 0.193722 0.520365 3.437586
v 0.193014 0.508829 3.405104
v 0.193542 0.560299 3.558399
v 0.192266 0.590561 3.663814
v 0.234185 0.587626 3.663942
v 0.187364 0.590699 3.797369
v 0.238254 0.587133 3.797523
v 0.239520 0.590910 3.831892
v 0.236203 0.598910 3.710948
v 0.191558 0.602038 3.710812
v 0.186427 0.594633 3.831731
v 0.240506 0.592255 3.862312
v 0.185452 0.596113 3.862144
v 0.242551 0.595170 3.961505
v 0.237959 0.607769 3.754198
v 0.239446 0.614192 3.793762
v 0.240666 0.618151 3.829731
v 0.241624 0.619592 3.862208
v 0.242311 0.618395 3.891462
v 0.242720 0.614307 3.917684
v 0.242819 0.606832 3.941068
v 0.190794 0.611074 3.754054
v 0.183233 0.599325 3.961324
v 0.184717 0.610903 3.940891
v 0.186002 0.618281 3.917511
v 0.187134 0.622259 3.891294
v 0.188159 0.623335 3.862046
v 0.189102 0.621761 3.829574
v 0.189978 0.617658 3.793611
v 0.184445 0.595144 3.888647
v 0.183398 0.591722 3.911238
v 0.182315 0.585848 3.929843
v 0.181539 0.582929 3.977672
v 0.181191 0.577526 3.944536
v 0.180033 0.566747 3.955319
v 0.179735 0.562370 3.988290
v 0.178840 0.553521 3.962116
v 0.177976 0.539505 3.992480
v 0.177606 0.537843 3.965000
v 0.176334 0.519715 3.963974
v 0.176325 0.515646 3.991110
v 0.175027 0.499129 3.958962
v 0.174857 0.495106 4.000967
v 0.174243 0.486679 4.008953
v 0.173500 0.476985 4.028765
v 0.173504 0.476988 4.029147
v 0.173702 0.476459 3.950188
v 0.173476 0.476633 4.029873
v 0.173682 0.476099 3.950038
v 0.234928 0.472171 3.950375
v 0.234923 0.472184 3.952319
v 0.234724 0.472699 4.029333
v 0.167839 0.479289 4.321935
v 0.182118 0.477576 4.212367
v 0.192266 0.477627 4.329215
v 0.191393 0.477726 4.335198
v 0.218587 0.475821 4.335280
v 0.222111 0.475738 4.360302
v 0.187740 0.478143 4.360198
v 0.165322 0.479502 4.327417
v 0.146444 0.480700 4.308068
v 0.142487 0.481005 4.312632
v 0.154785 0.480391 4.350375
v 0.125920 0.482287 4.331682
v 0.124732 0.482115 4.291951
v 0.129809 0.481737 4.288726
v 0.119285 0.482324 4.265437
v 0.113501 0.482740 4.267135
v 0.103476 0.483692 4.305573
v 0.109776 0.482824 4.240130
v 0.112383 0.476053 3.228109
v 0.089280 0.484482 4.274190
v 0.084475 0.484597 4.240054
v 0.087147 0.477656 3.202671
v 0.328659 0.460739 3.203406
v 0.117239 0.475387 3.177649
v 0.298699 0.462675 3.178202
v 0.124273 0.474865 3.173293
v 0.291691 0.463136 3.173803
v 0.171166 0.471260 3.124338
v 0.149670 0.472855 3.137650
v 0.132650 0.474165 3.156372
v 0.283399 0.463606 3.156831
v 0.266474 0.464671 3.138006
v 0.245048 0.466086 3.124563
v 0.220762 0.467742 3.117531
v 0.195487 0.469511 3.117454
v 0.169392 0.471356 3.120291
v 0.194889 0.469525 3.113075
v 0.191445 0.469604 3.087951
v 0.224956 0.467254 3.088053
v 0.223333 0.444071 3.088204
v 0.189819 0.446417 3.088102
v 0.157574 0.448736 3.097230
v 0.159197 0.471920 3.097080
v 0.129071 0.450849 3.114884
v 0.130694 0.474032 3.114733
v 0.106504 0.452592 3.139707
v 0.108127 0.475776 3.139556
v 0.091607 0.453828 3.169789
v 0.093233 0.477015 3.169638
v 0.085524 0.454472 3.202822
v 0.082852 0.461413 4.240204
v 0.087656 0.461298 4.274341
v 0.101853 0.460508 4.305725
v 0.124296 0.459104 4.331833
v 0.153159 0.457204 4.350526
v 0.186116 0.454960 4.360348
v 0.220485 0.452551 4.360453
v 0.253488 0.450179 4.350832
v 0.255112 0.473362 4.350680
v 0.244694 0.473944 4.327659
v 0.267607 0.472242 4.313012
v 0.263674 0.472486 4.308425
v 0.242208 0.474081 4.322161
v 0.217741 0.475842 4.329292
v 0.193660 0.476897 4.232533
v 0.185197 0.477437 4.224004
v 0.185721 0.488960 4.210203
v 0.188425 0.488837 4.220467
v 0.188478 0.488700 4.199993
v 0.185257 0.477281 4.200787
v 0.196759 0.476171 4.154269
v 0.214150 0.474952 4.154322
v 0.213906 0.486652 4.159123
v 0.198604 0.487722 4.159077
v 0.214054 0.475201 4.191570
v 0.213821 0.486871 4.191911
v 0.216947 0.475005 4.192342
v 0.225414 0.474467 4.200909
v 0.223818 0.486225 4.200100
v 0.216370 0.486696 4.192605
v 0.228489 0.474327 4.212508
v 0.226526 0.486099 4.210327
v 0.297010 0.463161 3.234954
v 0.234901 0.471810 3.950224
v 0.236728 0.494810 3.959150
v 0.235462 0.482389 4.009139
v 0.234696 0.472344 4.030059
v 0.236077 0.490817 4.001153
v 0.237545 0.511358 3.991296
v 0.238268 0.515376 3.964163
v 0.239532 0.533505 3.965189
v 0.240516 0.549201 3.962303
v 0.241216 0.562465 3.955506
v 0.241637 0.573290 3.944720
v 0.241775 0.581684 3.930024
v 0.241847 0.578708 3.977856
v 0.240701 0.558101 3.988476
v 0.239231 0.535215 3.992667
v 0.241632 0.587644 3.911416
v 0.241207 0.591167 3.888819
v 0.118637 0.475654 3.234411
v 0.116046 0.482384 4.240150
v 0.115723 0.482409 4.240149
v 0.303293 0.462681 3.228690
v 0.294742 0.469871 4.240694
v 0.294420 0.469891 4.240693
v 0.291052 0.470292 4.265960
v 0.296824 0.469902 4.267693
v 0.300687 0.469453 4.240712
v 0.306649 0.469461 4.306192
v 0.285465 0.470858 4.292440
v 0.280409 0.471190 4.289185
v 0.284074 0.471211 4.332163
v 0.282450 0.448028 4.332314
v 0.305025 0.446278 4.306343
v 0.319384 0.445068 4.275047
v 0.321007 0.468252 4.274896
v 0.325987 0.467680 4.240789
v 0.324363 0.444497 4.240940
v 0.327035 0.437555 3.203557
v 0.321126 0.437754 3.170488
v 0.322749 0.460938 3.170337
v 0.306383 0.438593 3.140316
v 0.308007 0.461776 3.140165
v 0.283942 0.440000 3.115355
v 0.285566 0.463184 3.115204
v 0.255530 0.441875 3.097529
v 0.257154 0.465059 3.097378
v 0.246845 0.465934 3.120527
v 0.221383 0.467669 3.113156
v 0.269309 0.464453 3.134622
v 0.287052 0.463336 3.154360
v 0.225355 0.474623 4.224126
v 0.216843 0.475275 4.232603
v 0.205245 0.476106 4.235694
v 0.195876 0.488363 4.227962
v 0.206071 0.487666 4.230738
v 0.195967 0.488126 4.192544
v 0.198520 0.487942 4.191864
v 0.204364 0.487693 4.216322
v 0.206107 0.487573 4.216784
v 0.216279 0.486933 4.228024
v 0.223765 0.486362 4.220574
v 0.207660 0.487416 4.209126
v 0.207627 0.487430 4.211146
v 0.205286 0.475999 4.219834
v 0.207017 0.475839 4.213434
v 0.203307 0.476136 4.219332
v 0.203325 0.476090 4.212432
v 0.204380 0.487652 4.210260
v 0.204330 0.475984 4.207249
v 0.204360 0.475906 4.195621
v 0.205840 0.475804 4.195625
v 0.204708 0.475898 4.197681
v 0.207053 0.475822 4.211146
v 0.205299 0.475953 4.212285
v 0.205266 0.487561 4.205687
v 0.205292 0.487493 4.195469
v 0.196663 0.476420 4.191517
v 0.193763 0.476628 4.192272
v 0.206596 0.487400 4.195473
v 0.205594 0.487482 4.197300
v 0.206118 0.487528 4.210150
v 0.129012 0.474405 3.153879
v 0.146853 0.473027 3.134249
v 0.179884 0.568689 4.084597
v 0.179459 0.562949 4.092640
v 0.241249 0.558620 4.092829
v 0.241677 0.564363 4.084785
v 0.173462 0.477414 4.094532
v 0.174196 0.488121 4.098961
v 0.175009 0.499715 4.098886
v 0.175898 0.512191 4.094306
v 0.177009 0.527339 4.077774
v 0.177820 0.538929 4.077698
v 0.179053 0.557152 4.092678
v 0.178747 0.551144 4.054476
v 0.173564 0.477149 4.054881
v 0.235254 0.473088 4.094720
v 0.235992 0.483793 4.099149
v 0.240843 0.552823 4.092866
v 0.239615 0.534600 4.077886
v 0.238802 0.523007 4.077962
v 0.237691 0.507865 4.094493
v 0.236803 0.495384 4.099074
v 0.235356 0.472823 4.055069
v 0.240540 0.546818 4.054664
vn 0.4533 -0.8913 0.0071
vn 0.0026 -0.0067 -1.0000
vn 0.9144 0.4048 -0.0004
vn 0.8332 0.5529 -0.0016
vn -0.0026 0.0067 1.0000
vn 0.5593 0.8290 -0.0041
vn -0.9975 0.0699 -0.0030
vn 0.4531 -0.8914 0.0071
vn -0.9375 -0.3481 -0.0001
vn -0.8660 -0.5001 0.0011
vn -0.6517 -0.7585 0.0034
vn -0.3641 -0.9313 0.0053
vn -0.0357 -0.9993 0.0066
vn 0.2974 -0.9547 0.0072
vn 0.5962 -0.8028 0.0069
vn 0.8286 -0.5599 0.0059
vn 0.9671 -0.2545 0.0042
vn 0.9968 0.0798 0.0020
vn -0.6516 -0.7585 0.0034
vn 0.5964 -0.8027 0.0069
vn 0.9968 0.0797 0.0020
vn 0.9144 0.4049 -0.0004
vn 0.4532 -0.8914 0.0071
vn 0.9968 0.0795 0.0020
vn 0.5963 -0.8027 0.0069
vn -0.9976 0.0698 -0.0030
vn -0.9976 0.0699 -0.0030
vn -0.0699 -0.9975 0.0065
vn -0.0700 -0.9975 0.0065
vn -0.0698 -0.9975 0.0065
vn 0.9976 -0.0698 0.0030
vn 0.9976 -0.0699 0.0030
vn 0.0699 0.9975 -0.0065
vn -0.9924 0.0702 0.1015
vn -0.9763 0.0697 0.2049
vn -0.0598 -0.8296 0.5551
vn -0.9975 0.0700 -0.0030
vn -0.0699 -0.9975 0.0064
vn -0.0698 -0.9975 0.0066
vn -0.0699 -0.9975 0.0066
vn -0.0700 -0.9975 0.0066
vn -0.0482 -0.7187 -0.6936
vn -0.0595 -0.8713 -0.4872
vn 0.6466 -0.7628 0.0068
vn 0.4309 -0.9024 0.0072
vn 0.4309 -0.9024 0.0071
vn -0.0518 -0.7094 0.7029
vn -0.0620 -0.8647 0.4985
vn -0.0621 -0.8646 0.4986
vn -0.7466 -0.6653 0.0025
vn -0.5525 -0.8335 0.0042
vn -0.0669 -0.9663 -0.2486
vn 0.1868 -0.9824 0.0071
vn -0.0682 -0.9629 0.2611
vn -0.3218 -0.9468 0.0055
vn -0.7303 -0.6831 0.0027
vn -0.0494 -0.7354 -0.6759
vn 0.6278 -0.7783 0.0068
vn -0.0530 -0.7263 0.6854
vn -0.0697 -0.9975 0.0067
vn -0.0700 -0.9975 0.0064
vn -0.0701 -0.9975 0.0066
vn -0.0564 -0.8298 -0.5551
vn 0.5016 -0.8651 0.0071
vn -0.0593 -0.8223 0.5659
vn -0.6171 -0.7869 0.0037
vn -0.9521 -0.3057 -0.0004
vn -0.0236 -0.3767 -0.9260
vn 0.9001 -0.4356 0.0052
vn -0.0283 -0.3643 0.9309
vn -0.0530 -0.7263 0.6853
vn -0.7301 -0.6833 0.0027
vn -0.0495 -0.7354 -0.6758
vn 0.6277 -0.7784 0.0068
vn -0.0165 -0.9998 0.0066
vn 0.2133 -0.9770 0.0071
vn -0.0699 -0.9958 0.0598
vn -0.0678 -0.9554 0.2873
vn -0.0678 -0.9554 0.2874
vn -0.1228 -0.9924 0.0063
vn -0.3476 -0.9376 0.0054
vn -0.0697 -0.9965 -0.0468
vn -0.0664 -0.9592 -0.2749
vn -0.0494 -0.7353 -0.6759
vn -0.0495 -0.7354 -0.6759
vn 0.6278 -0.7784 0.0068
vn -0.0529 -0.7262 0.6854
vn -0.9587 -0.2845 -0.0006
vn -0.0221 -0.3562 -0.9341
vn -0.0222 -0.3563 -0.9341
vn 0.9096 -0.4155 0.0051
vn -0.0270 -0.3438 0.9387
vn -0.0269 -0.3437 0.9387
vn -0.0114 -0.1196 0.9928
vn 0.9808 -0.1952 0.0038
vn -0.0063 -0.1328 -0.9911
vn -0.9984 -0.0567 -0.0022
vn 0.7331 0.6638 -0.1480
vn 0.5429 0.8329 -0.1069
vn 0.5544 0.8317 -0.0301
vn 0.7484 0.6620 -0.0392
vn 0.6884 0.6660 -0.2873
vn 0.5114 0.8345 -0.2052
vn 0.6158 0.6702 -0.4143
vn 0.4601 0.8375 -0.2947
vn 0.5185 0.6762 -0.5233
vn 0.3913 0.8419 -0.3716
vn 0.4004 0.6844 -0.6093
vn 0.3082 0.8473 -0.4326
vn 0.2674 0.6929 -0.6696
vn 0.2142 0.8536 -0.4749
vn 0.1970 0.6961 -0.6904
vn 0.1648 0.8558 -0.4904
vn -0.6502 0.7597 -0.0068
vn -0.4341 0.9008 -0.0071
vn -0.4341 0.9008 -0.0072
vn 0.0480 0.7156 0.6969
vn 0.0594 0.8695 0.4904
vn 0.0594 0.8695 0.4903
vn 0.5554 0.8316 -0.0041
vn 0.7497 0.6617 -0.0025
vn 0.0698 0.9975 -0.0065
vn 0.0699 0.9975 -0.0064
vn 0.0682 0.9624 -0.2630
vn -0.1884 0.9821 0.0064
vn -0.1891 0.9819 -0.0071
vn -0.1822 0.9822 0.0461
vn -0.1657 0.9814 0.0970
vn -0.1391 0.9798 0.1433
vn -0.1036 0.9776 0.1833
vn -0.0606 0.9748 0.2149
vn -0.0119 0.9715 0.2367
vn 0.0136 0.9695 0.2449
vn 0.3240 0.9460 -0.0055
vn 0.7335 0.6797 -0.0027
vn 0.0528 0.7230 -0.6888
vn -0.6302 0.7759 0.0290
vn -0.6316 0.7753 -0.0068
vn -0.6147 0.7771 0.1350
vn -0.6149 0.7769 0.1352
vn -0.6147 0.7771 0.1349
vn -0.5713 0.7748 0.2708
vn -0.5005 0.7706 0.3945
vn -0.4055 0.7647 0.5007
vn -0.4055 0.7648 0.5007
vn -0.2905 0.7574 0.5847
vn -0.2906 0.7574 0.5847
vn -0.1608 0.7485 0.6433
vn -0.0927 0.7418 0.6642
vn 0.0699 0.9975 -0.0066
vn 0.0700 0.9975 -0.0064
vn 0.0698 0.9975 -0.0064
vn 0.0696 0.9976 -0.0063
vn 0.0703 0.9975 -0.0066
vn 0.0701 0.9975 -0.0065
vn 0.0697 0.9975 -0.0067
vn 0.0701 0.9975 -0.0061
vn 0.0700 0.9975 -0.0066
vn 0.0592 0.8198 -0.5696
vn -0.5036 0.8636 0.0225
vn -0.5036 0.8636 0.0223
vn -0.5051 0.8631 -0.0071
vn -0.4912 0.8641 0.1098
vn -0.4912 0.8641 0.1100
vn -0.4552 0.8624 0.2217
vn -0.4551 0.8624 0.2217
vn -0.3967 0.8590 0.3236
vn -0.3185 0.8541 0.4112
vn -0.3184 0.8541 0.4112
vn -0.2237 0.8480 0.4805
vn -0.2237 0.8480 0.4804
vn -0.1169 0.8405 0.5290
vn -0.0607 0.8355 0.5462
vn 0.6202 0.7844 -0.0037
vn 0.9531 0.3026 0.0004
vn 0.0282 0.3618 -0.9318
vn -0.9002 0.4333 0.0434
vn -0.9002 0.4333 0.0435
vn -0.9015 0.4327 -0.0052
vn -0.8809 0.4343 0.1880
vn -0.8810 0.4343 0.1879
vn -0.8215 0.4314 0.3729
vn -0.8216 0.4314 0.3728
vn -0.7253 0.4252 0.5414
vn -0.5960 0.4173 0.6860
vn -0.5959 0.4174 0.6860
vn -0.4395 0.4072 0.8006
vn -0.4395 0.4073 0.8006
vn -0.2628 0.3949 0.8803
vn -0.1694 0.3868 0.9065
vn -0.0925 0.7423 0.6636
vn -0.1607 0.7488 0.6430
vn -0.1609 0.7485 0.6433
vn 0.7334 0.6798 -0.0027
vn 0.0527 0.7230 -0.6889
vn -0.6302 0.7759 0.0289
vn -0.6316 0.7752 -0.0068
vn -0.6148 0.7770 0.1351
vn -0.6149 0.7770 0.1350
vn -0.5712 0.7748 0.2708
vn -0.5005 0.7707 0.3945
vn -0.5004 0.7707 0.3945
vn -0.2905 0.7574 0.5848
vn 0.0532 0.9976 0.0442
vn -0.0206 0.9649 0.2617
vn -0.0742 0.9685 0.2375
vn 0.0431 0.9983 0.0396
vn 0.0585 0.9972 0.0460
vn 0.0076 0.9626 0.2708
vn 0.1234 0.9923 -0.0063
vn 0.3497 0.9369 -0.0054
vn 0.0699 0.9957 -0.0603
vn 0.0677 0.9547 -0.2896
vn 0.0163 0.9999 -0.0038
vn -0.1368 0.9905 0.0127
vn 0.0161 0.9998 -0.0066
vn 0.0176 0.9998 0.0045
vn -0.2082 0.9767 0.0515
vn 0.0210 0.9997 0.0151
vn -0.1902 0.9758 0.1077
vn 0.0266 0.9993 0.0247
vn -0.1610 0.9741 0.1588
vn 0.0341 0.9989 0.0330
vn -0.1217 0.9717 0.2027
vn -0.2905 0.7575 0.5846
vn -0.4052 0.7651 0.5005
vn -0.0925 0.7424 0.6636
vn 0.7331 0.6801 -0.0027
vn 0.7331 0.6802 -0.0027
vn 0.0619 0.8617 -0.5036
vn 0.0528 0.7233 -0.6885
vn 0.0527 0.7233 -0.6885
vn 0.0527 0.7234 -0.6885
vn 0.0528 0.7233 -0.6886
vn 0.0619 0.8618 -0.5034
vn 0.0268 0.3411 -0.9396
vn 0.0113 0.1182 -0.9929
vn 0.0027 -0.0068 -1.0000
vn -0.2180 -0.0616 0.9740
vn -0.3109 0.0280 0.9500
vn -0.5010 0.0407 0.8645
vn -0.1201 -0.1515 0.9811
vn -0.1198 -0.1516 0.9812
vn -0.1200 -0.1516 0.9811
vn -0.2179 -0.0617 0.9740
vn -0.2100 0.0211 0.9775
vn 0.0113 0.1183 -0.9929
vn -0.8901 0.4144 0.1897
vn -0.9059 0.4132 0.0929
vn -0.6276 0.7759 0.0647
vn -0.6145 0.7773 0.1349
vn -0.9597 0.1949 0.2023
vn -0.9758 0.1946 0.0999
vn -0.8302 0.4115 0.3761
vn -0.8963 0.1918 0.3999
vn -0.5709 0.7751 0.2706
vn -0.5001 0.7710 0.3943
vn -0.7330 0.4057 0.5460
vn -0.6026 0.3975 0.6920
vn -0.4449 0.3872 0.8076
vn -0.2666 0.3752 0.8878
vn -0.1725 0.3671 0.9141
vn 0.9594 0.2819 0.0006
vn 0.9985 0.0555 0.0022
vn -0.2995 0.1532 0.9417
vn -0.1996 0.1457 0.9690
vn -0.4882 0.1659 0.8568
vn -0.6553 0.1770 0.7343
vn -0.7933 0.1857 0.5798
vn -0.8086 0.0604 0.5853
vn -0.9124 0.0666 0.4039
vn -0.6694 0.0517 0.7411
vn -0.4332 0.9002 0.0449
vn -0.4139 -0.9103 0.0050
vn -0.0664 -0.9324 0.3553
vn 0.2829 -0.9591 0.0071
vn -0.0646 -0.9370 -0.3432
vn -0.0697 -0.9976 0.0065
vn 0.9752 -0.0670 0.2109
vn 0.9918 -0.0688 0.1075
vn 0.9103 -0.0611 0.4095
vn 0.8055 -0.0526 0.5902
vn 0.6656 -0.0418 0.7452
vn -0.0702 -0.9975 0.0065
vn -0.8085 0.0605 0.5853
vn -0.3107 0.0280 0.9501
vn -0.1069 0.0140 0.9942
vn 0.1017 -0.0007 0.9948
vn 0.3058 -0.0152 0.9520
vn 0.4966 -0.0291 0.8675
vn -0.8489 0.5286 -0.0057
vn -0.6071 0.7946 -0.0069
vn 0.0304 0.4729 0.8806
vn 0.0507 0.7527 0.6564
vn 0.0507 0.7528 0.6563
vn 0.9142 0.4053 -0.0004
vn 0.7120 0.7021 -0.0029
vn 0.0350 0.4611 -0.8867
vn 0.0541 0.7439 -0.6661
vn -0.6070 0.7946 -0.0069
vn 0.0507 0.7529 0.6562
vn 0.0508 0.7529 0.6562
vn 0.7119 0.7023 -0.0029
vn 0.0541 0.7441 -0.6659
vn 0.0542 0.7440 -0.6659
vn 0.0350 0.4611 -0.8866
vn -0.8487 0.5289 -0.0057
vn 0.0304 0.4730 0.8806
vn 0.9142 0.4052 -0.0004
vn 0.7793 0.6267 -0.0022
vn 0.6980 0.7161 -0.0030
vn 0.0494 0.6730 -0.7380
vn 0.0550 0.7569 -0.6512
vn -0.6843 0.7291 -0.0066
vn -0.5913 0.8064 -0.0069
vn 0.0456 0.6828 0.7292
vn 0.0517 0.7656 0.6413
vn 0.0516 0.7656 0.6413
vn 0.0615 0.8965 0.4387
vn 0.5060 0.8625 -0.0045
vn 0.0638 0.8906 -0.4503
vn -0.3808 0.9246 -0.0072
vn -0.1481 0.9889 -0.0070
vn 0.0677 0.9753 0.2105
vn 0.2846 0.9586 -0.0057
vn 0.0688 0.9724 -0.2232
vn 0.0698 0.9921 -0.1039
vn -0.0276 0.9996 -0.0068
vn 0.0693 0.9934 0.0910
vn 0.1668 0.9860 -0.0062
vn -0.5521 0.8337 -0.0070
vn -0.1913 0.9815 -0.0071
vn 0.0539 0.7951 0.6041
vn 0.0668 0.9651 0.2531
vn 0.6630 0.7486 -0.0033
vn 0.3263 0.9453 -0.0055
vn 0.0570 0.7870 -0.6144
vn 0.0682 0.9616 -0.2657
vn 0.0592 0.8675 0.4938
vn 0.0593 0.8675 0.4939
vn 0.5588 0.8293 -0.0041
vn 0.0619 0.8608 -0.5051
vn 0.0618 0.8608 -0.5051
vn -0.4377 0.8991 -0.0071
vn -0.7488 0.6628 -0.0064
vn 0.0405 0.6130 0.7891
vn 0.8336 0.5524 -0.0015
vn 0.0446 0.6023 -0.7970
vn -0.9976 0.0695 -0.0030
vn 0.8487 -0.5289 0.0057
vn 0.6072 -0.7945 0.0069
vn -0.0350 -0.4612 0.8866
vn -0.0541 -0.7439 0.6661
vn -0.0541 -0.7440 0.6660
vn -0.9142 -0.4054 0.0004
vn -0.7120 -0.7021 0.0029
vn -0.0304 -0.4730 -0.8806
vn -0.0507 -0.7528 -0.6563
vn 0.6070 -0.7946 0.0069
vn -0.0542 -0.7440 0.6659
vn -0.7119 -0.7022 0.0029
vn -0.0507 -0.7529 -0.6562
vn -0.0507 -0.7529 -0.6561
vn -0.0350 -0.4611 0.8866
vn -0.9142 -0.4053 0.0004
vn -0.7793 -0.6266 0.0022
vn -0.6980 -0.7161 0.0030
vn -0.0456 -0.6828 -0.7292
vn -0.0516 -0.7656 -0.6412
vn 0.6843 -0.7292 0.0066
vn 0.5913 -0.8064 0.0069
vn -0.0494 -0.6730 0.7380
vn -0.0550 -0.7569 0.6512
vn -0.0550 -0.7570 0.6511
vn -0.0638 -0.8906 0.4503
vn -0.5061 -0.8625 0.0045
vn -0.0615 -0.8966 -0.4387
vn 0.3808 -0.9246 0.0072
vn 0.1481 -0.9889 0.0070
vn -0.0688 -0.9724 0.2232
vn -0.2845 -0.9586 0.0057
vn -0.2845 -0.9587 0.0057
vn -0.0677 -0.9753 -0.2105
vn -0.0693 -0.9934 -0.0909
vn 0.0276 -0.9996 0.0068
vn -0.0698 -0.9921 0.1039
vn -0.1667 -0.9860 0.0062
vn 0.5521 -0.8337 0.0070
vn 0.1913 -0.9815 0.0071
vn -0.0570 -0.7870 0.6144
vn -0.0682 -0.9616 0.2657
vn -0.0682 -0.9617 0.2656
vn -0.6629 -0.7487 0.0033
vn -0.3263 -0.9453 0.0055
vn -0.0538 -0.7951 -0.6041
vn -0.0668 -0.9651 -0.2531
vn -0.0618 -0.8609 0.5051
vn -0.0619 -0.8608 0.5051
vn -0.5589 -0.8292 0.0041
vn -0.0593 -0.8675 -0.4939
vn -0.0592 -0.8675 -0.4939
vn 0.4378 -0.8990 0.0071
vn 0.7485 -0.6631 0.0064
vn -0.0446 -0.6024 0.7970
vn -0.8338 -0.5520 0.0015
vn -0.0405 -0.6130 -0.7890
vn 0.4139 0.9103 -0.0050
vn 0.0646 0.9370 0.3432
vn -0.2829 0.9591 -0.0071
vn 0.0664 0.9324 -0.3554
vn -0.0542 -0.7440 0.6660
vn -0.7120 -0.7022 0.0029
vn -0.0305 -0.4730 -0.8805
vn 0.6071 -0.7946 0.0069
vn -0.0699 -0.9975 0.0063
vn -0.0541 -0.7441 0.6659
vn -0.7119 -0.7023 0.0029
vn -0.0508 -0.7529 -0.6562
vn -0.0350 -0.4611 0.8867
vn -0.0494 -0.6733 0.7377
vn -0.0615 -0.8965 -0.4387
vn -0.0688 -0.9724 0.2231
vn -0.2846 -0.9586 0.0057
vn -0.0698 -0.9922 0.1037
vn -0.0681 -0.9617 0.2656
vn -0.3262 -0.9453 0.0055
vn -0.0538 -0.7950 -0.6042
vn 0.1913 -0.9815 0.0070
vn 0.4377 -0.8991 0.0071
vn -0.0446 -0.6025 0.7969
vn 0.2820 -0.9591 0.0253
vn 0.9142 0.4054 -0.0004
vn 0.7105 0.7030 0.0317
vn 0.9126 0.4063 0.0459
vn -0.6072 0.7945 -0.0069
vn 0.3027 0.4557 0.8371
vn 0.2541 0.7402 0.6225
vn 0.1879 0.7431 0.6422
vn 0.2138 0.4601 0.8618
vn 0.4710 0.4437 0.7624
vn 0.3799 0.7310 0.5669
vn 0.6202 0.4322 0.6546
vn 0.4912 0.7227 0.4862
vn 0.7437 0.4227 0.5178
vn 0.5835 0.7156 0.3841
vn 0.8360 0.4155 0.3584
vn 0.6525 0.7099 0.2650
vn 0.8934 0.4102 0.1830
vn 0.6953 0.7061 0.1341
vn 0.0700 0.9975 -0.0065
vn 0.0697 0.9975 -0.0065
vn -0.5901 0.7944 -0.1438
vn -0.5474 0.7905 -0.2748
vn -0.6055 0.7947 -0.0415
vn -0.1490 0.7603 -0.6323
vn -0.0831 0.7537 -0.6519
vn -0.2747 0.7694 -0.5767
vn -0.3861 0.7777 -0.4960
vn -0.4783 0.7849 -0.3939
vn -0.7705 0.5230 -0.3645
vn -0.6781 0.5154 -0.5240
vn -0.8278 0.5282 -0.1891
vn -0.8471 0.5290 -0.0519
vn 0.0305 0.4729 0.8806
vn -0.2371 0.4826 -0.8431
vn -0.1483 0.4743 -0.8678
vn -0.4053 0.4947 -0.7687
vn -0.5546 0.5058 -0.6608
vn -0.5419 0.7183 -0.4363
vn -0.4655 0.7969 -0.3851
vn -0.3753 0.7899 -0.4850
vn -0.4395 0.7104 -0.5497
vn -0.6183 0.7247 -0.3041
vn -0.5329 0.8024 -0.2687
vn -0.6659 0.7289 -0.1587
vn -0.5747 0.8061 -0.1408
vn -0.6827 0.7293 -0.0450
vn -0.5898 0.8065 -0.0407
vn -0.6843 0.7292 -0.0066
vn 0.0456 0.6831 0.7289
vn 0.0516 0.7656 0.6412
vn 0.7793 0.6266 -0.0022
vn -0.1761 0.6911 -0.7010
vn -0.1435 0.7728 -0.6182
vn -0.0791 0.7664 -0.6375
vn -0.1028 0.6838 -0.7224
vn -0.3157 0.7013 -0.6392
vn -0.2664 0.7818 -0.5638
vn -0.2318 0.9130 -0.3356
vn -0.1570 0.9074 -0.3897
vn -0.2938 0.9178 -0.2670
vn -0.3402 0.9216 -0.1870
vn -0.3689 0.9242 -0.0991
vn -0.3796 0.9246 -0.0304
vn 0.0615 0.8966 0.4387
vn 0.5061 0.8625 -0.0045
vn -0.0727 0.9013 -0.4271
vn -0.0284 0.8971 -0.4409
vn -0.0389 0.9803 -0.1935
vn 0.0023 0.9773 -0.2116
vn -0.0753 0.9831 -0.1671
vn -0.1056 0.9854 -0.1337
vn -0.1281 0.9872 -0.0946
vn -0.1422 0.9885 -0.0518
vn -0.1474 0.9889 -0.0183
vn 0.0677 0.9752 0.2106
vn 0.2845 0.9586 -0.0057
vn 0.0238 0.9755 -0.2186
vn 0.0399 0.9943 -0.0987
vn 0.0496 0.9936 -0.1018
vn 0.0215 0.9957 -0.0905
vn 0.0051 0.9969 -0.0786
vn -0.0085 0.9979 -0.0636
vn -0.0186 0.9988 -0.0461
vn -0.0249 0.9993 -0.0269
vn -0.0273 0.9996 -0.0118
vn -0.0271 0.9995 -0.0169
vn 0.0693 0.9934 0.0911
vn 0.1667 0.9860 -0.0062
vn 0.2412 0.7834 0.5728
vn 0.1465 0.9598 0.2394
vn 0.1206 0.9613 0.2476
vn 0.1802 0.7864 0.5908
vn 0.3569 0.7751 0.5213
vn 0.1956 0.9563 0.2175
vn 0.4598 0.7672 0.4473
vn 0.2392 0.9530 0.1860
vn 0.5447 0.7606 0.3533
vn 0.2754 0.9502 0.1460
vn 0.6082 0.7555 0.2434
vn 0.3023 0.9480 0.0994
vn 0.6475 0.7521 0.1229
vn 0.3192 0.9465 0.0481
vn 0.6596 0.7492 0.0604
vn 0.3248 0.9455 0.0216
vn 0.0682 0.9617 -0.2656
vn 0.0570 0.7870 -0.6143
vn 0.0593 0.8675 0.4938
vn 0.0405 0.6129 0.7891
vn -0.3058 0.0152 -0.9520
vn -0.2049 0.0080 -0.9788
vn -0.4965 0.0291 -0.8675
vn -0.6656 0.0418 -0.7451
vn -0.8055 0.0526 -0.5902
vn -0.9103 0.0611 -0.4095
vn -0.9752 0.0669 -0.2109
vn -0.9918 0.0688 -0.1076
vn 0.2809 -0.9587 0.0437
vn 0.2820 -0.9591 0.0255
vn 0.2735 -0.9586 0.0794
vn -0.9752 0.0670 -0.2109
vn 0.2509 -0.9566 0.1484
vn 0.2145 -0.9536 0.2112
vn 0.2048 -0.0080 0.9788
vn 0.0407 -0.9406 0.3370
vn 0.0060 -0.9375 0.3479
vn 0.1071 -0.9455 0.3076
vn 0.1658 -0.9498 0.2651
vn -0.7430 0.0563 0.6669
vn -0.7430 0.0564 0.6669
vn -0.7431 0.0564 0.6668
vn -0.2050 0.0080 -0.9787
vn -0.2050 0.0077 -0.9787
vn 0.9124 -0.0665 -0.4039
vn -0.2048 0.0080 -0.9788
vn -0.4049 -0.9111 0.0773
vn -0.4131 -0.9104 0.0233
vn -0.4121 -0.9102 0.0415
vn -0.3827 -0.9122 0.1465
vn -0.3466 -0.9143 0.2095
vn -0.3466 -0.9143 0.2096
vn -0.2982 -0.9173 0.2637
vn -0.2397 -0.9212 0.3066
vn -0.1735 -0.9256 0.3363
vn -0.1388 -0.9274 0.3475
vn -0.8474 0.5294 0.0405
vn -0.6057 0.7952 0.0277
vn -0.8488 0.5286 -0.0057
vn -0.8287 0.5307 0.1778
vn -0.5910 0.7961 0.1302
vn -0.7721 0.5281 0.3535
vn -0.5487 0.7941 0.2614
vn -0.6806 0.5226 0.5135
vn -0.4803 0.7901 0.3809
vn -0.5579 0.5148 0.6510
vn -0.3887 0.7843 0.4835
vn -0.4092 0.5053 0.7597
vn -0.2777 0.7770 0.5649
vn -0.2413 0.4939 0.8354
vn -0.1522 0.7687 0.6213
vn -0.1527 0.4855 0.8608
vn -0.0864 0.7623 0.6414
vn 0.7120 0.7022 -0.0029
vn 0.0351 0.4613 -0.8866
vn 0.0507 0.7529 0.6561
vn 0.7106 0.7026 -0.0375
vn 0.6960 0.7043 -0.1399
vn 0.6539 0.7064 -0.2711
vn 0.5854 0.7104 -0.3906
vn 0.4937 0.7161 -0.4933
vn 0.3828 0.7234 -0.5746
vn 0.2573 0.7318 -0.6311
vn 0.1912 0.7345 -0.6511
vn 0.2182 0.4484 -0.8668
vn 0.3071 0.4445 -0.8415
vn 0.9129 0.4056 -0.0466
vn 0.8945 0.4075 -0.1839
vn 0.8381 0.4101 -0.3597
vn 0.7465 0.4155 -0.5197
vn 0.6237 0.4234 -0.6571
vn 0.4750 0.4331 -0.7660
vn 0.2750 0.6595 -0.6996
vn 0.2536 0.7449 -0.6170
vn 0.3762 0.7367 -0.5619
vn 0.4142 0.6501 -0.6370
vn 0.2015 0.6626 -0.7214
vn 0.1890 0.7476 -0.6367
vn 0.7780 0.6270 -0.0405
vn 0.6967 0.7165 -0.0368
vn 0.7620 0.6290 -0.1544
vn 0.6823 0.7181 -0.1369
vn 0.7151 0.6314 -0.3000
vn 0.6412 0.7201 -0.2652
vn 0.6394 0.6356 -0.4327
vn 0.5743 0.7241 -0.3820
vn 0.5376 0.6419 -0.5468
vn 0.4846 0.7297 -0.4824
vn 0.2843 0.8765 -0.3884
vn 0.3589 0.8716 -0.3338
vn 0.2002 0.8821 -0.4263
vn 0.1559 0.8842 -0.4403
vn 0.5050 0.8627 -0.0277
vn 0.4947 0.8637 -0.0965
vn 0.4664 0.8651 -0.1846
vn 0.4205 0.8678 -0.2648
vn 0.2127 0.9629 -0.1662
vn 0.2427 0.9610 -0.1326
vn 0.1764 0.9653 -0.1928
vn 0.1353 0.9680 -0.2113
vn 0.1137 0.9692 -0.2183
vn 0.2840 0.9587 -0.0170
vn 0.2788 0.9590 -0.0505
vn 0.2650 0.9597 -0.0934
vn 0.1479 0.9870 -0.0632
vn 0.1579 0.9864 -0.0456
vn 0.1344 0.9878 -0.0783
vn 0.1181 0.9889 -0.0903
vn 0.0997 0.9901 -0.0986
vn 0.0900 0.9907 -0.1017
vn 0.0693 0.9934 0.0908
vn 0.1665 0.9860 -0.0112
vn 0.1641 0.9861 -0.0263
vn 0.1662 0.9859 -0.0164
vn 0.1665 0.9860 -0.0113
vn -0.4983 0.8331 0.2400
vn -0.1679 0.9809 0.0979
vn -0.1843 0.9818 0.0466
vn -0.5369 0.8352 0.1193
vn -0.4352 0.8295 0.3501
vn -0.1410 0.9794 0.1447
vn -0.3510 0.8240 0.4448
vn -0.1052 0.9771 0.1849
vn -0.2485 0.8176 0.5194
vn -0.0618 0.9743 0.2167
vn -0.1330 0.8097 0.5715
vn -0.0127 0.9710 0.2389
vn -0.0724 0.8041 0.5900
vn 0.0130 0.9688 0.2473
vn 0.3262 0.9453 -0.0055
vn 0.0570 0.7869 -0.6145
vn 0.0696 0.9889 -0.1311
vn 0.0681 0.9617 -0.2656
vn 0.0697 0.9889 -0.1312
vn -0.1900 0.9816 0.0200
vn -0.5489 0.8340 0.0567
vn 0.5463 0.8306 -0.1075
vn 0.5563 0.8291 -0.0563
vn 0.8154 0.5545 -0.1662
vn 0.8295 0.5520 -0.0845
vn 0.8154 0.5546 -0.1662
vn 0.9763 -0.0697 -0.2049
vn 0.9924 -0.0702 -0.1015
vn 0.8086 -0.0605 -0.5853
vn 0.6694 -0.0517 -0.7411
vn 0.5010 -0.0407 -0.8645
vn 0.3107 -0.0280 -0.9501
vn 0.2099 -0.0211 -0.9775
vn 0.0350 0.4612 -0.8866
vn -0.8486 0.5289 -0.0057
vn 0.0304 0.4731 0.8805
vn -0.6070 0.7947 -0.0069
vn 0.7119 0.7022 -0.0029
vn 0.0350 0.4610 -0.8867
vn 0.0494 0.6733 -0.7377
vn 0.0550 0.7570 -0.6511
vn 0.0688 0.9723 -0.2233
vn 0.2845 0.9587 -0.0057
vn 0.0698 0.9921 -0.1038
vn 0.0570 0.7869 -0.6144
vn -0.4378 0.8990 -0.0071
vn 0.5589 0.8293 -0.0041
vn 0.0618 0.8608 -0.5052
vn 0.0447 0.6023 -0.7970
vn 0.8338 0.5520 -0.0015
vn 0.9976 -0.0697 0.0030
vn -0.0664 -0.9324 0.3554
vn -0.0482 -0.7188 -0.6936
vn -0.0596 -0.8712 -0.4873
vn -0.0518 -0.7095 0.7028
vn -0.0669 -0.9662 -0.2488
vn -0.0701 -0.9975 0.0064
vn 0.5012 -0.8653 0.0071
vn -0.0564 -0.8299 -0.5551
vn -0.0235 -0.3765 -0.9261
vn -0.0283 -0.3642 0.9309
vn -0.0697 -0.9965 -0.0465
vn -0.0664 -0.9592 -0.2750
vn 0.2134 -0.9769 0.0071
vn -0.7302 -0.6832 0.0027
vn 0.9096 -0.4154 0.0051
vn -0.0063 -0.1323 -0.9912
vn 0.7465 0.6653 -0.0025
vn 0.5525 0.8335 -0.0042
vn 0.0518 0.7094 -0.7029
vn 0.0620 0.8646 -0.4986
vn 0.0621 0.8646 -0.4986
vn -0.6466 0.7628 -0.0068
vn -0.4309 0.9024 -0.0071
vn 0.0482 0.7187 0.6936
vn 0.0595 0.8713 0.4872
vn 0.0595 0.8712 0.4873
vn 0.3218 0.9468 -0.0055
vn 0.0682 0.9629 -0.2611
vn -0.1868 0.9824 -0.0071
vn 0.0669 0.9663 0.2486
vn 0.0494 0.7354 0.6759
vn 0.7301 0.6833 -0.0027
vn 0.0530 0.7263 -0.6854
vn -0.6278 0.7784 -0.0068
vn 0.0701 0.9975 -0.0063
vn 0.0698 0.9975 -0.0066
vn -0.5013 0.8652 -0.0071
vn 0.0565 0.8300 0.5549
vn 0.6172 0.7868 -0.0037
vn 0.0593 0.8225 -0.5656
vn 0.0283 0.3642 -0.9309
vn -0.9003 0.4353 -0.0052
vn 0.0236 0.3767 0.9261
vn 0.9521 0.3059 0.0004
vn 0.0530 0.7263 -0.6853
vn -0.6277 0.7784 -0.0068
vn 0.0495 0.7354 0.6758
vn 0.0697 0.9965 0.0467
vn 0.0664 0.9592 0.2750
vn 0.0664 0.9592 0.2749
vn 0.1228 0.9924 -0.0063
vn 0.3476 0.9376 -0.0054
vn 0.0699 0.9958 -0.0597
vn 0.0678 0.9554 -0.2874
vn 0.0678 0.9554 -0.2873
vn 0.0166 0.9998 -0.0066
vn -0.2134 0.9769 -0.0071
vn -0.6278 0.7783 -0.0068
vn 0.0495 0.7353 0.6759
vn 0.0495 0.7354 0.6759
vn 0.7302 0.6832 -0.0027
vn 0.0269 0.3437 -0.9387
vn -0.9096 0.4154 -0.0051
vn 0.0221 0.3562 0.9341
vn 0.0222 0.3563 0.9341
vn 0.9586 0.2846 0.0006
vn 0.9984 0.0567 0.0022
vn 0.0114 0.1196 -0.9928
vn -0.9808 0.1952 -0.0038
vn 0.0063 0.1329 0.9911
vn -0.0595 -0.8712 -0.4873
vn -0.7465 -0.6653 0.0025
vn -0.5525 -0.8335 0.0041
vn -0.0683 -0.9629 0.2611
vn -0.0564 -0.8299 -0.5550
vn 0.5013 -0.8652 0.0071
vn -0.0593 -0.8225 0.5656
vn -0.6172 -0.7868 0.0037
vn -0.9521 -0.3059 -0.0004
vn -0.0235 -0.3764 -0.9261
vn 0.9003 -0.4353 0.0052
vn -0.0166 -0.9998 0.0066
vn -0.0699 -0.9958 0.0597
vn -0.3475 -0.9377 0.0054
vn -0.0664 -0.9592 -0.2748
vn -0.9586 -0.2846 -0.0006
vn -0.9587 -0.2846 -0.0006
vn -0.0063 -0.1325 -0.9912
vn -0.5137 0.7494 -0.4177
vn -0.3370 0.8934 -0.2971
vn -0.2679 0.8880 -0.3737
vn -0.4159 0.7418 -0.5260
vn -0.5870 0.7554 -0.2912
vn -0.3888 0.8975 -0.2079
vn -0.6325 0.7595 -0.1521
vn -0.4209 0.9005 -0.1098
vn -0.6486 0.7598 -0.0435
vn -0.4328 0.9009 -0.0330
vn 0.5555 0.8315 -0.0041
vn -0.1641 0.7233 -0.6707
vn -0.0903 0.8749 -0.4758
vn -0.0410 0.8701 -0.4911
vn -0.0938 0.7165 -0.6912
vn -0.2974 0.7333 -0.6114
vn -0.1844 0.8818 -0.4341
vn 0.1946 0.9569 0.2156
vn 0.1459 0.9604 0.2374
vn 0.2378 0.9537 0.1843
vn 0.2736 0.9509 0.1447
vn 0.3006 0.9487 0.0985
vn 0.3169 0.9473 0.0476
vn 0.3233 0.9463 0.0079
vn -0.1890 0.9819 -0.0071
vn 0.1202 0.9620 0.2452
vn 0.2597 0.7190 0.6446
vn 0.1912 0.7221 0.6649
vn 0.3897 0.7097 0.5869
vn 0.3898 0.7097 0.5868
vn 0.5051 0.7010 0.5035
vn 0.6006 0.6935 0.3978
vn 0.6006 0.6935 0.3979
vn 0.6721 0.6877 0.2746
vn 0.7164 0.6837 0.1391
vn 0.7163 0.6838 0.1389
vn 0.7320 0.6805 0.0331
vn 0.0527 0.7229 -0.6889
vn -0.6315 0.7754 -0.0068
vn 0.0700 0.9975 -0.0063
vn 0.0697 0.9975 -0.0064
vn -0.5053 0.8629 -0.0071
vn 0.2297 0.8164 0.5298
vn 0.1733 0.8190 0.5470
vn 0.3369 0.8086 0.4823
vn 0.4318 0.8017 0.4133
vn 0.5107 0.7954 0.3265
vn 0.5107 0.7954 0.3264
vn 0.5695 0.7907 0.2248
vn 0.5697 0.7904 0.2251
vn 0.6060 0.7874 0.1131
vn 0.6059 0.7874 0.1133
vn 0.6191 0.7849 0.0259
vn 0.6188 0.7851 0.0257
vn 0.6205 0.7842 -0.0036
vn 0.9516 0.3034 0.0491
vn 0.9516 0.3034 0.0490
vn -0.9016 0.4326 -0.0052
vn 0.3100 0.3548 0.8821
vn 0.3099 0.3548 0.8821
vn 0.2162 0.3601 0.9075
vn 0.4871 0.3423 0.8034
vn 0.4871 0.3424 0.8034
vn 0.6442 0.3302 0.6898
vn 0.6442 0.3303 0.6899
vn 0.7742 0.3205 0.5459
vn 0.7742 0.3201 0.5460
vn 0.8714 0.3127 0.3780
vn 0.8714 0.3127 0.3779
vn 0.9318 0.3072 0.1936
vn 0.9318 0.3072 0.1934
vn 0.7319 0.6806 0.0331
vn 0.7163 0.6838 0.1391
vn 0.7162 0.6838 0.1391
vn 0.2596 0.7190 0.6447
vn 0.1911 0.7222 0.6647
vn 0.3897 0.7097 0.5868
vn 0.6720 0.6878 0.2746
vn 0.6720 0.6878 0.2745
vn 0.1219 0.9925 0.0048
vn 0.3421 0.9382 0.0532
vn 0.3237 0.9398 0.1092
vn 0.1185 0.9928 0.0154
vn 0.1232 0.9924 -0.0035
vn 0.2735 0.9618 0.0140
vn 0.0699 0.9957 -0.0602
vn 0.0678 0.9548 -0.2896
vn 0.0677 0.9548 -0.2896
vn 0.0163 0.9998 -0.0066
vn -0.2156 0.9765 -0.0071
vn -0.2157 0.9764 -0.0071
vn 0.0861 0.9953 0.0443
vn 0.1533 0.9528 0.2622
vn 0.1251 0.9544 0.2711
vn 0.0808 0.9957 0.0460
vn 0.0963 0.9946 0.0398
vn 0.2071 0.9488 0.2384
vn 0.1053 0.9939 0.0333
vn 0.2547 0.9453 0.2039
vn 0.1128 0.9933 0.0250
vn 0.2941 0.9423 0.1601
vn 0.6717 0.6881 0.2744
vn 0.6003 0.6939 0.3976
vn 0.7160 0.6842 0.1390
vn 0.5544 0.8309 0.0479
vn 0.7292 0.6809 0.0688
vn 0.7799 0.6214 0.0750
vn 0.9541 0.2830 0.0986
vn 0.9541 0.2828 0.0986
vn 0.9928 0.0565 0.1057
vn 0.0113 0.1184 -0.9929
vn 0.2050 -0.0080 0.9787
vn 0.4965 -0.0291 0.8675
vn 0.6656 -0.0418 0.7451
vn 0.9918 -0.0688 0.1076
vn 0.9380 0.2864 0.1953
vn 0.9541 0.2829 0.0986
vn 0.9928 0.0567 0.1059
vn 0.9763 0.0594 0.2082
vn 0.0490 0.6672 -0.7433
vn 0.0267 0.3410 -0.9397
vn 0.0677 0.9547 -0.2898
vn 0.0678 0.9547 -0.2897
vn -0.6310 0.7757 -0.0068
vn -0.6311 0.7757 -0.0068
vn 0.2596 0.7194 0.6443
vn 0.1911 0.7224 0.6645
vn 0.3896 0.7099 0.5867
vn 0.5049 0.7012 0.5033
vn 0.7791 0.2997 0.5506
vn 0.6479 0.3099 0.6958
vn 0.8772 0.2918 0.3813
vn 0.9118 0.0652 0.4054
vn 0.8079 0.0736 0.5847
vn 0.6691 0.0843 0.7384
vn 0.5013 0.0967 0.8598
vn 0.4896 0.3218 0.8104
vn 0.3122 0.1104 0.9436
vn 0.3109 0.3348 0.8895
vn 0.2121 0.1169 0.9702
vn 0.2164 0.3399 0.9152
vn -0.9108 0.4129 -0.0051
vn -0.9810 0.1942 -0.0038
vn 0.0696 0.9976 -0.0066
vn 0.0696 0.9975 -0.0067
vn 0.0697 0.9975 -0.0068
vn 0.0698 0.9975 -0.0067
vn -0.2098 0.0211 0.9775
vn 0.8626 -0.0572 0.5026
vn -0.7397 0.0471 -0.6713
vn 0.8625 -0.0572 0.5028
vn 0.8626 -0.0571 0.5026
vn -0.7396 0.0475 -0.6713
vn -0.7397 0.0474 -0.6713
vn 0.8626 -0.0572 0.5027
vn 0.8626 -0.0571 0.5027
vn 0.5843 -0.0357 0.8107
vn -0.7396 0.0474 -0.6714
vn -0.7395 0.0474 -0.6714
vn -0.7395 0.0475 -0.6714
vn 0.9124 -0.0666 -0.4039
vn 0.5842 -0.0357 0.8108
vn 0.5842 -0.0356 0.8108
vn 0.5842 -0.0357 0.8109
vn -0.2050 0.0079 -0.9787
vn -0.2049 0.0080 -0.9787
vn 0.0405 0.6130 0.7890
vn 0.0682 0.9617 -0.2655
vn 0.0697 0.9889 -0.1311
vn 0.1985 0.9799 -0.0197
vn 0.0593 0.8674 0.4940
vn 0.0691 0.9899 0.1235
vn 0.0689 0.9899 0.1236
vn 0.1654 0.8537 -0.4939
vn 0.2091 0.5909 -0.7791
vn 0.2887 0.5877 -0.7558
vn 0.2886 0.5877 -0.7558
vn 0.2152 0.8515 -0.4783
vn 0.4392 0.5778 -0.6880
vn 0.4391 0.5778 -0.6880
vn 0.3099 0.8451 -0.4357
vn 0.5725 0.5689 -0.5905
vn 0.5723 0.5693 -0.5902
vn 0.3937 0.8396 -0.3743
vn 0.6826 0.5619 -0.4672
vn 0.4629 0.8352 -0.2968
vn 0.7646 0.5573 -0.3236
vn 0.5145 0.8322 -0.2066
vn -0.4246 0.8986 -0.1105
vn -0.4349 0.8985 -0.0593
vn -0.7441 0.6621 -0.0893
vn -0.7291 0.6628 -0.1707
vn -0.7289 0.6629 -0.1708
vn -0.3922 0.8957 -0.2094
vn -0.6776 0.6582 -0.3280
vn -0.6775 0.6583 -0.3280
vn -0.5947 0.6515 -0.4711
vn -0.5948 0.6513 -0.4711
vn -0.3401 0.8915 -0.2992
vn -0.4839 0.6429 -0.5937
vn -0.4841 0.6427 -0.5938
vn -0.2705 0.8861 -0.3763
vn -0.3504 0.6327 -0.6907
vn -0.3503 0.6327 -0.6907
vn -0.1864 0.8798 -0.4372
vn -0.1993 0.6219 -0.7573
vn -0.1994 0.6216 -0.7576
vn -0.0915 0.8729 -0.4792
vn -0.1199 0.6140 -0.7801
vn -0.0418 0.8682 -0.4945
vn 0.5589 0.8292 -0.0041
vn 0.0404 0.6130 0.7891
vn -0.0570 -0.8376 -0.5434
vn -0.0683 -0.9647 0.2545
vn -0.0476 -0.7101 -0.7025
vn 0.7377 -0.0561 -0.6728
vn -0.7377 0.0561 0.6728
vn 0.7377 -0.0560 -0.6728
vn -0.7377 0.0560 0.6728
vn 0.9427 -0.0639 0.3275
vn -0.9974 0.0700 0.0154
vn -0.8652 0.0638 0.4974
vn -0.8652 0.0639 0.4974
vn 0.2101 -0.0210 -0.9775
vn 0.3332 -0.0295 -0.9424
vn 0.4082 -0.0345 -0.9123
vn -0.2429 0.0107 -0.9700
vn 0.9495 -0.0685 -0.3062
vn -0.4841 0.0282 -0.8746
vn 0.4841 -0.0282 0.8746
vn 0.8652 -0.0638 -0.4973
vn -0.6875 0.0434 -0.7249
vn 0.6875 -0.0434 0.7249
vn 0.7431 -0.0564 -0.6668
vn -0.8418 0.0555 -0.5370
vn 0.2429 -0.0107 0.9700
vn 0.8418 -0.0555 0.5370
vn -0.9427 0.0639 -0.3275
vn 0.5884 -0.0465 -0.8073
vn 0.9918 -0.0702 -0.1063
vn 0.9730 -0.0696 -0.2199
vn 0.8891 -0.0652 -0.4530
vn 0.8889 -0.0652 -0.4535
vn 0.7163 -0.0547 -0.6956
vn 0.4170 -0.0351 -0.9082
vn 0.2238 -0.0220 -0.9744
vn 0.0699 0.9948 -0.0746
vn 0.0167 0.9981 -0.0599
vn -0.1246 0.9922 -0.0070
vn 0.0164 0.9988 0.0466
vn 0.0696 0.9957 0.0617
vn 0.1227 0.9913 0.0469
vn 0.2618 0.9651 -0.0058
vn 0.1229 0.9906 -0.0595
vn -0.7342 0.0470 -0.6773
vn 0.7342 -0.0470 0.6773
vn 0.0701 0.9975 -0.0066
vn -0.8865 0.0591 -0.4589
vn -0.9719 0.0666 -0.2258
vn -0.9913 0.0687 -0.1124
vn 0.2479 -0.0237 -0.9685
vn 0.0701 0.9975 -0.0064
vn 0.6912 -0.0532 -0.7207
vn -0.8626 0.0572 -0.5026
vn -0.4886 0.0399 0.8716
vn 0.4886 -0.0399 -0.8716
vn -0.9479 0.0644 -0.3119
vn -0.2479 0.0237 0.9685
vn -0.6912 0.0531 0.7207
vn 0.8445 -0.0626 -0.5319
vn -0.7396 0.0474 -0.6713
vn -0.2193 0.0090 -0.9756
vn -0.4123 0.0230 -0.9108
vn 0.0703 0.9975 -0.0065
vn 0.9973 -0.0697 0.0215
vn -0.2047 0.0080 -0.9788
vn -0.3283 0.0169 -0.9444
vn -0.4034 0.0223 -0.9147
vn -0.9443 0.0683 0.3218
vn 0.8626 -0.0573 0.5026
vn -0.7127 0.0454 -0.7000
vn -0.7128 0.0454 -0.6999
vn 0.9443 -0.0683 -0.3218
vn -0.5842 0.0356 -0.8108
vn -0.8445 0.0626 0.5319
vn 0.1447 -0.0166 -0.9893
vn 0.4167 -0.0351 -0.9084
vn 0.6550 -0.0508 -0.7539
vn 0.8406 -0.0624 -0.5381
vn 0.9579 -0.0689 -0.2788
vn 0.9878 -0.0701 -0.1392
vn -0.9870 0.0682 -0.1453
vn -0.9564 0.0651 -0.2846
vn -0.1396 0.0033 -0.9902
vn -0.4120 0.0229 -0.9109
vn -0.8378 0.0551 -0.5432
vn -0.6511 0.0407 -0.7579
vn -0.9976 0.0696 -0.0031
vn -0.9975 0.0703 -0.0031
vn -0.9975 0.0699 -0.0031
vn -0.0327 -0.5045 -0.8628
vn -0.0592 -0.8672 -0.4944
vn -0.0618 -0.8606 0.5056
vn -0.0593 -0.8672 -0.4944
vn -0.0618 -0.8606 0.5055
vn -0.9976 0.0696 -0.0030
vn -0.0372 -0.4929 0.8693
vn -0.0026 0.0066 1.0000
vn 0.0327 0.5045 0.8628
vn 0.0327 0.5046 0.8628
vn 0.0593 0.8672 0.4943
vn 0.0618 0.8605 -0.5057
vn -0.9975 0.0701 -0.0030
vn -0.9976 0.0698 -0.0031
vn 0.0372 0.4930 -0.8692
vn -0.9976 0.0699 -0.0031
vn -0.9976 0.0697 -0.0030
vn 0.0593 0.8673 0.4943
vn 0.0592 0.8673 0.4943
vn 0.0592 0.8672 0.4943
vn -0.9972 0.0659 -0.0350
vn -0.9976 0.0603 -0.0352
vn -0.9976 0.0595 -0.0365
vn -0.9972 0.0656 -0.0357
vn -0.9973 0.0656 -0.0339
vn -0.9969 0.0711 -0.0337
vn 0.0666 0.9629 0.2614
vn 0.0672 0.9692 0.2367
vn 0.0672 0.9693 0.2364
vn 0.0677 0.9761 0.2063
vn 0.0683 0.9832 0.1695
vn 0.0683 0.9831 0.1700
vn -0.9977 0.0573 -0.0366
vn -0.9978 0.0547 -0.0365
vn -0.0667 -0.9629 -0.2614
vn -0.0672 -0.9693 -0.2364
vn -0.0672 -0.9692 -0.2368
vn 0.9959 -0.0850 -0.0304
vn 0.9964 -0.0794 -0.0291
vn 0.9963 -0.0802 -0.0304
vn 0.9968 -0.0738 -0.0290
vn 0.9968 -0.0740 -0.0296
vn 0.9969 -0.0739 -0.0280
vn -0.0662 -0.9570 -0.2824
vn -0.0657 -0.9516 -0.3003
vn 0.9973 -0.0689 -0.0266
vn 0.9973 -0.0686 -0.0276
vn 0.9965 -0.0801 -0.0236
vn 0.9928 -0.1165 -0.0267
vn -0.0655 -0.9489 -0.3086
vn -0.9970 0.0705 -0.0322
vn -0.9978 0.0596 -0.0297
vn -0.9992 0.0230 -0.0327
vn 0.0661 0.9570 0.2824
vn 0.0662 0.9569 0.2827
vn 0.0657 0.9516 0.3003
vn -0.9963 0.0852 -0.0137
vn -0.9988 0.0429 -0.0227
vn -0.9993 0.0334 -0.0144
vn -0.9963 0.0860 -0.0077
vn -0.9934 0.1143 -0.0043
vn 0.0655 0.9489 0.3086
vn 0.9985 -0.0545 -0.0077
vn 0.9986 -0.0537 -0.0017
vn 0.9997 -0.0253 0.0017
vn 0.9943 -0.1063 -0.0083
vn -0.0667 -0.9637 -0.2586
vn -0.0664 -0.9591 -0.2750
vn -0.0652 -0.9442 -0.3228
vn -0.0654 -0.9466 -0.3157
vn 0.9952 -0.0968 -0.0167
vn -0.0675 -0.9726 -0.2225
vn -0.0671 -0.9438 0.3237
vn -0.0624 -0.8707 0.4879
vn -0.0561 -0.7731 0.6318
vn -0.0485 -0.6595 0.7501
vn -0.0403 -0.5389 0.8414
vn -0.0320 -0.4170 0.9083
vn -0.0238 -0.2987 0.9540
vn -0.0162 -0.1885 0.9819
vn -0.0091 -0.0867 0.9962
vn -0.0057 -0.0379 0.9993
vn 0.0105 0.1925 0.9812
vn 0.0079 0.1552 0.9879
vn 0.0021 0.0737 0.9973
vn 0.0021 0.0734 0.9973
vn -0.0047 -0.0243 0.9997
vn -0.0129 -0.1411 0.9899
vn -0.0474 -0.6439 0.7637
vn -0.0475 -0.6439 0.7637
vn -0.0675 -0.9509 0.3022
vn -0.0675 -0.9508 0.3022
vn -0.0692 -0.9802 0.1853
vn -0.0692 -0.9802 0.1854
vn -0.0699 -0.9940 0.0847
vn -0.0699 -0.9940 0.0846
vn -0.0699 -0.9976 -0.0001
vn -0.0699 -0.9976 0.0003
vn -0.0695 -0.9951 -0.0708
vn -0.0689 -0.9891 -0.1302
vn -0.0682 -0.9813 -0.1801
vn 0.0047 0.0242 -0.9997
vn -0.0021 -0.0738 -0.9973
vn -0.0021 -0.0735 -0.9973
vn -0.0079 -0.1552 -0.9879
vn -0.0079 -0.1552 -0.9878
vn -0.0105 -0.1924 -0.9813
vn -0.0223 -0.3581 -0.9334
vn -0.0257 -0.4062 -0.9134
vn -0.0325 -0.5016 -0.8645
vn -0.0394 -0.5973 -0.8010
vn -0.0394 -0.5974 -0.8010
vn -0.0463 -0.6921 -0.7203
vn -0.0463 -0.6917 -0.7207
vn -0.0528 -0.7817 -0.6214
vn -0.0529 -0.7821 -0.6209
vn -0.0589 -0.8632 -0.5015
vn -0.0589 -0.8631 -0.5015
vn -0.0640 -0.9300 -0.3619
vn -0.0640 -0.9300 -0.3618
vn -0.0677 -0.9766 -0.2043
vn -0.0678 -0.9766 -0.2043
vn -0.0697 -0.9970 -0.0325
vn -0.0697 -0.9970 -0.0324
vn -0.0696 -0.9867 0.1469
vn 0.0129 0.1410 -0.9899
vn 0.0222 0.2755 -0.9610
vn 0.0324 0.4223 -0.9059
vn 0.0323 0.4221 -0.9060
vn 0.0425 0.5711 -0.8198
vn 0.0425 0.5710 -0.8198
vn 0.0517 0.7074 -0.7049
vn 0.0517 0.7074 -0.7050
vn 0.0591 0.8181 -0.5720
vn 0.0643 0.8989 -0.4335
vn 0.0675 0.9509 -0.3019
vn 0.0692 0.9802 -0.1853
vn 0.0699 0.9939 -0.0850
vn 0.0699 0.9976 -0.0001
vn 0.0695 0.9951 0.0709
vn 0.0689 0.9891 0.1302
vn 0.0682 0.9813 0.1800
vn 0.0674 0.9726 0.2224
vn 0.0667 0.9637 0.2586
vn 0.0664 0.9591 0.2750
vn 0.0654 0.9466 0.3157
vn 0.0652 0.9442 0.3229
vn 0.9961 -0.0823 -0.0305
vn 0.9955 -0.0896 -0.0303
vn 0.9894 -0.1429 -0.0273
vn -0.0677 -0.9761 -0.2063
vn -0.0683 -0.9831 -0.1698
vn 0.9971 -0.0712 -0.0263
vn -0.0648 -0.9081 0.4136
vn -0.0568 -0.7839 0.6183
vn -0.0428 -0.5757 0.8165
vn -0.0429 -0.5756 0.8166
vn -0.0245 -0.3089 0.9508
vn -0.0064 -0.0482 0.9988
vn 0.0019 0.0702 0.9975
vn -0.0320 -0.4185 0.9077
vn -0.0496 -0.6754 0.7358
vn 0.9973 -0.0734 0.0092
vn 0.9975 -0.0692 0.0101
vn 0.9977 -0.0674 0.0065
vn 0.9979 -0.0639 0.0142
vn 0.9977 -0.0661 0.0154
vn -0.0082 -0.1594 -0.9872
vn -0.0189 -0.3105 -0.9504
vn -0.0189 -0.3104 -0.9504
vn 0.0065 0.0489 -0.9988
vn 0.0245 0.3089 -0.9508
vn 0.0245 0.3090 -0.9507
vn 0.0428 0.5757 -0.8165
vn 0.0568 0.7838 -0.6184
vn 0.0648 0.9081 -0.4137
vn 0.0648 0.9081 -0.4136
vn -0.9995 0.0305 -0.0130
vn -0.9992 0.0396 -0.0052
vn -0.9995 0.0300 -0.0070
vn -0.9998 -0.0039 -0.0203
vn -0.9997 0.0105 -0.0220
vn -0.9988 -0.0428 -0.0254
vn -0.9961 -0.0845 -0.0270
vn -0.9940 -0.1057 -0.0273
vn -0.9990 -0.0307 -0.0318
vn -0.9994 -0.0036 -0.0334
vn -0.9981 0.0500 -0.0364
vn 0.0695 0.9954 0.0657
vn 0.0699 0.9975 -0.0094
vn 0.0699 0.9975 -0.0093
vn 0.0698 0.9916 -0.1090
vn 0.0698 0.9916 -0.1091
vn 0.0685 0.9680 -0.2415
vn 0.9915 -0.1290 -0.0160
vn 0.9940 -0.1092 -0.0069
vn 0.9864 -0.1634 -0.0157
vn 0.9950 -0.1001 0.0008
vn 0.9940 -0.1096 -0.0009
vn 0.9956 -0.0937 0.0064
vn 0.9962 -0.0861 0.0108
vn 0.9965 -0.0832 0.0127
vn 0.9972 -0.0736 0.0151
vn 0.9971 -0.0745 0.0152
vn 0.9832 -0.1816 -0.0194
vn 0.9820 -0.1873 -0.0242
vn -0.9971 0.0685 -0.0323
vn -0.0690 -0.9898 -0.1243
vn -0.0690 -0.9899 -0.1242
vn -0.0695 -0.9954 -0.0654
vn -0.0695 -0.9954 -0.0657
vn -0.0699 -0.9975 0.0096
vn -0.0698 -0.9916 0.1089
vn -0.0685 -0.9680 0.2415
vn -0.9989 0.0459 0.0002
vn -0.9985 0.0536 0.0048
vn -0.9984 0.0565 0.0066
vn -0.9978 0.0662 0.0090
vn -0.9978 0.0652 0.0090
vn -0.9972 0.0737 0.0093
vn -0.9971 0.0752 0.0093
vn -0.9969 0.0788 0.0089
vn -0.9977 0.0671 0.0030
vn -0.9978 0.0665 0.0031
vn -0.9979 0.0646 0.0033
vn -0.9980 0.0639 0.0034
vn -0.9988 0.0493 0.0072
vn -0.9979 0.0648 0.0021
vn -0.0639 -0.8930 0.4454
vn 0.9978 -0.0669 0.0036
vn 0.9975 -0.0699 0.0030
vn 0.9983 -0.0587 0.0048
vn -0.0232 -0.3718 -0.9280
vn -0.9968 0.0803 -0.0031
vn -0.9979 0.0647 0.0021
vn -0.0232 -0.3721 -0.9279
vn 0.9981 -0.0616 0.0078
vn 0.9979 -0.0641 0.0087
vn 0.9983 -0.0587 0.0049
vn -0.0639 -0.8932 0.4451
vn -0.9988 0.0492 0.0073
vn 0.0700 0.9975 -0.0067
vn -0.0698 -0.9975 0.0064
vn -0.9464 0.0642 -0.3165
vn -0.9810 0.0675 -0.1820
vn -0.8235 0.0540 -0.5648
vn -0.4019 0.0222 -0.9154
vn -0.6372 0.0396 -0.7697
vn -0.1358 0.0031 -0.9907
vn -0.0700 -0.9975 0.0063
vn -0.0696 -0.9976 0.0066
vn 0.1409 -0.0163 -0.9899
vn 0.4067 -0.0344 -0.9129
vn 0.4066 -0.0344 -0.9129
vn 0.6411 -0.0499 -0.7658
vn 0.8263 -0.0615 -0.5598
vn 0.9480 -0.0685 -0.3107
vn 0.9819 -0.0700 -0.1759
vn 0.0702 0.9975 -0.0064
vn -0.0581 -0.8044 0.5912
vn 0.0025 -0.0077 -1.0000
vn -0.0593 -0.8681 -0.4928
vn 0.0427 0.6428 0.7649
vn -0.0529 -0.7251 0.6866
vn -0.0261 -0.3326 0.9427
vn 0.0248 0.3949 0.9184
vn -0.9966 0.0736 -0.0357
vn -0.9962 0.0798 -0.0364
vn -0.9963 0.0790 -0.0354
vn -0.9967 0.0735 -0.0352
vn -0.0688 -0.9733 0.2190
vn -0.0692 -0.9807 0.1826
vn -0.0693 -0.9808 0.1823
vn 0.9974 -0.0661 -0.0297
vn 0.9974 -0.0663 -0.0290
vn 0.9977 -0.0606 -0.0295
vn 0.9977 -0.0598 -0.0304
vn -0.0684 -0.9661 0.2490
vn -0.0680 -0.9593 0.2739
vn 0.9971 -0.0715 -0.0275
vn 0.9974 -0.0660 -0.0279
vn 0.9971 -0.0710 -0.0264
vn 0.9979 -0.0600 -0.0237
vn 0.9994 -0.0233 -0.0273
vn 0.9989 -0.0432 -0.0170
vn 0.9963 -0.0854 -0.0075
vn 0.9994 -0.0335 -0.0088
vn 0.9963 -0.0860 -0.0015
vn 0.9934 -0.1143 0.0023
vn 0.0528 0.7816 0.6216
vn 0.0446 0.6698 0.7412
vn 0.0446 0.6694 0.7415
vn -0.9997 0.0253 -0.0037
vn -0.9985 0.0537 -0.0075
vn -0.0173 -0.2880 -0.9575
vn -0.0078 -0.1542 -0.9880
vn 0.0004 -0.0376 -0.9993
vn 0.0072 0.0607 -0.9981
vn 0.0073 0.0602 -0.9982
vn 0.0130 0.1420 -0.9898
vn 0.0155 0.1793 -0.9837
vn 0.0271 0.3459 -0.9379
vn 0.0304 0.3938 -0.9187
vn 0.0370 0.4902 -0.8708
vn 0.0436 0.5868 -0.8086
vn 0.0435 0.5864 -0.8089
vn 0.0501 0.6823 -0.7293
vn 0.0561 0.7736 -0.6312
vn 0.0562 0.7737 -0.6310
vn 0.0615 0.8563 -0.5129
vn 0.0615 0.8563 -0.5128
vn 0.0660 0.9250 -0.3741
vn 0.0689 0.9737 -0.2170
vn 0.0689 0.9737 -0.2169
vn 0.0700 0.9965 -0.0451
vn 0.0699 0.9966 -0.0446
vn 0.0688 0.9885 0.1347
vn 0.0688 0.9885 0.1346
vn 0.0654 0.9480 0.3114
vn 0.0600 0.8772 0.4764
vn 0.0600 0.8773 0.4761
vn -0.0277 -0.4340 -0.9005
vn -0.0383 -0.5819 -0.8124
vn -0.0481 -0.7167 -0.6957
vn -0.0561 -0.8259 -0.5610
vn -0.0621 -0.9047 -0.4216
vn -0.0660 -0.9548 -0.2899
vn -0.0683 -0.9826 -0.1727
vn -0.0683 -0.9826 -0.1726
vn -0.0695 -0.9950 -0.0717
vn -0.0699 -0.9975 0.0129
vn -0.0699 -0.9940 0.0836
vn -0.0696 -0.9873 0.1431
vn -0.0692 -0.9788 0.1930
vn -0.0686 -0.9696 0.2351
vn -0.0681 -0.9602 0.2709
vn -0.0678 -0.9554 0.2875
vn -0.0670 -0.9423 0.3280
vn -0.0669 -0.9398 0.3351
vn -0.0671 -0.9447 0.3210
vn -0.0673 -0.9475 0.3127
vn -0.0676 -0.9531 0.2948
vn -0.9971 0.0685 -0.0327
vn -0.9964 0.0797 -0.0298
vn -0.9971 0.0682 -0.0336
vn -0.9927 0.1161 -0.0333
vn -0.9951 0.0966 -0.0231
vn -0.9984 0.0543 -0.0135
vn -0.9942 0.1062 -0.0149
vn 0.0681 0.9602 -0.2708
vn 0.0678 0.9554 -0.2875
vn 0.0669 0.9398 -0.3352
vn 0.0670 0.9423 -0.3280
vn 0.0671 0.9447 -0.3209
vn 0.0673 0.9475 -0.3127
vn 0.0677 0.9532 -0.2948
vn -0.9967 0.0734 -0.0342
vn 0.0680 0.9594 -0.2739
vn 0.0684 0.9660 -0.2493
vn 0.0684 0.9661 -0.2490
vn -0.9958 0.0844 -0.0367
vn -0.9960 0.0818 -0.0367
vn -0.0697 -0.9882 0.1365
vn -0.0696 -0.9881 0.1368
vn 0.9980 -0.0551 -0.0306
vn 0.9979 -0.0578 -0.0306
vn 0.9983 -0.0505 -0.0306
vn 0.9996 0.0033 -0.0283
vn 0.0689 0.9733 -0.2190
vn -0.9953 0.0891 -0.0367
vn -0.9892 0.1425 -0.0343
vn -0.0699 -0.9944 0.0790
vn -0.0699 -0.9944 0.0788
vn -0.0699 -0.9975 0.0037
vn -0.0699 -0.9975 0.0036
vn 0.9985 0.0482 -0.0257
vn 0.9996 0.0241 -0.0169
vn 0.9973 -0.0691 -0.0263
vn 0.0692 0.9807 -0.1828
vn -0.9970 0.0708 -0.0324
vn -0.9850 0.1693 -0.0331
vn -0.9696 0.2428 -0.0296
vn -0.9831 0.1813 -0.0268
vn -0.9895 0.1430 -0.0213
vn -0.9747 0.2217 -0.0290
vn -0.9914 0.1287 -0.0228
vn -0.9939 0.1091 -0.0135
vn -0.9950 0.1001 -0.0056
vn -0.9940 0.1095 -0.0075
vn -0.9956 0.0937 -0.0000
vn -0.9963 0.0861 0.0046
vn -0.9965 0.0834 0.0065
vn -0.9972 0.0738 0.0088
vn -0.9972 0.0748 0.0089
vn -0.9978 0.0662 0.0094
vn -0.9979 0.0642 0.0083
vn -0.9973 0.0739 0.0036
vn -0.9973 0.0733 0.0031
vn -0.9971 0.0756 0.0032
vn -0.9972 0.0750 0.0020
vn -0.9972 0.0751 0.0020
vn -0.9959 0.0907 0.0070
vn -0.9982 0.0595 -0.0030
vn -0.9982 0.0594 -0.0030
vn -0.9959 0.0906 0.0069
vn 0.0697 0.9976 -0.0063
vn 0.0697 0.9975 -0.0062
vn -0.9464 0.0643 -0.3165
vn -0.9810 0.0676 -0.1820
vn -0.0701 -0.9975 0.0065
vn -0.0697 -0.9975 0.0065
vn 0.0280 0.3597 -0.9327
vn 0.0280 0.3596 -0.9327
vn 0.0279 0.3597 -0.9327
vn 0.0238 0.2977 -0.9544
vn 0.0280 0.3593 -0.9328
vn 0.9974 -0.0724 0.0065
vn 0.9973 -0.0730 0.0037
vn 0.9967 -0.0810 0.0050
vn 0.9975 -0.0704 0.0102
vn 0.9969 -0.0785 0.0049
vn 0.9969 -0.0788 0.0054
vn 0.0617 0.8990 0.4335
vn 0.0616 0.8991 0.4334
vn 0.0617 0.8990 0.4336
vn 0.0458 0.6851 0.7270
vn 0.9977 -0.0665 0.0090
vn 0.9970 -0.0756 0.0143
vn 0.9972 -0.0736 0.0155
vn 0.0132 0.1462 -0.9892
vn -0.0013 -0.0622 -0.9981
vn -0.0013 -0.0619 -0.9981
vn -0.0197 -0.3216 -0.9467
vn -0.0387 -0.5865 -0.8090
vn -0.0386 -0.5866 -0.8090
vn -0.0536 -0.7921 -0.6081
vn -0.0627 -0.9136 -0.4018
vn 0.9992 -0.0397 0.0004
vn 0.9995 -0.0301 -0.0014
vn 0.9995 -0.0305 -0.0074
vn 0.9989 -0.0459 0.0060
vn 0.9985 -0.0536 0.0106
vn 0.9983 -0.0564 0.0125
vn 0.9977 -0.0660 0.0150
vn 0.9978 -0.0651 0.0150
vn 0.0013 0.0622 0.9981
vn 0.0013 0.0621 0.9981
vn -0.0070 -0.0572 0.9983
vn 0.0197 0.3215 0.9467
vn 0.0197 0.3216 0.9467
vn 0.0386 0.5865 0.8090
vn 0.0386 0.5866 0.8090
vn 0.0536 0.7921 0.6080
vn 0.0627 0.9136 0.4018
vn 0.0673 0.9712 0.2288
vn 0.0673 0.9711 0.2289
vn 0.0692 0.9930 0.0961
vn 0.0699 0.9975 -0.0036
vn 0.0699 0.9975 -0.0037
vn 0.0699 0.9945 -0.0783
vn 0.0699 0.9944 -0.0788
vn 0.0696 0.9881 -0.1368
vn 0.0696 0.9881 -0.1371
vn 0.9998 -0.0108 -0.0168
vn -0.0673 -0.9711 -0.2288
vn -0.0692 -0.9930 -0.0960
vn -0.0692 -0.9930 -0.0961
vn 0.9989 0.0425 -0.0208
vn 0.0274 0.4309 0.9020
vn 0.9819 -0.0699 -0.1759
vn 0.9480 -0.0684 -0.3107
vn 0.0698 0.9975 -0.0063
vn 0.0686 0.9696 -0.2349
vn 0.0692 0.9788 -0.1929
vn 0.0696 0.9873 -0.1430
vn 0.0699 0.9940 -0.0837
vn 0.0699 0.9975 -0.0129
vn 0.0695 0.9950 0.0717
vn 0.0683 0.9827 0.1720
vn 0.0684 0.9826 0.1726
vn 0.0660 0.9548 0.2898
vn 0.0435 0.6541 0.7552
vn 0.0436 0.6541 0.7552
vn 0.0078 0.1542 0.9880
vn -0.0004 0.0376 0.9993
vn -0.0072 -0.0600 0.9982
vn -0.0072 -0.0604 0.9982
vn -0.0130 -0.1420 0.9898
vn -0.0156 -0.1793 0.9837
vn 0.0040 0.1000 0.9950
vn 0.0005 0.0513 0.9987
vn 0.0111 0.2017 0.9794
vn 0.0189 0.3117 0.9500
vn 0.0189 0.3118 0.9500
vn 0.0273 0.4291 0.9029
vn 0.0273 0.4291 0.9028
vn 0.0360 0.5501 0.8343
vn 0.0551 0.8122 0.5808
vn -0.0296 -0.3827 0.9234
vn -0.0467 -0.6324 0.7732
vn 0.0494 0.7342 0.6771
vn 0.0213 0.3452 0.9383
vn 0.0026 -0.0057 -1.0000
vn 0.0618 0.8614 -0.5041
vn 0.9864 0.1645 0.0041
vn 0.8451 0.2515 -0.4718
vn 0.4932 0.3293 -0.8052
vn 0.4932 0.3292 -0.8052
vn 0.0295 0.3801 -0.9245
vn 0.0295 0.3804 -0.9244
vn -0.4376 0.3944 -0.8080
vn -0.7989 0.3667 -0.4768
vn 0.0702 0.9975 -0.0065
vn 0.0696 0.9976 -0.0067
vn 0.0696 0.9976 -0.0065
vn 0.8627 0.0911 0.4974
vn 0.5002 0.0544 0.8642
vn 0.2593 0.0459 0.9647
vn 0.9998 0.0199 0.0024
vn 0.0247 0.3924 0.9195
vn -0.9872 0.1592 -0.0036
vn -0.2562 0.0821 0.9631
vn -0.4930 0.1240 0.8612
vn -0.8446 0.2107 0.4922
vn -0.9538 0.3003 -0.0017
vn -0.9538 0.3004 -0.0018
vn 0.9538 -0.3003 0.0072
vn 0.8013 -0.3730 -0.4677
vn 0.8013 -0.3730 -0.4678
vn 0.8420 -0.2041 0.4993
vn -0.0294 -0.3800 0.9245
vn -0.9998 -0.0199 -0.0024
vn -0.5047 -0.0428 0.8622
vn -0.8653 -0.0845 0.4942
vn -0.5046 -0.0428 0.8623
vn -0.9864 -0.1644 0.0013
vn 0.4418 -0.4052 -0.8004
vn -0.0247 -0.3926 -0.9194
vn -0.0247 -0.3922 -0.9196
vn -0.4891 -0.3400 -0.8032
vn -0.4890 -0.3399 -0.8033
vn -0.8426 -0.2578 -0.4727
vn -0.0695 -0.9976 0.0062
vn -0.0695 -0.9976 0.0065
vn 0.9872 -0.1592 0.0036
vn 0.2513 -0.0691 0.9655
vn 0.4885 -0.1124 0.8653
vn -0.0697 -0.9975 0.0066
vn -0.2642 -0.0330 0.9639
vn 0.0696 0.9975 -0.0066
vn -0.9988 0.0495 -0.0029
vn -0.2699 -0.2162 0.9383
vn -0.2698 -0.2162 0.9383
vn 0.9561 -0.1317 0.2616
vn 0.5604 0.1026 -0.8218
vn 0.5605 0.1026 -0.8218
vn 0.5294 -0.1795 0.8292
vn 0.9834 -0.0588 -0.1718
vn -0.9784 0.0809 -0.1900
vn -0.9982 0.0597 -0.0030
vn 0.0032 -0.0002 -1.0000
vn 0.8734 -0.0656 0.4826
vn -0.0698 -0.9975 0.0063
vn -0.0697 -0.9975 0.0063
vn -0.0698 -0.9975 0.0067
vn 0.9654 0.0005 0.2608
vn -0.2362 0.2639 0.9352
vn -0.9959 0.0903 -0.0032
vn -0.9803 0.0538 -0.1899
vn 0.0020 -0.0132 -0.9999
vn -0.9968 0.0802 -0.0031
vn 0.8743 -0.0505 0.4827
vn 0.9818 -0.0810 -0.1717
vn 0.5500 0.1147 0.8273
vn 0.5399 -0.1903 -0.8199
vt 0.025180 0.000000
vt 0.032757 0.000000
vt 0.032757 0.500000
vt 0.025180 0.500000
vt -0.043533 0.010924
vt -0.036909 0.014602
vt -0.034507 0.008786
vt -0.030316 0.004092
vt -0.024808 0.001049
vt -0.018604 0.000000
vt -0.012401 0.001062
vt -0.006900 0.004117
vt -0.002719 0.008820
vt -0.000329 0.014641
vt 0.000000 0.020925
vt -0.001768 0.026964
vt -0.005435 0.032078
vt -0.001964 0.034005
vt -0.043533 0.058005
vt 0.021293 0.000000
vt 0.027586 0.000000
vt 0.027586 0.500000
vt 0.021293 0.500000
vt 0.036909 0.014602
vt 0.043533 0.010924
vt 0.043533 0.058005
vt 0.001964 0.034005
vt 0.005435 0.032078
vt 0.001768 0.026964
vt 0.000329 0.014641
vt 0.002719 0.008820
vt 0.006900 0.004117
vt 0.012401 0.001062
vt 0.018604 0.000000
vt 0.024808 0.001049
vt 0.030316 0.004092
vt 0.034507 0.008786
vt 0.010924 0.000000
vt 0.058005 0.000000
vt 0.058005 0.500000
vt 0.010924 0.500000
vt -0.066703 0.000000
vt -0.018703 0.000000
vt -0.018703 0.500000
vt -0.066703 0.500000
vt -0.014790 0.000000
vt -0.010820 0.000000
vt -0.010820 0.500000
vt -0.014790 0.500000
vt -0.029236 0.000000
vt -0.022944 0.000000
vt -0.022944 0.500000
vt -0.029236 0.500000
vt -0.026374 0.000000
vt -0.020082 0.000000
vt -0.020082 0.500000
vt -0.026374 0.500000
vt -0.020896 0.000000
vt -0.014604 0.000000
vt -0.014604 0.500000
vt -0.020896 0.500000
vt -0.013419 0.000000
vt -0.007126 0.000000
vt -0.007126 0.500000
vt -0.013419 0.500000
vt -0.004785 0.000000
vt 0.001508 0.000000
vt 0.001508 0.500000
vt -0.004785 0.500000
vt 0.004034 0.000000
vt 0.010327 0.000000
vt 0.010327 0.500000
vt 0.004034 0.500000
vt 0.012044 0.000000
vt 0.018336 0.000000
vt 0.018336 0.500000
vt 0.012044 0.500000
vt 0.018343 0.000000
vt 0.024636 0.000000
vt 0.024636 0.500000
vt 0.018343 0.500000
vt 0.022222 0.000000
vt 0.028515 0.000000
vt 0.028515 0.500000
vt 0.022222 0.500000
vt 0.023244 0.000000
vt 0.029536 0.000000
vt 0.029536 0.500000
vt 0.023244 0.500000
vt -3.972020 0.024617
vt -3.988320 0.013889
vt -3.886670 0.013889
vt -3.886670 0.016056
vt -3.893070 0.022462
vt -3.941260 0.022462
vt -3.954270 0.019129
vt -3.962630 0.024617
vt 0.061350 5.720000
vt 0.194444 4.108890
vt 0.072756 5.828530
vt 0.061350 3.994120
vt 1.105320 3.994120
vt 1.093910 5.828530
vt 1.105320 5.720000
vt 1.060190 5.932310
vt 1.005630 6.026810
vt 0.972222 5.720000
vt 0.972222 5.553330
vt 0.972222 4.775560
vt 0.972222 4.636670
vt 0.972222 4.108890
vt 0.625000 4.108890
vt 0.541667 4.108890
vt 0.194444 5.720000
vt 0.194444 4.636670
vt 0.161040 6.026810
vt 0.234058 6.107910
vt 0.202943 5.800850
vt 0.194444 5.553330
vt 0.194444 5.692220
vt 0.194444 4.775560
vt 0.541667 4.636670
vt 0.541667 4.775560
vt 0.844325 6.172050
vt 0.777778 6.056790
vt 0.843551 6.009000
vt 0.744635 6.216440
vt 0.703507 6.089860
vt 0.637895 6.239120
vt 0.625000 6.106540
vt 0.541667 6.106540
vt 0.528771 6.239120
vt 0.463160 6.089860
vt 0.422032 6.216440
vt 0.388889 6.056790
vt 0.323116 6.009000
vt 0.322342 6.172050
vt 0.268716 5.948580
vt 0.228066 5.878180
vt 0.541667 5.692220
vt 0.541667 5.553330
vt 0.625000 4.636670
vt 0.625000 4.775560
vt 0.625000 5.553330
vt 0.625000 5.692220
vt 0.972222 5.692220
vt 0.932609 6.107910
vt 0.897951 5.948580
vt 0.938601 5.878180
vt 0.963724 5.800850
vt 0.106478 5.932310
vt 3.886670 0.016056
vt 3.886670 0.013889
vt 3.988320 0.013889
vt 3.972020 0.024617
vt 3.962630 0.024617
vt 3.954270 0.019129
vt 3.941260 0.022462
vt 3.893070 0.022462
vt -0.055556 4.988970
vt -0.055556 5.032800
vt -0.056649 5.032800
vt -0.056649 4.988970
vt -0.055556 5.055810
vt -0.056649 5.055810
vt 6.000000 0.228740
vt 5.600000 0.228740
vt 5.600000 0.000000
vt 6.000000 0.000000
vt 0.200000 20.591999
vt 0.220859 20.591999
vt 0.241520 20.987000
vt 0.220859 14.378800
vt 0.200000 14.358000
vt 4.000000 14.358000
vt -0.200000 -11.966800
vt -0.200000 -11.896500
vt -4.000000 -11.896500
vt -4.000000 -11.966800
vt -14.358000 0.050000
vt -13.992000 -0.178740
vt -13.992000 0.050000
vt -17.499100 -0.102055
vt -17.499100 -0.026685
vt -20.591999 0.050000
vt -17.960300 -0.026685
vt -18.118099 -0.026685
vt -18.200899 -0.026685
vt -18.200899 -0.102055
vt -20.591999 -0.178740
vt 0.200000 13.992000
vt 0.700000 14.792000
vt 4.000000 13.992000
vt 0.200000 -0.178740
vt 4.000000 -0.178740
vt 4.000000 0.050000
vt 4.000000 0.057800
vt 0.200000 0.057800
vt 0.200000 0.050000
vt 20.591999 0.050000
vt 14.358000 0.050000
vt 13.992000 0.050000
vt 13.992000 -0.178740
vt 20.591999 -0.178740
vt 4.000000 20.591999
vt 3.979140 20.591999
vt 3.958480 20.987000
vt 3.938080 20.982700
vt 3.835740 21.364799
vt 3.816680 21.356300
vt 3.637130 21.708799
vt 3.620260 21.696501
vt 3.371350 22.004000
vt 3.357390 21.988501
vt 3.050000 22.237400
vt 3.039570 22.219400
vt 2.687130 22.399000
vt 2.680690 22.379200
vt 2.298600 22.481600
vt 2.296420 22.460800
vt 1.903580 22.460800
vt 1.901400 22.481600
vt 1.519310 22.379200
vt 1.512870 22.399000
vt 1.160430 22.219400
vt 1.150000 22.237400
vt 0.842609 21.988501
vt 0.828652 22.004000
vt 0.579743 21.696501
vt 0.562868 21.708799
vt 0.383319 21.356300
vt 0.364264 21.364799
vt 0.261923 20.982700
vt 3.979140 14.378800
vt 1.950000 10.623100
vt 1.940990 10.635700
vt 0.709012 10.635700
vt 0.700000 10.623100
vt 16.691999 -1.360900
vt 16.683001 -1.348310
vt 14.801000 -1.348310
vt 14.792000 -1.360900
vt -0.700000 -11.913300
vt -0.709012 -11.900700
vt -1.940990 -11.900700
vt -1.950000 -11.913300
vt -14.792000 0.535978
vt -14.801000 0.548568
vt -16.683001 0.548568
vt -16.691999 0.535978
vt -14.801000 0.700586
vt -14.813200 0.713176
vt -16.670799 0.713176
vt -16.683001 0.700586
vt 1.940990 14.327300
vt 1.928810 14.339900
vt 0.721186 14.339900
vt 0.709012 14.327300
vt 16.683001 -1.861930
vt 16.670799 -1.849340
vt 14.813200 -1.849340
vt 14.801000 -1.861930
vt -0.709012 -16.117201
vt -0.721186 -16.104601
vt -1.928810 -16.104601
vt -1.940990 -16.117201
vt 0.721186 16.136200
vt 0.732732 16.124300
vt 1.917270 16.124300
vt 1.928810 16.136200
vt 14.813200 -0.681577
vt 14.824700 -0.693517
vt 16.659300 -0.693517
vt 16.670799 -0.681577
vt -1.928810 -14.308300
vt -1.917270 -14.320300
vt -0.732732 -14.320300
vt -0.721186 -14.308300
vt -16.670799 1.880930
vt -16.659300 1.868990
vt -14.824700 1.868990
vt -14.813200 1.880930
vt -16.659300 1.444700
vt -16.649599 1.431540
vt -16.641899 1.420940
vt -14.842100 1.420940
vt -14.834400 1.431540
vt -14.824700 1.444700
vt 0.732732 12.244500
vt 0.742373 12.231400
vt 0.750138 12.220800
vt 1.899860 12.220800
vt 1.907630 12.231400
vt 1.917270 12.244500
vt 14.824700 -0.496660
vt 14.834400 -0.509820
vt 14.842100 -0.520420
vt 16.641899 -0.520420
vt 16.649599 -0.509820
vt 16.659300 -0.496660
vt -1.907630 -10.833500
vt -1.899860 -10.844000
vt -0.750138 -10.844000
vt -0.742373 -10.833500
vt -0.732732 -10.820300
vt -1.917270 -10.820300
vt 0.758615 14.850600
vt 0.750138 14.842100
vt 1.899860 14.842100
vt 0.750138 16.641899
vt 0.758615 16.633400
vt 1.899860 16.641899
vt 1.891380 16.633400
vt 0.758615 13.798300
vt 0.763447 13.792500
vt 1.886550 13.792500
vt 1.891380 13.798300
vt 14.850600 -0.604236
vt 14.855400 -0.610071
vt 16.628599 -0.610071
vt 16.633400 -0.604236
vt -1.891380 -12.274000
vt -1.886550 -12.279800
vt -0.763447 -12.279800
vt -0.758615 -12.274000
vt -16.633400 1.590270
vt -16.628599 1.584430
vt -14.855400 1.584430
vt -14.850600 1.590270
vt -16.628599 0.737624
vt -16.622801 0.722029
vt -14.861200 0.722029
vt -14.855400 0.737624
vt 0.763447 6.214930
vt 0.769241 6.199340
vt 1.880760 6.199340
vt 1.886550 6.214930
vt 14.855400 -0.246969
vt 14.861200 -0.262564
vt 16.622801 -0.262564
vt 16.628599 -0.246969
vt -1.886550 -5.482770
vt -1.880760 -5.498370
vt -0.769241 -5.498370
vt -0.763447 -5.482770
vt -1.880760 -10.870100
vt -1.868440 -10.886900
vt -0.781563 -10.886900
vt -0.769241 -10.870100
vt -16.622801 1.394860
vt -16.610399 1.378040
vt -14.873600 1.378040
vt -14.861200 1.394860
vt 0.769241 12.194700
vt 0.781563 12.177900
vt 1.868440 12.177900
vt 1.880760 12.194700
vt 14.861200 -0.546496
vt 14.873600 -0.563315
vt 16.610399 -0.563315
vt 16.622801 -0.546496
vt 14.873600 -0.779734
vt 14.887300 -0.793520
vt 16.596701 -0.793520
vt 16.610399 -0.779734
vt -1.868440 -14.851800
vt -1.854670 -14.865600
vt -0.795329 -14.865600
vt -0.781563 -14.851800
vt -16.610399 1.866520
vt -16.596701 1.852730
vt -14.887300 1.852730
vt -14.873600 1.866520
vt 0.781563 16.587700
vt 0.795329 16.573900
vt 1.854670 16.573900
vt 1.868440 16.587700
vt 0.795329 14.435100
vt 0.807313 14.421300
vt 1.842690 14.421300
vt 1.854670 14.435100
vt 14.887300 -0.685089
vt 14.899300 -0.698874
vt 16.584700 -0.698874
vt 16.596701 -0.685089
vt -1.854670 -12.936300
vt -1.842690 -12.950100
vt -0.807313 -12.950100
vt -0.795329 -12.936300
vt -16.596701 1.618760
vt -16.584700 1.604980
vt -14.899300 1.604980
vt -14.887300 1.618760
vt -16.584700 1.030670
vt -16.577000 1.016880
vt -14.907000 1.016880
vt -14.899300 1.030670
vt 0.807313 9.236120
vt 0.814986 9.222340
vt 1.835010 9.222340
vt 1.842690 9.236120
vt 14.899300 -0.444334
vt 14.907000 -0.458120
vt 16.577000 -0.458120
vt 16.584700 -0.444334
vt -1.842690 -8.288000
vt -1.835010 -8.301780
vt -0.814986 -8.301780
vt -0.807313 -8.288000
vt -0.816727 -1.902000
vt -0.814986 -1.888220
vt -1.835010 -1.888220
vt -1.833270 -1.902000
vt 14.907000 -0.108305
vt 14.908700 -0.122090
vt 16.575300 -0.122090
vt 16.577000 -0.108305
vt 14.908700 -0.019085
vt 14.908700 -0.100000
vt 16.575300 -0.100000
vt 16.575300 -0.019085
vt -1.833270 -0.019085
vt -1.833270 -0.100000
vt -0.816727 -0.100000
vt -0.816727 -0.019085
vt -16.575300 -0.019085
vt -16.575300 -0.100000
vt -14.908700 -0.100000
vt -14.908700 -0.019085
vt 0.816727 -0.019085
vt 0.816727 -0.100000
vt 1.833270 -0.100000
vt 1.833270 -0.019085
vt 1.833270 2.074630
vt 1.835010 2.088420
vt 0.814986 2.088420
vt 0.816727 2.074630
vt -14.907000 0.226407
vt -16.577000 0.226407
vt -16.575300 0.212622
vt -14.908700 0.212622
vt 1.891380 14.850600
vt 20.844999 -1.002470
vt 20.844101 -0.989942
vt 20.552799 -0.989942
vt 20.552401 -1.002470
vt 20.379400 -4.067580
vt 20.378500 -4.055050
vt 20.087700 -4.055050
vt 20.086800 -4.067580
vt 19.029499 -6.996740
vt 19.028601 -6.984210
vt 18.737801 -6.984210
vt 18.736900 -6.996740
vt 16.854401 -9.661930
vt 16.853399 -9.649400
vt 16.562599 -9.649400
vt 16.561701 -9.661930
vt 13.948900 -11.946700
vt 13.948000 -11.934100
vt 13.657200 -11.934100
vt 13.656300 -11.946700
vt 10.440300 -13.751100
vt 10.439400 -13.738600
vt 10.148600 -13.738600
vt 10.147600 -13.751100
vt 6.478030 -14.996400
vt 6.467000 -14.983800
vt 6.190030 -14.983800
vt 6.189090 -14.996400
vt -20.492001 -1.354230
vt -20.500900 -1.341700
vt -21.972500 -1.341700
vt -21.983601 -1.354230
vt -0.700000 14.635000
vt -0.708926 14.647500
vt -1.941070 14.647500
vt -1.950000 14.635000
vt 20.591999 0.533813
vt 20.591499 0.546342
vt 20.500900 0.546342
vt 20.492001 0.533813
vt 20.591499 0.700209
vt 20.590900 0.712688
vt 20.513000 0.712688
vt 20.500900 0.700209
vt 20.844101 -1.383580
vt 20.842800 -1.371110
vt 20.553499 -1.371110
vt 20.552799 -1.383580
vt 20.378500 -5.541060
vt 20.377199 -5.528580
vt 20.089001 -5.528580
vt 20.087700 -5.541060
vt 19.028601 -9.514130
vt 19.027300 -9.501650
vt 18.739100 -9.501650
vt 18.737801 -9.514130
vt 16.853399 -13.129200
vt 16.852100 -13.116700
vt 16.563900 -13.116700
vt 16.562599 -13.129200
vt 13.948000 -16.228100
vt 13.946700 -16.215700
vt 13.658500 -16.215700
vt 13.657200 -16.228100
vt 10.439400 -18.675699
vt 10.438100 -18.663200
vt 10.149800 -18.663200
vt 10.148600 -18.675699
vt 6.467000 -20.364700
vt 6.452110 -20.352200
vt 6.191290 -20.352200
vt 6.190030 -20.364700
vt -20.500900 -1.860700
vt -20.513000 -1.848220
vt -21.957600 -1.848220
vt -21.972500 -1.860700
vt -0.708926 19.826799
vt -0.720985 19.839300
vt -1.929010 19.839300
vt -1.941070 19.826799
vt 0.720985 -19.807400
vt 0.732422 -19.819300
vt 1.917580 -19.819300
vt 1.929010 -19.807400
vt -20.590900 -0.680806
vt -20.590300 -0.692640
vt -20.524401 -0.692640
vt -20.513000 -0.680806
vt -20.842800 1.402990
vt -20.841600 1.391150
vt -20.554100 1.391150
vt -20.553499 1.402990
vt -20.377199 5.560460
vt -20.375999 5.548630
vt -20.090200 5.548630
vt -20.089001 5.560460
vt -19.027300 9.533530
vt -19.026100 9.521700
vt -18.740299 9.521700
vt -18.739100 9.533530
vt -16.852100 13.148600
vt -16.850901 13.136700
vt -16.565100 13.136700
vt -16.563900 13.148600
vt -13.946700 16.247499
vt -13.945500 16.235701
vt -13.659700 16.235701
vt -13.658500 16.247499
vt -10.438100 18.695101
vt -10.436900 18.683201
vt -10.151000 18.683201
vt -10.149800 18.695101
vt -6.452110 20.384100
vt -6.437990 20.372299
vt -6.192500 20.372299
vt -6.191290 20.384100
vt 20.513000 1.880100
vt 20.524401 1.868270
vt 21.943501 1.868270
vt 21.957600 1.880100
vt 20.534000 1.425810
vt 20.541700 1.415270
vt 21.922199 1.415270
vt 21.931700 1.425810
vt 21.943501 1.438910
vt 20.524401 1.438910
vt 0.732422 -14.929000
vt 0.741971 -14.942100
vt 0.749662 -14.952600
vt 1.900340 -14.952600
vt 1.908030 -14.942100
vt 1.917580 -14.929000
vt -20.590300 -0.493850
vt -20.589800 -0.506943
vt -20.589399 -0.517489
vt -20.541700 -0.517489
vt -20.534000 -0.506943
vt -20.524401 -0.493850
vt -20.840599 1.065730
vt -20.839800 1.055180
vt -20.555000 1.055180
vt -20.554600 1.065730
vt -20.554100 1.078820
vt -20.841600 1.078820
vt -20.375000 4.203430
vt -20.374201 4.192890
vt -20.091999 4.192890
vt -20.091200 4.203430
vt -20.090200 4.216520
vt -20.375999 4.216520
vt -19.026100 7.215060
vt -19.025101 7.201970
vt -19.024300 7.191420
vt -18.742100 7.191420
vt -18.741301 7.201970
vt -18.740299 7.215060
vt -16.849899 9.930280
vt -16.849100 9.919730
vt -16.566900 9.919730
vt -16.566099 9.930280
vt -16.565100 9.943370
vt -16.850901 9.943370
vt -13.945500 12.282200
vt -13.944500 12.269100
vt -13.943700 12.258600
vt -13.661500 12.258600
vt -13.660700 12.269100
vt -13.659700 12.282200
vt -10.436900 14.129400
vt -10.435900 14.116300
vt -10.435100 14.105800
vt -10.152800 14.105800
vt -10.152000 14.116300
vt -10.151000 14.129400
vt -6.437990 15.404200
vt -6.426200 15.391100
vt -6.416700 15.380500
vt -6.194310 15.380500
vt -6.193500 15.391100
vt -6.192500 15.404200
vt -1.685420 21.868000
vt -1.682810 21.875999
vt -1.900340 21.922199
vt -1.429190 21.753901
vt -1.424970 21.761200
vt -1.202280 21.589001
vt -1.196630 21.595301
vt -1.014610 21.380600
vt -1.007780 21.385500
vt -0.874368 21.137699
vt -0.866655 21.141100
vt -0.787696 20.870899
vt -0.779438 20.872700
vt -0.758059 20.589001
vt -0.749662 20.589399
vt -0.758059 20.550100
vt -0.749662 20.541700
vt -1.900340 20.541700
vt -1.891940 20.550100
vt 0.758059 -16.942400
vt 0.762845 -16.948200
vt 1.887150 -16.948200
vt 1.891940 -16.942400
vt -20.589001 -0.601728
vt -20.588699 -0.607525
vt -20.554800 -0.607525
vt -20.550100 -0.601728
vt -20.838900 1.178540
vt -20.838400 1.172750
vt -20.555700 1.172750
vt -20.555401 1.178540
vt -20.373301 4.730450
vt -20.372801 4.724650
vt -20.093399 4.724650
vt -20.092899 4.730450
vt -19.023399 8.124810
vt -19.022900 8.119010
vt -18.743500 8.119010
vt -18.743000 8.124810
vt -16.848301 11.213300
vt -16.847700 11.207500
vt -16.568300 11.207500
vt -16.567801 11.213300
vt -13.942800 13.860900
vt -13.942300 13.855100
vt -13.662900 13.855100
vt -13.662400 13.860900
vt -10.434200 15.951900
vt -10.433700 15.946100
vt -10.154200 15.946100
vt -10.153700 15.951900
vt -6.406330 17.394899
vt -6.400420 17.389099
vt -6.195690 17.389099
vt -6.195190 17.394899
vt 20.550100 1.586160
vt 20.554800 1.580370
vt 21.905899 1.580370
vt 21.911900 1.586160
vt 20.554800 0.732149
vt 20.560600 0.716574
vt 21.898899 0.716574
vt 21.905899 0.732149
vt 0.762845 -7.537710
vt 0.768584 -7.553280
vt 1.881420 -7.553280
vt 1.887150 -7.537710
vt -20.588699 -0.244374
vt -20.588400 -0.259949
vt -20.560600 -0.259949
vt -20.554800 -0.244374
vt -20.838400 0.550215
vt -20.837799 0.534640
vt -20.556000 0.534640
vt -20.555700 0.550215
vt -20.372801 2.135540
vt -20.372200 2.119960
vt -20.094000 2.119960
vt -20.093399 2.135540
vt -19.022900 3.650540
vt -19.022301 3.634970
vt -18.744101 3.634970
vt -18.743500 3.650540
vt -16.847700 5.029020
vt -16.847099 5.013450
vt -16.568899 5.013450
vt -16.568300 5.029020
vt -13.942300 6.210720
vt -13.941700 6.195150
vt -13.663500 6.195150
vt -13.662900 6.210720
vt -10.433700 7.144000
vt -10.433100 7.128430
vt -10.154800 7.128430
vt -10.154200 7.144000
vt -6.400420 7.788070
vt -6.393330 7.772500
vt -6.196300 7.772500
vt -6.195690 7.788070
vt -6.393330 15.354600
vt -6.378260 15.337800
vt -6.197580 15.337800
vt -6.196300 15.354600
vt 20.560600 1.389320
vt 20.572800 1.372590
vt 21.883801 1.372590
vt 21.898899 1.389320
vt 0.768584 -14.978600
vt 0.780789 -14.995300
vt 1.869210 -14.995300
vt 1.881420 -14.978600
vt -20.588400 -0.543433
vt -20.587799 -0.560167
vt -20.572800 -0.560167
vt -20.560600 -0.543433
vt -20.837799 1.029240
vt -20.836599 1.012500
vt -20.556601 1.012500
vt -20.556000 1.029240
vt -20.372200 4.166940
vt -20.370899 4.150210
vt -20.095200 4.150210
vt -20.094000 4.166940
vt -19.022301 7.165480
vt -19.021000 7.148740
vt -18.745300 7.148740
vt -18.744101 7.165480
vt -16.847099 9.893790
vt -16.845900 9.877060
vt -16.570200 9.877060
vt -16.568899 9.893790
vt -13.941700 12.232600
vt -13.940500 12.215900
vt -13.664800 12.215900
vt -13.663500 12.232600
vt -10.433100 14.079800
vt -10.431800 14.063100
vt -10.156100 14.063100
vt -10.154800 14.079800
vt -10.431800 19.242100
vt -10.430400 19.228399
vt -10.157600 19.228399
vt -10.156100 19.242100
vt -6.378260 20.987400
vt -6.361420 20.973700
vt -6.199010 20.973700
vt -6.197580 20.987400
vt 20.572800 1.867240
vt 20.586399 1.853590
vt 21.866899 1.853590
vt 21.883801 1.867240
vt 0.780789 -20.542400
vt 0.794424 -20.556000
vt 1.855580 -20.556000
vt 1.869210 -20.542400
vt -20.587799 -0.778933
vt -20.587099 -0.792588
vt -20.586399 -0.792588
vt -20.572800 -0.778933
vt -20.836599 1.374240
vt -20.835100 1.360590
vt -20.557301 1.360590
vt -20.556601 1.374240
vt -20.370899 5.670140
vt -20.369499 5.656490
vt -20.096701 5.656490
vt -20.095200 5.670140
vt -19.021000 9.775500
vt -19.019600 9.761840
vt -18.746799 9.761840
vt -18.745300 9.775500
vt -16.845900 13.510900
vt -16.844400 13.497200
vt -16.571600 13.497200
vt -16.570200 13.510900
vt -13.940500 16.713100
vt -13.939000 16.699400
vt -13.666200 16.699400
vt -13.664800 16.713100
vt -13.939000 14.510800
vt -13.937800 14.497100
vt -13.667400 14.497100
vt -13.666200 14.510800
vt -10.430400 16.707500
vt -10.429100 16.693800
vt -10.158800 16.693800
vt -10.157600 16.707500
vt -6.361420 18.223400
vt -6.346760 18.209700
vt -6.200260 18.209700
vt -6.199010 18.223400
vt 20.586399 1.615810
vt 20.598301 1.602130
vt 21.852301 1.602130
vt 21.866899 1.615810
vt 0.794424 -17.849001
vt 0.795020 -17.849701
vt 0.807542 -17.862700
vt 1.843710 -17.862700
vt 1.855580 -17.849001
vt 0.806295 -17.862700
vt 0.813895 -11.398400
vt 0.815983 -11.398400
vt 0.807542 -11.384600
vt 0.806295 -11.384600
vt 0.815620 -2.597500
vt 0.817898 -2.597500
vt 0.815983 -2.583720
vt 0.813895 -2.583720
vt 0.815620 -0.019085
vt 0.815620 -0.092540
vt 0.817898 -0.100000
vt 0.817898 -0.019085
vt -20.832899 -0.100000
vt -20.580200 -0.100000
vt -20.580200 -0.019085
vt -20.832899 -0.019085
vt -10.428200 -0.019085
vt -10.428200 -0.100000
vt -10.159800 -0.100000
vt -10.159800 -0.019085
vt -6.210330 -0.100000
vt -6.210330 -0.019085
vt -6.344060 -0.100000
vt -1.834380 -7.205330
vt -1.834100 -7.205330
vt -1.703300 -7.119760
vt -6.335250 -0.019085
vt -6.335250 -0.100000
vt -6.201240 -0.019085
vt 20.607599 -0.019085
vt 20.607599 -0.100000
vt 21.840799 -0.100000
vt 21.840799 -0.019085
vt 1.834380 -0.019085
vt 1.750100 -0.100000
vt 1.750100 -0.080315
vt 1.834100 -0.080315
vt 1.834100 -0.100000
vt 1.834380 -0.100000
vt 1.836110 -2.583720
vt 1.834380 -2.597500
vt 1.843710 -11.384600
vt 1.836110 -11.398400
vt -20.833099 0.737756
vt -20.578300 0.737756
vt -20.569901 0.751501
vt -20.833900 0.751501
vt -20.832899 0.148818
vt -20.580200 0.148818
vt -20.578300 0.162601
vt -20.833099 0.162601
vt -20.098900 0.687127
vt -20.098700 0.700910
vt -20.367500 0.700910
vt -20.367300 0.687127
vt -20.368299 3.130320
vt -20.367500 3.116570
vt -20.098700 3.116570
vt -20.097900 3.130320
vt -19.018400 5.403620
vt -19.017599 5.389870
vt -18.748800 5.389870
vt -18.747999 5.403620
vt -16.843201 7.472060
vt -16.842400 7.458310
vt -16.573601 7.458310
vt -16.572800 7.472060
vt -13.937800 9.245230
vt -13.937000 9.231480
vt -13.668200 9.231480
vt -13.667400 9.245230
vt -10.429100 10.645600
vt -10.428300 10.631900
vt -10.159600 10.631900
vt -10.158800 10.645600
vt -6.346760 11.612100
vt -6.337380 11.598300
vt -6.201060 11.598300
vt -6.200260 11.612100
vt 20.598301 1.024500
vt 20.605900 1.010750
vt 21.842899 1.010750
vt 21.852301 1.024500
vt 20.605900 0.224378
vt 20.607599 0.210595
vt 21.840799 0.210595
vt 21.842899 0.224378
vt -6.201240 2.606490
vt -6.201060 2.620270
vt -6.337380 2.620270
vt -6.335250 2.606490
vt -10.159800 2.387790
vt -10.159600 2.401570
vt -10.428300 2.401570
vt -10.428200 2.387790
vt -13.668400 2.070890
vt -13.668200 2.084670
vt -13.937000 2.084670
vt -13.936800 2.070890
vt -16.573799 1.669630
vt -16.573601 1.683410
vt -16.842400 1.683410
vt -16.842199 1.669630
vt -18.749001 1.201560
vt -18.748800 1.215340
vt -19.017599 1.215340
vt -19.017401 1.201560
vt -19.017401 -0.019085
vt -19.017401 -0.100000
vt -18.749001 -0.100000
vt -18.749001 -0.019085
vt -16.842199 -0.019085
vt -16.842199 -0.100000
vt -16.573799 -0.100000
vt -16.573799 -0.019085
vt -13.936800 -0.019085
vt -13.936800 -0.100000
vt -13.668400 -0.100000
vt -13.668400 -0.019085
vt -20.367300 -0.019085
vt -20.367300 -0.100000
vt -20.098900 -0.100000
vt -20.098900 -0.019085
vt -16.844400 11.729400
vt -16.843201 11.715700
vt -16.572800 11.715700
vt -16.571600 11.729400
vt -19.019600 8.484870
vt -19.018400 8.471180
vt -18.747999 8.471180
vt -18.746799 8.484870
vt -20.369499 4.918980
vt -20.368299 4.905300
vt -20.097900 4.905300
vt -20.096701 4.918980
vt -20.833900 1.173910
vt -20.569901 1.173910
vt -20.557301 1.186910
vt -20.557301 1.187590
vt -20.835100 1.187590
vt -1.891940 21.911900
vt 16.691999 0.050000
vt 14.792000 0.050000
vt 14.792000 -0.131496
vt 16.691999 -0.131496
vt 1.950000 0.050000
vt 0.700000 0.050000
vt 0.700000 -0.131496
vt 1.950000 -0.131496
vt 14.792000 -0.178740
vt 16.691999 -0.178740
vt -16.565300 0.728739
vt -16.691999 0.593480
vt -14.792000 0.593480
vt -14.918700 0.728739
vt -1.823260 -15.567800
vt -1.950000 -15.703100
vt -0.700000 -15.703100
vt -0.826740 -15.567800
vt 14.918700 -1.754350
vt 14.792000 -1.889610
vt 16.691999 -1.889610
vt 16.565300 -1.754350
vt 0.826740 13.933200
vt 0.700000 13.797900
vt 1.669690 13.797900
vt 1.950000 13.797900
vt 1.823260 13.933200
vt 0.700000 -0.178740
vt 1.669690 -0.178740
vt 1.950000 -0.178740
vt 1.669690 14.792000
vt 1.950000 14.792000
vt 2.250000 14.792000
vt 2.653690 14.792000
vt 3.500000 14.792000
vt 3.500000 16.691999
vt 3.500000 17.191999
vt 3.500000 19.992001
vt 3.500000 20.591999
vt 0.400000 0.228740
vt -0.000000 0.228740
vt -0.000000 0.000000
vt 0.400000 0.000000
vt 0.800000 0.228740
vt 0.800000 0.000000
vt 1.200000 0.228740
vt 1.200000 0.000000
vt 1.600000 0.228740
vt 1.600000 0.000000
vt 3.378960 21.161400
vt 3.232620 21.414900
vt 3.036780 21.632401
vt 2.800000 21.804399
vt 2.532620 21.923500
vt 2.250000 21.983601
vt 1.950000 21.983601
vt 1.667380 21.923500
vt 1.400000 21.804399
vt 1.163220 21.632401
vt 0.967376 21.414900
vt 0.821036 21.161400
vt 0.730593 20.883101
vt 0.700000 20.591999
vt 5.200000 0.228740
vt 5.200000 0.000000
vt 4.800000 0.228740
vt 4.800000 0.000000
vt 4.400000 0.228740
vt 4.400000 0.000000
vt 4.000000 0.228740
vt 4.000000 0.000000
vt 3.600000 0.228740
vt 3.600000 0.000000
vt 3.200000 0.228740
vt 3.200000 0.000000
vt 2.800000 0.228740
vt 2.800000 0.000000
vt 2.400000 0.228740
vt 2.400000 0.000000
vt 2.000000 0.228740
vt 2.000000 0.000000
vt 0.700000 16.691999
vt -16.691999 -0.485713
vt -16.686001 -0.498536
vt -14.798000 -0.498536
vt -14.792000 -0.485713
vt -1.950000 7.658200
vt -1.944000 7.645380
vt -0.706004 7.645380
vt -0.700000 7.658200
vt 14.792000 0.755166
vt 14.798000 0.742343
vt 16.686001 0.742343
vt 16.691999 0.755166
vt 0.700000 -7.084380
vt 0.706004 -7.097200
vt 1.944000 -7.097200
vt 1.950000 -7.084380
vt 1.669690 -7.084380
vt 0.706004 -13.910500
vt 0.718000 -13.923300
vt 1.932000 -13.923300
vt 1.944000 -13.910500
vt -16.686001 -0.727621
vt -16.674000 -0.740444
vt -14.810000 -0.740444
vt -14.798000 -0.727621
vt -1.944000 15.542400
vt -1.932000 15.529600
vt -0.718000 15.529600
vt -0.706004 15.542400
vt 14.798000 1.751420
vt 14.810000 1.738600
vt 16.674000 1.738600
vt 16.686001 1.751420
vt -14.810000 -1.876130
vt -14.822000 -1.863300
vt -16.662001 -1.863300
vt -16.674000 -1.876130
vt -0.718000 13.785800
vt -0.729996 13.798600
vt -1.920000 13.798600
vt -1.932000 13.785800
vt 16.674000 0.602916
vt 16.662001 0.615739
vt 14.822000 0.615739
vt 14.810000 0.602916
vt 1.932000 -15.667100
vt 1.920000 -15.654300
vt 0.729996 -15.654300
vt 0.718000 -15.667100
vt 1.920000 -7.970030
vt 1.914000 -7.957210
vt 0.736000 -7.957210
vt 0.729996 -7.970030
vt -14.822000 -1.067000
vt -14.828000 -1.054180
vt -16.656000 -1.054180
vt -16.662001 -1.067000
vt -0.729996 6.772550
vt -0.736000 6.785370
vt -1.914000 6.785370
vt -1.920000 6.772550
vt 16.662001 0.173880
vt 16.656000 0.186703
vt 14.828000 0.186703
vt 14.822000 0.173880
vt 16.656000 0.369021
vt 16.643600 0.387312
vt 14.840400 0.387312
vt 14.828000 0.369021
vt 1.914000 -11.449700
vt 1.901570 -11.431400
vt 0.748430 -11.431400
vt 0.736000 -11.449700
vt -14.828000 -1.431790
vt -14.840400 -1.413500
vt -16.643600 -1.413500
vt -16.656000 -1.431790
vt -0.736000 9.945260
vt -0.748430 9.963550
vt -1.901570 9.963550
vt -1.914000 9.945260
vt -0.748430 12.309500
vt -0.763713 12.327800
vt -1.886290 12.327800
vt -1.901570 12.309500
vt 16.643600 0.534549
vt 16.628300 0.552840
vt 14.855700 0.552840
vt 14.840400 0.534549
vt 1.901570 -13.997800
vt 1.886290 -13.979500
vt 0.763713 -13.979500
vt 0.748430 -13.997800
vt -14.840400 -1.679730
vt -14.855700 -1.661440
vt -16.628300 -1.661440
vt -16.643600 -1.679730
vt -14.855700 -1.830290
vt -14.873000 -1.812000
vt -16.611000 -1.812000
vt -16.628300 -1.830290
vt -0.763713 13.955700
vt -0.780960 13.974000
vt -1.869040 13.974000
vt -1.886290 13.955700
vt 16.628300 0.668382
vt 16.611000 0.686673
vt 14.873000 0.686673
vt 14.855700 0.668382
vt 1.886290 -15.730500
vt 1.869040 -15.712200
vt 0.780960 -15.712200
vt 0.763713 -15.730500
vt 1.869040 -16.546600
vt 1.850840 -16.528299
vt 0.799164 -16.528299
vt 0.780960 -16.546600
vt -14.873000 -1.874680
vt -14.891200 -1.856390
vt -16.592800 -1.856390
vt -16.611000 -1.874680
vt -0.780960 14.787700
vt -0.799164 14.806000
vt -1.850840 14.806000
vt -1.869040 14.787700
vt 16.611000 0.762719
vt 16.592800 0.781010
vt 14.891200 0.781010
vt 14.873000 0.762719
vt -16.592800 -0.723566
vt -16.583200 -0.735748
vt -14.900800 -0.735748
vt -14.891200 -0.723566
vt -1.850840 13.069200
vt -1.841180 13.057000
vt -0.808825 13.057000
vt -0.799164 13.069200
vt 14.891200 1.378020
vt 14.900800 1.365830
vt 16.583200 1.365830
vt 16.592800 1.378020
vt 0.799164 -11.899200
vt 0.808825 -11.911400
vt 1.841180 -11.911400
vt 1.850840 -11.899200
vt -0.808825 14.754200
vt -0.820903 14.766400
vt -1.829100 14.766400
vt -1.841180 14.754200
vt 16.583200 0.781826
vt 16.571100 0.794008
vt 14.912900 0.794008
vt 14.900800 0.781826
vt 1.841180 -16.462500
vt 1.829100 -16.450300
vt 0.820903 -16.450300
vt 0.808825 -16.462500
vt -14.900800 -1.845670
vt -14.912900 -1.833490
vt -16.571100 -1.833490
vt -16.583200 -1.845670
vt -14.917400 -1.228370
vt -14.918700 -1.226150
vt -16.565300 -1.226150
vt -16.566601 -1.228370
vt -16.571100 -1.235730
vt -14.912900 -1.235730
vt -0.820903 8.962780
vt -0.825387 8.970140
vt -0.826740 8.972360
vt -1.823260 8.972360
vt -1.824610 8.970140
vt -1.829100 8.962780
vt 16.566601 0.385895
vt 16.565300 0.388117
vt 14.918700 0.388117
vt 14.917400 0.385895
vt 14.912900 0.378536
vt 16.571100 0.378536
vt 1.829100 -10.215900
vt 1.824610 -10.208600
vt 1.823260 -10.206300
vt 0.826740 -10.206300
vt 0.825387 -10.208600
vt 0.820903 -10.215900
vt 1.823260 -0.145637
vt 1.823260 -0.131496
vt 0.826740 -0.131496
vt 0.826740 -0.145637
vt -14.918700 -0.145637
vt -14.918700 -0.131496
vt -16.565300 -0.131496
vt -16.565300 -0.145637
vt -0.826740 -0.145637
vt -0.826740 -0.131496
vt -1.823260 -0.131496
vt -1.823260 -0.145637
vt 16.565300 -0.145637
vt 16.565300 -0.131496
vt 14.918700 -0.131496
vt 14.918700 -0.145637
vt 1.950000 16.691999
vt 1.950000 17.191999
vt 1.950000 19.992001
vt 1.950000 20.492001
vt 2.250000 16.691999
vt -16.691999 -0.178740
vt -14.792000 -0.178740
vt -14.792000 -0.131496
vt -16.691999 -0.131496
vt 14.792000 -1.211510
vt 14.798000 -1.224330
vt 16.686001 -1.224330
vt 16.691999 -1.211510
vt -3.500000 -7.084380
vt -3.494000 -7.097200
vt -2.256000 -7.097200
vt -2.250000 -7.084380
vt -2.653690 -7.084380
vt -16.691999 1.480960
vt -16.686001 1.468140
vt -14.798000 1.468140
vt -14.792000 1.480960
vt 2.250000 7.658200
vt 2.256000 7.645380
vt 3.494000 7.645380
vt 3.500000 7.658200
vt 2.256000 15.542400
vt 2.268000 15.529600
vt 3.482000 15.529600
vt 3.494000 15.542400
vt 14.798000 -2.177630
vt 14.810000 -2.190450
vt 16.674000 -2.190450
vt 16.686001 -2.177630
vt -3.494000 -13.910500
vt -3.482000 -13.923300
vt -2.268000 -13.923300
vt -2.256000 -13.910500
vt -16.686001 3.201430
vt -16.674000 3.188600
vt -14.810000 3.188600
vt -14.798000 3.201430
vt 16.674000 -3.326130
vt 16.662001 -3.313310
vt 14.822000 -3.313310
vt 14.810000 -3.326130
vt -2.268000 -15.667100
vt -2.280000 -15.654300
vt -3.470000 -15.654300
vt -3.482000 -15.667100
vt -14.810000 2.052920
vt -14.822000 2.065740
vt -16.662001 2.065740
vt -16.674000 2.052920
vt 3.482000 13.785800
vt 3.470000 13.798600
vt 2.280000 13.798600
vt 2.268000 13.785800
vt 3.470000 6.772550
vt 3.464000 6.785370
vt 2.286000 6.785370
vt 2.280000 6.772550
vt 16.662001 -1.792800
vt 16.656000 -1.779970
vt 14.828000 -1.779970
vt 14.822000 -1.792800
vt -2.280000 -7.970030
vt -2.286000 -7.957210
vt -3.464000 -7.957210
vt -3.470000 -7.970030
vt -14.822000 0.899677
vt -14.828000 0.912500
vt -16.656000 0.912500
vt -16.662001 0.899677
vt -14.828000 1.422330
vt -14.840400 1.440620
vt -16.643600 1.440620
vt -16.656000 1.422330
vt 3.464000 9.945260
vt 3.451570 9.963550
vt 2.298430 9.963550
vt 2.286000 9.945260
vt 16.656000 -2.485090
vt 16.643600 -2.466800
vt 14.840400 -2.466800
vt 14.828000 -2.485090
vt -2.286000 -11.449700
vt -2.298430 -11.431400
vt -3.451570 -11.431400
vt -3.464000 -11.449700
vt -2.298430 -13.997800
vt -2.313710 -13.979500
vt -3.436290 -13.979500
vt -3.451570 -13.997800
vt -14.840400 1.829700
vt -14.855700 1.847990
vt -16.628300 1.847990
vt -16.643600 1.829700
vt 3.451570 12.309500
vt 3.436290 12.327800
vt 2.313710 12.327800
vt 2.298430 12.309500
vt 16.643600 -2.974880
vt 16.628300 -2.956590
vt 14.855700 -2.956590
vt 14.840400 -2.974880
vt 16.628300 -3.291780
vt 16.611000 -3.273490
vt 14.873000 -3.273490
vt 14.855700 -3.291780
vt -2.313710 -15.730500
vt -2.330960 -15.712200
vt -3.419040 -15.712200
vt -3.436290 -15.730500
vt -14.855700 2.129870
vt -14.873000 2.148160
vt -16.611000 2.148160
vt -16.628300 2.129870
vt 3.436290 13.955700
vt 3.419040 13.974000
vt 2.330960 13.974000
vt 2.313710 13.955700
vt 3.419040 14.787700
vt 3.400840 14.806000
vt 2.349160 14.806000
vt 2.330960 14.787700
vt 16.611000 -3.417320
vt 16.592800 -3.399030
vt 14.891200 -3.399030
vt 14.873000 -3.417320
vt -2.330960 -16.546600
vt -2.349160 -16.528299
vt -3.400840 -16.528299
vt -3.419040 -16.546600
vt -14.873000 2.305350
vt -14.891200 2.323640
vt -16.592800 2.323640
vt -16.611000 2.305350
vt 14.891200 -1.952790
vt 14.900800 -1.964970
vt 16.583200 -1.964970
vt 16.592800 -1.952790
vt -3.400840 -11.899200
vt -3.391180 -11.911400
vt -2.358820 -11.911400
vt -2.349160 -11.899200
vt -16.592800 2.607240
vt -16.583200 2.595060
vt -14.900800 2.595060
vt -14.891200 2.607240
vt 2.349160 13.069200
vt 2.358820 13.057000
vt 3.391180 13.057000
vt 3.400840 13.069200
vt -2.358820 -16.462500
vt -2.370900 -16.450300
vt -3.379100 -16.450300
vt -3.391180 -16.462500
vt -14.900800 2.318670
vt -14.912900 2.330850
vt -16.571100 2.330850
vt -16.583200 2.318670
vt 3.391180 14.754200
vt 3.379100 14.766400
vt 2.370900 14.766400
vt 2.358820 14.754200
vt 16.583200 -3.382520
vt 16.571100 -3.370330
vt 14.912900 -3.370330
vt 14.900800 -3.382520
vt 16.571100 -2.179920
vt 16.566601 -2.172560
vt 16.565300 -2.170340
vt 14.918700 -2.170340
vt 14.917400 -2.172560
vt 14.912900 -2.179920
vt -2.370900 -10.215900
vt -2.375390 -10.208600
vt -2.376740 -10.206300
vt -3.373260 -10.206300
vt -3.374610 -10.208600
vt -3.379100 -10.215900
vt -14.912900 1.322730
vt -14.917400 1.330090
vt -14.918700 1.332310
vt -16.565300 1.332310
vt -16.566601 1.330090
vt -16.571100 1.322730
vt 3.379100 8.962780
vt 3.374610 8.970140
vt 3.373260 8.972360
vt 2.376740 8.972360
vt 2.375390 8.970140
vt 2.370900 8.962780
vt 3.373260 -0.145637
vt 3.373260 -0.131496
vt 2.376740 -0.131496
vt 2.376740 -0.145637
vt -2.376740 -0.145637
vt -2.376740 -0.131496
vt -3.373260 -0.131496
vt -3.373260 -0.145637
vt 14.918700 2.181110
vt 14.792000 2.045860
vt 16.691999 2.045860
vt 16.565300 2.181110
vt -3.373260 13.933200
vt -3.500000 13.797900
vt -2.653690 13.797900
vt -2.250000 13.797900
vt -2.376740 13.933200
vt -16.565300 -3.206730
vt -16.691999 -3.341990
vt -14.792000 -3.341990
vt -14.918700 -3.206730
vt 2.376740 -15.567800
vt 2.250000 -15.703100
vt 3.500000 -15.703100
vt 3.373260 -15.567800
vt -3.500000 -0.178740
vt -2.250000 -0.178740
vt -2.250000 -0.131496
vt -3.500000 -0.131496
vt 2.250000 17.191999
vt 2.625040 17.191999
vt -3.500000 -8.208190
vt -3.494000 -8.221020
vt -2.256000 -8.221020
vt -2.250000 -8.208190
vt -2.625040 -8.208190
vt -19.992001 1.480960
vt -19.986000 1.468140
vt -17.198000 1.468140
vt -17.191999 1.480960
vt 2.250000 9.203440
vt 2.256000 9.190620
vt 3.494000 9.190620
vt 3.500000 9.203440
vt 17.191999 -1.211510
vt 17.198000 -1.224330
vt 19.986000 -1.224330
vt 19.992001 -1.211510
vt 17.198000 -2.177630
vt 17.209999 -2.190450
vt 19.974001 -2.190450
vt 19.986000 -2.177630
vt -3.494000 -16.155701
vt -3.482000 -16.168501
vt -2.268000 -16.168501
vt -2.256000 -16.155701
vt -19.986000 3.201430
vt -19.974001 3.188600
vt -17.209999 3.188600
vt -17.198000 3.201430
vt 2.256000 18.629499
vt 2.268000 18.616699
vt 3.482000 18.616699
vt 3.494000 18.629499
vt -2.268000 -18.754200
vt -2.280000 -18.741400
vt -3.470000 -18.741400
vt -3.482000 -18.754200
vt -17.209999 2.052920
vt -17.222000 2.065740
vt -19.962000 2.065740
vt -19.974001 2.052920
vt 3.482000 16.031000
vt 3.470000 16.043800
vt 2.280000 16.043800
vt 2.268000 16.031000
vt 19.974001 -3.326130
vt 19.962000 -3.313310
vt 17.222000 -3.313310
vt 17.209999 -3.326130
vt 19.962000 -1.792800
vt 19.955999 -1.779970
vt 17.228001 -1.779970
vt 17.222000 -1.792800
vt -2.280000 -9.515280
vt -2.286000 -9.502450
vt -3.464000 -9.502450
vt -3.470000 -9.515280
vt -17.222000 0.899677
vt -17.228001 0.912500
vt -19.955999 0.912500
vt -19.962000 0.899677
vt 3.470000 7.896360
vt 3.464000 7.909180
vt 2.286000 7.909180
vt 2.280000 7.896360
vt 3.464000 11.576200
vt 3.451570 11.594500
vt 2.298430 11.594500
vt 2.286000 11.576200
vt 19.955999 -2.485090
vt 19.943600 -2.466800
vt 17.240400 -2.466800
vt 17.228001 -2.485090
vt -2.286000 -13.692300
vt -2.298430 -13.674000
vt -3.451570 -13.674000
vt -3.464000 -13.692300
vt -17.228001 1.422330
vt -17.240400 1.440620
vt -19.943600 1.440620
vt -19.955999 1.422330
vt -17.240400 1.829700
vt -17.255699 1.847990
vt -19.928301 1.847990
vt -19.943600 1.829700
vt 3.451570 14.314900
vt 3.436290 14.333200
vt 2.313710 14.333200
vt 2.298430 14.314900
vt 19.943600 -2.974880
vt 19.928301 -2.956590
vt 17.255699 -2.956590
vt 17.240400 -2.974880
vt -2.298430 -16.755199
vt -2.313710 -16.736900
vt -3.436290 -16.736900
vt -3.451570 -16.755199
vt -2.313710 -18.841999
vt -2.330960 -18.823700
vt -3.419040 -18.823700
vt -3.436290 -18.841999
vt -17.255699 2.129870
vt -17.273001 2.148160
vt -19.910999 2.148160
vt -19.928301 2.129870
vt 3.436290 16.218599
vt 3.419040 16.236900
vt 2.330960 16.236900
vt 2.313710 16.218599
vt 19.928301 -3.291780
vt 19.910999 -3.273490
vt 17.273001 -3.273490
vt 17.255699 -3.291780
vt 19.910999 -3.417320
vt 19.892799 -3.399030
vt 17.291201 -3.399030
vt 17.273001 -3.417320
vt -2.330960 -19.830900
vt -2.349160 -19.812599
vt -3.400840 -19.812599
vt -3.419040 -19.830900
vt -17.273001 2.305350
vt -17.291201 2.323640
vt -19.892799 2.323640
vt -19.910999 2.305350
vt 3.419040 17.176300
vt 3.400840 17.194599
vt 2.349160 17.194599
vt 2.330960 17.176300
vt -3.400840 -13.802500
vt -3.391180 -13.814700
vt -2.358820 -13.814700
vt -2.349160 -13.802500
vt -19.892799 2.607240
vt -19.883200 2.595060
vt -17.300800 2.595060
vt -17.291201 2.607240
vt 2.349160 15.686200
vt 2.358820 15.674000
vt 3.391180 15.674000
vt 3.400840 15.686200
vt 17.291201 -1.952790
vt 17.300800 -1.964970
vt 19.883200 -1.964970
vt 19.892799 -1.952790
vt -17.300800 2.318670
vt -17.312901 2.330850
vt -19.871099 2.330850
vt -19.883200 2.318670
vt 3.391180 17.133801
vt 3.379100 17.146000
vt 2.370900 17.146000
vt 2.358820 17.133801
vt 19.883200 -3.382520
vt 19.871099 -3.370330
vt 17.312901 -3.370330
vt 17.300800 -3.382520
vt -2.358820 -19.734501
vt -2.370900 -19.722300
vt -3.379100 -19.722300
vt -3.391180 -19.734501
vt -2.370900 -12.226100
vt -2.375390 -12.218800
vt -2.376740 -12.216600
vt -3.373260 -12.216600
vt -3.374610 -12.218800
vt -3.379100 -12.226100
vt -17.312901 1.322730
vt -17.317400 1.330090
vt -17.318701 1.332310
vt -19.865299 1.332310
vt -19.866600 1.330090
vt -19.871099 1.322730
vt 3.374610 10.432100
vt 3.373260 10.434300
vt 2.376740 10.434300
vt 2.375390 10.432100
vt 2.370900 10.424800
vt 3.379100 10.424800
vt 19.866600 -2.172560
vt 19.865299 -2.170340
vt 17.318701 -2.170340
vt 17.317400 -2.172560
vt 17.312901 -2.179920
vt 19.871099 -2.179920
vt 19.865299 -0.145637
vt 19.865299 -0.131496
vt 17.318701 -0.131496
vt 17.318701 -0.145637
vt -17.318701 -0.145637
vt -17.318701 -0.131496
vt -19.865299 -0.131496
vt -19.865299 -0.145637
vt -3.373260 16.181999
vt -3.500000 16.046801
vt -2.625040 16.046801
vt -2.250000 16.046801
vt -2.376740 16.181999
vt -19.865299 -3.206730
vt -19.992001 -3.341990
vt -17.191999 -3.341990
vt -17.318701 -3.206730
vt 2.376740 -18.660000
vt 2.250000 -18.795300
vt 3.500000 -18.795300
vt 3.373260 -18.660000
vt 17.318701 2.181110
vt 17.191999 2.045860
vt 19.992001 2.045860
vt 19.865299 2.181110
vt -19.992001 -0.178740
vt -17.191999 -0.178740
vt -17.191999 -0.131496
vt -19.992001 -0.131496
vt 2.250000 19.992001
vt 2.250000 20.492001
vt 2.625040 20.492001
vt 3.500000 20.492001
vt -20.492001 -0.178740
vt -20.492001 -0.131496
vt -20.591999 -0.131496
vt 20.492001 -3.341990
vt 20.591999 -3.341990
vt 20.587000 -3.240580
vt 20.492001 1.480960
vt 20.497999 1.468140
vt 20.591700 1.468140
vt 20.591999 1.480960
vt 2.250000 -9.753440
vt 2.256000 -9.766260
vt 3.494000 -9.766260
vt 3.500000 -9.753440
vt 2.625040 -9.753440
vt -21.983601 -1.211510
vt -21.976101 -1.224330
vt -20.497999 -1.224330
vt -20.492001 -1.211510
vt 2.080870 10.130100
vt 2.081500 10.117300
vt 2.362390 10.117300
vt 2.369810 10.130100
vt 6.310740 9.702700
vt 6.311370 9.689880
vt 6.602780 9.689880
vt 6.603420 9.702700
vt 10.258400 8.872840
vt 10.259000 8.860010
vt 10.550400 8.860010
vt 10.551100 8.872840
vt 13.751300 7.676780
vt 13.752000 7.663950
vt 14.043400 7.663950
vt 14.044000 7.676780
vt 16.636900 6.166800
vt 16.637501 6.153970
vt 16.928900 6.153970
vt 16.929501 6.166800
vt 18.788900 4.408890
vt 18.789499 4.396070
vt 19.080900 4.396070
vt 19.081600 4.408890
vt 20.113300 2.479880
vt 20.113701 2.467060
vt 20.405399 2.467060
vt 20.406000 2.479880
vt 20.113701 5.197080
vt 20.114300 5.184260
vt 20.404100 5.184260
vt 20.405399 5.197080
vt 20.497999 3.201430
vt 20.510000 3.188600
vt 20.591101 3.188600
vt 20.591700 3.201430
vt 2.256000 -19.242800
vt 2.268000 -19.255600
vt 3.482000 -19.255600
vt 3.494000 -19.242800
vt -21.976101 -2.177630
vt -21.961300 -2.190450
vt -20.510000 -2.190450
vt -20.497999 -2.177630
vt 2.081500 20.480801
vt 2.082760 20.468000
vt 2.347580 20.468000
vt 2.362390 20.480801
vt 6.311370 19.626900
vt 6.312630 19.614100
vt 6.601520 19.614100
vt 6.602780 19.626900
vt 10.259000 17.969000
vt 10.260300 17.956200
vt 10.549200 17.956200
vt 10.550400 17.969000
vt 13.752000 15.579500
vt 13.753200 15.566700
vt 14.042100 15.566700
vt 14.043400 15.579500
vt 16.637501 12.562800
vt 16.638700 12.550000
vt 16.927601 12.550000
vt 16.928900 12.562800
vt 18.789499 9.050870
vt 18.790800 9.038050
vt 19.079700 9.038050
vt 19.080900 9.050870
vt -18.790800 -9.175570
vt -18.792000 -9.162750
vt -19.078400 -9.162750
vt -19.079700 -9.175570
vt -20.114300 -5.321790
vt -20.114901 -5.308960
vt -20.402901 -5.308960
vt -20.404100 -5.321790
vt -20.510000 -3.326130
vt -20.521999 -3.313310
vt -20.590401 -3.313310
vt -20.591101 -3.326130
vt -2.268000 19.118099
vt -2.280000 19.130899
vt -3.470000 19.130899
vt -3.482000 19.118099
vt 21.961300 2.052920
vt 21.946501 2.065740
vt 20.521999 2.065740
vt 20.510000 2.052920
vt -2.082760 -20.605499
vt -2.084020 -20.592699
vt -2.332760 -20.592699
vt -2.347580 -20.605499
vt -6.312630 -19.751600
vt -6.313890 -19.738800
vt -6.600260 -19.738800
vt -6.601520 -19.751600
vt -10.260300 -18.093700
vt -10.261600 -18.080900
vt -10.547900 -18.080900
vt -10.549200 -18.093700
vt -13.753200 -15.704200
vt -13.754500 -15.691400
vt -14.040900 -15.691400
vt -14.042100 -15.704200
vt -16.638700 -12.687500
vt -16.639999 -12.674700
vt -16.926399 -12.674700
vt -16.927601 -12.687500
vt -16.639999 -6.478630
vt -16.640600 -6.465810
vt -16.925800 -6.465810
vt -16.926399 -6.478630
vt -18.792000 -4.720720
vt -18.792700 -4.707900
vt -19.077801 -4.707900
vt -19.078400 -4.720720
vt -20.114901 -2.791720
vt -20.115200 -2.778890
vt -20.402201 -2.778890
vt -20.402901 -2.791720
vt -20.521999 -1.792800
vt -20.528000 -1.779970
vt -20.590099 -1.779970
vt -20.590401 -1.792800
vt -2.280000 9.441610
vt -2.286000 9.454430
vt -3.464000 9.454430
vt -3.470000 9.441610
vt 21.946501 0.899677
vt 21.939100 0.912500
vt 20.528000 0.912500
vt 20.521999 0.899677
vt -2.084020 -10.441900
vt -2.084650 -10.429100
vt -2.325350 -10.429100
vt -2.332760 -10.441900
vt -6.313890 -10.014500
vt -6.314520 -10.001700
vt -6.599630 -10.001700
vt -6.600260 -10.014500
vt -10.261600 -9.184670
vt -10.262200 -9.171850
vt -10.547300 -9.171850
vt -10.547900 -9.184670
vt -13.754500 -7.988610
vt -13.755100 -7.975790
vt -14.040200 -7.975790
vt -14.040900 -7.988610
vt -13.755100 -11.476700
vt -13.756400 -11.458400
vt -14.038900 -11.458400
vt -14.040200 -11.476700
vt -16.640600 -9.285350
vt -16.641899 -9.267060
vt -16.924400 -9.267060
vt -16.925800 -9.285350
vt -18.792700 -6.734210
vt -18.794001 -6.715920
vt -19.076500 -6.715920
vt -19.077801 -6.734210
vt -20.115200 -3.934770
vt -20.115900 -3.916470
vt -20.400900 -3.916470
vt -20.402201 -3.934770
vt -20.528000 -2.485090
vt -20.540400 -2.466800
vt -20.589500 -2.466800
vt -20.590099 -2.485090
vt -2.286000 13.818700
vt -2.298430 13.837000
vt -3.451570 13.837000
vt -3.464000 13.818700
vt 21.939100 1.422330
vt 21.923700 1.440620
vt 20.540400 1.440620
vt 20.528000 1.422330
vt -2.084650 -15.037100
vt -2.085960 -15.018800
vt -2.310000 -15.018800
vt -2.325350 -15.037100
vt -6.314520 -14.416800
vt -6.315830 -14.398500
vt -6.598330 -14.398500
vt -6.599630 -14.416800
vt -10.262200 -13.212500
vt -10.263500 -13.194200
vt -10.546000 -13.194200
vt -10.547300 -13.212500
vt -10.263500 -16.165300
vt -10.265100 -16.146999
vt -10.544400 -16.146999
vt -10.546000 -16.165300
vt -13.756400 -14.031000
vt -13.758000 -14.012700
vt -14.037300 -14.012700
vt -14.038900 -14.031000
vt -16.641899 -11.336500
vt -16.643600 -11.318200
vt -16.922800 -11.318200
vt -16.924400 -11.336500
vt -18.794001 -8.199610
vt -18.795601 -8.181320
vt -19.074900 -8.181320
vt -19.076500 -8.199610
vt -20.115900 -4.757400
vt -20.116699 -4.739110
vt -20.399300 -4.739110
vt -20.400900 -4.757400
vt -20.540400 -2.974880
vt -20.555700 -2.956590
vt -20.588699 -2.956590
vt -20.589500 -2.974880
vt -2.298430 17.072300
vt -2.313710 17.090599
vt -3.436290 17.090599
vt -3.451570 17.072300
vt 21.923700 1.829700
vt 21.904900 1.847990
vt 20.555700 1.847990
vt 20.540400 1.829700
vt -2.085960 -18.408800
vt -2.087560 -18.390499
vt -2.291130 -18.390499
vt -2.310000 -18.408800
vt -6.315830 -17.646099
vt -6.317430 -17.627800
vt -6.596720 -17.627800
vt -6.598330 -17.646099
vt -6.317430 -19.847300
vt -6.319240 -19.829000
vt -6.594910 -19.829000
vt -6.596720 -19.847300
vt -10.265100 -18.176300
vt -10.266900 -18.158001
vt -10.542600 -18.158001
vt -10.544400 -18.176300
vt -13.758000 -15.767900
vt -13.759800 -15.749600
vt -14.035500 -15.749600
vt -14.037300 -15.767900
vt -16.643600 -12.727300
vt -16.645399 -12.709000
vt -16.921000 -12.709000
vt -16.922800 -12.727300
vt -18.795601 -9.187540
vt -18.797400 -9.169250
vt -19.073099 -9.169250
vt -19.074900 -9.187540
vt -20.116699 -5.303240
vt -20.117599 -5.284950
vt -20.397499 -5.284950
vt -20.399300 -5.303240
vt -20.555700 -3.291780
vt -20.573000 -3.273490
vt -20.587799 -3.273490
vt -20.588699 -3.291780
vt -2.313710 19.330200
vt -2.330960 19.348499
vt -3.419040 19.348499
vt -3.436290 19.330200
vt 21.904900 2.129870
vt 21.883600 2.148160
vt 20.573000 2.148160
vt 20.555700 2.129870
vt -2.087560 -20.708000
vt -2.089380 -20.689699
vt -2.269830 -20.689699
vt -2.291130 -20.708000
vt -2.089380 -21.800501
vt -2.091290 -21.782200
vt -2.247350 -21.782200
vt -2.269830 -21.800501
vt -6.319240 -20.892099
vt -6.321160 -20.873800
vt -6.592990 -20.873800
vt -6.594910 -20.892099
vt -10.266900 -19.128201
vt -10.268800 -19.109900
vt -10.540700 -19.109900
vt -10.542600 -19.128201
vt -13.759800 -16.586100
vt -13.761700 -16.567801
vt -14.033600 -16.567801
vt -14.035500 -16.586100
vt -16.645399 -13.376700
vt -16.647301 -13.358400
vt -16.919100 -13.358400
vt -16.921000 -13.376700
vt -18.797400 -9.640420
vt -18.799299 -9.622130
vt -19.071100 -9.622130
vt -19.073099 -9.640420
vt -20.117599 -5.540450
vt -20.118299 -5.526320
vt -20.118500 -5.522160
vt -20.122900 -5.522160
vt -20.395599 -5.522160
vt -20.397499 -5.540450
vt -20.587799 -3.417320
vt -20.573000 -3.417320
vt -20.587000 -3.403190
vt -2.330960 20.460600
vt -2.349160 20.478901
vt -3.400380 20.478901
vt -3.400840 20.478901
vt -3.404980 20.474800
vt -3.419040 20.460600
vt 21.883600 2.305350
vt 21.861099 2.323640
vt 20.591200 2.323640
vt 20.573000 2.305350
vt -21.861099 -1.952790
vt -21.849199 -1.964970
vt -20.600800 -1.964970
vt -20.591200 -1.952790
vt 2.091290 17.255600
vt 2.092310 17.243401
vt 2.235420 17.243401
vt 2.247350 17.255600
vt 6.321160 16.531799
vt 6.322170 16.519600
vt 6.591980 16.519600
vt 6.592990 16.531799
vt 10.268800 15.126300
vt 10.269800 15.114100
vt 10.539600 15.114100
vt 10.540700 15.126300
vt 13.761700 13.100600
vt 13.762800 13.088400
vt 14.032600 13.088400
vt 14.033600 13.100600
vt 16.647301 10.543300
vt 16.648300 10.531100
vt 16.918100 10.531100
vt 16.919100 10.543300
vt 18.799299 7.566050
vt 18.800301 7.553860
vt 19.070101 7.553860
vt 19.071100 7.566050
vt 20.395599 4.299040
vt 20.122900 4.299040
vt 20.133699 4.286860
vt 20.394600 4.286860
vt 2.358820 -16.431801
vt 3.389650 -16.431801
vt 3.400380 -16.419600
vt 2.349160 -16.419600
vt -2.370900 20.417999
vt -3.376230 20.417999
vt -3.389650 20.405800
vt -2.358820 20.405800
vt -2.376740 12.444600
vt -3.369750 12.444600
vt -3.376230 12.435000
vt -2.370900 12.435000
vt -2.375390 12.442300
vt -3.369750 -0.131496
vt -3.369750 -0.145637
vt 21.827000 -0.145637
vt 21.827000 -0.131496
vt 20.618700 -0.131496
vt 20.618700 -0.145637
vt -2.094190 -0.145637
vt -2.094190 -0.131496
vt -2.213290 -0.131496
vt -2.213290 -0.145637
vt -6.324060 -0.145637
vt -6.324060 -0.131496
vt -6.590090 -0.131496
vt -6.590090 -0.145637
vt -10.271700 -0.145637
vt -10.271700 -0.131496
vt -10.537800 -0.131496
vt -10.537800 -0.145637
vt -13.764600 -0.145637
vt -13.764600 -0.131496
vt -14.030700 -0.131496
vt -14.030700 -0.145637
vt -16.650200 -0.145637
vt -16.650200 -0.131496
vt -16.916201 -0.131496
vt -16.916201 -0.145637
vt -18.802200 -0.145637
vt -18.802200 -0.131496
vt -19.068199 -0.131496
vt -19.068199 -0.145637
vt -20.120001 -0.145637
vt -20.120001 -0.131496
vt -20.153601 -0.131496
vt -20.392700 -0.131496
vt -20.392700 -0.145637
vt -20.153601 -0.145637
vt 20.120001 -5.205640
vt 20.118299 -5.239500
vt 20.113300 -5.340900
vt 20.406000 -5.340900
vt 20.392700 -5.205640
vt 20.153601 -5.205640
vt -20.406000 -0.178740
vt -20.113300 -0.178740
vt -20.113300 -0.131496
vt -20.406000 -0.131496
vt 3.469410 20.883101
vt -19.081600 -0.178740
vt -18.788900 -0.178740
vt -18.788900 -0.131496
vt -19.081600 -0.131496
vt 18.802200 -9.065730
vt 18.788900 -9.200990
vt 19.081600 -9.200990
vt 19.068199 -9.065730
vt 16.650200 -12.583400
vt 16.636900 -12.718700
vt 16.929501 -12.718700
vt 16.916201 -12.583400
vt -16.929501 -0.178740
vt -16.636900 -0.178740
vt -16.636900 -0.131496
vt -16.929501 -0.131496
vt 3.262540 21.109600
vt 3.129520 21.340000
vt 2.951510 21.537701
vt 2.736280 21.694099
vt 2.493240 21.802299
vt 2.376740 21.827000
vt 2.080870 -0.178740
vt 2.369810 -0.178740
vt 2.369810 -0.131496
vt 2.080870 -0.131496
vt 2.094190 -20.514299
vt 2.080870 -20.649599
vt 2.369810 -20.649599
vt 2.213290 -20.514299
vt 6.324060 -19.659100
vt 6.310740 -19.794300
vt 6.603420 -19.794300
vt 6.590090 -19.659100
vt 10.271700 -17.998400
vt 10.258400 -18.133699
vt 10.551100 -18.133699
vt 10.537800 -17.998400
vt 13.764600 -15.605000
vt 13.751300 -15.740300
vt 14.044000 -15.740300
vt 14.030700 -15.605000
vt -14.044000 -0.178740
vt -13.751300 -0.178740
vt -13.751300 -0.131496
vt -14.044000 -0.131496
vt -14.044000 0.050000
vt -13.751300 0.050000
vt 10.551100 0.050000
vt 10.258400 0.050000
vt 10.258400 -0.131496
vt 10.551100 -0.131496
vt 20.086800 0.050000
vt 20.086800 -0.131496
vt 20.379400 -0.131496
vt 20.379400 0.050000
vt -20.552401 0.050000
vt -20.844999 0.050000
vt -20.844999 -0.131496
vt -20.552401 -0.131496
vt -20.844999 -0.178740
vt -20.552401 -0.178740
vt -20.831699 -1.291730
vt -20.844999 -1.426990
vt -20.552401 -1.426990
vt -20.557301 -1.325590
vt -20.559000 -1.291730
vt -20.592600 -1.291730
vt -20.366100 -5.322880
vt -20.379400 -5.458140
vt -20.086800 -5.458140
vt -20.100100 -5.322880
vt -19.016199 -9.175220
vt -19.029499 -9.310480
vt -18.736900 -9.310480
vt -18.750200 -9.175220
vt -16.841000 -12.680400
vt -16.854401 -12.815700
vt -16.561701 -12.815700
vt -16.575001 -12.680400
vt -13.935600 -15.685200
vt -13.948900 -15.820500
vt -13.656300 -15.820500
vt -13.669600 -15.685200
vt -10.427000 -18.058399
vt -10.440300 -18.193600
vt -10.147600 -18.193600
vt -10.160900 -18.058399
vt -6.321510 -19.696100
vt -6.478030 -19.831400
vt -6.189090 -19.831400
vt -6.202410 -19.696100
vt 20.618700 -1.754350
vt 20.492001 -1.889610
vt 21.983601 -1.889610
vt 21.827000 -1.754350
vt 0.826740 19.274200
vt 0.795020 19.240299
vt 0.700000 19.138901
vt 1.641040 19.138901
vt 1.950000 19.138901
vt 1.823260 19.274200
vt 0.830249 19.274200
vt -20.591999 0.593480
vt -20.492001 0.593480
vt -20.587000 0.694887
vt -20.591999 -0.485713
vt -20.591700 -0.498536
vt -20.497999 -0.498536
vt -20.492001 -0.485713
vt -20.844999 0.523981
vt -20.844400 0.511158
vt -20.552700 0.511158
vt -20.552401 0.523981
vt -20.379400 2.538470
vt -20.378799 2.525650
vt -20.087400 2.525650
vt -20.086800 2.538470
vt -19.029499 4.463600
vt -19.028900 4.450780
vt -18.737499 4.450780
vt -18.736900 4.463600
vt -16.854401 6.215250
vt -16.853701 6.202430
vt -16.562300 6.202430
vt -16.561701 6.215250
vt -13.948900 7.716850
vt -13.948300 7.704030
vt -13.656900 7.704030
vt -13.656300 7.716850
vt -10.440300 8.902780
vt -10.439700 8.889960
vt -10.148300 8.889960
vt -10.147600 8.902780
vt -6.478030 9.721210
vt -6.470610 9.708390
vt -6.189720 9.708390
vt -6.189090 9.721210
vt 20.492001 0.755166
vt 20.497999 0.742343
vt 21.976101 0.742343
vt 21.983601 0.755166
vt 0.700000 -9.753440
vt 0.706004 -9.766260
vt 1.944000 -9.766260
vt 1.950000 -9.753440
vt 1.641040 -9.753440
vt 0.706004 -19.242800
vt 0.718000 -19.255600
vt 1.932000 -19.255600
vt 1.944000 -19.242800
vt -20.591700 -0.727621
vt -20.591101 -0.740444
vt -20.510000 -0.740444
vt -20.497999 -0.727621
vt -20.844400 1.289560
vt -20.843201 1.276730
vt -20.553301 1.276730
vt -20.552700 1.289560
vt -20.378799 5.314120
vt -20.377501 5.301300
vt -20.088600 5.301300
vt -20.087400 5.314120
vt -19.028900 9.160180
vt -19.027599 9.147360
vt -18.738701 9.147360
vt -18.737499 9.160180
vt -16.853701 12.659600
vt -16.852501 12.646800
vt -16.563601 12.646800
vt -16.562300 12.659600
vt -13.948300 15.659600
vt -13.947100 15.646700
vt -13.658200 15.646700
vt -13.656900 15.659600
vt -10.439700 18.028799
vt -10.438400 18.016001
vt -10.149500 18.016001
vt -10.148300 18.028799
vt -6.470610 19.663900
vt -6.455800 19.651100
vt -6.190980 19.651100
vt -6.189720 19.663900
vt 20.497999 1.751420
vt 20.510000 1.738600
vt 21.961300 1.738600
vt 21.976101 1.751420
vt -20.510000 -1.876130
vt -20.521999 -1.863300
vt -21.946501 -1.863300
vt -21.961300 -1.876130
vt -0.718000 19.118099
vt -0.729996 19.130899
vt -1.920000 19.130899
vt -1.932000 19.118099
vt 20.591101 0.602916
vt 20.590401 0.615739
vt 20.521999 0.615739
vt 20.510000 0.602916
vt 20.843201 -1.414260
vt 20.841900 -1.401440
vt 20.553900 -1.401440
vt 20.553301 -1.414260
vt 20.377501 -5.438830
vt 20.376301 -5.426000
vt 20.089899 -5.426000
vt 20.088600 -5.438830
vt 19.027599 -9.284890
vt 19.026400 -9.272060
vt 18.740000 -9.272060
vt 18.738701 -9.284890
vt 16.852501 -12.784300
vt 16.851200 -12.771500
vt 16.564800 -12.771500
vt 16.563601 -12.784300
vt 13.947100 -15.784300
vt 13.945800 -15.771400
vt 13.659400 -15.771400
vt 13.658200 -15.784300
vt 10.438400 -18.153500
vt 10.437200 -18.140699
vt 10.150800 -18.140699
vt 10.149500 -18.153500
vt 6.455800 -19.788601
vt 6.440980 -19.775801
vt 6.192240 -19.775801
vt 6.190980 -19.788601
vt 6.440980 -10.033000
vt 6.433570 -10.020200
vt 6.192870 -10.020200
vt 6.192240 -10.033000
vt -20.521999 -1.067000
vt -20.528000 -1.054180
vt -21.939100 -1.054180
vt -21.946501 -1.067000
vt -0.729996 9.441610
vt -0.736000 9.454430
vt -1.914000 9.454430
vt -1.920000 9.441610
vt 20.590401 0.173880
vt 20.590099 0.186703
vt 20.528000 0.186703
vt 20.521999 0.173880
vt 20.841900 -0.835814
vt 20.841299 -0.822991
vt 20.554300 -0.822991
vt 20.553900 -0.835814
vt 20.376301 -2.850300
vt 20.375601 -2.837480
vt 20.090500 -2.837480
vt 20.089899 -2.850300
vt 19.026400 -4.775440
vt 19.025801 -4.762610
vt 18.740601 -4.762610
vt 18.740000 -4.775440
vt 16.851200 -6.527080
vt 16.850599 -6.514260
vt 16.565500 -6.514260
vt 16.564800 -6.527080
vt 13.945800 -8.028690
vt 13.945200 -8.015860
vt 13.660100 -8.015860
vt 13.659400 -8.028690
vt 10.437200 -9.214620
vt 10.436500 -9.201790
vt 10.151400 -9.201790
vt 10.150800 -9.214620
vt 10.436500 -13.255900
vt 10.435200 -13.237600
vt 10.152700 -13.237600
vt 10.151400 -13.255900
vt 6.433570 -14.443700
vt 6.418220 -14.425400
vt 6.194180 -14.425400
vt 6.192870 -14.443700
vt -20.528000 -1.431790
vt -20.540400 -1.413500
vt -21.923700 -1.413500
vt -21.939100 -1.431790
vt -0.736000 13.818700
vt -0.748430 13.837000
vt -1.901570 13.837000
vt -1.914000 13.818700
vt 20.590099 0.369021
vt 20.589500 0.387312
vt 20.540400 0.387312
vt 20.528000 0.369021
vt 20.841299 -1.096290
vt 20.840000 -1.077990
vt 20.554899 -1.077990
vt 20.554300 -1.096290
vt 20.375601 -4.019790
vt 20.374300 -4.001490
vt 20.091801 -4.001490
vt 20.090500 -4.019790
vt 19.025801 -6.813620
vt 19.024401 -6.795330
vt 18.741899 -6.795330
vt 18.740601 -6.813620
vt 16.850599 -9.355670
vt 16.849300 -9.337380
vt 16.566799 -9.337380
vt 16.565500 -9.355670
vt 13.945200 -11.534900
vt 13.943900 -11.516600
vt 13.661400 -11.516600
vt 13.660100 -11.534900
vt 13.943900 -14.102500
vt 13.942300 -14.084200
vt 13.663000 -14.084200
vt 13.661400 -14.102500
vt 10.435200 -16.218700
vt 10.433600 -16.200399
vt 10.154300 -16.200399
vt 10.152700 -16.218700
vt 6.418220 -17.679199
vt 6.399350 -17.660900
vt 6.195780 -17.660900
vt 6.194180 -17.679199
vt -20.540400 -1.679730
vt -20.555700 -1.661440
vt -21.904900 -1.661440
vt -21.923700 -1.679730
vt -0.748430 17.072300
vt -0.763713 17.090599
vt -1.886290 17.090599
vt -1.901570 17.072300
vt 20.589500 0.534549
vt 20.588699 0.552840
vt 20.555700 0.552840
vt 20.540400 0.534549
vt 20.840000 -1.267200
vt 20.838301 -1.248910
vt 20.555700 -1.248910
vt 20.554899 -1.267200
vt 20.374300 -4.861940
vt 20.372700 -4.843650
vt 20.093399 -4.843650
vt 20.091801 -4.861940
vt 19.024401 -8.297250
vt 19.022800 -8.278950
vt 18.743601 -8.278950
vt 18.741899 -8.297250
vt 16.849300 -11.423000
vt 16.847700 -11.404700
vt 16.568399 -11.404700
vt 16.566799 -11.423000
vt 16.847700 -12.824900
vt 16.845800 -12.806600
vt 16.570200 -12.806600
vt 16.568399 -12.824900
vt 13.942300 -15.848600
vt 13.940400 -15.830300
vt 13.664800 -15.830300
vt 13.663000 -15.848600
vt 10.433600 -18.236601
vt 10.431800 -18.218300
vt 10.156100 -18.218300
vt 10.154300 -18.236601
vt 6.399350 -19.884600
vt 6.378050 -19.866301
vt 6.197600 -19.866301
vt 6.195780 -19.884600
vt -20.555700 -1.830290
vt -20.573000 -1.812000
vt -21.883600 -1.812000
vt -21.904900 -1.830290
vt -0.763713 19.330200
vt -0.780960 19.348499
vt -1.869040 19.348499
vt -1.886290 19.330200
vt 20.588699 0.668382
vt 20.587799 0.686673
vt 20.573000 0.686673
vt 20.555700 0.668382
vt 20.838301 -1.364770
vt 20.836500 -1.346480
vt 20.556601 -1.346480
vt 20.555700 -1.364770
vt 20.372700 -5.421200
vt 20.370899 -5.402910
vt 20.095301 -5.402910
vt 20.093399 -5.421200
vt 19.022800 -9.297720
vt 19.021000 -9.279430
vt 18.745399 -9.279430
vt 18.743601 -9.297720
vt 19.021000 -9.756710
vt 19.019100 -9.738420
vt 18.747299 -9.738420
vt 18.745399 -9.756710
vt 16.845800 -13.479700
vt 16.843901 -13.461400
vt 16.572100 -13.461400
vt 16.570200 -13.479700
vt 13.940400 -16.671301
vt 13.938500 -16.653000
vt 13.666700 -16.653000
vt 13.664800 -16.671301
vt 10.431800 -19.191900
vt 10.429900 -19.173599
vt 10.158000 -19.173599
vt 10.156100 -19.191900
vt 6.378050 -20.931400
vt 6.355570 -20.913099
vt 6.199510 -20.913099
vt 6.197600 -20.931400
vt -20.573000 -1.874680
vt -20.591200 -1.856390
vt -21.861099 -1.856390
vt -21.883600 -1.874680
vt -0.780960 20.460600
vt -0.795020 20.474800
vt -0.799164 20.478901
vt -0.799622 20.478901
vt -0.825990 20.478901
vt -1.850840 20.478901
vt -1.869040 20.460600
vt 20.573000 0.762719
vt 20.587799 0.762719
vt 20.587000 0.776847
vt 20.836500 -1.383320
vt 20.834600 -1.365020
vt 20.561899 -1.365020
vt 20.557600 -1.365020
vt 20.557301 -1.369190
vt 20.556601 -1.383320
vt 20.370899 -5.664970
vt 20.368999 -5.646680
vt 20.097200 -5.646680
vt 20.095301 -5.664970
vt -20.368999 4.398260
vt -20.368000 4.386080
vt -20.098200 4.386080
vt -20.097200 4.398260
vt -19.019100 7.658710
vt -19.018101 7.646530
vt -18.748301 7.646530
vt -18.747299 7.658710
vt -16.843901 10.625300
vt -16.842899 10.613200
vt -16.573099 10.613200
vt -16.572100 10.625300
vt -13.938500 13.168500
vt -13.937500 13.156300
vt -13.667700 13.156300
vt -13.666700 13.168500
vt -10.429900 15.177000
vt -10.428900 15.164800
vt -10.159100 15.164800
vt -10.158000 15.177000
vt -6.355570 16.563101
vt -6.343640 16.550900
vt -6.200530 16.550900
vt -6.199510 16.563101
vt 20.591200 1.378020
vt 20.600800 1.365830
vt 21.849199 1.365830
vt 21.861099 1.378020
vt 1.850840 -16.419600
vt 0.825990 -16.419600
vt 0.822280 -16.429199
vt 0.810352 -16.431801
vt 0.799622 -16.419600
vt 0.799164 -16.419600
vt 0.808825 -16.431801
vt 1.841180 -16.431801
vt -20.833599 0.974293
vt -20.572701 0.974293
vt -20.561899 0.986475
vt -20.834600 0.986475
vt 20.832300 -1.343970
vt 20.586100 -1.343970
vt 20.572701 -1.356150
vt 20.833599 -1.356150
vt 20.831699 -0.925399
vt 20.592600 -0.925399
vt 20.586100 -0.934980
vt 20.832300 -0.934980
vt 20.831900 -0.927621
vt 20.831699 -0.145637
vt 20.831699 -0.131496
vt 20.592600 -0.131496
vt 20.559000 -0.131496
vt 20.559000 -0.145637
vt 20.592600 -0.145637
vt 20.366100 -0.145637
vt 20.366100 -0.131496
vt 20.100100 -0.131496
vt 20.100100 -0.145637
vt 19.016199 -0.145637
vt 19.016199 -0.131496
vt 18.750200 -0.131496
vt 18.750200 -0.145637
vt 16.841000 -0.145637
vt 16.841000 -0.131496
vt 16.575001 -0.131496
vt 16.575001 -0.145637
vt 13.935600 -0.145637
vt 13.935600 -0.131496
vt 13.669600 -0.131496
vt 13.669600 -0.145637
vt 10.427000 -0.145637
vt 10.427000 -0.131496
vt 10.160900 -0.131496
vt 10.160900 -0.145637
vt 6.321510 -0.145637
vt 6.321510 -0.131496
vt 6.202410 -0.131496
vt 6.202410 -0.145637
vt -20.618700 -0.145637
vt -20.618700 -0.131496
vt -21.827000 -0.131496
vt -21.827000 -0.145637
vt -0.830249 -0.131496
vt -0.830249 -0.145637
vt 0.855247 20.856600
vt 0.830249 20.618700
vt 1.823260 20.618700
vt 1.823260 21.827000
vt 1.706760 21.802299
vt 1.463720 21.694099
vt 1.248490 21.537701
vt 1.070480 21.340000
vt 0.937457 21.109600
vt 0.700000 20.492001
vt 20.492001 -0.178740
vt 20.591999 -0.131496
vt 20.492001 -0.131496
vt 0.700000 19.992001
vt 0.700000 17.191999
vt 1.641040 17.191999
vt -1.641040 -0.178740
vt -0.700000 -0.178740
vt -0.700000 -0.131496
vt -1.950000 -0.131496
vt -1.950000 -0.178740
vt 0.700000 -8.208190
vt 0.706004 -8.221020
vt 1.944000 -8.221020
vt 1.950000 -8.208190
vt 1.641040 -8.208190
vt -19.992001 -0.485713
vt -19.986000 -0.498536
vt -17.198000 -0.498536
vt -17.191999 -0.485713
vt -1.950000 9.203440
vt -1.944000 9.190620
vt -0.706004 9.190620
vt -0.700000 9.203440
vt 17.191999 0.755166
vt 17.198000 0.742343
vt 19.986000 0.742343
vt 19.992001 0.755166
vt 17.198000 1.751420
vt 17.209999 1.738600
vt 19.974001 1.738600
vt 19.986000 1.751420
vt 0.706004 -16.155701
vt 0.718000 -16.168501
vt 1.932000 -16.168501
vt 1.944000 -16.155701
vt -19.986000 -0.727621
vt -19.974001 -0.740444
vt -17.209999 -0.740444
vt -17.198000 -0.727621
vt -1.944000 18.629499
vt -1.932000 18.616699
vt -0.718000 18.616699
vt -0.706004 18.629499
vt 1.932000 -18.754200
vt 1.920000 -18.741400
vt 0.729996 -18.741400
vt 0.718000 -18.754200
vt -17.209999 -1.876130
vt -17.222000 -1.863300
vt -19.962000 -1.863300
vt -19.974001 -1.876130
vt -0.718000 16.031000
vt -0.729996 16.043800
vt -1.920000 16.043800
vt -1.932000 16.031000
vt 19.974001 0.602916
vt 19.962000 0.615739
vt 17.222000 0.615739
vt 17.209999 0.602916
vt 19.962000 0.173880
vt 19.955999 0.186703
vt 17.228001 0.186703
vt 17.222000 0.173880
vt 1.920000 -9.515280
vt 1.914000 -9.502450
vt 0.736000 -9.502450
vt 0.729996 -9.515280
vt -17.222000 -1.067000
vt -17.228001 -1.054180
vt -19.955999 -1.054180
vt -19.962000 -1.067000
vt -0.729996 7.896360
vt -0.736000 7.909180
vt -1.914000 7.909180
vt -1.920000 7.896360
vt -0.736000 11.576200
vt -0.748430 11.594500
vt -1.901570 11.594500
vt -1.914000 11.576200
vt 19.955999 0.369021
vt 19.943600 0.387312
vt 17.240400 0.387312
vt 17.228001 0.369021
vt 1.914000 -13.692300
vt 1.901570 -13.674000
vt 0.748430 -13.674000
vt 0.736000 -13.692300
vt -17.228001 -1.431790
vt -17.240400 -1.413500
vt -19.943600 -1.413500
vt -19.955999 -1.431790
vt -17.240400 -1.679730
vt -17.255699 -1.661440
vt -19.928301 -1.661440
vt -19.943600 -1.679730
vt -0.748430 14.314900
vt -0.763713 14.333200
vt -1.886290 14.333200
vt -1.901570 14.314900
vt 19.943600 0.534549
vt 19.928301 0.552840
vt 17.255699 0.552840
vt 17.240400 0.534549
vt 1.901570 -16.755199
vt 1.886290 -16.736900
vt 0.763713 -16.736900
vt 0.748430 -16.755199
vt 1.886290 -18.841999
vt 1.869040 -18.823700
vt 0.780960 -18.823700
vt 0.763713 -18.841999
vt -17.255699 -1.830290
vt -17.273001 -1.812000
vt -19.910999 -1.812000
vt -19.928301 -1.830290
vt -0.763713 16.218599
vt -0.780960 16.236900
vt -1.869040 16.236900
vt -1.886290 16.218599
vt 19.928301 0.668382
vt 19.910999 0.686673
vt 17.273001 0.686673
vt 17.255699 0.668382
vt 19.910999 0.762719
vt 19.892799 0.781010
vt 17.291201 0.781010
vt 17.273001 0.762719
vt 1.869040 -19.830900
vt 1.850840 -19.812599
vt 0.799164 -19.812599
vt 0.780960 -19.830900
vt -17.273001 -1.874680
vt -17.291201 -1.856390
vt -19.892799 -1.856390
vt -19.910999 -1.874680
vt -0.780960 17.176300
vt -0.799164 17.194599
vt -1.850840 17.194599
vt -1.869040 17.176300
vt 0.799164 -13.802500
vt 0.808825 -13.814700
vt 1.841180 -13.814700
vt 1.850840 -13.802500
vt -19.892799 -0.723566
vt -19.883200 -0.735748
vt -17.300800 -0.735748
vt -17.291201 -0.723566
vt -1.850840 15.686200
vt -1.841180 15.674000
vt -0.808825 15.674000
vt -0.799164 15.686200
vt 17.291201 1.378020
vt 17.300800 1.365830
vt 19.883200 1.365830
vt 19.892799 1.378020
vt -17.300800 -1.845670
vt -17.312901 -1.833490
vt -19.871099 -1.833490
vt -19.883200 -1.845670
vt -0.808825 17.133801
vt -0.820903 17.146000
vt -1.829100 17.146000
vt -1.841180 17.133801
vt 19.883200 0.781826
vt 19.871099 0.794008
vt 17.312901 0.794008
vt 17.300800 0.781826
vt 1.841180 -19.734501
vt 1.829100 -19.722300
vt 0.820903 -19.722300
vt 0.808825 -19.734501
vt 1.829100 -12.226100
vt 1.824610 -12.218800
vt 1.823260 -12.216600
vt 0.826740 -12.216600
vt 0.825387 -12.218800
vt 0.820903 -12.226100
vt -17.317400 -1.228370
vt -17.318701 -1.226150
vt -19.865299 -1.226150
vt -19.866600 -1.228370
vt -19.871099 -1.235730
vt -17.312901 -1.235730
vt -0.825387 10.432100
vt -0.826740 10.434300
vt -1.823260 10.434300
vt -1.824610 10.432100
vt -1.829100 10.424800
vt -0.820903 10.424800
vt 19.871099 0.378536
vt 19.866600 0.385895
vt 19.865299 0.388117
vt 17.318701 0.388117
vt 17.317400 0.385895
vt 17.312901 0.378536
vt 0.826740 16.181999
vt 0.700000 16.046801
vt 1.641040 16.046801
vt 1.950000 16.046801
vt 1.823260 16.181999
vt -19.865299 0.728739
vt -19.992001 0.593480
vt -17.191999 0.593480
vt -17.318701 0.728739
vt -1.823260 -18.660000
vt -1.950000 -18.795300
vt -0.700000 -18.795300
vt -0.826740 -18.660000
vt 17.318701 -1.754350
vt 17.191999 -1.889610
vt 19.992001 -1.889610
vt 19.865299 -1.754350
vt 1.641040 20.492001
vt -1.950000 0.050000
vt -0.700000 0.050000
vt 21.983601 0.050000
vt 20.492001 0.050000
vt 21.983601 -0.131496
vt -19.992001 0.050000
vt -17.191999 0.050000
vt -17.191999 0.535978
vt -17.201000 0.548568
vt -19.983000 0.548568
vt -19.992001 0.535978
vt 1.950000 12.341000
vt 1.940990 12.353600
vt 0.709012 12.353600
vt 0.700000 12.341000
vt 19.992001 -1.360900
vt 19.983000 -1.348310
vt 17.201000 -1.348310
vt 17.191999 -1.360900
vt -0.700000 -14.275500
vt -0.709012 -14.262900
vt -1.940990 -14.262900
vt -1.950000 -14.275500
vt -0.709012 -19.308300
vt -0.721186 -19.295700
vt -1.928810 -19.295700
vt -1.940990 -19.308300
vt -17.201000 0.700586
vt -17.213200 0.713176
vt -19.970800 0.713176
vt -19.983000 0.700586
vt 1.940990 16.648100
vt 1.928810 16.660700
vt 0.721186 16.660700
vt 0.709012 16.648100
vt 19.983000 -1.861930
vt 19.970800 -1.849340
vt 17.213200 -1.849340
vt 17.201000 -1.861930
vt -19.970800 1.880930
vt -19.959299 1.868990
vt -17.224701 1.868990
vt -17.213200 1.880930
vt 0.721186 19.327299
vt 0.732732 19.315300
vt 1.917270 19.315300
vt 1.928810 19.327299
vt 17.213200 -0.681577
vt 17.224701 -0.693517
vt 19.959299 -0.693517
vt 19.970800 -0.681577
vt -1.928810 -16.629101
vt -1.917270 -16.641001
vt -0.732732 -16.641001
vt -0.721186 -16.629101
vt -1.917270 -12.578500
vt -1.907630 -12.591700
vt -1.899860 -12.602300
vt -0.750138 -12.602300
vt -0.742373 -12.591700
vt -0.732732 -12.578500
vt -19.959299 1.444700
vt -19.949600 1.431540
vt -19.941900 1.420940
vt -17.242100 1.420940
vt -17.234400 1.431540
vt -17.224701 1.444700
vt 0.742373 14.648900
vt 0.750138 14.638300
vt 1.899860 14.638300
vt 1.907630 14.648900
vt 1.917270 14.662100
vt 0.732732 14.662100
vt 17.224701 -0.496660
vt 17.234400 -0.509820
vt 17.242100 -0.520420
vt 19.941900 -0.520420
vt 19.949600 -0.509820
vt 19.959299 -0.496660
vt 0.750138 17.242100
vt 0.758615 17.250601
vt 0.750138 19.941900
vt 1.899860 17.242100
vt 1.891380 17.250601
vt 1.891380 19.933399
vt 1.899860 19.941900
vt 0.758615 19.933399
vt 17.250601 -0.604236
vt 17.255400 -0.610071
vt 19.928600 -0.610071
vt 19.933399 -0.604236
vt -1.891380 -14.261500
vt -1.886550 -14.267300
vt -0.763447 -14.267300
vt -0.758615 -14.261500
vt -19.933399 1.590270
vt -19.928600 1.584430
vt -17.255400 1.584430
vt -17.250601 1.590270
vt 0.758615 16.531099
vt 0.763447 16.525299
vt 1.886550 16.525299
vt 1.891380 16.531099
vt 0.763447 7.441030
vt 0.769241 7.425440
vt 1.880760 7.425440
vt 1.886550 7.441030
vt 17.255400 -0.246969
vt 17.261200 -0.262564
vt 19.922800 -0.262564
vt 19.928600 -0.246969
vt -1.886550 -6.374480
vt -1.880760 -6.390080
vt -0.769241 -6.390080
vt -0.763447 -6.374480
vt -19.928600 0.737624
vt -19.922800 0.722029
vt -17.261200 0.722029
vt -17.255400 0.737624
vt -19.922800 1.394860
vt -19.910400 1.378040
vt -17.273600 1.378040
vt -17.261200 1.394860
vt 0.769241 14.612200
vt 0.781563 14.595400
vt 1.868440 14.595400
vt 1.880760 14.612200
vt 17.261200 -0.546496
vt 17.273600 -0.563315
vt 19.910400 -0.563315
vt 19.922800 -0.546496
vt -1.880760 -12.628300
vt -1.868440 -12.645200
vt -0.781563 -12.645200
vt -0.769241 -12.628300
vt -1.868440 -17.248400
vt -1.854670 -17.262199
vt -0.795329 -17.262199
vt -0.781563 -17.248400
vt -19.910400 1.866520
vt -19.896700 1.852730
vt -17.287300 1.852730
vt -17.273600 1.866520
vt 0.781563 19.882999
vt 0.795329 19.869200
vt 1.854670 19.869200
vt 1.868440 19.882999
vt 17.273600 -0.779734
vt 17.287300 -0.793520
vt 19.896700 -0.793520
vt 19.910400 -0.779734
vt 17.287300 -0.685089
vt 17.299299 -0.698874
vt 19.884701 -0.698874
vt 19.896700 -0.685089
vt -1.854670 -15.022900
vt -1.842690 -15.036600
vt -0.807313 -15.036600
vt -0.795329 -15.022900
vt -19.896700 1.618760
vt -19.884701 1.604980
vt -17.299299 1.604980
vt -17.287300 1.618760
vt 0.795329 17.304100
vt 0.807313 17.290300
vt 1.842690 17.290300
vt 1.854670 17.304100
vt 0.807313 11.072900
vt 0.814986 11.059100
vt 1.835010 11.059100
vt 1.842690 11.072900
vt 17.299299 -0.444334
vt 17.306999 -0.458120
vt 19.877001 -0.458120
vt 19.884701 -0.444334
vt -1.842690 -9.623850
vt -1.835010 -9.637630
vt -0.814986 -9.637630
vt -0.807313 -9.623850
vt -19.884701 1.030670
vt -19.877001 1.016880
vt -17.306999 1.016880
vt -17.299299 1.030670
vt -17.306999 0.226407
vt -19.877001 0.226407
vt -19.875299 0.212622
vt -17.308701 0.212622
vt 1.833270 2.491450
vt 1.835010 2.505230
vt 0.814986 2.505230
vt 0.816727 2.491450
vt 17.306999 -0.108305
vt 17.308701 -0.122090
vt 19.875299 -0.122090
vt 19.877001 -0.108305
vt -0.816727 -2.205140
vt -0.814986 -2.191350
vt -1.835010 -2.191350
vt -1.833270 -2.205140
vt -1.754530 -0.100000
vt -0.895467 -0.100000
vt -19.875299 -0.019085
vt -19.875299 -0.100000
vt -19.796499 -0.100000
vt -17.387501 -0.100000
vt -17.308701 -0.100000
vt -17.308701 -0.019085
vt 0.895467 -0.100000
vt 1.754530 -0.100000
vt 17.308701 -0.019085
vt 17.308701 -0.100000
vt 17.387501 -0.100000
vt 19.796499 -0.100000
vt 19.875299 -0.100000
vt 19.875299 -0.019085
vt -14.792000 0.050000
vt -16.691999 0.050000
vt 16.691999 1.645480
vt 16.683001 1.658070
vt 14.801000 1.658070
vt 14.792000 1.645480
vt 3.500000 -11.913300
vt 3.490990 -11.900700
vt 2.259010 -11.900700
vt 2.250000 -11.913300
vt -14.792000 -2.470400
vt -14.801000 -2.457810
vt -16.683001 -2.457810
vt -16.691999 -2.470400
vt -2.250000 10.623100
vt -2.259010 10.635700
vt -3.490990 10.635700
vt -3.500000 10.623100
vt -2.259010 14.327300
vt -2.271190 14.339900
vt -3.478810 14.339900
vt -3.490990 14.327300
vt 16.683001 2.199410
vt 16.670799 2.212000
vt 14.813200 2.212000
vt 14.801000 2.199410
vt 3.490990 -16.117201
vt 3.478810 -16.104601
vt 2.271190 -16.104601
vt 2.259010 -16.117201
vt -14.801000 -3.360750
vt -14.813200 -3.348160
vt -16.670799 -3.348160
vt -16.683001 -3.360750
vt 14.813200 3.379760
vt 14.824700 3.367820
vt 16.659300 3.367820
vt 16.670799 3.379760
vt 2.271190 -14.308300
vt 2.282730 -14.320300
vt 3.467270 -14.320300
vt 3.478810 -14.308300
vt -16.670799 -2.180400
vt -16.659300 -2.192340
vt -14.824700 -2.192340
vt -14.813200 -2.180400
vt -3.478810 16.136200
vt -3.467270 16.124300
vt -2.282730 16.124300
vt -2.271190 16.136200
vt -3.457630 12.231400
vt -3.449860 12.220800
vt -2.300140 12.220800
vt -2.292370 12.231400
vt -2.282730 12.244500
vt -3.467270 12.244500
vt 14.834400 2.567050
vt 14.842100 2.556450
vt 16.641899 2.556450
vt 16.649599 2.567050
vt 16.659300 2.580210
vt 14.824700 2.580210
vt 2.282730 -10.820300
vt 2.292370 -10.833500
vt 2.300140 -10.844000
vt 3.449860 -10.844000
vt 3.457630 -10.833500
vt 3.467270 -10.820300
vt -16.659300 -1.632170
vt -16.649599 -1.645330
vt -16.641899 -1.655930
vt -14.842100 -1.655930
vt -14.834400 -1.645330
vt -14.824700 -1.632170
vt -2.300140 16.641899
vt -2.308620 16.633400
vt -2.300140 14.842100
vt -3.449860 16.641899
vt -3.441380 16.633400
vt -3.441380 14.850600
vt -3.449860 14.842100
vt -2.308620 14.850600
vt -16.633400 -1.887810
vt -16.628599 -1.893650
vt -14.855400 -1.893650
vt -14.850600 -1.887810
vt -3.441380 13.798300
vt -3.436550 13.792500
vt -2.313450 13.792500
vt -2.308620 13.798300
vt 14.850600 2.873840
vt 14.855400 2.868010
vt 16.628599 2.868010
vt 16.633400 2.873840
vt 2.308620 -12.274000
vt 2.313450 -12.279800
vt 3.436550 -12.279800
vt 3.441380 -12.274000
vt 2.313450 -5.482770
vt 2.319240 -5.498370
vt 3.430760 -5.498370
vt 3.436550 -5.482770
vt -16.628599 -0.822863
vt -16.622801 -0.838458
vt -14.861200 -0.838458
vt -14.855400 -0.822863
vt -3.436550 6.214930
vt -3.430760 6.199340
vt -2.319240 6.199340
vt -2.313450 6.214930
vt 14.855400 1.313520
vt 14.861200 1.297920
vt 16.622801 1.297920
vt 16.628599 1.313520
vt 14.861200 2.530370
vt 14.873600 2.513550
vt 16.610399 2.513550
vt 16.622801 2.530370
vt 2.319240 -10.870100
vt 2.331560 -10.886900
vt 3.418440 -10.886900
vt 3.430760 -10.870100
vt -16.622801 -1.682010
vt -16.610399 -1.698830
vt -14.873600 -1.698830
vt -14.861200 -1.682010
vt -3.430760 12.194700
vt -3.418440 12.177900
vt -2.331560 12.177900
vt -2.319240 12.194700
vt -3.418440 16.587700
vt -3.404670 16.573900
vt -2.345330 16.573900
vt -2.331560 16.587700
vt 14.873600 3.414320
vt 14.887300 3.400540
vt 16.596701 3.400540
vt 16.610399 3.414320
vt 2.331560 -14.851800
vt 2.345330 -14.865600
vt 3.404670 -14.865600
vt 3.418440 -14.851800
vt -16.610399 -2.327540
vt -16.596701 -2.341330
vt -14.887300 -2.341330
vt -14.873600 -2.327540
vt -16.596701 -2.032620
vt -16.584700 -2.046410
vt -14.899300 -2.046410
vt -14.887300 -2.032620
vt -3.404670 14.435100
vt -3.392690 14.421300
vt -2.357310 14.421300
vt -2.345330 14.435100
vt 14.887300 2.966290
vt 14.899300 2.952510
vt 16.584700 2.952510
vt 16.596701 2.966290
vt 2.345330 -12.936300
vt 2.357310 -12.950100
vt 3.392690 -12.950100
vt 3.404670 -12.936300
vt 2.357310 -8.288000
vt 2.364990 -8.301780
vt 3.385010 -8.301780
vt 3.392690 -8.288000
vt -16.584700 -1.307070
vt -16.577000 -1.320860
vt -14.907000 -1.320860
vt -14.899300 -1.307070
vt -3.392690 9.236120
vt -3.385010 9.222340
vt -2.364990 9.222340
vt -2.357310 9.236120
vt 14.899300 1.893400
vt 14.907000 1.879620
vt 16.577000 1.879620
vt 16.584700 1.893400
vt 14.907000 0.422183
vt 14.908700 0.408397
vt 16.575300 0.408397
vt 16.577000 0.422183
vt 3.383270 -1.902000
vt 3.385010 -1.888220
vt 2.364990 -1.888220
vt 2.366730 -1.902000
vt -14.907000 -0.304081
vt -16.577000 -0.304081
vt -16.575300 -0.317866
vt -14.908700 -0.317866
vt -2.366730 2.074630
vt -2.364990 2.088420
vt -3.385010 2.088420
vt -3.383270 2.074630
vt -3.383270 -0.019085
vt -3.383270 -0.100000
vt -2.366730 -0.100000
vt -2.366730 -0.019085
vt 2.366730 -0.019085
vt 2.366730 -0.100000
vt 3.383270 -0.100000
vt 3.383270 -0.019085
vt 3.500000 0.050000
vt 2.250000 0.050000
vt 2.250000 -0.131496
vt 3.500000 -0.131496
vt -2.250000 0.050000
vt -3.500000 0.050000
vt 3.500000 12.341000
vt 3.490990 12.353600
vt 2.259010 12.353600
vt 2.250000 12.341000
vt 19.992001 -2.470400
vt 19.983000 -2.457810
vt 17.201000 -2.457810
vt 17.191999 -2.470400
vt -2.250000 -14.275500
vt -2.259010 -14.262900
vt -3.490990 -14.262900
vt -3.500000 -14.275500
vt -17.191999 1.645480
vt -17.201000 1.658070
vt -19.983000 1.658070
vt -19.992001 1.645480
vt -17.201000 2.199410
vt -17.213200 2.212000
vt -19.970800 2.212000
vt -19.983000 2.199410
vt 3.490990 16.648100
vt 3.478810 16.660700
vt 2.271190 16.660700
vt 2.259010 16.648100
vt 19.983000 -3.360750
vt 19.970800 -3.348160
vt 17.213200 -3.348160
vt 17.201000 -3.360750
vt -2.259010 -19.308300
vt -2.271190 -19.295700
vt -3.478810 -19.295700
vt -3.490990 -19.308300
vt 2.271190 19.327299
vt 2.282730 19.315300
vt 3.467270 19.315300
vt 3.478810 19.327299
vt 17.213200 -2.180400
vt 17.224701 -2.192340
vt 19.959299 -2.192340
vt 19.970800 -2.180400
vt -3.478810 -16.629101
vt -3.467270 -16.641001
vt -2.282730 -16.641001
vt -2.271190 -16.629101
vt -19.970800 3.379760
vt -19.959299 3.367820
vt -17.224701 3.367820
vt -17.213200 3.379760
vt -19.959299 2.580210
vt -19.949600 2.567050
vt -19.941900 2.556450
vt -17.242100 2.556450
vt -17.234400 2.567050
vt -17.224701 2.580210
vt 2.282730 14.662100
vt 2.292370 14.648900
vt 2.300140 14.638300
vt 3.449860 14.638300
vt 3.457630 14.648900
vt 3.467270 14.662100
vt 17.234400 -1.645330
vt 17.242100 -1.655930
vt 19.941900 -1.655930
vt 19.949600 -1.645330
vt 19.959299 -1.632170
vt 17.224701 -1.632170
vt -3.467270 -12.578500
vt -3.457630 -12.591700
vt -3.449860 -12.602300
vt -2.300140 -12.602300
vt -2.292370 -12.591700
vt -2.282730 -12.578500
vt 2.308620 17.250601
vt 2.300140 17.242100
vt 3.449860 17.242100
vt 2.300140 19.941900
vt 2.308620 19.933399
vt 3.449860 19.941900
vt 3.441380 19.933399
vt 2.308620 16.531099
vt 2.313450 16.525299
vt 3.436550 16.525299
vt 3.441380 16.531099
vt 17.250601 -1.887810
vt 17.255400 -1.893650
vt 19.928600 -1.893650
vt 19.933399 -1.887810
vt -3.441380 -14.261500
vt -3.436550 -14.267300
vt -2.313450 -14.267300
vt -2.308620 -14.261500
vt -19.933399 2.873840
vt -19.928600 2.868010
vt -17.255400 2.868010
vt -17.250601 2.873840
vt -19.928600 1.313520
vt -19.922800 1.297920
vt -17.261200 1.297920
vt -17.255400 1.313520
vt 2.313450 7.441030
vt 2.319240 7.425440
vt 3.430760 7.425440
vt 3.436550 7.441030
vt 17.255400 -0.822863
vt 17.261200 -0.838458
vt 19.922800 -0.838458
vt 19.928600 -0.822863
vt -3.436550 -6.374480
vt -3.430760 -6.390080
vt -2.319240 -6.390080
vt -2.313450 -6.374480
vt -3.430760 -12.628300
vt -3.418440 -12.645200
vt -2.331560 -12.645200
vt -2.319240 -12.628300
vt -19.922800 2.530370
vt -19.910400 2.513550
vt -17.273600 2.513550
vt -17.261200 2.530370
vt 2.319240 14.612200
vt 2.331560 14.595400
vt 3.418440 14.595400
vt 3.430760 14.612200
vt 17.261200 -1.682010
vt 17.273600 -1.698830
vt 19.910400 -1.698830
vt 19.922800 -1.682010
vt 17.273600 -2.327540
vt 17.287300 -2.341330
vt 19.896700 -2.341330
vt 19.910400 -2.327540
vt -3.418440 -17.248400
vt -3.404670 -17.262199
vt -2.345330 -17.262199
vt -2.331560 -17.248400
vt -19.910400 3.414320
vt -19.896700 3.400540
vt -17.287300 3.400540
vt -17.273600 3.414320
vt 2.331560 19.882999
vt 2.345330 19.869200
vt 3.404670 19.869200
vt 3.418440 19.882999
vt 2.345330 17.304100
vt 2.357310 17.290300
vt 3.392690 17.290300
vt 3.404670 17.304100
vt 17.287300 -2.032620
vt 17.299299 -2.046410
vt 19.884701 -2.046410
vt 19.896700 -2.032620
vt -3.404670 -15.022900
vt -3.392690 -15.036600
vt -2.357310 -15.036600
vt -2.345330 -15.022900
vt -19.896700 2.966290
vt -19.884701 2.952510
vt -17.299299 2.952510
vt -17.287300 2.966290
vt -19.884701 1.893400
vt -19.877001 1.879620
vt -17.306999 1.879620
vt -17.299299 1.893400
vt 2.357310 11.072900
vt 2.364990 11.059100
vt 3.385010 11.059100
vt 3.392690 11.072900
vt 17.299299 -1.307070
vt 17.306999 -1.320860
vt 19.877001 -1.320860
vt 19.884701 -1.307070
vt -3.392690 -9.623850
vt -3.385010 -9.637630
vt -2.364990 -9.637630
vt -2.357310 -9.623850
vt -2.366730 -2.205140
vt -2.364990 -2.191350
vt -3.385010 -2.191350
vt -3.383270 -2.205140
vt 17.306999 -0.304081
vt 17.308701 -0.317866
vt 19.875299 -0.317866
vt 19.877001 -0.304081
vt -3.304530 -0.100000
vt -2.445470 -0.100000
vt 2.445470 -0.100000
vt 3.304530 -0.100000
vt 3.383270 2.491450
vt 3.385010 2.505230
vt 2.364990 2.505230
vt 2.366730 2.491450
vt -17.306999 0.422183
vt -19.877001 0.422183
vt -19.875299 0.408397
vt -17.308701 0.408397
vt 3.441380 17.250601
vt 19.992001 0.050000
vt 17.191999 0.050000
vt 17.191999 -0.131496
vt 19.992001 -0.131496
vt 17.191999 -0.178740
vt 19.992001 -0.178740
vt 2.250000 -0.178740
vt 2.625040 -0.178740
vt 3.500000 -0.178740
vt -20.492001 0.050000
vt -20.406000 0.050000
vt -20.113300 0.050000
vt -19.081600 0.050000
vt -18.788900 0.050000
vt -16.929501 0.050000
vt -16.636900 0.050000
vt -13.751300 -11.885700
vt -13.752300 -11.873200
vt -14.043100 -11.873200
vt -14.044000 -11.885700
vt -16.636900 -9.588200
vt -16.637800 -9.575680
vt -16.928600 -9.575680
vt -16.929501 -9.588200
vt -18.788900 -6.913490
vt -18.789801 -6.900960
vt -19.080601 -6.900960
vt -19.081600 -6.913490
vt -20.113300 -3.978440
vt -20.113800 -3.965910
vt -20.405100 -3.965910
vt -20.406000 -3.978440
vt -20.492001 -2.458550
vt -20.500900 -2.446020
vt -20.591499 -2.446020
vt -20.591999 -2.458550
vt -2.250000 14.635000
vt -2.258930 14.647500
vt -3.491070 14.647500
vt -3.500000 14.635000
vt 21.983601 1.638140
vt 21.972500 1.650670
vt 20.500900 1.650670
vt 20.492001 1.638140
vt -2.080870 -15.618500
vt -2.081810 -15.606000
vt -2.358780 -15.606000
vt -2.369810 -15.618500
vt -6.310740 -14.968200
vt -6.311670 -14.955700
vt -6.602480 -14.955700
vt -6.603420 -14.968200
vt -10.258400 -13.705500
vt -10.259300 -13.693000
vt -10.550100 -13.693000
vt -10.551100 -13.705500
vt -10.259300 -18.613800
vt -10.260600 -18.601400
vt -10.548900 -18.601400
vt -10.550100 -18.613800
vt -13.752300 -16.145399
vt -13.753500 -16.132999
vt -14.041800 -16.132999
vt -14.043100 -16.145399
vt -16.637800 -13.029200
vt -16.639099 -13.016700
vt -16.927299 -13.016700
vt -16.928600 -13.029200
vt -18.789801 -9.401210
vt -18.791100 -9.388730
vt -19.079399 -9.388730
vt -19.080601 -9.401210
vt -20.113800 -5.420150
vt -20.114401 -5.407670
vt -20.403799 -5.407670
vt -20.405100 -5.420150
vt -20.500900 -3.358590
vt -20.513000 -3.346110
vt -20.590900 -3.346110
vt -20.591499 -3.358590
vt -2.258930 19.826799
vt -2.270990 19.839300
vt -3.479010 19.839300
vt -3.491070 19.826799
vt 21.972500 2.198100
vt 21.957600 2.210580
vt 20.513000 2.210580
vt 20.500900 2.198100
vt -2.081810 -21.208599
vt -2.083070 -21.196100
vt -2.343890 -21.196100
vt -2.358780 -21.208599
vt -6.311670 -20.326500
vt -6.312940 -20.313999
vt -6.601210 -20.313999
vt -6.602480 -20.326500
vt 6.312940 20.345900
vt 6.314140 20.334101
vt 6.600010 20.334101
vt 6.601210 20.345900
vt 10.260600 18.633301
vt 10.261800 18.621401
vt 10.547700 18.621401
vt 10.548900 18.633301
vt 13.753500 16.164801
vt 13.754700 16.153000
vt 14.040600 16.153000
vt 14.041800 16.164801
vt 16.639099 13.048600
vt 16.640301 13.036700
vt 16.926100 13.036700
vt 16.927299 13.048600
vt 18.791100 9.420610
vt 18.792299 9.408780
vt 19.078199 9.408780
vt 19.079399 9.420610
vt 20.114401 5.439560
vt 20.115000 5.427720
vt 20.402599 5.427720
vt 20.403799 5.439560
vt 20.513000 3.378000
vt 20.524401 3.366160
vt 20.590300 3.366160
vt 20.590900 3.378000
vt 2.270990 -19.807400
vt 2.282420 -19.819300
vt 3.467580 -19.819300
vt 3.479010 -19.807400
vt -21.957600 -2.178700
vt -21.943501 -2.190530
vt -20.524401 -2.190530
vt -20.513000 -2.178700
vt 2.083070 21.228001
vt 2.084280 21.216200
vt 2.329770 21.216200
vt 2.343890 21.228001
vt 2.084280 16.041000
vt 2.085280 16.027901
vt 2.086090 16.017401
vt 2.308480 16.017401
vt 2.317980 16.027901
vt 2.329770 16.041000
vt 6.315150 15.362200
vt 6.315960 15.351700
vt 6.598200 15.351700
vt 6.599000 15.362200
vt 6.600010 15.375300
vt 6.314140 15.375300
vt 10.262800 14.069700
vt 10.263600 14.059100
vt 10.545900 14.059100
vt 10.546700 14.069700
vt 10.547700 14.082700
vt 10.261800 14.082700
vt 13.754700 12.219800
vt 13.755700 12.206700
vt 13.756500 12.196200
vt 14.038800 12.196200
vt 14.039600 12.206700
vt 14.040600 12.219800
vt 16.640301 9.867900
vt 16.641300 9.854810
vt 16.642099 9.844260
vt 16.924299 9.844260
vt 16.925100 9.854810
vt 16.926100 9.867900
vt 18.792299 7.129840
vt 18.793301 7.116740
vt 18.794100 7.106200
vt 19.076300 7.106200
vt 19.077101 7.116740
vt 19.078199 7.129840
vt 20.115000 4.125270
vt 20.115499 4.112180
vt 20.115900 4.101640
vt 20.400801 4.101640
vt 20.401600 4.112180
vt 20.402599 4.125270
vt 20.524401 2.569390
vt 20.534000 2.556290
vt 20.541700 2.545750
vt 20.589399 2.545750
vt 20.589800 2.556290
vt 20.590300 2.569390
vt 2.282420 -14.929000
vt 2.291970 -14.942100
vt 2.299660 -14.952600
vt 3.450340 -14.952600
vt 3.458030 -14.942100
vt 3.467580 -14.929000
vt -21.931700 -1.637420
vt -21.922199 -1.647970
vt -20.541700 -1.647970
vt -20.534000 -1.637420
vt -20.524401 -1.624330
vt -21.943501 -1.624330
vt -2.308060 20.550100
vt -2.299660 20.541700
vt -2.299660 21.922199
vt -3.450340 20.541700
vt -3.441940 20.550100
vt 2.308060 -16.942400
vt 2.312850 -16.948200
vt 3.437150 -16.948200
vt 3.441940 -16.942400
vt -21.911900 -1.881440
vt -21.905899 -1.887240
vt -20.554800 -1.887240
vt -20.550100 -1.881440
vt 2.086970 18.115900
vt 2.087470 18.110100
vt 2.292200 18.110100
vt 2.298110 18.115900
vt 6.316840 17.362301
vt 6.317340 17.356501
vt 6.596810 17.356501
vt 6.597310 17.362301
vt 10.264500 15.899100
vt 10.265000 15.893300
vt 10.544500 15.893300
vt 10.545000 15.899100
vt 13.757400 13.790200
vt 13.757900 13.784400
vt 14.037400 13.784400
vt 14.037900 13.790200
vt 16.643000 11.127800
vt 16.643499 11.122000
vt 16.922899 11.122000
vt 16.923401 11.127800
vt 18.795000 8.028330
vt 18.795500 8.022540
vt 19.075001 8.022540
vt 19.075500 8.028330
vt 20.116400 4.627150
vt 20.116600 4.621350
vt 20.399401 4.621350
vt 20.399900 4.627150
vt 20.550100 2.865880
vt 20.554800 2.860080
vt 20.588699 2.860080
vt 20.589001 2.865880
vt 20.554800 1.303320
vt 20.560600 1.287750
vt 20.588400 1.287750
vt 20.588699 1.303320
vt 2.312850 -7.537710
vt 2.318580 -7.553280
vt 3.431420 -7.553280
vt 3.437150 -7.537710
vt -21.905899 -0.815548
vt -21.898899 -0.831123
vt -20.560600 -0.831123
vt -20.554800 -0.815548
vt 2.087470 8.109860
vt 2.088080 8.094280
vt 2.285110 8.094280
vt 2.292200 8.109860
vt 6.317340 7.773510
vt 6.317940 7.757930
vt 6.596210 7.757930
vt 6.596810 7.773510
vt 10.265000 7.120430
vt 10.265600 7.104860
vt 10.543900 7.104860
vt 10.544500 7.120430
vt 13.757900 6.179180
vt 13.758500 6.163610
vt 14.036800 6.163610
vt 14.037400 6.179180
vt 16.643499 4.990890
vt 16.644100 4.975310
vt 16.922300 4.975310
vt 16.922899 4.990890
vt 18.795500 3.607480
vt 18.796101 3.591910
vt 19.074400 3.591910
vt 19.075001 3.607480
vt 20.116600 2.089430
vt 20.116899 2.073860
vt 20.398800 2.073860
vt 20.399401 2.089430
vt 20.116899 4.075690
vt 20.117599 4.058960
vt 20.397499 4.058960
vt 20.398800 4.075690
vt 20.560600 2.519800
vt 20.572800 2.503070
vt 20.587799 2.503070
vt 20.588400 2.519800
vt 2.318580 -14.978600
vt 2.330790 -14.995300
vt 3.419210 -14.995300
vt 3.431420 -14.978600
vt -21.898899 -1.673910
vt -21.883801 -1.690650
vt -20.572800 -1.690650
vt -20.560600 -1.673910
vt 2.088080 15.991500
vt 2.089360 15.974700
vt 2.270040 15.974700
vt 2.285110 15.991500
vt 6.317940 15.325700
vt 6.319230 15.309000
vt 6.594920 15.309000
vt 6.596210 15.325700
vt 10.265600 14.033200
vt 10.266900 14.016400
vt 10.542600 14.016400
vt 10.543900 14.033200
vt 13.758500 12.170200
vt 13.759800 12.153500
vt 14.035500 12.153500
vt 14.036800 12.170200
vt 16.644100 9.818320
vt 16.645300 9.801580
vt 16.921000 9.801580
vt 16.922300 9.818320
vt 18.796101 7.080250
vt 18.797400 7.063520
vt 19.073099 7.063520
vt 19.074400 7.080250
vt 18.797400 9.658820
vt 18.798800 9.645160
vt 19.071600 9.645160
vt 19.073099 9.658820
vt 20.117599 5.545210
vt 20.118299 5.531550
vt 20.396099 5.531550
vt 20.397499 5.545210
vt 20.572800 3.415010
vt 20.586399 3.401350
vt 20.587099 3.401350
vt 20.587799 3.415010
vt 2.330790 -20.542400
vt 2.344420 -20.556000
vt 3.405580 -20.556000
vt 3.419210 -20.542400
vt -21.883801 -2.326700
vt -21.866899 -2.340350
vt -20.586399 -2.340350
vt -20.572800 -2.326700
vt 2.089360 21.859301
vt 2.090790 21.845699
vt 2.253200 21.845699
vt 2.270040 21.859301
vt 6.319230 20.947901
vt 6.320660 20.934200
vt 6.593490 20.934200
vt 6.594920 20.947901
vt 10.266900 19.178200
vt 10.268300 19.164499
vt 10.541200 19.164499
vt 10.542600 19.178200
vt 13.759800 16.627600
vt 13.761200 16.613899
vt 14.034100 16.613899
vt 14.035500 16.627600
vt 16.645300 13.407600
vt 16.646799 13.393900
vt 16.919600 13.393900
vt 16.921000 13.407600
vt 16.646799 11.639700
vt 16.648001 11.626000
vt 16.918400 11.626000
vt 16.919600 11.639700
vt 18.798800 8.383520
vt 18.800100 8.369830
vt 19.070400 8.369830
vt 19.071600 8.383520
vt 20.118299 4.810470
vt 20.118299 4.809780
vt 20.118900 4.796780
vt 20.130800 4.796780
vt 20.394899 4.796780
vt 20.396099 4.810470
vt 20.119301 3.047390
vt 20.139299 3.047390
vt 20.130800 3.061140
vt 20.118900 3.061140
vt 20.119400 0.671472
vt 20.141199 0.671472
vt 20.139299 0.685255
vt 20.119301 0.685255
vt 2.365620 -2.597500
vt 3.382100 -2.597500
vt 3.384020 -2.583720
vt 2.363890 -2.583720
vt 2.365620 -0.019085
vt 2.365620 -0.080315
vt 2.449620 -0.080315
vt 2.449620 -0.100000
vt 3.382100 -0.100000
vt 3.382100 -0.019085
vt -21.840799 -0.019085
vt -21.840799 -0.100000
vt -20.728600 -0.100000
vt -20.728600 -0.080315
vt -20.607599 -0.080315
vt -20.607599 -0.019085
vt 2.093020 -0.019085
vt 2.093020 -0.100000
vt 2.227030 -0.100000
vt 2.227030 -0.019085
vt 6.322890 -0.019085
vt 6.322890 -0.100000
vt 6.591260 -0.100000
vt 6.591260 -0.019085
vt 10.270600 -0.019085
vt 10.270600 -0.100000
vt 10.538900 -0.100000
vt 10.538900 -0.019085
vt 13.763500 -0.019085
vt 13.763500 -0.100000
vt 14.031900 -0.100000
vt 14.031900 -0.019085
vt 16.649000 -0.019085
vt 16.649000 -0.100000
vt 16.917400 -0.100000
vt 16.917400 -0.019085
vt 18.801001 -0.019085
vt 18.801001 -0.100000
vt 19.069401 -0.100000
vt 19.069401 -0.019085
vt 20.393900 -0.019085
vt 20.141199 -0.019085
vt 20.141199 -0.100000
vt 20.393900 -0.100000
vt 20.394100 0.685255
vt 20.393900 0.671472
vt 20.394899 3.061140
vt 20.394100 3.047390
vt 2.363890 -11.398400
vt 3.384020 -11.398400
vt 3.392460 -11.384600
vt 2.356290 -11.384600
vt 3.393710 -11.384600
vt 3.386110 -11.398400
vt 2.344420 -17.849001
vt 2.356290 -17.862700
vt 3.392460 -17.862700
vt 3.393710 -17.862700
vt 3.404980 -17.849701
vt 3.405580 -17.849001
vt -21.866899 -2.027020
vt -21.852301 -2.040700
vt -20.598301 -2.040700
vt -20.586399 -2.027020
vt 2.090790 18.980801
vt 2.092040 18.967100
vt 2.238540 18.967100
vt 2.253200 18.980801
vt 6.320660 18.189100
vt 6.321910 18.175400
vt 6.592240 18.175400
vt 6.593490 18.189100
vt 10.268300 16.652000
vt 10.269600 16.638300
vt 10.539900 16.638300
vt 10.541200 16.652000
vt 13.761200 14.436600
vt 13.762500 14.422900
vt 14.032800 14.422900
vt 14.034100 14.436600
vt 13.762500 9.197900
vt 13.763300 9.184160
vt 14.032000 9.184160
vt 14.032800 9.197900
vt 16.648001 7.414840
vt 16.648800 7.401090
vt 16.917601 7.401090
vt 16.918400 7.414840
vt 18.800100 5.339010
vt 18.800900 5.325260
vt 19.069599 5.325260
vt 19.070400 5.339010
vt 18.801001 1.186940
vt 19.069401 1.186940
vt 19.069599 1.200720
vt 18.800900 1.200720
vt 16.649000 1.656680
vt 16.917400 1.656680
vt 16.917601 1.670470
vt 16.648800 1.670470
vt 13.763500 2.060180
vt 14.031900 2.060180
vt 14.032000 2.073960
vt 13.763300 2.073960
vt 10.538900 2.379790
vt 10.539100 2.393570
vt 10.270400 2.393570
vt 10.270600 2.379790
vt 6.591260 2.601540
vt 6.591440 2.615330
vt 6.322710 2.615330
vt 6.322890 2.601540
vt 2.227030 2.715750
vt 2.229160 2.729540
vt 2.092840 2.729540
vt 2.093020 2.715750
vt -20.605900 -0.301155
vt -21.842899 -0.301155
vt -21.840799 -0.314938
vt -20.607599 -0.314938
vt -21.852301 -1.297860
vt -21.842899 -1.311610
vt -20.605900 -1.311610
vt -20.598301 -1.297860
vt 2.092040 12.094900
vt 2.092840 12.081200
vt 2.229160 12.081200
vt 2.238540 12.094900
vt 6.321910 11.590200
vt 6.322710 11.576500
vt 6.591440 11.576500
vt 6.592240 11.590200
vt 10.269600 10.610300
vt 10.270400 10.596500
vt 10.539100 10.596500
vt 10.539900 10.610300
vt 3.386110 -2.583720
vt 3.384380 -2.597500
vt -3.441940 20.589001
vt -3.450340 20.589399
vt -3.420560 20.872700
vt -3.412300 20.870899
vt -3.333340 21.141100
vt -3.325630 21.137699
vt -3.192220 21.385500
vt -3.185390 21.380600
vt -3.003370 21.595301
vt -2.997720 21.589001
vt -2.775030 21.761200
vt -2.770810 21.753901
vt -2.517190 21.875999
vt -2.514580 21.868000
vt -2.308060 21.911900
vt 6.603420 0.050000
vt 6.310740 0.050000
vt 6.310740 -0.131496
vt 6.603420 -0.131496
vt 6.310740 -0.178740
vt 6.603420 -0.178740
vt 10.258400 -0.178740
vt 10.551100 -0.178740
vt 2.369810 0.050000
vt 2.080870 0.050000
vt -21.983601 0.050000
vt -21.983601 -0.131496
vt 2.376740 20.618700
vt -2.625040 -0.178740
vt -21.983601 -0.178740
vt -21.827000 2.181110
vt -21.983601 2.045860
vt -20.492001 2.045860
vt -20.618700 2.181110
vt 2.376740 19.274200
vt 2.250000 19.138901
vt 2.625040 19.138901
vt 3.500000 19.138901
vt 3.404980 19.240299
vt 3.373260 19.274200
vt 3.369750 19.274200
vt 3.369750 20.618700
vt 3.344750 20.856600
vt 2.653690 -0.178740
vt 21.983601 -0.178740
vt -6.478030 -0.178740
vt -6.189090 -0.178740
vt -6.189090 -0.131496
vt -6.478030 -0.131496
vt -10.440300 -0.178740
vt -10.147600 -0.178740
vt -10.147600 -0.131496
vt -10.440300 -0.131496
vt 13.656300 -0.178740
vt 13.948900 -0.178740
vt 13.948900 -0.131496
vt 13.656300 -0.131496
vt 13.656300 0.050000
vt 13.948900 0.050000
vt -16.561701 0.050000
vt -16.854401 0.050000
vt -16.854401 -0.131496
vt -16.561701 -0.131496
vt -16.854401 -0.178740
vt -16.561701 -0.178740
vt 18.736900 -0.178740
vt 19.029499 -0.178740
vt 19.029499 -0.131496
vt 18.736900 -0.131496
vt 18.736900 0.050000
vt 19.029499 0.050000
vt 20.086800 -0.178740
vt 20.379400 -0.178740
vt -10.147600 0.050000
vt -10.440300 0.050000
vt -6.189090 0.050000
vt -6.478030 0.050000
vt -1.829100 12.435000
vt -0.823766 12.435000
vt -0.830249 12.444600
vt -1.823260 12.444600
vt -1.824610 12.442300
vt -1.841180 20.405800
vt -0.810352 20.405800
vt -0.823766 20.417999
vt -1.829100 20.417999
vt 20.571899 -1.343970
vt -0.810256 20.407200
vt -0.820903 20.417999
vt -0.808825 20.405800
vt -0.826740 12.444600
vt -0.820903 12.435000
vt -0.825387 12.442300
vt -20.600800 -1.845670
vt -20.612900 -1.833490
vt -21.834200 -1.833490
vt -21.849199 -1.845670
vt -20.612900 -1.235730
vt -20.617399 -1.228370
vt -20.618700 -1.226150
vt -21.827000 -1.226150
vt -21.828699 -1.228370
vt -21.834200 -1.235730
vt 6.328720 -12.899700
vt 6.323190 -12.892300
vt 6.321510 -12.890100
vt 6.202410 -12.890100
vt 6.202270 -12.892300
vt 6.201800 -12.899700
vt 10.427100 -11.827600
vt 10.427000 -11.825400
vt 10.160900 -11.825400
vt 10.160800 -11.827600
vt 10.160300 -11.835000
vt 10.427600 -11.835000
vt 13.935800 -10.284900
vt 13.935600 -10.282600
vt 13.669600 -10.282600
vt 13.669400 -10.284900
vt 13.669000 -10.292200
vt 13.936200 -10.292200
vt 16.841200 -8.331420
vt 16.841000 -8.329200
vt 16.575001 -8.329200
vt 16.574900 -8.331420
vt 16.574400 -8.338780
vt 16.841600 -8.338780
vt 19.016800 -6.060060
vt 19.016399 -6.052700
vt 19.016199 -6.050480
vt 18.750200 -6.050480
vt 18.750000 -6.052700
vt 18.749599 -6.060060
vt 20.366301 -3.548280
vt 20.366100 -3.546060
vt 20.100100 -3.546060
vt 20.099899 -3.548280
vt 20.099501 -3.555640
vt 20.366699 -3.555640
vt 20.368000 -5.621730
vt 20.366699 -5.609550
vt 20.099501 -5.609550
vt 20.098200 -5.621730
vt 19.018101 -9.698110
vt 19.016800 -9.685930
vt 18.749599 -9.685930
vt 18.748301 -9.698110
vt 16.842899 -13.407100
vt 16.841600 -13.395000
vt 16.574400 -13.395000
vt 16.573099 -13.407100
vt 13.937500 -16.586700
vt 13.936200 -16.574499
vt 13.669000 -16.574499
vt 13.667700 -16.586700
vt 10.428900 -19.097900
vt 10.427600 -19.085699
vt 10.160300 -19.085699
vt 10.159100 -19.097900
vt 6.343640 -20.830799
vt 6.328720 -20.818701
vt 6.201800 -20.818701
vt 6.200530 -20.830799
vt -20.393299 -3.479420
vt -20.147100 -3.479420
vt -20.153601 -3.469840
vt -20.392700 -3.469840
vt -20.392799 -3.472060
vt -20.394600 -5.497680
vt -20.133699 -5.497680
vt -20.147100 -5.485500
vt -20.393299 -5.485500
vt -18.800301 -9.582250
vt -18.801600 -9.570070
vt -19.068899 -9.570070
vt -19.070101 -9.582250
vt -18.801600 -5.988880
vt -18.802099 -5.981520
vt -18.802200 -5.979300
vt -19.068199 -5.979300
vt -19.068399 -5.981520
vt -19.068899 -5.988880
vt -16.650000 -8.268390
vt -16.650200 -8.266170
vt -16.916201 -8.266170
vt -16.916401 -8.268390
vt -16.916800 -8.275750
vt -16.649599 -8.275750
vt -13.764500 -10.232700
vt -13.764600 -10.230500
vt -14.030700 -10.230500
vt -14.030800 -10.232700
vt -14.031300 -10.240100
vt -13.764000 -10.240100
vt -10.271600 -11.788700
vt -10.271700 -11.786500
vt -10.537800 -11.786500
vt -10.537900 -11.788700
vt -10.538400 -11.796100
vt -10.271100 -11.796100
vt -6.323910 -12.868300
vt -6.324060 -12.866000
vt -6.590090 -12.866000
vt -6.590240 -12.868300
vt -6.590710 -12.875600
vt -6.323440 -12.875600
vt -2.093580 -13.431600
vt -2.094050 -13.424300
vt -2.094190 -13.422100
vt -2.213290 -13.422100
vt -2.214970 -13.424300
vt -2.220500 -13.431600
vt 21.828699 1.330090
vt 21.827000 1.332310
vt 20.618700 1.332310
vt 20.617399 1.330090
vt 20.612900 1.322730
vt 21.834200 1.322730
vt 21.849199 2.318670
vt 21.834200 2.330850
vt 20.612900 2.330850
vt 20.600800 2.318670
vt -2.092310 -21.696699
vt -2.093580 -21.684500
vt -2.220500 -21.684500
vt -2.235420 -21.696699
vt -6.322170 -20.791599
vt -6.323440 -20.779499
vt -6.590710 -20.779499
vt -6.591980 -20.791599
vt -10.269800 -19.034401
vt -10.271100 -19.022301
vt -10.538400 -19.022301
vt -10.539600 -19.034401
vt -13.762800 -16.501801
vt -13.764000 -16.489700
vt -14.031300 -16.489700
vt -14.032600 -16.501801
vt -16.648300 -13.304500
vt -16.649599 -13.292400
vt -16.916800 -13.292400
vt -16.918100 -13.304500
vt -3.379100 12.435000
vt -3.373260 12.444600
vt -3.374610 12.442300
vt 0.200000 14.299300
vt 0.200000 14.265500
vt 4.000000 14.265500
vt 4.000000 14.299300
vt 0.200000 11.973900
vt 0.200000 11.937900
vt 4.000000 11.937900
vt 4.000000 11.973900
vt -0.200000 -13.772900
vt -0.200000 -13.724500
vt -4.000000 -13.724500
vt -4.000000 -13.772900
vt 0.200000 14.188500
vt 0.200000 14.015100
vt 4.000000 14.015100
vt 4.000000 14.188500
vt 0.200000 9.967320
vt 0.200000 9.934710
vt 4.000000 9.934710
vt 4.000000 9.967320
vt -6.560970 25.438999
vt -6.167270 25.832701
vt -16.332701 25.832701
vt -6.560970 15.735900
vt -6.560970 20.124599
vt -6.560970 21.291100
vt 21.291100 0.946014
vt 25.438999 0.946014
vt 25.438999 1.142860
vt 21.291100 1.142860
vt 6.560970 0.946014
vt 10.356200 0.946014
vt 10.356200 1.142860
vt 6.560970 1.142860
vt -10.356200 25.438999
vt -11.423400 25.438999
vt -15.438900 25.438999
vt -15.939000 24.819201
vt -15.939000 20.430500
vt -15.939000 19.264099
vt -15.939000 14.875400
vt -15.939000 13.708900
vt -15.939000 9.560970
vt -16.332701 9.167270
vt -12.143800 9.560970
vt -11.076600 9.560970
vt -7.061120 9.560970
vt -6.167270 9.167270
vt -6.560970 10.180800
vt -6.560970 14.569500
vt 15.178000 0.946014
vt 29.070601 0.946014
vt 29.070601 1.142860
vt 15.178000 1.142860
vt -24.819201 0.946014
vt -20.430500 0.946014
vt -20.430500 1.142860
vt -24.819201 1.142860
vt -25.832701 0.946014
vt -11.940100 0.946014
vt -11.940100 1.142860
vt -25.832701 1.142860
vt 11.820400 0.946014
vt 24.972099 0.946014
vt 24.972099 1.142860
vt 11.820400 1.142860
vt -19.264099 0.946014
vt -14.875400 0.946014
vt -14.875400 1.142860
vt -19.264099 1.142860
vt -21.734200 0.946014
vt -14.531000 0.946014
vt -14.531000 1.142860
vt -21.734200 1.142860
vt 15.251500 0.946014
vt 20.873600 0.946014
vt 20.873600 1.142860
vt 15.251500 1.142860
vt -13.708900 0.946014
vt -9.560970 0.946014
vt -9.560970 1.142860
vt -13.708900 1.142860
vt -15.939000 0.946014
vt -12.143800 0.946014
vt -12.143800 1.142860
vt -15.939000 1.142860
vt -11.076600 0.946014
vt -7.061120 0.946014
vt -7.061120 1.142860
vt -11.076600 1.142860
vt 10.180800 0.946014
vt 14.569500 0.946014
vt 14.569500 1.142860
vt 10.180800 1.142860
vt -29.190300 0.946014
vt -16.038601 0.946014
vt -16.038601 1.142860
vt -29.190300 1.142860
vt 15.735900 0.946014
vt 20.124599 0.946014
vt 20.124599 1.142860
vt 15.735900 1.142860
vt 19.276501 0.946014
vt 26.479700 0.946014
vt 26.479700 1.142860
vt 19.276501 1.142860
vt -25.759300 0.946014
vt -20.137100 0.946014
vt -20.137100 1.142860
vt -25.759300 1.142860
vt 11.423400 0.946014
vt 15.438900 0.946014
vt 15.438900 1.142860
vt 11.423400 1.142860
vt -12.578500 77.117500
vt -15.030200 78.209099
vt -15.033000 78.209099
vt -12.581300 77.117500
vt -10.410100 75.540100
vt -8.614300 73.545700
vt -7.272420 71.221497
vt -6.443090 68.669098
vt -6.178980 66.156197
vt -6.176200 66.156197
vt -6.440310 68.669098
vt -7.269630 71.221497
vt -8.611510 73.545700
vt -10.407300 75.540100
vt -10.672300 75.489304
vt -12.478800 76.801804
vt -15.609200 67.681801
vt -12.823200 77.011002
vt -14.863700 77.919502
vt -15.245200 78.053596
vt -16.341000 78.487701
vt -16.144199 78.244698
vt -16.341000 67.365799
vt -16.081400 67.306602
vt -15.953400 67.899597
vt -15.951700 67.896698
vt -15.847300 67.134804
vt -15.661400 66.867203
vt 59.039902 0.946014
vt 68.676201 0.946014
vt 68.676201 1.142860
vt 59.039902 1.142860
vt -78.528999 0.946014
vt -68.182198 0.946014
vt -68.182198 1.142860
vt -78.528999 1.142860
vt -66.779503 0.946014
vt -66.776100 0.946014
vt -66.776100 1.142860
vt -66.779503 1.142860
vt 31.140301 0.946014
vt 32.059399 0.946014
vt 32.059399 1.142860
vt 31.140301 1.142860
vt 39.857700 0.946014
vt 40.262001 0.946014
vt 40.262001 1.142860
vt 39.857700 1.142860
vt 43.037800 0.946014
vt 45.271400 0.946014
vt 45.271400 1.142860
vt 43.037800 1.142860
vt -15.542100 66.529999
vt -15.501000 66.156197
vt -15.316700 67.407799
vt -10.379800 75.215302
vt -8.885640 73.555901
vt -8.656660 73.230202
vt -7.539960 71.295998
vt -7.382820 70.932800
vt -6.692480 68.808098
vt -6.612310 68.422302
vt -6.394820 66.352997
vt -14.765200 66.352997
vt -14.765200 0.946014
vt -6.394820 0.946014
vt -6.394820 1.142860
vt -14.765200 1.142860
vt 66.657997 0.946014
vt 68.738701 0.946014
vt 68.738701 1.142860
vt 66.657997 1.142860
vt -10.423200 0.946014
vt -2.011760 0.946014
vt -2.011760 1.142860
vt -10.423200 1.142860
vt -14.934000 66.716400
vt 67.508499 0.946014
vt 69.742500 0.946014
vt 69.742500 1.142860
vt 67.508499 1.142860
vt -28.135500 0.946014
vt -19.486900 0.946014
vt -19.486900 1.142860
vt -28.135500 1.142860
vt -15.089100 67.080704
vt 19.529100 0.946014
vt 28.175301 0.946014
vt 28.175301 1.142860
vt 19.529100 1.142860
vt 65.514099 0.946014
vt 67.747498 0.946014
vt 67.747498 1.142860
vt 65.514099 1.142860
vt -44.346802 0.946014
vt -35.447800 0.946014
vt -35.447800 1.142860
vt -44.346802 1.142860
vt 35.509399 0.946014
vt 44.406399 0.946014
vt 44.406399 1.142860
vt 35.509399 1.142860
vt 60.608398 0.946014
vt 62.841301 0.946014
vt 62.841301 1.142860
vt 60.608398 1.142860
vt -58.024601 0.946014
vt -48.787201 0.946014
vt -48.787201 1.142860
vt -58.024601 1.142860
vt 1.937610 0.946014
vt 10.440400 0.946014
vt 10.440400 1.142860
vt 1.937610 1.142860
vt 48.862499 0.946014
vt 58.099899 0.946014
vt 58.099899 1.142860
vt 48.862499 1.142860
vt -68.590103 0.946014
vt -58.947899 0.946014
vt -58.947899 1.142860
vt -68.590103 1.142860
vt 53.005600 0.946014
vt 55.238499 0.946014
vt 55.238499 1.142860
vt 53.005600 1.142860
vt 67.454300 0.946014
vt 67.830399 0.946014
vt 67.830399 1.142860
vt 67.454300 1.142860
vt 67.903900 0.946014
vt 68.261597 0.946014
vt 68.261597 1.142860
vt 67.903900 1.142860
vt 63.855900 0.946014
vt 64.181702 0.946014
vt 64.181702 1.142860
vt 63.855900 1.142860
vt 52.491600 0.946014
vt 52.782001 0.946014
vt 52.782001 1.142860
vt 52.491600 1.142860
vt 30.645399 0.946014
vt 30.911600 0.946014
vt 30.911600 1.142860
vt 30.645399 1.142860
vt -16.341000 66.156197
vt -6.167270 33.167301
vt -6.167270 33.954700
vt -6.954670 33.167301
vt -6.954670 58.832699
vt -15.545300 58.832699
vt -16.332701 58.045300
vt -16.332701 33.954700
vt -15.545300 33.167301
vt -6.167270 58.045300
vt 15.545300 -58.631599
vt 12.234300 -46.755501
vt 10.265700 -46.755501
vt 6.954670 -58.631599
vt -30.608801 -52.372799
vt -29.495300 -52.372799
vt -24.572001 -41.622898
vt -16.332701 58.832699
vt -33.954700 -15.840200
vt -45.015701 -11.662600
vt -46.984299 -11.662600
vt -58.045300 -15.840200
vt -35.558601 12.496500
vt -34.445000 12.496500
vt -40.481899 23.246401
vt -16.332701 33.167301
vt -6.954670 33.154701
vt -10.265700 45.030701
vt -12.234300 45.030701
vt -15.545300 33.154701
vt 18.535101 28.361200
vt 19.648701 28.361200
vt 24.572001 39.111099
vt 45.015701 10.411300
vt 33.954700 6.233720
vt 58.045300 6.233720
vt 46.984299 10.411300
vt 45.405201 -36.508099
vt 46.518700 -36.508099
vt 40.481899 -25.758101
vt -6.167270 58.832699
vt -10.265700 45.015701
vt -10.265700 46.984299
vt -12.234300 46.984299
vt -12.234300 45.015701
vt -21.667299 25.832701
vt -22.061001 24.819201
vt -21.667299 9.167270
vt -22.561100 25.438999
vt -31.832701 25.832701
vt -26.576599 25.438999
vt -27.643801 25.438999
vt -31.438999 25.438999
vt -31.438999 21.291100
vt -31.438999 20.124599
vt -31.438999 15.735900
vt -31.438999 14.569500
vt -31.438999 10.180800
vt -31.832701 9.167270
vt -30.938900 9.560970
vt -26.923401 9.560970
vt -25.856199 9.560970
vt -22.061001 9.560970
vt -22.061001 20.430500
vt 20.430500 0.946014
vt 24.819201 0.946014
vt 24.819201 1.142860
vt 20.430500 1.142860
vt -3.419140 0.946014
vt 10.473500 0.946014
vt 10.473500 1.142860
vt -3.419140 1.142860
vt -9.612870 0.946014
vt 3.538820 0.946014
vt 3.538820 1.142860
vt -9.612870 1.142860
vt 22.561100 0.946014
vt 26.576599 0.946014
vt 26.576599 1.142860
vt 22.561100 1.142860
vt -0.828216 0.946014
vt 6.374970 0.946014
vt 6.374970 1.142860
vt -0.828216 1.142860
vt -5.514380 0.946014
vt 0.107778 0.946014
vt 0.107778 1.142860
vt -5.514380 1.142860
vt 27.643801 0.946014
vt 31.438999 0.946014
vt 31.438999 1.142860
vt 27.643801 1.142860
vt -25.438999 0.946014
vt -21.291100 0.946014
vt -21.291100 1.142860
vt -25.438999 1.142860
vt -20.124599 0.946014
vt -15.735900 0.946014
vt -15.735900 1.142860
vt -20.124599 1.142860
vt -14.569500 0.946014
vt -10.180800 0.946014
vt -10.180800 1.142860
vt -14.569500 1.142860
vt -13.711400 0.946014
vt 0.181241 0.946014
vt 0.181241 1.142860
vt -13.711400 1.142860
vt -22.061001 19.264099
vt 0.679347 0.946014
vt 13.831000 0.946014
vt 13.831000 1.142860
vt 0.679347 1.142860
vt -30.938900 0.946014
vt -26.923401 0.946014
vt -26.923401 1.142860
vt -30.938900 1.142860
vt -11.120400 0.946014
vt -3.917250 0.946014
vt -3.917250 1.142860
vt -11.120400 1.142860
vt -22.061001 13.708900
vt -22.061001 14.875400
vt 4.777840 0.946014
vt 10.400000 0.946014
vt 10.400000 1.142860
vt 4.777840 1.142860
vt -25.856199 0.946014
vt -22.061001 0.946014
vt -22.061001 1.142860
vt -25.856199 1.142860
vt 9.560970 0.946014
vt 13.708900 0.946014
vt 13.708900 1.142860
vt 9.560970 1.142860
vt 14.875400 0.946014
vt 19.264099 0.946014
vt 19.264099 1.142860
vt 14.875400 1.142860
vt -21.667299 58.832699
vt -22.454700 58.832699
vt -21.667299 58.045300
vt 56.365299 -25.579000
vt 57.478901 -25.579000
vt 51.442001 -14.829100
vt -31.045300 33.167301
vt -22.454700 33.167301
vt -21.667299 33.954700
vt -31.045300 58.832699
vt -31.832701 58.045300
vt -31.832701 33.954700
vt -22.454700 33.154701
vt -25.765699 45.030701
vt -27.734301 45.030701
vt -31.045300 33.154701
vt 13.611800 50.040199
vt 7.574950 39.290298
vt 8.688500 39.290298
vt -21.667299 33.167301
vt 45.015701 25.617800
vt 33.954700 21.440201
vt 58.045300 21.440201
vt 46.984299 25.617800
vt -27.734301 46.984299
vt -27.734301 45.015701
vt -25.765699 45.015701
vt -25.765699 46.984299
vt -33.954700 -31.046700
vt -45.015701 -26.869101
vt -46.984299 -26.869101
vt -58.045300 -31.046700
vt -45.405201 1.567390
vt -51.442001 12.317300
vt -46.518700 1.567390
vt -31.832701 33.167301
vt -18.535101 -63.301899
vt -13.611800 -52.551998
vt -19.648701 -63.301899
vt 31.045300 -58.631599
vt 27.734301 -46.755501
vt 25.765699 -46.755501
vt 22.454700 -58.631599
vt -31.832701 58.832699
vt -31.602400 66.352997
vt -31.556900 68.669098
vt -31.820999 66.156197
vt -31.384899 68.422302
vt -31.304701 68.808098
vt -30.727600 71.221497
vt -30.614401 70.932800
vt -30.457300 71.295998
vt -29.385700 73.545700
vt -29.340599 73.230202
vt -29.111601 73.555901
vt -27.617500 75.215302
vt -27.589899 75.540100
vt -27.324900 75.489304
vt -22.680500 67.407799
vt -22.388000 67.681801
vt -22.455099 66.529999
vt -22.335800 66.867203
vt -55.586800 0.946014
vt -55.229099 0.946014
vt -55.229099 1.142860
vt -55.586800 1.142860
vt -63.676201 0.946014
vt -63.300098 0.946014
vt -63.300098 1.142860
vt -63.676201 1.142860
vt -22.496201 66.156197
vt -23.232000 66.352997
vt -31.602400 0.946014
vt -23.232000 0.946014
vt -23.232000 1.142860
vt -31.602400 1.142860
vt 38.841301 0.946014
vt 47.252701 0.946014
vt 47.252701 1.142860
vt 38.841301 1.142860
vt -23.063299 66.716400
vt -22.908100 67.080704
vt 62.913300 0.946014
vt 71.812302 0.946014
vt 71.812302 1.142860
vt 62.913300 1.142860
vt -48.748901 0.946014
vt -46.515499 0.946014
vt -46.515499 1.142860
vt -48.748901 1.142860
vt -61.351101 0.946014
vt -52.704800 0.946014
vt -52.704800 1.142860
vt -61.351101 1.142860
vt 52.662601 0.946014
vt 61.311199 0.946014
vt 61.311199 1.142860
vt 52.662601 1.142860
vt -58.000702 0.946014
vt -55.766701 0.946014
vt -55.766701 1.142860
vt -58.000702 1.142860
vt -47.269901 0.946014
vt -38.767101 0.946014
vt -38.767101 1.142860
vt -47.269901 1.142860
vt -71.871902 0.946014
vt -62.974800 0.946014
vt -62.974800 1.142860
vt -71.871902 1.142860
vt 69.094704 0.946014
vt 78.332199 0.946014
vt 78.332199 1.142860
vt 69.094704 1.142860
vt -37.416199 0.946014
vt -35.183300 0.946014
vt -35.183300 1.142860
vt -37.416199 1.142860
vt -64.766899 0.946014
vt -62.686199 0.946014
vt -62.686199 1.142860
vt -64.766899 1.142860
vt -21.656200 66.156197
vt -21.656200 67.365799
vt -21.915800 67.306602
vt -22.149900 67.134804
vt 6.134310 0.946014
vt 6.400550 0.946014
vt 6.400550 1.142860
vt 6.134310 1.142860
vt -21.656200 78.487701
vt -21.853001 78.244698
vt -22.966999 78.209099
vt -22.752100 78.053596
vt -23.133499 77.919502
vt -25.418699 77.117500
vt -25.174000 77.011002
vt -25.518400 76.801804
vt -22.045500 67.896698
vt -22.043800 67.899597
vt 67.481697 0.946014
vt 77.828400 0.946014
vt 77.828400 1.142860
vt 67.481697 1.142860
vt 5.107530 0.946014
vt 6.026620 0.946014
vt 6.026620 1.142860
vt 5.107530 1.142860
vt -4.414130 0.946014
vt -4.009820 0.946014
vt -4.009820 1.142860
vt -4.414130 1.142860
vt -10.559200 0.946014
vt -8.325580 0.946014
vt -8.325580 1.142860
vt -10.559200 1.142860
vt -81.012398 0.946014
vt -71.376099 0.946014
vt -71.376099 1.142860
vt -81.012398 1.142860
vt 47.777500 0.946014
vt 47.780899 0.946014
vt 47.780899 1.142860
vt 47.777500 1.142860
vt -22.146400 0.946014
vt -21.856001 0.946014
vt -21.856001 1.142860
vt -22.146400 1.142860
vt -42.508301 0.946014
vt -42.182499 0.946014
vt -42.182499 1.142860
vt -42.508301 1.142860
vt 71.283997 0.946014
vt 80.926300 0.946014
vt 80.926300 1.142860
vt 71.283997 1.142860
vt -24.498100 0.946014
vt -22.265200 0.946014
vt -22.265200 1.142860
vt -24.498100 1.142860
vt -78.407402 0.946014
vt -69.169998 0.946014
vt -69.169998 1.142860
vt -78.407402 1.142860
vt 4.730020 0.240000
vt 4.374240 0.240000
vt 4.374240 0.000000
vt 4.730020 0.000000
vt 7.663370 0.240000
vt 7.307580 0.240000
vt 7.307580 0.000000
vt 7.663370 0.000000
vt 9.990280 0.240000
vt 9.634490 0.240000
vt 9.634490 0.000000
vt 9.990280 0.000000
vt 11.522300 0.240000
vt 11.166500 0.240000
vt 11.166500 0.000000
vt 11.522300 0.000000
vt 12.135200 0.240000
vt 11.779400 0.240000
vt 11.779400 -0.000000
vt 12.135200 0.000000
vt -11.423600 0.240000
vt -11.779400 0.240000
vt -11.779400 0.000000
vt -11.423600 0.000000
vt 1.427890 0.240000
vt 1.072110 0.240000
vt 1.072110 0.000000
vt 1.427890 0.000000
vt -1.975500 0.240000
vt -2.331290 0.240000
vt -2.331290 0.000000
vt -1.975500 0.000000
vt -7.997340 0.240000
vt -8.353130 0.240000
vt -8.353130 0.000000
vt -7.997340 0.000000
vt -5.204440 0.240000
vt -5.560230 0.240000
vt -5.560230 0.000000
vt -5.204440 0.000000
vt -10.127900 0.240000
vt -10.483700 0.240000
vt -10.483700 0.000000
vt -10.127900 0.000000
vt -15.583800 -0.215617
vt -15.583800 -0.219554
vt -14.882000 -0.219554
vt -14.882000 -0.215617
vt -15.587800 -0.140247
vt -15.587800 -0.215617
vt -15.583800 -0.140247
vt -15.501000 -0.140247
vt -15.487000 -0.201603
vt -15.357200 -0.201603
vt -15.115500 -0.190231
vt -15.106700 -0.199015
vt -15.094700 -0.202231
vt -15.034700 -0.202231
vt -14.974700 -0.202231
vt -14.962700 -0.199015
vt -14.953900 -0.190231
vt -14.950700 -0.178231
vt -14.953900 -0.166231
vt -14.962700 -0.157446
vt -14.882000 -0.140247
vt -14.974700 -0.154231
vt -15.343200 -0.140247
vt 2.417060 17.385500
vt 2.417060 17.846701
vt 2.413130 17.846701
vt 2.413130 17.385500
vt -15.357200 -0.154262
vt -15.487000 -0.154262
vt -15.118700 -0.178231
vt 2.821000 4.414330
vt 2.821000 4.401910
vt 2.845000 4.401910
vt 2.845000 4.414330
vt 2.821000 12.371000
vt 2.821000 12.358600
vt 2.845000 12.358600
vt 2.845000 12.371000
vt 2.821000 16.984200
vt 2.821000 16.971701
vt 2.845000 16.971701
vt 2.845000 16.984200
vt 2.413130 -17.244801
vt 2.413130 -17.232300
vt 2.389130 -17.232300
vt 2.389130 -17.244801
vt -15.046700 -0.199015
vt -15.082700 -0.199015
vt 2.761000 16.926201
vt 2.761000 16.913799
vt 2.785000 16.913799
vt 2.785000 16.926201
vt 2.353130 -17.186800
vt 2.353130 -17.174400
vt 2.329130 -17.174400
vt 2.329130 -17.186800
vt -14.986700 -0.199015
vt -15.022700 -0.199015
vt 2.701000 16.868299
vt 2.701000 16.855801
vt 2.725000 16.855801
vt 2.725000 16.868299
vt 2.293130 -17.128901
vt 2.293130 -17.116400
vt 2.269130 -17.116400
vt 2.269130 -17.128901
vt 2.293130 -12.604800
vt 2.293130 -12.592300
vt 2.269130 -12.592300
vt 2.269130 -12.604800
vt 2.293130 -4.735330
vt 2.293130 -4.722900
vt 2.269130 -4.722900
vt 2.269130 -4.735330
vt 2.293130 4.370850
vt 2.293130 4.383270
vt 2.269130 4.383270
vt 2.269130 4.370850
vt 2.293130 12.273800
vt 2.293130 12.286200
vt 2.269130 12.286200
vt 2.269130 12.273800
vt 2.293130 16.855801
vt 2.293130 16.868299
vt 2.269130 16.868299
vt 2.269130 16.855801
vt 2.701000 -17.116400
vt 2.701000 -17.128901
vt 2.725000 -17.128901
vt 2.725000 -17.116400
vt -15.034700 -0.154231
vt -14.986700 -0.157446
vt -15.094700 -0.154231
vt -15.106700 -0.157446
vt -15.115500 -0.166231
vt 2.821000 -4.753960
vt 2.821000 -4.766380
vt 2.845000 -4.766380
vt 2.845000 -4.753960
vt 2.413130 -4.766380
vt 2.413130 -4.753960
vt 2.389130 -4.753960
vt 2.389130 -4.766380
vt -15.073900 -0.190231
vt -15.058700 -0.178231
vt -15.070700 -0.178231
vt -15.055500 -0.190231
vt 2.761000 12.328600
vt 2.761000 12.316200
vt 2.785000 12.316200
vt 2.785000 12.328600
vt 2.353130 -4.750850
vt 2.353130 -4.738430
vt 2.329130 -4.738430
vt 2.329130 -4.750850
vt -15.013900 -0.190231
vt -14.998700 -0.178231
vt -15.010700 -0.178231
vt -14.995500 -0.190231
vt 2.701000 12.286200
vt 2.701000 12.273800
vt 2.725000 12.273800
vt 2.725000 12.286200
vt 2.701000 -12.592300
vt 2.701000 -12.604800
vt 2.725000 -12.604800
vt 2.725000 -12.592300
vt -15.022700 -0.157446
vt -14.995500 -0.166231
vt 2.353130 16.913799
vt 2.353130 16.926201
vt 2.329130 16.926201
vt 2.329130 16.913799
vt 2.761000 -17.174400
vt 2.761000 -17.186800
vt 2.785000 -17.186800
vt 2.785000 -17.174400
vt -15.046700 -0.157446
vt -15.082700 -0.157446
vt 2.413130 16.971701
vt 2.413130 16.984200
vt 2.389130 16.984200
vt 2.389130 16.971701
vt 2.821000 -17.232300
vt 2.821000 -17.244801
vt 2.845000 -17.244801
vt 2.845000 -17.232300
vt 2.821000 -12.677200
vt 2.821000 -12.689600
vt 2.845000 -12.689600
vt 2.845000 -12.677200
vt 2.413130 12.358600
vt 2.413130 12.371000
vt 2.389130 12.371000
vt 2.389130 12.358600
vt -15.073900 -0.166231
vt -15.055500 -0.166231
vt 2.761000 -12.634800
vt 2.761000 -12.647200
vt 2.785000 -12.647200
vt 2.785000 -12.634800
vt 2.761000 -4.738430
vt 2.761000 -4.750850
vt 2.785000 -4.750850
vt 2.785000 -4.738430
vt 2.761000 4.398800
vt 2.761000 4.386380
vt 2.785000 4.386380
vt 2.785000 4.398800
vt 2.413130 4.401910
vt 2.413130 4.414330
vt 2.389130 4.414330
vt 2.389130 4.401910
vt 2.353130 12.316200
vt 2.353130 12.328600
vt 2.329130 12.328600
vt 2.329130 12.316200
vt -15.013900 -0.166231
vt 2.701000 -4.722900
vt 2.701000 -4.735330
vt 2.725000 -4.735330
vt 2.725000 -4.722900
vt 2.701000 4.383270
vt 2.701000 4.370850
vt 2.725000 4.370850
vt 2.725000 4.383270
vt 2.353130 4.386380
vt 2.353130 4.398800
vt 2.329130 4.398800
vt 2.329130 4.386380
vt 2.353130 -12.647200
vt 2.353130 -12.634800
vt 2.329130 -12.634800
vt 2.329130 -12.647200
vt 2.413130 -12.689600
vt 2.413130 -12.677200
vt 2.389130 -12.677200
vt 2.389130 -12.689600
vt 2.417060 17.310101
vt 2.413130 17.310101
vt -17.742800 0.111053
vt -17.683300 0.124488
vt -17.834299 0.131067
vt -17.790600 0.122311
vt -17.681499 0.116466
vt -17.740999 0.103031
vt -17.625000 0.100036
vt -17.740499 0.119902
vt -17.688700 0.106143
vt -17.624599 0.116906
vt 2.185450 17.065701
vt 2.187090 17.119301
vt 2.142760 17.119301
vt 2.144410 17.065701
vt 2.187090 17.236200
vt 2.188610 17.285200
vt 2.141250 17.285200
vt 2.142760 17.236200
vt 2.188610 17.408001
vt 2.190000 17.452600
vt 2.139850 17.452600
vt 2.141250 17.408001
vt 2.190000 17.576000
vt 2.191270 17.616100
vt 2.138590 17.616100
vt 2.139850 17.576000
vt -17.875299 0.127206
vt -17.835699 0.120951
vt -17.737400 0.128315
vt -17.736700 0.119731
vt -17.835100 0.112367
vt -17.684099 0.105786
vt -2.144760 17.065500
vt -2.143230 17.119900
vt -2.186620 17.119900
vt -2.185100 17.065500
vt 17.593100 0.187511
vt 17.540501 0.173567
vt 17.691401 0.180147
vt 17.692801 0.148189
vt 17.541901 0.141609
vt 17.601299 0.128175
vt 17.649099 0.139432
vt 17.544901 0.154697
vt 17.488300 0.138267
vt 17.604300 0.141262
vt -2.146400 16.898500
vt -2.144760 16.957399
vt -2.185100 16.957399
vt -2.183460 16.898500
vt -2.148150 16.735399
vt -2.146400 16.798800
vt -2.183460 16.798800
vt -2.181710 16.735399
vt 17.491699 0.125952
vt 17.431200 0.107035
vt 17.555799 0.115188
vt 17.557800 0.084651
vt 17.433201 0.076498
vt 17.501801 0.068390
vt 17.435200 0.094190
vt 17.403000 0.083483
vt 17.503901 0.086082
vt -2.149090 16.610001
vt -2.148150 16.643999
vt -2.181710 16.643999
vt -2.180770 16.610001
vt -17.559900 0.096338
vt -17.628599 0.088230
vt -17.527599 0.085630
vt -17.685801 0.115518
vt -17.629900 0.099257
vt -17.561199 0.107365
vt 2.183680 16.898600
vt 2.185450 16.956800
vt 2.144410 16.956800
vt 2.146180 16.898600
vt 2.181780 16.735500
vt 2.183680 16.798300
vt 2.146180 16.798300
vt 2.148070 16.735500
vt -17.608000 0.173509
vt -17.548000 0.154727
vt -17.474800 0.160203
vt -17.463499 0.009365
vt -17.536699 0.003892
vt -17.429899 -0.002353
vt -17.430799 -0.017290
vt -17.537600 -0.011043
vt -17.421900 -0.019892
vt -17.517099 0.259569
vt -17.485100 0.248895
vt -17.401501 0.250693
vt 2.180770 16.609800
vt 2.181780 16.643600
vt 2.148070 16.643600
vt 2.149090 16.609800
vt 17.508801 -0.125807
vt 17.393200 -0.134684
vt 17.476801 -0.136481
vt 17.379601 0.157305
vt 17.370701 0.154703
vt 17.486300 0.163552
vt -2.149090 16.711901
vt -2.149090 16.721100
vt -2.180770 16.721100
vt -2.180770 16.711901
vt -2.149090 16.457600
vt -2.149090 16.493200
vt -2.180770 16.493200
vt -2.180770 16.457600
vt 17.414200 0.150689
vt 17.380600 0.138971
vt 17.487400 0.145216
vt 17.533400 -0.024975
vt 17.400101 -0.038280
vt 17.473301 -0.043757
vt 17.396400 0.336915
vt 17.364201 0.326176
vt 17.497400 0.339526
vt -2.149090 16.576799
vt -2.149090 16.610800
vt -2.180770 16.610800
vt -2.180770 16.576799
vt -17.531601 -0.068767
vt -17.632601 -0.066156
vt -17.499399 -0.079506
vt -2.149090 16.859800
vt -2.149090 16.868401
vt -2.180770 16.868401
vt -2.180770 16.859800
vt 17.347799 0.089171
vt 17.346100 0.089931
vt 17.344299 0.090357
vt 17.342400 0.090450
vt 17.340500 0.090210
vt 17.338699 0.089637
vt 17.336800 0.088732
vt 17.334999 0.087494
vt 17.333300 0.085924
vt 17.331800 0.084021
vt 17.330299 0.081787
vt 17.329000 0.079221
vt 17.327900 0.076323
vt 17.326599 0.069306
vt 17.325899 0.062812
vt 17.325701 0.056841
vt 17.326200 0.051395
vt 17.327299 0.046473
vt 17.328899 0.042075
vt 17.331200 0.038200
vt 17.334000 0.034849
vt 17.337500 0.032022
vt 17.341499 0.029720
vt 17.346201 0.027941
vt 17.351400 0.026685
vt 17.357201 0.025954
vt 17.363701 0.025747
vt 17.370701 0.026063
vt 17.378300 0.026904
vt 17.386600 0.028268
vt 17.395399 0.030156
vt 17.404800 0.032568
vt 17.414801 0.035504
vt 17.448900 0.047379
vt 17.480900 0.058004
vt 17.397301 0.059794
vt 17.388901 0.057642
vt 17.381300 0.056009
vt 17.374500 0.054878
vt 17.368500 0.054223
vt 17.363501 0.053996
vt 17.359400 0.054126
vt 17.356501 0.054501
vt 17.354500 0.054962
vt 17.354300 0.055057
vt 17.354200 0.055580
vt 17.354000 0.057723
vt 17.354099 0.060912
vt 17.354500 0.065096
vt 17.355700 0.071074
vt 17.355499 0.074506
vt 17.355101 0.077604
vt 17.354401 0.080367
vt 17.353399 0.082796
vt 17.352301 0.084891
vt 17.350901 0.086652
vt 17.349400 0.088078
vt 2.149090 -15.843400
vt 2.149090 -15.845300
vt 2.180770 -15.845300
vt 2.180770 -15.843400
vt 2.149090 -14.344300
vt 2.149090 -14.346300
vt 2.180770 -14.346300
vt 2.180770 -14.344300
vt 2.149090 -12.490800
vt 2.149090 -12.492800
vt 2.180770 -12.492800
vt 2.180770 -12.490800
vt 2.149090 -10.432300
vt 2.149090 -10.434600
vt 2.180770 -10.434600
vt 2.180770 -10.432300
vt 2.149090 -8.305830
vt 2.149090 -8.308230
vt 2.180770 -8.308230
vt 2.180770 -8.305830
vt 2.149090 -6.215920
vt 2.149090 -6.218530
vt 2.180770 -6.218530
vt 2.180770 -6.215920
vt 2.149090 -4.231030
vt 2.149090 -4.233880
vt 2.180770 -4.233880
vt 2.180770 -4.231030
vt 2.149090 -2.388700
vt 2.149090 -2.391830
vt 2.180770 -2.391830
vt 2.180770 -2.388700
vt 2.149090 -0.704186
vt 2.149090 -0.707622
vt 2.180770 -0.707622
vt 2.180770 -0.704186
vt 2.149090 3.297270
vt 2.149090 3.291190
vt 2.180770 3.291190
vt 2.180770 3.297270
vt 2.149090 2.006150
vt 2.149090 2.001940
vt 2.180770 2.001940
vt 2.180770 2.006150
vt 2.149090 0.450172
vt 2.149090 0.446982
vt 2.180770 0.446982
vt 2.180770 0.450172
vt 2.149090 -1.413050
vt 2.149090 -1.415200
vt 2.180770 -1.415200
vt 2.180770 -1.413050
vt 2.149090 -3.600040
vt 2.149090 -3.600570
vt 2.180770 -3.600570
vt 2.180770 -3.600040
vt 2.149090 -16.185699
vt 2.149090 -16.186001
vt 2.180770 -16.186001
vt 2.180770 -16.185699
vt 2.149090 -16.864300
vt 2.149090 -16.866301
vt 2.180770 -16.866301
vt 2.180770 -16.864300
vt 2.149090 -17.215099
vt 2.149090 -17.218100
vt 2.180770 -17.218100
vt 2.180770 -17.215099
vt 2.149090 -17.348700
vt 2.149090 -17.352699
vt 2.180770 -17.352699
vt 2.180770 -17.348700
vt -2.149090 17.348400
vt -2.149090 17.353399
vt -2.180770 17.353399
vt -2.180770 17.348400
vt -2.149090 17.270000
vt -2.149090 17.275999
vt -2.180770 17.275999
vt -2.180770 17.270000
vt -2.149090 17.149300
vt -2.149090 17.156200
vt -2.180770 17.156200
vt -2.180770 17.149300
vt -2.149090 17.008200
vt -2.149090 17.016001
vt -2.180770 17.016001
vt -2.180770 17.008200
vt -17.325701 0.056841
vt -17.325899 0.062812
vt -17.326599 0.069306
vt -17.327900 0.076323
vt -17.329000 0.079221
vt -17.330299 0.081787
vt -17.331800 0.084021
vt -17.333300 0.085924
vt -17.334999 0.087494
vt -17.336800 0.088732
vt -17.338699 0.089637
vt -17.340500 0.090210
vt -17.342400 0.090450
vt -17.344299 0.090357
vt -17.346100 0.089931
vt -17.347799 0.089171
vt -17.349400 0.088078
vt -17.350901 0.086652
vt -17.352301 0.084891
vt -17.353399 0.082796
vt -17.354401 0.080367
vt -17.355101 0.077604
vt -17.355499 0.074506
vt -17.355700 0.071074
vt -17.354500 0.065096
vt -17.354099 0.060912
vt -17.354000 0.057723
vt -17.354200 0.055580
vt -17.354300 0.055057
vt -17.354500 0.054962
vt -17.356501 0.054501
vt -17.359400 0.054126
vt -17.363501 0.053996
vt -17.368500 0.054223
vt -17.374500 0.054878
vt -17.381300 0.056009
vt -17.388901 0.057642
vt -17.397301 0.059794
vt -17.480900 0.058004
vt -17.448900 0.047379
vt -17.414801 0.035504
vt -17.404800 0.032568
vt -17.395399 0.030156
vt -17.386600 0.028268
vt -17.378300 0.026904
vt -17.370701 0.026063
vt -17.363701 0.025747
vt -17.357201 0.025954
vt -17.351400 0.026685
vt -17.346201 0.027941
vt -17.341499 0.029720
vt -17.337500 0.032022
vt -17.334000 0.034849
vt -17.331200 0.038200
vt -17.328899 0.042075
vt -17.327299 0.046473
vt -17.326200 0.051395
vt -2.149090 0.445467
vt -2.149090 0.451438
vt -2.180770 0.451438
vt -2.180770 0.445467
vt -2.149090 2.000680
vt -2.149090 2.007210
vt -2.180770 2.007210
vt -2.180770 2.000680
vt -2.149090 3.290130
vt -2.149090 3.297270
vt -2.180770 3.297270
vt -2.180770 3.290130
vt -2.149090 6.186820
vt -2.149090 6.189920
vt -2.180770 6.189920
vt -2.180770 6.186820
vt -2.149090 7.828200
vt -2.149090 7.831070
vt -2.180770 7.831070
vt -2.180770 7.828200
vt -2.149090 9.500400
vt -2.149090 9.503070
vt -2.180770 9.503070
vt -2.180770 9.500400
vt -2.149090 11.169200
vt -2.149090 11.171600
vt -2.180770 11.171600
vt -2.180770 11.169200
vt -2.149090 12.787000
vt -2.149090 12.789300
vt -2.180770 12.789300
vt -2.180770 12.787000
vt -2.149090 14.290100
vt -2.149090 14.292200
vt -2.180770 14.292200
vt -2.180770 14.290100
vt -2.149090 15.596200
vt -2.149090 15.598200
vt -2.180770 15.598200
vt -2.180770 15.596200
vt -2.149090 16.606001
vt -2.149090 16.608000
vt -2.180770 16.608000
vt -2.180770 16.606001
vt -2.149090 17.211800
vt -2.149090 17.213699
vt -2.180770 17.213699
vt -2.180770 17.211800
vt 2.149090 -17.316099
vt 2.149090 -17.317900
vt 2.180770 -17.317900
vt 2.180770 -17.316099
vt 2.149090 -16.858900
vt 2.149090 -16.860800
vt 2.180770 -16.860800
vt 2.180770 -16.858900
vt -2.149090 -1.417000
vt -2.149090 -1.411530
vt -2.180770 -1.411530
vt -2.180770 -1.417000
vt -2.149090 -3.603270
vt -2.149090 -3.598240
vt -2.180770 -3.598240
vt -2.180770 -3.603270
vt -2.149090 -6.071080
vt -2.149090 -6.066380
vt -2.180770 -6.066380
vt -2.180770 -6.071080
vt -2.149090 -8.683460
vt -2.149090 -8.678970
vt -2.180770 -8.678970
vt -2.180770 -8.683460
vt -2.149090 -11.208000
vt -2.149090 -11.203600
vt -2.180770 -11.203600
vt -2.180770 -11.208000
vt -2.149090 -13.388500
vt -2.149090 -13.384100
vt -2.180770 -13.384100
vt -2.180770 -13.388500
vt -2.149090 -15.056400
vt -2.149090 -15.051800
vt -2.180770 -15.051800
vt -2.180770 -15.056400
vt -2.149090 -16.187799
vt -2.149090 -16.182899
vt -2.180770 -16.182899
vt -2.180770 -16.187799
vt -2.149090 -16.867901
vt -2.149090 -16.862499
vt -2.180770 -16.862499
vt -2.180770 -16.867901
vt -2.149090 -17.219400
vt -2.149090 -17.213499
vt -2.180770 -17.213499
vt -2.180770 -17.219400
vt -2.149090 -17.353800
vt -2.149090 -17.347401
vt -2.180770 -17.347401
vt -2.180770 -17.353800
vt 2.149090 17.354300
vt 2.149090 17.347300
vt 2.180770 17.347300
vt 2.180770 17.354300
vt 2.149090 17.276800
vt 2.149090 17.269100
vt 2.180770 17.269100
vt 2.180770 17.276800
vt 2.149090 17.156900
vt 2.149090 17.148500
vt 2.180770 17.148500
vt 2.180770 17.156900
vt 2.149090 17.016500
vt 2.149090 17.007500
vt 2.180770 17.007500
vt 2.180770 17.016500
vt 2.149090 16.868900
vt 2.149090 16.859200
vt 2.180770 16.859200
vt 2.180770 16.868900
vt 2.149090 16.721800
vt 2.149090 16.711399
vt 2.180770 16.711399
vt 2.180770 16.721800
vt 2.149090 16.493000
vt 2.149090 16.456900
vt 2.180770 16.456900
vt 2.180770 16.493000
vt 2.149090 16.610800
vt 2.149090 16.577000
vt 2.180770 16.577000
vt 2.180770 16.610800
vt -17.622999 0.107316
vt -17.687099 0.096552
vt -17.562401 0.088399
vt 17.605000 0.113316
vt 17.489100 0.110321
vt 17.553200 0.099557
vt 17.730000 0.171980
vt 17.591999 0.173089
vt 17.690300 0.165725
vt 17.765600 0.185868
vt 17.592100 0.183223
vt 17.730000 0.182114
vt 17.640499 0.209320
vt 17.591801 0.197863
vt 17.765400 0.200508
vt -2.143230 17.235901
vt -2.141820 17.285801
vt -2.188040 17.285801
vt -2.186620 17.235901
vt -2.141820 17.407700
vt -2.140520 17.453300
vt -2.189340 17.453300
vt -2.188040 17.407700
vt 17.910900 0.154142
vt 17.889900 0.166310
vt 17.865700 0.174162
vt 17.838699 0.178518
vt 17.808500 0.179897
vt 17.774900 0.178561
vt 17.737700 0.174636
vt 17.696800 0.168179
vt 17.652100 0.159217
vt 2.134860 -15.460800
vt 2.134230 -15.485100
vt 2.195630 -15.485100
vt 2.195000 -15.460800
vt 2.133710 -12.505800
vt 2.196140 -12.505800
vt 2.195630 -12.481800
vt 2.134230 -12.481800
vt 2.133370 -8.026180
vt 2.196480 -8.026180
vt 2.196140 -8.002220
vt 2.133710 -8.002220
vt 2.133220 -3.049610
vt 2.196630 -3.049610
vt 2.196480 -3.025530
vt 2.133370 -3.025530
vt 2.133240 1.219190
vt 2.196610 1.219190
vt 2.196630 1.243920
vt 2.133220 1.243920
vt 2.133240 -7.630730
vt 2.196610 -7.630730
vt 2.196610 -7.607160
vt 2.133240 -7.607160
vt 2.133240 -12.257400
vt 2.133240 -12.269400
vt 2.196610 -12.269400
vt 2.196610 -12.257400
vt 18.034599 0.054891
vt 17.991301 0.059332
vt 18.042801 0.046113
vt 18.023899 0.070022
vt 17.990601 0.053132
vt 18.034000 0.048691
vt 18.007500 0.051930
vt 18.002199 0.030668
vt 18.035500 0.047559
vt -2.132870 4.406020
vt -2.196980 4.406020
vt -2.196860 4.384110
vt -2.132990 4.384110
vt -2.132880 1.240810
vt -2.196980 1.240810
vt -2.196980 1.222010
vt -2.132870 1.222010
vt -2.133010 -3.029070
vt -2.196850 -3.029070
vt -2.196980 -3.045580
vt -2.132880 -3.045580
vt -2.133260 -8.005800
vt -2.196590 -8.005800
vt -2.196850 -8.021220
vt -2.133010 -8.021220
vt -2.133640 -12.485000
vt -2.196210 -12.485000
vt -2.196590 -12.500800
vt -2.133260 -12.500800
vt -2.195700 -15.463500
vt -2.196210 -15.481000
vt -2.133640 -15.481000
vt -2.134150 -15.463500
vt -17.960501 0.035743
vt -18.009899 0.032357
vt -17.975599 0.026979
vt -17.996799 0.104294
vt -18.013599 0.087170
vt -17.964199 0.090553
vt -17.965401 0.054911
vt -18.017200 0.062404
vt -17.984600 0.048651
vt -17.948601 0.017744
vt -18.023600 0.021487
vt -17.971901 0.013983
vt -17.928600 -0.119768
vt -18.031000 -0.117254
vt -17.955999 -0.121032
vt -18.032000 -0.153185
vt -17.929501 -0.155708
vt -17.773199 -0.148031
vt -17.941799 0.108306
vt -17.910299 0.107054
vt -17.785400 0.115868
vt 2.192410 17.839100
vt 2.193420 17.870501
vt 2.136440 17.870501
vt 2.137450 17.839100
vt -2.193420 -17.853399
vt -2.194310 -17.880800
vt -2.135550 -17.880800
vt -2.136440 -17.853399
vt -2.194310 -17.654600
vt -2.195070 -17.678200
vt -2.134790 -17.678200
vt -2.135550 -17.654600
vt -2.195070 -17.003500
vt -2.195700 -17.023701
vt -2.134150 -17.023701
vt -2.134790 -17.003500
vt 17.888901 0.259203
vt 17.908100 0.252943
vt 17.940701 0.266696
vt 17.965099 0.202558
vt 17.932501 0.188818
vt 17.981899 0.185435
vt 17.936501 0.245483
vt 17.951599 0.236718
vt 17.985800 0.242096
vt 17.957600 0.196714
vt 17.968599 0.185453
vt 17.991800 0.202089
vt 18.010300 0.172428
vt 17.987101 0.155798
vt 18.021099 0.151042
vt 17.987900 0.161451
vt 17.994900 0.147691
vt 18.021900 0.156695
vt 18.030899 0.128603
vt 18.003799 0.119601
vt 18.035101 0.104895
vt 18.005501 0.123009
vt 18.008301 0.106750
vt 18.036699 0.108303
vt 18.009501 0.086284
vt 18.008301 0.067524
vt 18.037901 0.087838
vt 18.039200 0.085920
vt 18.009600 0.065607
vt 18.037600 0.061235
vt 17.856899 0.326216
vt 17.880199 0.322456
vt 17.931999 0.329960
vt 17.818899 0.543718
vt 17.846300 0.542454
vt 17.921400 0.546232
vt 17.920000 0.602584
vt 17.661200 0.607738
vt 17.817499 0.600061
vt 17.797899 0.217516
vt 17.641600 0.225077
vt 17.766500 0.216263
vt 2.191270 17.728300
vt 2.192410 17.764000
vt 2.137450 17.764000
vt 2.138590 17.728300
vt -17.910801 0.125040
vt -17.875299 0.121286
vt -17.737301 0.122395
vt -17.786100 0.125351
vt -17.910999 0.116539
vt -17.737400 0.113894
vt -17.823799 0.163352
vt -17.864700 0.169809
vt -17.901899 0.173734
vt -17.935400 0.175070
vt -17.965599 0.173691
vt -17.992701 0.169335
vt -18.016800 0.161483
vt -18.037800 0.149315
vt -17.778999 0.154390
vt -2.140520 17.575600
vt -2.139330 17.616899
vt -2.190530 17.616899
vt -2.189340 17.575600
vt -2.139330 17.727600
vt -2.138240 17.764999
vt -2.191620 17.764999
vt -2.190530 17.727600
vt -2.138240 17.838200
vt -2.137260 17.871700
vt -2.192600 17.871700
vt -2.191620 17.838200
vt 2.137260 -17.852100
vt 2.136370 -17.882299
vt 2.193490 -17.882299
vt 2.192600 -17.852100
vt 2.136370 -17.653000
vt 2.135570 -17.680401
vt 2.194280 -17.680401
vt 2.193490 -17.653000
vt 2.135570 -17.001400
vt 2.134860 -17.026800
vt 2.195000 -17.026800
vt 2.194280 -17.001400
vt -17.969900 0.061754
vt -18.004101 0.067128
vt -17.980900 0.050493
vt -17.984600 0.090408
vt -17.995399 0.069023
vt -17.961399 0.073778
vt -17.960501 0.067003
vt -17.994499 0.062248
vt -17.967400 0.053243
vt -17.983900 0.093003
vt -17.988100 0.069295
vt -17.956800 0.084001
vt -17.954700 0.079439
vt -17.986000 0.064734
vt -17.957600 0.063180
vt -17.956200 0.088840
vt -17.984600 0.090394
vt -17.955000 0.070081
vt -17.982901 0.092865
vt -17.981300 0.068181
vt -17.953300 0.072552
vt -17.955999 0.089655
vt -17.983999 0.085283
vt -17.950701 0.068393
vt -17.997801 0.057745
vt -18.007900 0.036414
vt -17.964500 0.040855
vt -18.007099 0.029281
vt -18.015301 0.020504
vt -17.963800 0.033723
vt -18.006399 -0.015237
vt -18.027201 -0.025412
vt -18.026800 -0.025412
vt -17.954901 -0.002015
vt 2.133240 -16.181400
vt 2.133240 -16.204500
vt 2.196610 -16.204500
vt 2.196610 -16.181400
vt 18.029600 0.034173
vt 17.970900 0.024000
vt 18.050400 0.024000
vt 17.982201 0.023832
vt 17.973000 0.000438
vt 17.975000 0.000438
vt 18.033701 0.010612
vt -2.196860 6.637330
vt -2.196620 6.612180
vt -2.133240 6.612180
vt -2.132990 6.637330
vt -17.978100 0.070372
vt -18.049999 0.046979
vt -17.968901 0.046979
vt -17.968700 0.046608
vt -18.051201 0.046608
vt -2.133240 6.611780
vt -2.196610 6.611780
vt 17.972799 0.000067
vt 18.051201 0.023629
vt 17.968700 0.023629
vt 2.196610 -16.205400
vt 2.133240 -16.205400
vt -18.027901 -0.025783
vt 2.196610 18.050400
vt 2.172210 18.179600
vt 2.133240 18.050400
vt 2.187210 18.239599
vt 2.201700 18.352800
vt 2.196620 18.049999
vt 2.196620 17.968901
vt 2.223880 18.338499
vt 2.241150 18.318600
vt 2.252110 18.294600
vt 2.070880 17.229900
vt 2.255530 17.229900
vt 2.255530 18.268499
vt 2.255860 18.268499
vt -2.262020 18.268499
vt -2.268360 18.336100
vt -2.262020 17.223400
vt -2.258090 18.296301
vt -2.245060 18.363001
vt -2.246400 18.322001
vt -2.227960 18.343201
vt -2.215130 18.382200
vt -2.204290 18.358400
vt -2.180990 18.392200
vt -2.177280 18.366400
vt -2.283140 18.303699
vt -2.288210 18.268499
vt -2.288210 17.197201
vt -2.038210 17.197201
vt -2.257120 17.171301
vt -2.282000 17.163099
vt 0.034801 0.024000
vt 0.000000 0.024000
vt 0.034801 0.000000
vt -18.268499 -0.000000
vt -17.197201 0.000000
vt -17.197201 0.024000
vt -18.268499 0.024000
vt 0.069603 0.024000
vt 0.069603 0.000000
vt -2.266660 17.132000
vt -2.243360 17.106300
vt -2.245000 17.146700
vt -2.226580 17.126400
vt -2.213910 17.087999
vt 0.139206 0.024000
vt 0.104404 0.024000
vt 0.104404 0.000000
vt 0.139206 0.000000
vt 0.174007 0.024000
vt 0.174007 0.000000
vt -2.203290 17.111900
vt -2.180550 17.078400
vt -2.176290 17.108900
vt -2.150120 17.108900
vt -2.124970 17.116100
vt -2.102750 17.129900
vt -2.085180 17.149300
vt -2.076550 17.166800
vt -2.249860 17.166800
vt -2.241230 17.149300
vt -2.223660 17.129900
vt -2.201440 17.116100
vt -2.176920 17.104401
vt -2.145860 17.078400
vt 0.208808 0.024000
vt 0.208808 0.000000
vt 0.243610 0.024000
vt 0.243610 0.000000
vt -2.123120 17.111900
vt -2.112500 17.087999
vt -2.149490 17.104401
vt -2.099830 17.126400
vt -2.083050 17.106300
vt 0.278411 0.024000
vt 0.278411 0.000000
vt 0.313212 0.024000
vt 0.313212 0.000000
vt -2.081410 17.146700
vt -2.059750 17.132000
vt -2.069290 17.171301
vt -2.044410 17.163099
vt 0.348014 0.024000
vt 0.348014 0.000000
vt 0.382815 0.024000
vt 0.382815 -0.000000
vt 17.197201 0.000000
vt 18.268499 0.000000
vt 18.268499 0.024000
vt 17.197201 0.024000
vt -2.043270 18.303699
vt -2.038210 18.268499
vt -2.058050 18.336100
vt -2.064390 18.268499
vt -2.064390 17.223400
vt 2.074300 18.294600
vt 2.070880 18.268499
vt 2.085260 18.318600
vt 2.102530 18.338499
vt 2.124710 18.352800
vt 2.133240 17.968901
vt 2.133240 17.970900
vt 2.139210 18.239599
vt 2.142420 18.251600
vt 2.150020 18.360201
vt 2.151210 18.260401
vt 2.163210 18.263599
vt 2.175210 18.260401
vt 2.176390 18.360201
vt 2.183990 18.251600
vt -2.145420 18.392200
vt -2.149130 18.366400
vt -2.122130 18.358400
vt -2.111280 18.382200
vt -2.098450 18.343201
vt -2.081350 18.363001
vt -2.080010 18.322001
vt -2.068320 18.296301
vt 2.070550 18.268499
vt 2.183990 18.227600
vt 2.175210 18.218800
vt 2.172210 18.218000
vt 2.142420 18.227600
vt 2.151210 18.218800
vt 2.154210 18.179600
vt 2.154210 18.218000
vt 2.196610 17.968700
vt 2.196610 18.051201
vt 2.133240 18.051201
vt 2.133240 17.968700
vt 2.132520 -14.603800
vt 2.132520 -14.614000
vt 2.196480 -14.614000
vt 2.196480 -14.603800
vt 18.077101 0.100598
vt 18.077000 0.024000
vt 18.117901 0.024000
vt 18.122601 0.035051
vt 18.122601 0.047051
vt 18.117901 0.060000
vt 18.101000 0.075791
vt 18.101000 0.087791
vt 18.116600 0.106550
vt 18.116600 0.112550
vt 18.108299 0.118550
vt -2.132520 0.046952
vt -2.132520 0.123550
vt -2.196480 0.123550
vt -2.196480 0.046952
vt -2.132520 15.719300
vt -2.132520 15.755300
vt -2.196480 15.755300
vt -2.196480 15.719300
vt -18.077000 0.024000
vt -18.077101 0.100598
vt -18.108299 0.118550
vt -18.116600 0.112550
vt -18.116600 0.106550
vt -18.101000 0.087791
vt -18.101000 0.075791
vt -18.117901 0.060000
vt -18.122601 0.047051
vt -18.122601 0.035051
vt -18.117901 0.024000
vt 2.132520 0.112550
vt 2.132520 0.106550
vt 2.196480 0.106550
vt 2.196480 0.112550
vt 2.132520 11.665100
vt 2.132520 11.640700
vt 2.196480 11.640700
vt 2.196480 11.665100
vt 2.132520 0.087791
vt 2.132520 0.075791
vt 2.196480 0.075791
vt 2.196480 0.087791
vt 2.132520 -13.188600
vt 2.132520 -13.211700
vt 2.196480 -13.211700
vt 2.196480 -13.188600
vt 2.132520 -6.098890
vt 2.132520 -6.112660
vt 2.196480 -6.112660
vt 2.196480 -6.098890
vt 2.132520 0.047051
vt 2.132520 0.035051
vt 2.196480 0.035051
vt 2.196480 0.047051
vt 2.132520 7.096360
vt 2.132520 7.084360
vt 2.196480 7.084360
vt 2.196480 7.096360
vt -15.495100 -0.154262
vt -15.495100 -0.201603
vt 2.405060 17.860701
vt 2.413130 17.860701
vt 2.413130 17.990499
vt 2.405060 17.990499
vt 2.405060 17.813400
vt 2.413130 17.813400
vt -15.487000 -0.209666
vt -15.357200 -0.209666
vt 17.151400 -1.710500
vt 17.163799 -1.710500
vt 17.160999 -1.698040
vt 17.150000 -1.698040
vt 11.633000 -4.771130
vt 11.645500 -4.771130
vt 11.643200 -4.758380
vt 11.632300 -4.758380
vt 3.008390 -6.785700
vt 3.007080 -6.772750
vt 2.996150 -6.772750
vt 2.995960 -6.785700
vt -6.433120 -6.439320
vt -6.433310 -6.426370
vt -6.444240 -6.426370
vt -6.445550 -6.439320
vt -14.148400 -3.907670
vt -14.159400 -3.907670
vt -14.161600 -3.920420
vt -14.149200 -3.920420
vt 1.760910 18.226900
vt 1.768650 18.255699
vt 1.760910 18.247999
vt 1.768650 18.219101
vt 1.771290 18.218399
vt 1.777620 18.236200
vt 1.777640 18.238300
vt 1.779210 18.244200
vt 1.779210 18.258600
vt 1.781010 18.243700
vt 1.787130 18.218399
vt 1.789770 18.255699
vt 1.789770 18.219101
vt 1.797500 18.226900
vt 1.797500 18.247999
vt 1.800330 18.237400
vt 18.072399 0.566027
vt 18.084801 0.566027
vt 18.082001 0.578232
vt 18.070999 0.578232
vt 14.149200 1.229970
vt 14.161600 1.229970
vt 14.159400 1.242030
vt 14.148400 1.242030
vt 6.445550 1.011870
vt 6.444240 1.023890
vt 6.441510 1.023890
vt 6.442440 1.011870
vt 18.179600 -0.136387
vt 18.218000 -0.136387
vt 18.218399 -0.124339
vt 18.184601 -0.124339
vt 1.787130 18.184601
vt 1.781010 18.237400
vt 1.779210 18.237301
vt 1.778750 18.222099
vt 1.779780 18.224001
vt 1.771290 18.184601
vt 1.780110 18.222099
vt 1.780110 18.232700
vt 1.788210 7.064840
vt 1.787130 7.077850
vt 1.771290 7.077850
vt 1.770210 7.064840
vt -18.184601 0.194629
vt -18.218399 0.194629
vt -18.218000 0.182580
vt -18.179600 0.182580
vt -3.005280 1.064970
vt -3.004350 1.076990
vt -3.007080 1.076990
vt -3.008390 1.064970
vt -11.632300 1.503290
vt -11.643200 1.503290
vt -11.645500 1.491220
vt -11.633000 1.491220
vt -17.150000 1.204090
vt -17.160999 1.204090
vt -17.163799 1.191880
vt -17.151400 1.191880
vt 1.758090 18.237400
vt -18.070999 -0.775998
vt -18.082001 -0.775998
vt -18.084801 -0.788454
vt -18.072399 -0.788454
vt 1.812610 18.050400
vt 1.749240 18.050400
vt 1.749240 17.970900
vt 1.749240 17.968901
vt 1.812620 17.968901
vt 1.812620 18.049999
vt 1.871530 17.229900
vt 1.871860 18.268499
vt 1.871530 18.268499
vt 1.874090 18.296301
vt 1.878020 17.223400
vt 1.878020 18.268499
vt 1.868110 18.294600
vt 1.862400 18.322001
vt 1.857150 18.318600
vt 1.843960 18.343201
vt 1.839880 18.338499
vt 1.820290 18.358400
vt 1.817700 18.352800
vt 1.793280 18.366400
vt 1.680390 17.223400
vt 1.686880 17.229900
vt 1.686550 18.268499
vt 1.686880 18.268499
vt 1.792390 18.360201
vt 1.765130 18.366400
vt 1.740710 18.352800
vt 1.738130 18.358400
vt 1.766020 18.360201
vt 1.718530 18.338499
vt 1.714450 18.343201
vt 1.701260 18.318600
vt 1.696010 18.322001
vt 1.690300 18.294600
vt 1.684320 18.296301
vt 1.680390 18.268499
vt -18.237400 -0.000468
vt -18.243700 -0.000468
vt -18.246700 -0.012471
vt -18.239599 -0.012471
vt -3.002030 -4.328240
vt -3.001490 -4.315880
vt -3.003360 -4.315880
vt -3.004150 -4.328240
vt 18.079100 -0.175151
vt 18.086000 -0.175151
vt 18.083000 -0.163125
vt 18.077000 -0.163125
vt 1.777430 18.240601
vt 1.779210 18.239401
vt 1.777400 18.238199
vt 1.779860 18.224400
vt 1.778690 18.222200
vt 1.780230 18.222200
vt 1.780230 18.234200
vt 1.781250 18.239599
vt 1.781250 18.246700
vt 1.779210 18.247200
vt 8.653640 -2.348290
vt 8.652200 -2.336150
vt 8.650310 -2.336150
vt 8.651500 -2.348290
vt 11.502300 -2.080410
vt 11.501100 -2.068270
vt 11.499200 -2.068270
vt 11.500100 -2.080410
vt 17.632500 -0.032027
vt 17.646601 -0.032027
vt 17.644600 -0.020026
vt 17.632200 -0.020026
vt -18.244101 0.013490
vt -18.248899 0.013490
vt -18.251101 0.001489
vt -18.245600 0.001489
vt -18.222099 0.017774
vt -18.232700 0.017774
vt -18.234200 0.005773
vt -18.222200 0.005773
vt -1.778690 -0.092594
vt -1.778750 -0.080594
vt -1.780110 -0.080594
vt -1.780230 -0.092594
vt 16.839300 -0.030349
vt 16.841700 -0.030349
vt 16.841400 -0.018348
vt 16.839199 -0.018348
s 1
g off
g PuertaDere_madera
usemtl madera
f 1/1/1 2/2/1 3/3/1 4/4/1
s 2
f 2/5/2 1/6/2 5/7/2 6/8/2 7/9/2 8/10/2 9/11/2 10/12/2 11/13/2 12/14/2 13/15/2 14/16/2 15/17/2 16/18/2 17/19/2
s 3
f 5/20/3 1/21/4 4/22/4 18/23/3
s 4
f 4/24/5 3/25/5 19/26/5 20/27/5 21/28/5 22/29/5 23/15/5 24/30/5 25/31/5 26/32/5 27/33/5 28/34/5 29/35/5 30/36/5 18/37/5
s 5
f 2/38/6 17/39/6 19/40/6 3/41/6
s 6
f 17/42/7 16/43/7 20/44/7 19/45/7
s 7
f 16/46/8 15/47/8 21/48/8 20/49/8
s 3
f 15/50/9 14/51/10 22/52/10 21/53/9
f 14/54/10 13/55/11 23/56/11 22/57/10
f 13/58/11 12/59/12 24/60/12 23/61/11
f 12/62/12 11/63/13 25/64/13 24/65/12
f 11/66/13 10/67/14 26/68/14 25/69/13
f 10/70/14 9/71/15 27/72/15 26/73/14
f 9/74/15 8/75/16 28/76/16 27/77/15
f 8/78/16 7/79/17 29/80/17 28/81/16
f 7/82/17 6/83/18 30/84/18 29/85/17
f 6/86/18 5/87/3 18/88/3 30/89/18
s 8
f 31/38/6 32/39/6 33/40/6 34/41/6
s 9
f 31/5/2 35/6/2 36/7/2 37/8/2 38/9/2 39/10/2 40/11/2 41/12/2 42/13/2 43/14/2 44/15/2 45/16/2 46/17/2 47/18/2 32/19/2
s 10
f 35/1/1 31/2/1 34/3/1 48/4/1
s 11
f 48/24/5 34/25/5 33/26/5 49/27/5 50/28/5 51/29/5 52/15/5 53/30/5 54/31/5 55/32/5 56/33/5 57/34/5 58/35/5 59/36/5 60/37/5
s 12
f 32/42/7 47/43/7 49/44/7 33/45/7
s 13
f 47/46/8 46/47/8 50/48/8 49/49/8
s 14
f 46/50/9 45/51/10 51/52/10 50/53/9
f 45/54/10 44/55/19 52/56/11 51/57/10
f 44/58/19 43/59/12 53/60/12 52/61/11
f 43/62/12 42/63/13 54/64/13 53/65/12
f 42/66/13 41/67/14 55/68/14 54/69/13
f 41/70/14 40/71/20 56/72/20 55/73/14
f 40/74/20 39/75/16 57/76/16 56/77/20
f 39/78/16 38/79/17 58/80/17 57/81/16
f 38/82/17 37/83/21 59/84/21 58/85/17
f 37/86/21 36/87/22 60/88/22 59/89/21
f 36/20/22 35/21/4 48/22/4 60/23/22
s 15
f 61/24/5 62/25/5 63/26/5 64/27/5 65/28/5 66/29/5 67/15/5 68/30/5 69/31/5 70/32/5 71/33/5 72/34/5 73/35/5 74/36/5 75/37/5
s 16
f 76/1/23 77/2/23 62/3/23 61/4/23
s 17
f 77/5/2 76/6/2 78/7/2 79/8/2 80/9/2 81/10/2 82/11/2 83/12/2 84/13/2 85/14/2 86/15/2 87/16/2 88/17/2 89/18/2 90/19/2
s 18
f 78/20/3 76/21/4 61/22/4 75/23/3
f 79/86/24 78/87/3 75/88/3 74/89/24
f 80/82/17 79/83/24 74/84/24 73/85/17
f 81/78/16 80/79/17 73/80/17 72/81/16
f 82/74/25 81/75/16 72/76/16 71/77/25
f 83/70/14 82/71/25 71/72/25 70/73/14
f 84/66/13 83/67/14 70/68/14 69/69/13
f 85/62/12 84/63/13 69/64/13 68/65/12
f 86/58/19 85/59/12 68/60/12 67/61/19
f 87/54/10 86/55/19 67/56/19 66/57/10
f 88/50/9 87/51/10 66/52/10 65/53/9
s 19
f 89/46/1 88/47/1 65/48/1 64/49/1
s 20
f 90/42/7 89/43/7 64/44/7 63/45/7
s 21
f 77/38/6 90/39/6 63/40/6 62/41/6
s 22
f 99/90/26 97/91/27 101/92/27 102/93/26 103/94/26 104/95/26 105/96/26 106/97/26
s 23
f 95/98/28 148/99/28 147/100/28
f 96/101/28 148/99/28 95/98/28
f 148/99/28 96/101/28 149/102/28
f 122/103/28 149/102/28 120/104/28
f 124/105/28 149/102/28 122/103/28
f 126/106/28 149/102/28 124/105/28
f 150/107/28 149/102/28 126/106/28
f 151/108/28 149/102/28 150/107/28
f 152/109/28 149/102/28 151/108/28
f 153/110/28 149/102/28 152/109/28
f 154/111/28 149/102/28 153/110/28
f 155/112/28 149/102/28 154/111/28
f 156/113/28 149/102/28 155/112/28
f 148/99/28 149/102/28 156/113/28
f 251/114/28 148/99/28 161/115/28
f 251/114/28 143/116/28 148/99/28
f 143/116/28 251/114/28 141/117/28
f 141/117/28 251/114/28 252/118/29
s 0
f 251/114/29 466/119/29 269/120/29
s 23
f 251/114/28 467/121/28 466/119/28
f 251/114/28 161/115/28 467/121/28
f 159/122/28 467/121/28 161/115/28
f 467/121/28 159/122/28 468/123/28
f 159/122/28 155/112/28 468/123/28
f 156/113/28 155/112/28 159/122/28
f 130/124/28 811/125/28 809/126/28
f 132/127/28 811/125/28 130/124/28
f 132/127/28 812/128/28 811/125/28
f 134/129/28 812/128/28 132/127/28
f 134/129/28 813/130/28 812/128/28
f 134/129/28 265/131/28 813/130/28
f 135/132/28 265/131/28 134/129/28
f 135/132/28 263/133/28 265/131/28
f 137/134/28 263/133/28 135/132/28
f 137/134/28 261/135/28 263/133/28
f 137/134/28 259/136/28 261/135/28
f 139/137/28 259/136/28 137/134/28
f 139/137/28 257/138/28 259/136/28
f 141/117/28 257/138/28 139/137/28
f 141/117/28 255/139/28 257/138/28
f 141/117/28 252/118/29 255/139/28
f 267/140/28 155/112/28 265/131/28
f 1006/141/28 155/112/28 267/140/28
f 468/123/28 155/112/28 1006/141/28
f 1006/141/28 269/120/28 466/119/28
f 269/120/28 1006/141/28 267/140/28
f 813/130/28 265/131/28 155/112/28
f 813/130/28 155/112/28 1075/142/28
f 153/110/28 1169/143/28 1075/142/28
f 1169/143/28 153/110/28 152/109/28
f 813/130/28 1169/143/28 1173/144/29
f 813/130/28 1075/142/28 1169/143/28
f 151/108/28 1241/145/28 1173/144/29
f 1241/145/28 151/108/28 1242/146/28
s 0
f 1242/146/30 151/108/30 150/107/30
s 23
f 128/147/28 810/148/28 1244/149/28
f 130/124/28 810/148/28 128/147/28
f 130/124/28 809/126/28 810/148/28
f 813/130/28 1173/144/29 1241/145/28
f 126/106/28 1243/150/28 150/107/28
f 126/106/28 1244/149/28 1243/150/28
f 128/147/28 1244/149/28 126/106/28
f 145/151/28 148/99/28 143/116/28
f 147/100/28 148/99/28 145/151/28
s 22
f 117/152/31 116/153/31 98/154/32 100/155/31 1476/156/31 1477/157/31 1478/158/31 1479/159/31
s 26
f 110/160/33 111/161/33 1483/162/33 1498/163/33
f 111/161/33 112/164/33 1482/165/33 1483/162/33
s 22
f 91/166/34 92/167/35 93/168/35 94/169/34
s 23
f 91/170/29 95/171/28 92/172/28
f 95/171/28 91/170/29 96/173/28
f 97/174/28 96/173/28 91/170/29
f 96/173/28 97/174/28 98/175/28
s 27
f 97/176/36 99/177/36 100/178/36 98/179/36
s 22
f 97/180/27 107/181/27 101/182/27
f 107/181/27 97/180/27 108/183/7
f 108/183/7 97/180/27 109/184/27
f 91/185/27 109/184/27 97/180/27
f 109/184/27 91/185/27 110/186/7
f 110/186/7 91/185/27 111/187/26
f 111/187/26 91/185/27 112/188/37
f 112/188/37 91/185/27 113/189/27
f 94/190/27 113/189/27 91/185/27
f 94/190/27 108/183/27 113/189/27
f 107/181/27 108/183/27 94/190/27
f 107/191/28 114/192/28 94/170/28
f 114/192/28 107/191/28 115/193/28
f 107/194/2 115/195/2 116/196/2 117/197/2 102/198/2 101/199/2
f 118/200/32 98/201/32 116/202/31 115/203/32 119/204/32
s 23
f 118/205/28 120/206/28 98/175/28
f 121/207/28 120/206/28 118/205/28
f 121/207/28 122/208/28 120/206/28
f 123/209/28 122/208/28 121/207/28
f 123/209/28 124/210/28 122/208/28
f 125/211/28 124/210/28 123/209/28
f 125/211/28 126/212/28 124/210/28
f 127/213/38 126/212/28 125/211/28
f 127/213/38 128/214/28 126/212/28
f 129/215/39 128/214/28 127/213/38
f 129/215/39 130/216/28 128/214/28
f 131/217/28 130/216/28 129/215/39
f 131/217/28 132/218/28 130/216/28
f 133/219/40 132/218/28 131/217/28
f 133/219/40 134/220/28 132/218/28
f 133/219/40 135/221/28 134/220/28
f 136/222/28 135/221/28 133/219/40
f 136/222/28 137/223/28 135/221/28
f 138/224/38 137/223/28 136/222/28
f 138/224/38 139/225/28 137/223/28
f 140/226/40 139/225/28 138/224/38
f 140/226/40 141/227/28 139/225/28
f 142/228/40 141/227/28 140/226/40
f 142/228/40 143/229/28 141/227/28
f 144/230/41 143/229/28 142/228/40
f 144/230/41 145/231/28 143/229/28
f 146/232/28 145/231/28 144/230/41
f 146/232/28 147/233/28 145/231/28
f 92/172/28 147/233/28 146/232/28
f 92/172/28 95/171/28 147/233/28
f 96/173/28 98/175/28 149/234/28
f 149/234/28 98/175/28 120/206/28
s 28
f 156/235/42 157/236/43 158/237/43 148/238/42
s 29
f 159/239/44 160/240/45 157/241/46 156/242/44
s 30
f 161/243/47 162/244/48 160/245/49 159/246/47
s 31
f 148/247/50 158/248/51 162/249/51 161/250/50
f 158/251/51 163/252/28 164/253/28 162/254/51
s 28
f 157/255/43 165/256/38 163/257/38 158/258/43
s 29
f 160/259/45 166/260/30 165/261/30 157/262/46
s 30
f 162/263/48 164/264/28 166/265/28 160/266/49
f 164/267/28 167/268/52 168/269/52 166/270/28
s 31
f 163/271/28 169/272/53 167/273/53 164/274/28
s 28
f 165/275/38 170/276/54 169/277/54 163/278/38
s 29
f 166/279/30 168/280/55 170/281/55 165/282/30
s 32
f 168/283/56 171/284/56 172/285/56 173/286/56 174/287/56 170/288/56
s 33
f 167/289/57 175/290/57 176/291/57 172/292/57 171/293/57 168/294/57
s 34
f 169/295/58 177/296/58 178/297/58 176/298/58 175/299/58 167/300/58
s 35
f 174/301/59 173/302/59 178/303/59 177/304/59 169/305/59 170/306/59
s 36
f 179/307/60 178/308/61 173/309/28
f 178/308/61 179/307/60 176/310/62
f 180/311/62 176/310/62 179/307/60
f 176/310/62 180/311/62 172/312/28
f 172/312/28 180/311/62 181/313/28
s 37
f 180/314/63 182/315/63 183/316/63 181/317/63
s 38
f 179/318/64 184/319/64 182/320/64 180/321/64
s 39
f 185/322/65 186/323/65 184/324/65 179/325/65
s 40
f 181/326/66 183/327/66 186/328/66 185/329/66
s 41
f 183/330/67 187/331/67 188/332/67 186/333/67
s 42
f 182/334/68 189/335/68 187/336/68 183/337/68
s 43
f 184/338/69 190/339/69 189/340/69 182/341/69
s 44
f 186/342/70 188/343/70 190/344/70 184/345/70
s 45
f 188/346/71 191/347/71 192/348/71 190/349/71
s 46
f 187/350/72 193/351/72 191/352/72 188/353/72
s 47
f 189/354/73 194/355/73 193/356/73 187/357/73
s 48
f 190/358/74 192/359/74 194/360/74 189/361/74
s 49
f 192/362/75 195/363/76 196/364/76 194/365/75
s 50
f 191/366/77 197/367/78 195/368/79 192/369/77
s 51
f 193/370/80 198/371/81 197/372/81 191/373/80
s 52
f 194/374/82 196/375/83 198/376/83 193/377/82
f 196/378/83 199/379/84 200/380/85 198/381/83
s 49
f 195/382/76 201/383/86 199/384/86 196/385/76
s 50
f 197/386/78 202/387/59 201/388/87 195/389/79
s 51
f 198/390/81 200/391/72 202/392/72 197/393/81
f 200/394/72 203/395/88 204/396/88 202/397/72
s 52
f 199/398/84 205/399/89 203/400/90 200/401/85
s 49
f 201/402/86 206/403/91 205/404/91 199/405/86
s 50
f 202/406/59 204/407/92 206/408/93 201/409/87
f 207/410/94 206/411/93 204/412/92 208/413/94
s 49
f 206/414/91 207/415/95 209/416/95 205/417/91
s 53
f 207/418/32 210/419/32 211/420/32 209/421/32
f 208/422/5 212/423/5 210/424/5 207/425/5
f 213/426/27 214/427/27 212/428/27 208/429/27
f 209/430/2 211/431/2 214/432/2 213/433/2
s 52
f 213/434/96 203/435/90 205/436/89 209/437/96
s 51
f 204/438/88 203/439/88 213/440/97 208/441/97
s 36
f 185/442/28 173/309/28 181/313/28
f 179/307/60 173/309/28 185/442/28
f 172/312/28 181/313/28 173/309/28
s 54
f 252/443/98 253/444/99 254/445/100 251/446/101
f 255/447/102 256/448/103 253/449/99 252/450/98
f 257/451/104 258/452/105 256/453/103 255/454/102
f 259/455/106 260/456/107 258/457/105 257/458/104
f 261/459/108 262/460/109 260/461/107 259/462/106
f 263/463/110 264/464/111 262/465/109 261/466/108
f 265/467/112 266/468/113 264/469/111 263/470/110
s 55
f 267/471/114 268/472/115 266/473/116 265/474/114
s 56
f 269/475/117 270/476/118 268/477/119 267/478/117
s 54
f 251/479/101 254/480/100 270/481/120 269/482/121
f 254/483/100 271/484/33 272/485/33 270/486/120
f 253/487/99 273/488/33 271/489/33 254/490/100
f 256/491/103 274/492/33 273/493/33 253/494/99
f 258/495/105 275/496/33 274/497/33 256/498/103
f 260/499/107 276/500/33 275/501/33 258/502/105
f 262/503/109 277/504/33 276/505/33 260/506/107
f 264/507/111 278/508/33 277/509/33 262/510/109
f 266/511/113 279/512/33 278/513/33 264/514/111
s 55
f 268/515/115 280/516/122 279/517/122 266/518/116
s 56
f 270/519/118 272/520/123 280/521/33 268/522/119
f 272/523/123 281/524/124 282/525/124 280/526/33
s 54
f 271/527/33 283/528/125 281/529/126 272/530/33
f 273/531/33 284/532/127 283/533/125 271/534/33
f 274/535/33 285/536/128 284/537/127 273/538/33
f 275/539/33 286/540/129 285/541/128 274/542/33
f 276/543/33 287/544/130 286/545/129 275/546/33
f 277/547/33 288/548/131 287/549/130 276/550/33
f 278/551/33 289/552/132 288/553/131 277/554/33
f 279/555/33 290/556/133 289/557/132 278/558/33
s 55
f 280/559/122 282/560/134 290/561/134 279/562/122
s 57
f 291/563/135 292/564/135 293/565/135 294/566/135 290/567/135 282/568/135
s 58
f 281/569/136 295/570/136 296/571/136 292/572/136 291/573/136 282/574/136
s 59
f 283/575/137 297/576/137 298/577/137 296/578/138 295/579/138 281/580/138
f 299/581/139 300/582/140 298/583/137 297/584/137 283/585/137 284/586/141
f 301/587/142 302/588/142 300/589/140 299/590/139 284/591/141 285/592/142
f 286/593/143 303/594/143 304/595/143 302/596/142 301/597/142 285/598/142
f 305/599/144 306/600/145 304/601/143 303/602/143 286/603/143 287/604/145
f 288/605/146 307/606/146 308/607/147 306/608/145 305/609/144 287/610/145
f 289/611/148 309/612/148 310/613/148 308/614/147 307/615/146 288/616/146
f 290/617/149 294/618/149 293/619/149 310/620/148 309/621/148 289/622/148
s 60
f 311/623/150 310/624/150 293/625/151
f 312/626/123 310/624/150 311/623/150
f 312/626/123 308/627/123 310/624/150
f 313/628/152 308/627/123 312/626/123
f 313/628/152 306/629/152 308/627/123
f 314/630/153 306/629/152 313/628/152
f 314/630/153 304/631/153 306/629/152
f 315/632/122 304/631/153 314/630/153
f 315/632/122 302/633/122 304/631/153
f 316/634/123 302/633/122 315/632/122
f 316/634/123 300/635/154 302/633/122
f 317/636/155 300/635/154 316/634/123
f 300/635/154 317/636/155 298/637/155
f 318/638/156 298/637/155 317/636/155
f 318/638/156 296/639/157 298/637/155
f 296/639/157 318/638/156 292/640/158
f 292/640/158 318/638/156 319/641/158
s 61
f 318/642/159 320/643/159 321/644/159 319/645/159
s 62
f 317/646/160 322/647/161 320/648/162 318/649/162
f 316/650/163 323/651/164 322/652/161 317/653/160
f 315/654/165 324/655/166 323/656/164 316/657/163
f 314/658/167 325/659/167 324/660/166 315/661/165
f 313/662/168 326/663/169 325/664/167 314/665/167
f 312/666/170 327/667/171 326/668/169 313/669/168
f 311/670/172 328/671/172 327/672/171 312/673/170
f 329/674/173 330/675/173 328/676/172 311/677/172
s 63
f 319/678/174 321/679/174 330/680/174 329/681/174
s 64
f 321/682/175 331/683/175 332/684/175 330/685/175
s 65
f 320/686/176 333/687/176 331/688/176 321/689/176
s 66
f 322/690/177 334/691/178 333/692/179 320/693/179
f 323/694/180 335/695/181 334/696/178 322/697/177
f 324/698/182 336/699/183 335/700/181 323/701/180
f 325/702/184 337/703/184 336/704/183 324/705/182
f 326/706/185 338/707/186 337/708/184 325/709/184
f 327/710/187 339/711/188 338/712/186 326/713/185
f 328/714/189 340/715/189 339/716/188 327/717/187
f 330/718/190 332/719/190 340/720/189 328/721/189
s 67
f 332/722/191 341/723/191 342/724/192 340/725/193
s 68
f 331/726/194 343/727/194 341/728/194 332/729/194
s 69
f 333/730/195 344/731/195 343/732/195 331/733/195
s 67
f 334/734/137 345/735/196 344/736/197 333/737/197
f 335/738/198 346/739/199 345/740/196 334/741/137
f 336/742/200 347/743/200 346/744/199 335/745/198
f 337/746/201 348/747/202 347/748/200 336/749/200
f 338/750/145 349/751/145 348/752/202 337/753/201
f 339/754/203 350/755/203 349/756/145 338/757/145
f 340/758/193 342/759/192 350/760/203 339/761/203
s 70
f 342/762/204 351/763/205 352/764/206 350/765/207
f 341/766/208 353/767/209 351/768/205 342/769/204
s 71
f 343/770/210 354/771/211 353/772/211 341/773/210
s 72
f 344/774/212 355/775/213 354/776/213 343/777/212
s 70
f 345/778/214 356/779/215 355/780/216 344/781/216
f 346/782/217 357/783/218 356/784/215 345/785/214
f 347/786/219 358/787/220 357/788/218 346/789/217
f 348/790/221 359/791/222 358/792/220 347/793/219
f 349/794/223 360/795/224 359/796/222 348/797/221
f 350/798/207 352/799/206 360/800/224 349/801/223
f 352/802/206 361/803/225 362/804/226 360/805/224
f 351/806/205 363/807/192 361/808/225 352/809/206
f 353/810/209 364/811/227 363/812/192 351/813/205
s 71
f 354/814/211 365/815/228 364/816/229 353/817/211
s 72
f 355/818/213 366/819/230 367/820/231 365/821/232 354/822/213
s 73
f 368/823/233 367/820/234 366/819/235
f 369/824/236 370/825/236 367/826/234 368/827/233
f 371/828/237 372/829/237 370/830/236 369/831/236
s 74
f 371/832/238 373/833/238 374/834/238 372/835/238
s 75
f 375/836/35 374/837/34 372/838/34 376/839/35
f 389/840/239 379/841/240 380/842/241 390/843/241
f 379/844/240 389/845/239 391/846/242
s 76
f 392/847/243 391/848/244 389/849/245
f 393/850/246 392/851/243 389/852/245
s 77
f 394/853/32 395/854/32 392/855/32 393/856/32
s 78
f 394/857/2 372/835/2 374/834/2 396/858/2 397/859/2 398/860/2 399/861/2 395/862/2
s 72
f 400/863/236 370/830/236 372/829/247 394/864/247
f 365/865/232 367/826/231 370/825/236 400/866/236
s 70
f 401/867/248 370/868/249 367/869/250 402/870/251
f 376/871/252 372/872/253 370/873/249 401/874/248
f 376/875/252 401/876/248 403/877/254 404/878/255
f 405/879/256 403/880/254 401/881/248 402/882/251
f 406/883/257 407/884/258 403/885/254 405/886/256
f 362/887/226 408/888/259 407/889/258 406/890/257
f 361/891/225 409/892/260 408/893/259 362/894/226
f 363/895/192 410/896/261 409/897/260 361/898/225
f 364/899/227 411/900/262 410/901/261 363/902/192
s 71
f 365/903/228 400/904/263 411/905/263 364/906/229
f 400/907/263 394/908/264 393/909/264 411/910/263
s 70
f 389/911/265 410/912/261 411/913/262 393/914/266
f 390/915/267 409/916/260 410/917/261 389/918/265
f 412/919/268 408/920/259 409/921/260 390/922/267
f 413/923/269 407/924/258 408/925/259 412/926/268
f 404/927/255 403/928/254 407/929/258 413/930/269
s 75
f 413/931/270 382/932/270 383/933/271 404/934/271
f 412/935/272 381/936/272 382/937/270 413/938/270
f 390/939/241 380/940/241 381/941/272 412/942/272
f 404/943/271 383/944/271 375/945/35 376/946/35
s 70
f 360/947/224 362/948/226 406/949/257 359/950/222
f 359/951/222 406/952/257 405/953/256 358/954/220
f 358/955/220 405/956/256 402/957/251 357/958/218
f 402/959/251 367/960/250 366/961/273 356/962/215 357/963/218
s 60
f 329/964/151 293/625/151 319/641/158
f 311/623/150 293/625/151 329/964/151
f 292/640/158 319/641/158 293/625/151
s 79
f 159/965/32 156/966/32 469/967/32 470/968/32
s 80
f 156/969/2 148/970/2 471/971/2 469/972/2
f 148/966/32 471/967/32 472/968/32 161/965/32
s 81
f 114/973/32 473/974/32 472/968/32 471/967/32
s 82
f 474/975/274 473/976/274 114/977/274 475/978/274
s 83
f 476/979/275 477/980/275 473/981/275 474/982/275
s 84
f 478/983/276 479/984/276 477/985/276 476/986/276
s 85
f 475/987/277 114/988/277 480/989/277 479/990/277 478/991/277
s 81
f 114/992/2 480/993/2 479/994/2 469/972/2 471/971/2
s 22
f 114/192/28 115/193/28 480/995/28
f 480/995/28 115/193/28 479/996/28
f 479/996/28 115/193/28 481/997/28
f 481/997/28 115/193/28 482/998/28
f 482/998/28 115/193/28 483/999/28
f 483/999/28 115/193/28 484/1000/28
f 484/1000/28 115/193/28 485/1001/28
f 485/1001/28 115/193/28 486/1002/28
f 486/1002/28 115/193/28 487/1003/28
f 487/1003/28 115/193/28 488/211/28
f 488/211/28 115/193/28 489/209/28
f 489/209/28 115/193/28 490/207/30
f 490/207/30 115/193/28 119/205/278
f 121/1004/279 118/1005/280 119/1006/280 490/1007/279
f 123/1008/281 121/1004/279 490/1007/279 489/1009/281
f 125/1010/282 123/1008/281 489/1009/281 488/1011/282
f 127/1012/283 125/1010/282 488/1011/282 491/1013/283
f 491/213/28 492/1014/28 488/211/28
f 491/213/28 493/1015/28 492/1014/28
f 494/215/28 493/1015/28 491/213/28
f 494/215/28 495/1016/28 493/1015/28
f 494/215/28 496/1017/28 495/1016/28
f 497/217/28 496/1017/28 494/215/28
f 497/217/28 498/1018/28 496/1017/28
f 499/219/28 498/1018/28 497/217/28
f 499/219/28 500/1019/28 498/1018/28
f 499/219/28 501/1020/28 500/1019/28
f 502/222/28 501/1020/28 499/219/28
f 502/222/28 503/1021/28 501/1020/28
f 504/224/28 503/1021/28 502/222/28
f 504/224/28 505/1022/28 503/1021/28
f 504/224/28 506/1023/28 505/1022/28
f 507/226/28 506/1023/28 504/224/28
f 507/226/28 508/1024/28 506/1023/28
f 509/228/28 508/1024/28 507/226/28
f 509/228/28 510/1025/28 508/1024/28
f 509/228/28 511/1026/284 510/1025/28
f 509/228/28 512/1027/28 511/1026/284
f 513/230/28 512/1027/28 509/228/28
f 512/1027/28 513/230/28 114/192/28
f 514/232/28 114/192/28 513/230/28
f 93/172/28 114/192/28 514/232/28
f 94/170/28 114/192/28 93/172/28
f 92/167/35 146/1028/271 514/1029/271 93/168/35
f 146/1028/271 144/1030/285 513/1031/285 514/1029/271
f 144/1030/285 142/1032/272 509/1033/272 513/1031/285
f 142/1032/272 140/1034/241 507/1035/241 509/1033/272
f 140/1034/241 138/1036/286 504/1037/286 507/1035/241
f 138/1036/286 136/1038/287 502/1039/287 504/1037/286
f 136/1038/287 133/1040/288 499/1041/288 502/1039/287
f 133/1040/288 131/1042/289 497/1043/289 499/1041/288
f 131/1042/289 129/1044/290 494/1045/290 497/1043/289
f 129/1044/290 127/1012/283 491/1013/283 494/1045/290
f 512/1027/28 114/192/28 473/1046/28
s 86
f 473/1047/291 515/1048/292 516/1049/292 114/1050/291
s 87
f 477/1051/293 517/1052/294 515/1053/295 473/1054/293
s 88
f 479/1055/296 518/1056/297 517/1057/297 477/1058/296
s 89
f 114/1059/298 516/1060/299 518/1061/299 479/1062/298 480/1063/298
f 516/1064/299 519/1065/33 520/1066/33 518/1067/299
s 86
f 515/1068/292 521/1069/122 519/1070/122 516/1071/292
s 87
f 517/1072/294 522/1073/123 521/1074/123 515/1075/295
s 88
f 518/1076/297 520/1077/33 522/1078/33 517/1079/297
f 520/1080/33 523/1081/300 524/1082/300 522/1083/33
s 89
f 519/1084/33 525/1085/301 523/1086/302 520/1087/33
s 86
f 521/1088/122 526/1089/303 525/1090/303 519/1091/122
s 87
f 522/1092/123 524/1093/304 526/1094/305 521/1095/123
f 524/1096/304 527/1097/306 528/1098/306 526/1099/305
s 88
f 523/1100/300 529/1101/307 527/1102/307 524/1103/300
s 89
f 525/1104/301 530/1105/308 529/1106/308 523/1107/302
s 86
f 526/1108/303 528/1109/309 530/1110/309 525/1111/303
s 90
f 528/1112/310 531/1113/311 532/1114/311 530/1115/310
s 91
f 527/1116/312 533/1117/313 531/1118/313 528/1119/312
s 92
f 529/1120/314 534/1121/315 533/1122/315 527/1123/314
s 93
f 530/1124/316 532/1125/317 534/1126/318 529/1127/316
f 532/1128/317 535/1129/319 536/1130/319 534/1131/318
s 90
f 531/1132/311 537/1133/320 535/1134/320 532/1135/311
s 91
f 533/1136/313 538/1137/321 537/1138/321 531/1139/313
s 92
f 534/1140/315 536/1141/322 538/1142/322 533/1143/315
f 536/1144/322 539/1145/323 540/1146/323 538/1147/322
s 93
f 535/1148/319 541/1149/324 539/1150/324 536/1151/319
s 90
f 537/1152/320 542/1153/325 541/1154/325 535/1155/320
s 91
f 538/1156/321 540/1157/326 542/1158/326 537/1159/321
f 540/1160/326 543/1161/327 544/1162/327 542/1163/326
s 92
f 539/1164/323 545/1165/328 543/1166/328 540/1167/323
s 93
f 541/1168/324 546/1169/329 545/1170/329 539/1171/324
s 90
f 542/1172/325 544/1173/330 546/1174/330 541/1175/325
s 94
f 544/1176/331 547/1177/332 548/1178/332 546/1179/331
s 95
f 543/1180/333 549/1181/334 547/1182/334 544/1183/333
s 96
f 545/1184/335 550/1185/336 549/1186/336 543/1187/335
s 97
f 546/1188/337 548/1189/338 550/1190/338 545/1191/337
f 548/1192/338 551/1193/339 552/1194/340 550/1195/338
s 94
f 547/1196/332 553/1197/341 551/1198/341 548/1199/332
s 95
f 549/1200/334 554/1201/342 553/1202/343 547/1203/334
s 96
f 550/1204/336 552/1205/344 554/1206/344 549/1207/336
f 555/1208/345 556/1209/345 557/1210/345 558/1211/345 554/1212/344 552/1213/344
s 97
f 551/1214/339 559/1215/346 560/1216/346 556/1217/346 555/1218/346 552/1219/340
s 94
f 561/1220/347 562/1221/347 560/1222/347 559/1223/347 551/1224/341 553/1225/341
s 95
f 554/1226/342 558/1227/348 557/1228/348 562/1229/348 561/1230/348 553/1231/343
s 98
f 557/1232/2 476/1233/2 474/1234/2 562/1235/2
s 99
f 556/1236/349 478/1237/349 476/1238/349 557/1239/349
s 100
f 560/1240/5 475/1241/5 478/1242/5 556/1243/5
s 101
f 562/1244/31 474/1245/31 475/1246/31 560/1247/31
s 102
f 479/973/32 477/974/32 470/968/32 469/967/32
s 22
f 479/996/28 481/997/28 477/1248/28
f 477/1248/28 481/997/28 563/1249/28
f 563/1249/28 481/997/28 564/1250/28
f 564/1250/28 481/997/28 565/1251/28
f 565/1251/28 481/997/28 501/1020/28
f 500/1019/28 501/1020/28 481/997/28
f 500/1019/28 481/997/28 566/1252/29
s 103
f 566/1253/27 481/1254/27 567/1255/27 568/1256/27
s 104
f 481/1257/350 569/1258/351 570/1259/351 566/1260/350
s 105
f 483/1261/352 571/1262/353 569/1263/354 481/1264/352 482/1265/352
s 106
f 484/1266/355 572/1267/356 571/1268/356 483/1269/355
s 107
f 566/1270/357 570/1271/358 572/1272/358 484/1273/357
f 570/1274/358 573/1275/28 574/1276/28 572/1277/358
s 104
f 569/1278/351 575/1279/30 573/1280/30 570/1281/351
s 105
f 571/1282/353 576/1283/28 575/1284/28 569/1285/354
s 106
f 572/1286/356 574/1287/29 576/1288/29 571/1289/356
f 574/1290/29 577/1291/359 578/1292/359 576/1293/29
s 107
f 573/1294/28 579/1295/360 577/1296/360 574/1297/28
s 104
f 575/1298/30 580/1299/361 579/1300/361 573/1301/30
s 105
f 576/1302/28 578/1303/362 580/1304/363 575/1305/28
f 578/1306/362 581/1307/357 582/1308/357 580/1309/363
s 106
f 577/1310/359 583/1311/350 581/1312/350 578/1313/359
s 107
f 579/1314/360 584/1315/364 583/1316/364 577/1317/360
s 104
f 580/1318/361 582/1319/365 584/1320/365 579/1321/361
s 108
f 582/1322/366 585/1323/367 586/1324/367 584/1325/366
s 109
f 581/1326/368 587/1327/369 585/1328/369 582/1329/368
s 110
f 583/1330/370 588/1331/371 587/1332/371 581/1333/370
s 111
f 584/1334/372 586/1335/373 588/1336/374 583/1337/372
f 586/1338/373 589/1339/375 590/1340/375 588/1341/374
s 108
f 585/1342/367 591/1343/376 589/1344/376 586/1345/367
s 109
f 587/1346/369 592/1347/377 591/1348/377 585/1349/369
s 110
f 588/1350/371 590/1351/378 592/1352/378 587/1353/371
f 590/1354/378 593/1355/379 594/1356/379 592/1357/378
s 111
f 589/1358/375 595/1359/380 593/1360/380 590/1361/375
s 108
f 591/1362/376 596/1363/381 595/1364/382 589/1365/376
s 109
f 592/1366/377 594/1367/383 596/1368/383 591/1369/377
f 594/1370/383 597/1371/384 598/1372/384 596/1373/383
s 110
f 593/1374/379 599/1375/385 597/1376/385 594/1377/379
s 111
f 595/1378/380 600/1379/386 599/1380/386 593/1381/380
s 108
f 596/1382/381 598/1383/387 600/1384/387 595/1385/382
s 112
f 598/1386/388 601/1387/389 602/1388/389 600/1389/388
s 113
f 597/1390/390 603/1391/391 601/1392/392 598/1393/390
s 114
f 599/1394/393 604/1395/394 603/1396/394 597/1397/393
s 115
f 600/1398/395 602/1399/396 604/1400/396 599/1401/395
f 602/1402/396 605/1403/397 606/1404/398 604/1405/396
s 112
f 601/1406/389 607/1407/399 605/1408/399 602/1409/389
s 113
f 603/1410/391 608/1411/400 607/1412/401 601/1413/392
s 114
f 604/1414/394 606/1415/402 608/1416/402 603/1417/394
f 606/1418/402 609/1419/403 610/1420/403 611/1421/403 612/1422/403 608/1423/402
s 115
f 605/1424/397 613/1425/404 614/1426/404 610/1427/404 609/1428/404 606/1429/398
s 112
f 607/1430/399 615/1431/405 616/1432/405 614/1433/405 613/1434/405 605/1435/399
s 113
f 608/1436/400 612/1437/406 611/1438/406 616/1439/406 615/1440/406 607/1441/401
s 116
f 611/1442/2 617/1443/2 618/1444/2 616/1445/2
s 117
f 610/1244/31 619/1245/31 617/1246/31 611/1247/31
s 118
f 614/1446/5 620/1447/5 619/1448/5 610/1449/5
s 119
f 616/1236/26 618/1237/26 620/1238/26 614/1239/26
s 120
f 618/1450/407 481/1451/407 566/1452/407 620/1453/407
s 121
f 617/1454/408 483/1455/408 482/1456/408 481/1457/408 618/1458/408
s 122
f 619/1459/409 484/1460/409 483/1461/409 617/1462/409
s 123
f 620/1463/410 566/1464/410 484/1465/410 619/1466/410
s 124
f 484/1467/5 566/1468/5 568/1469/5 621/1470/5
s 22
f 484/1000/28 622/1471/29 566/1252/29
f 622/1471/29 484/1000/28 623/1472/28
f 623/1472/28 484/1000/28 485/1001/28
s 125
f 485/1473/352 624/1474/411 625/1475/354 622/1476/352 623/1477/352
s 126
f 486/1478/355 626/1479/412 624/1480/356 485/1481/355
s 127
f 627/1482/413 628/1483/358 626/1484/358 486/1485/413
s 128
f 622/1486/350 625/1487/414 628/1488/414 627/1489/350
f 625/1490/414 629/1491/30 630/1492/30 628/1493/414
s 125
f 624/1494/411 631/1495/28 629/1496/28 625/1497/354
s 126
f 626/1498/412 632/1499/28 631/1500/29 624/1501/356
s 127
f 628/1502/358 630/1503/415 632/1504/38 626/1505/358
f 630/1506/415 633/1507/416 634/1508/360 632/1509/38
s 128
f 629/1510/30 635/1511/417 633/1512/417 630/1513/30
s 125
f 631/1514/28 636/1515/418 635/1516/362 629/1517/28
s 126
f 632/1518/28 634/1519/414 636/1520/359 631/1521/29
f 634/1522/414 637/1523/350 638/1524/350 636/1525/359
s 127
f 633/1526/416 639/1527/419 637/1528/419 634/1529/360
s 128
f 635/1530/417 640/1531/365 639/1532/365 633/1533/417
s 125
f 636/1534/418 638/1535/357 640/1536/357 635/1537/362
s 129
f 638/1538/368 641/1539/369 642/1540/369 640/1541/368
s 130
f 637/1542/370 643/1543/371 641/1544/371 638/1545/370
s 131
f 639/1546/420 644/1547/374 643/1548/373 637/1549/420
s 132
f 640/1550/366 642/1551/367 644/1552/367 639/1553/366
f 642/1554/367 645/1555/376 646/1556/376 644/1557/367
s 129
f 641/1558/369 647/1559/377 645/1560/421 642/1561/369
s 130
f 643/1562/371 648/1563/378 647/1564/378 641/1565/371
s 131
f 644/1566/374 646/1567/375 648/1568/375 643/1569/373
f 646/1570/375 649/1571/422 650/1572/422 648/1573/375
s 132
f 645/1574/376 651/1575/381 649/1576/423 646/1577/376
s 129
f 647/1578/377 652/1579/383 651/1580/383 645/1581/421
s 130
f 648/1582/378 650/1583/379 652/1584/379 647/1585/378
f 650/1586/379 653/1587/385 654/1588/385 652/1589/379
s 131
f 649/1590/422 655/1591/424 653/1592/424 650/1593/422
s 132
f 651/1594/381 656/1595/387 655/1596/387 649/1597/423
s 129
f 652/1598/383 654/1599/384 656/1600/384 651/1601/383
s 133
f 654/1602/390 657/1603/391 658/1604/425 656/1605/390
s 134
f 653/1606/393 659/1607/426 657/1608/394 654/1609/393
s 135
f 655/1610/427 660/1611/396 659/1612/396 653/1613/427
s 136
f 656/1614/388 658/1615/389 660/1616/428 655/1617/388
f 658/1618/389 661/1619/399 662/1620/399 660/1621/428
s 133
f 657/1622/391 663/1623/400 661/1624/401 658/1625/425
s 134
f 659/1626/426 664/1627/429 663/1628/429 657/1629/394
s 135
f 660/1630/396 662/1631/398 664/1632/398 659/1633/396
f 662/1634/398 665/1635/430 666/1636/430 667/1637/430 668/1638/430 664/1639/398
s 136
f 661/1640/399 669/1641/405 670/1642/405 666/1643/405 665/1644/405 662/1645/399
s 133
f 671/1646/406 672/1647/406 670/1648/406 669/1649/406 661/1650/401 663/1651/400
s 134
f 668/1652/403 667/1653/403 672/1654/403 671/1655/403 663/1656/429 664/1657/429
s 137
f 667/1658/31 673/1659/31 674/1660/31 672/1661/31
s 138
f 666/1446/5 675/1447/5 673/1448/5 667/1449/5
s 139
f 670/1662/26 676/1663/26 675/1664/26 666/1665/26
s 140
f 672/1442/2 674/1443/2 676/1444/2 670/1445/2
s 141
f 674/1666/408 485/1667/408 623/1668/408 622/1669/408 676/1670/408
s 142
f 673/1671/409 486/1672/409 485/1673/409 674/1674/409
s 143
f 675/1675/410 627/1676/410 486/1677/410 673/1678/410
s 144
f 676/1679/407 622/1680/407 627/1681/407 675/1682/407
s 145
f 627/1683/27 622/1684/27 677/1685/27 678/1686/27
s 22
f 500/1019/28 622/1471/29 627/1687/30
f 500/1019/28 566/1252/29 622/1471/29
s 0
f 500/1019/29 627/1687/29 679/1688/29
s 22
f 486/1002/28 679/1688/28 627/1687/28
f 679/1688/28 486/1002/28 680/1689/28
f 680/1689/28 486/1002/28 681/1690/29
f 681/1690/29 486/1002/28 487/1003/28
s 147
f 487/190/27 681/1691/27 682/1692/27 683/1693/27
s 148
f 681/1694/276 487/1695/431 684/1696/431
s 149
f 681/1697/432 685/1698/297 686/1699/433 487/1700/434
s 150
f 679/1701/306 687/1702/299 685/1703/299 681/1704/306 680/1705/306
s 151
f 500/1706/307 688/1707/435 687/1708/292 679/1709/307
s 149
f 498/1710/436 689/1711/437 688/1712/438 500/1713/439
f 496/1714/440 690/1715/441 689/1716/437 498/1717/436
f 495/1718/442 691/1719/443 690/1720/441 496/1721/440
f 493/1722/444 692/1723/445 691/1724/443 495/1725/442
f 492/1726/446 693/1727/447 692/1728/445 493/1729/444
f 694/1730/448 695/1731/449 693/1732/447 492/1733/446
f 487/1734/434 686/1735/433 695/1736/449 694/1737/448
f 686/1738/433 696/1739/33 697/1740/33 695/1741/449
f 685/1742/297 698/1743/450 696/1744/33 686/1745/433
s 150
f 687/1746/299 699/1747/150 698/1748/33 685/1749/299
s 151
f 688/1750/435 700/1751/451 699/1752/33 687/1753/292
s 149
f 689/1754/437 701/1755/33 700/1756/123 688/1757/438
f 690/1758/441 702/1759/33 701/1760/33 689/1761/437
f 691/1762/443 703/1763/33 702/1764/33 690/1765/441
f 692/1766/445 704/1767/33 703/1768/33 691/1769/443
f 693/1770/447 705/1771/33 704/1772/33 692/1773/445
f 695/1774/449 697/1775/33 705/1776/33 693/1777/447
f 697/1778/33 706/1779/452 707/1780/453 705/1781/33
f 696/1782/33 708/1783/454 706/1784/452 697/1785/33
f 698/1786/450 709/1787/292 708/1788/454 696/1789/33
s 150
f 699/1790/150 710/1791/302 709/1792/302 698/1793/33
s 151
f 700/1794/451 711/1795/303 710/1796/303 699/1797/33
s 149
f 701/1798/33 712/1799/455 711/1800/456 700/1801/123
f 702/1802/33 713/1803/457 712/1804/455 701/1805/33
f 703/1806/33 714/1807/458 713/1808/457 702/1809/33
f 704/1810/33 715/1811/459 714/1812/458 703/1813/33
f 705/1814/33 707/1815/453 715/1816/459 704/1817/33
f 707/1818/453 716/1819/460 717/1820/461 715/1821/459
f 706/1822/452 718/1823/462 716/1824/460 707/1825/453
f 708/1826/454 719/1827/463 718/1828/462 706/1829/452
f 709/1830/292 720/1831/307 719/1832/463 708/1833/454
s 150
f 710/1834/302 721/1835/464 720/1836/464 709/1837/302
s 151
f 711/1838/303 722/1839/296 721/1840/296 710/1841/303
s 149
f 712/1842/455 723/1843/465 722/1844/466 711/1845/456
f 713/1846/457 724/1847/467 723/1848/465 712/1849/455
f 714/1850/458 725/1851/468 724/1852/467 713/1853/457
f 715/1854/459 717/1855/461 725/1856/468 714/1857/458
s 152
f 717/1858/469 726/1859/470 727/1860/471 725/1861/472
f 716/1862/473 728/1863/474 726/1864/470 717/1865/469
f 718/1866/475 729/1867/476 728/1868/474 716/1869/473
f 719/1870/477 730/1871/478 729/1872/476 718/1873/475
f 720/1874/479 731/1875/315 730/1876/478 719/1877/477
s 153
f 721/1878/480 732/1879/481 731/1880/481 720/1881/480
s 154
f 722/1882/482 733/1883/311 732/1884/311 721/1885/482
s 152
f 723/1886/483 734/1887/484 733/1888/485 722/1889/486
f 724/1890/487 735/1891/488 734/1892/484 723/1893/483
f 725/1894/472 727/1895/471 735/1896/488 724/1897/487
f 727/1898/471 736/1899/489 737/1900/490 735/1901/488
f 726/1902/470 738/1903/491 736/1904/489 727/1905/471
f 728/1906/474 739/1907/492 738/1908/491 726/1909/470
f 729/1910/476 740/1911/493 739/1912/492 728/1913/474
f 730/1914/478 741/1915/494 740/1916/493 729/1917/476
f 731/1918/315 742/1919/322 741/1920/494 730/1921/478
s 153
f 732/1922/481 743/1923/495 742/1924/495 731/1925/481
s 154
f 733/1926/311 744/1927/496 743/1928/320 732/1929/311
s 152
f 734/1930/484 745/1931/497 744/1932/498 733/1933/485
f 735/1934/488 737/1935/490 745/1936/497 734/1937/484
f 737/1938/490 746/1939/499 747/1940/500 745/1941/497
f 736/1942/489 748/1943/501 746/1944/499 737/1945/490
f 738/1946/491 749/1947/502 748/1948/501 736/1949/489
f 739/1950/492 750/1951/503 749/1952/502 738/1953/491
f 740/1954/493 751/1955/504 750/1956/503 739/1957/492
f 741/1958/494 752/1959/505 751/1960/504 740/1961/493
f 742/1962/322 753/1963/323 752/1964/505 741/1965/494
s 153
f 743/1966/495 754/1967/324 753/1968/506 742/1969/495
s 154
f 744/1970/496 755/1971/325 754/1972/507 743/1973/320
s 152
f 745/1974/497 747/1975/500 755/1976/508 744/1977/498
f 747/1978/500 756/1979/509 757/1980/510 755/1981/508
f 746/1982/499 758/1983/511 756/1984/509 747/1985/500
f 748/1986/501 759/1987/512 758/1988/511 746/1989/499
f 749/1990/502 760/1991/513 759/1992/512 748/1993/501
f 750/1994/503 761/1995/514 760/1996/513 749/1997/502
f 751/1998/504 762/1999/515 761/2000/514 750/2001/503
f 752/2002/505 763/2003/516 764/2004/517 765/2005/517 762/2006/515 751/2007/504
f 752/2008/505 753/2009/323 763/2010/516
s 153
f 754/2011/324 766/2012/518 765/2013/518 767/2014/518 763/2015/518 753/2016/506
s 154
f 755/2017/325 757/2018/519 766/2019/519 754/2020/507
s 155
f 757/2021/331 768/2022/332 769/2023/332 766/2024/331
s 156
f 756/2025/520 770/2026/521 768/2027/522 757/2028/523
f 758/2029/524 771/2030/525 770/2031/521 756/2032/520
f 759/2033/526 772/2034/527 771/2035/525 758/2036/524
f 760/2037/528 773/2038/529 772/2039/527 759/2040/526
f 761/2041/530 774/2042/531 773/2043/529 760/2044/528
f 762/2045/532 775/2046/533 774/2047/531 761/2048/530
f 762/2049/532 765/2050/534 776/2051/535 775/2052/533
s 157
f 769/2053/536 776/2054/536 765/2055/537 766/2056/537
f 777/2057/538 778/2058/339 776/2059/536 769/2060/536
f 779/2061/539 780/2062/539 778/2063/339 777/2064/538 781/2065/539
s 158
f 779/1446/5 782/1447/5 783/2066/5 784/1448/5 785/1449/5 780/2067/5
s 159
f 786/2068/31 787/2069/31 782/2070/31 779/2071/31
s 160
f 788/2072/540 789/2073/540 787/2074/541 786/2075/541
f 790/2076/542 791/2077/542 789/2078/540 788/2079/540
f 792/2080/543 793/2081/543 791/2082/542 790/2083/542
f 794/2084/544 795/2085/544 793/2086/543 792/2087/543
f 796/2088/545 797/2089/545 795/2090/544 794/2091/544
f 798/2092/546 799/2093/546 797/2094/545 796/2095/545
f 800/2096/547 801/2097/547 783/2098/547 799/2099/546 798/2100/546 780/2101/547
s 161
f 801/2102/548 684/2103/549 487/2104/549 694/2105/550 799/2106/550 783/2107/548
s 162
f 694/2108/551 487/2109/547 683/2110/547 802/2111/551
s 22
f 488/211/28 694/2112/28 487/1003/28
f 488/211/28 492/1014/28 694/2112/28
s 162
f 492/2113/545 694/2114/551 802/2115/551 803/2116/545
s 161
f 799/2117/550 694/2118/550 492/2119/552 797/2120/552
f 797/2121/552 492/2122/552 493/2123/553 795/2124/553
s 162
f 493/2125/544 492/2126/545 803/2127/545 804/2128/544
s 163
f 804/1015/28 797/2129/28 803/1014/28
f 804/1015/28 795/2130/28 797/2129/28
f 805/1016/28 795/2130/28 804/1015/28
f 805/1016/28 793/2131/28 795/2130/28
f 806/1017/28 793/2131/28 805/1016/28
f 806/1017/28 791/2132/28 793/2131/28
f 807/1018/28 791/2132/28 806/1017/28
f 807/1018/28 789/2133/28 791/2132/28
f 807/1018/28 787/2134/28 789/2133/28
f 787/2134/28 807/1018/28 808/1019/28
s 162
f 498/2135/289 500/2136/554 808/2137/554 807/2138/289
s 161
f 789/2139/555 498/2140/555 500/2141/556 787/2142/556
f 791/2143/557 496/2144/557 498/2145/555 789/2146/555
f 793/2147/558 495/2148/558 496/2149/557 791/2150/557
f 795/2151/553 493/2152/553 495/2153/558 793/2154/558
s 162
f 495/2155/559 493/2156/544 804/2157/544 805/2158/560
s 164
f 809/2159/560 805/2158/560 804/2157/544 810/2160/544
f 811/2161/290 809/2162/561 805/2163/561 806/2164/290
s 165
f 252/2165/562 814/2166/563 815/2167/564 255/2168/564
f 251/2169/34 252/2170/565 814/2171/565 816/2172/34
s 166
f 511/2173/565 512/2174/34 816/2172/34 814/2171/565
s 167
f 817/2175/566 511/2176/566 512/2177/567 818/2178/567 819/2179/568 820/2180/568
f 821/2181/569 510/2182/569 511/2183/566 817/2184/566
f 822/2185/570 508/2186/571 510/2187/569 821/2188/569
f 823/2189/572 506/2190/572 508/2191/571 822/2192/570
f 824/2193/573 505/2194/573 506/2195/572 823/2196/572
f 825/2197/574 503/2198/574 505/2199/573 824/2200/573
f 826/2201/575 501/2202/575 503/2203/574 825/2204/574
s 168
f 827/2205/276 565/2206/276 501/2207/276 826/2208/276
s 169
f 828/2209/277 818/2210/277 829/2211/277 830/2212/277 565/2213/277 827/2214/277 820/2215/277
s 167
f 512/2216/567 829/2217/274 818/2218/567
s 170
f 512/2219/576 831/2220/577 832/2221/435 829/2222/578
f 511/2223/579 833/2224/580 831/2225/577 512/2226/576
f 510/2227/581 834/2228/582 833/2229/580 511/2230/579
f 508/2231/583 835/2232/584 834/2233/582 510/2234/581
f 506/2235/585 836/2236/586 835/2237/584 508/2238/583
f 505/2239/587 837/2240/588 836/2241/586 506/2242/585
f 503/2243/589 838/2244/590 837/2245/588 505/2246/587
f 501/2247/591 839/2248/592 838/2249/590 503/2250/589
s 171
f 565/2251/296 840/2252/593 839/2253/297 501/2254/296
s 172
f 829/2255/594 832/2256/299 840/2257/299 565/2258/594 830/2259/594
f 832/2260/299 841/2261/33 842/2262/33 840/2263/299
s 170
f 831/2264/577 843/2265/33 841/2266/122 832/2267/435
f 833/2268/580 844/2269/33 843/2270/33 831/2271/577
f 834/2272/582 845/2273/33 844/2274/33 833/2275/580
f 835/2276/584 846/2277/33 845/2278/33 834/2279/582
f 836/2280/586 847/2281/33 846/2282/33 835/2283/584
f 837/2284/588 848/2285/33 847/2286/33 836/2287/586
f 838/2288/590 849/2289/33 848/2290/33 837/2291/588
f 839/2292/592 850/2293/33 849/2294/33 838/2295/590
s 171
f 840/2296/593 842/2297/33 850/2298/450 839/2299/297
f 842/2300/33 851/2301/292 852/2302/300 850/2303/450
s 172
f 841/2304/33 853/2305/595 851/2306/302 842/2307/33
s 170
f 843/2308/33 854/2309/596 853/2310/303 841/2311/122
f 844/2312/33 855/2313/597 854/2314/596 843/2315/33
f 845/2316/33 856/2317/598 855/2318/597 844/2319/33
f 846/2320/33 857/2321/599 856/2322/598 845/2323/33
f 847/2324/33 858/2325/600 857/2326/599 846/2327/33
f 848/2328/33 859/2329/601 858/2330/600 847/2331/33
f 849/2332/33 860/2333/602 859/2334/601 848/2335/33
f 850/2336/33 852/2337/603 860/2338/602 849/2339/33
f 852/2340/603 861/2341/604 862/2342/605 860/2343/602
s 171
f 851/2344/292 863/2345/307 861/2346/307 852/2347/300
s 172
f 853/2348/595 864/2349/293 863/2350/293 851/2351/302
s 170
f 854/2352/596 865/2353/606 864/2354/309 853/2355/303
f 855/2356/597 866/2357/607 865/2358/606 854/2359/596
f 856/2360/598 867/2361/608 866/2362/607 855/2363/597
f 857/2364/599 868/2365/609 867/2366/608 856/2367/598
f 858/2368/600 869/2369/610 868/2370/609 857/2371/599
f 859/2372/601 870/2373/611 869/2374/610 858/2375/600
f 860/2376/602 862/2377/605 870/2378/611 859/2379/601
s 173
f 862/2380/612 871/2381/613 872/2382/614 870/2383/615
f 861/2384/616 873/2385/617 871/2386/613 862/2387/612
s 174
f 863/2388/479 874/2389/315 873/2390/315 861/2391/479
s 175
f 864/2392/480 875/2393/481 874/2394/481 863/2395/480
s 173
f 865/2396/618 876/2397/619 875/2398/311 864/2399/310
f 866/2400/620 877/2401/621 876/2402/619 865/2403/618
f 867/2404/622 878/2405/623 877/2406/621 866/2407/620
f 868/2408/624 879/2409/625 878/2410/623 867/2411/622
f 869/2412/626 880/2413/627 879/2414/625 868/2415/624
f 870/2416/615 872/2417/614 880/2418/627 869/2419/626
f 872/2420/614 881/2421/628 882/2422/629 880/2423/627
f 871/2424/613 883/2425/630 881/2426/628 872/2427/614
f 873/2428/617 884/2429/631 883/2430/630 871/2431/613
s 174
f 874/2432/315 885/2433/322 884/2434/322 873/2435/315
s 175
f 875/2436/481 886/2437/319 885/2438/319 874/2439/481
s 173
f 876/2440/619 887/2441/632 886/2442/320 875/2443/311
f 877/2444/621 888/2445/633 887/2446/632 876/2447/619
f 878/2448/623 889/2449/634 888/2450/633 877/2451/621
f 879/2452/625 890/2453/635 889/2454/634 878/2455/623
f 880/2456/627 882/2457/629 890/2458/635 879/2459/625
f 882/2460/629 891/2461/636 892/2462/637 890/2463/635
f 881/2464/628 893/2465/638 891/2466/636 882/2467/629
f 883/2468/630 894/2469/639 893/2470/638 881/2471/628
f 884/2472/631 895/2473/640 894/2474/639 883/2475/630
s 174
f 885/2476/322 896/2477/323 895/2478/323 884/2479/322
s 175
f 886/2480/319 897/2481/324 896/2482/506 885/2483/319
s 173
f 887/2484/632 898/2485/641 897/2486/507 886/2487/320
f 888/2488/633 899/2489/642 898/2490/641 887/2491/632
f 889/2492/634 900/2493/643 899/2494/642 888/2495/633
f 890/2496/635 892/2497/637 900/2498/643 889/2499/634
f 892/2500/637 901/2501/644 902/2502/645 900/2503/643
f 891/2504/636 903/2505/646 901/2506/644 892/2507/637
f 893/2508/638 904/2509/647 903/2510/646 891/2511/636
f 894/2512/639 905/2513/648 904/2514/647 893/2515/638
f 895/2516/640 906/2517/649 905/2518/648 894/2519/639
s 174
f 896/2520/323 907/2521/328 906/2522/328 895/2523/323
s 175
f 897/2524/324 908/2525/650 909/2526/650 910/2527/650 911/2528/650 907/2529/650 896/2530/506
s 173
f 897/2531/507 898/2532/641 908/2533/651
f 899/2534/642 912/2535/652 910/2536/653 913/2537/653 908/2538/654 898/2539/641
f 900/2540/643 902/2541/645 912/2542/652 899/2543/642
s 176
f 902/2544/655 914/2545/656 915/2546/657 912/2547/658
f 901/2548/659 916/2549/660 914/2550/656 902/2551/655
f 903/2552/661 917/2553/662 916/2554/660 901/2555/659
f 904/2556/663 918/2557/664 917/2558/662 903/2559/661
f 905/2560/665 919/2561/666 918/2562/664 904/2563/663
f 906/2564/667 920/2565/668 919/2566/666 905/2567/665
s 177
f 907/2568/335 921/2569/669 920/2570/669 906/2571/335
s 178
f 907/2572/537 911/2573/670 922/2574/337 923/2575/671 910/2576/537 909/2577/537 924/2578/672 925/2575/673 921/2579/536
f 911/2573/670 910/2576/537 923/2575/537 922/2574/337
s 176
f 915/2580/657 923/2581/674 910/2582/675 912/2583/658
f 926/2584/676 927/2585/677 923/2586/674 915/2587/657
f 928/2588/678 929/2589/679 927/2590/677 926/2591/676 930/2592/680
s 179
f 928/2593/681 817/2594/681 820/2595/682 819/2596/682 931/2597/682 929/2598/682
f 932/2599/564 821/2600/564 817/2601/681 928/2602/681
f 933/2603/683 822/2604/683 821/2605/564 932/2606/564
f 934/2607/684 823/2608/684 822/2609/683 933/2610/683
f 935/2611/685 824/2612/685 823/2613/684 934/2614/684
f 936/2615/686 825/2616/686 824/2617/685 935/2618/685
f 937/2619/687 826/2620/687 825/2621/686 936/2622/686
s 180
f 938/2623/37 827/2624/37 826/2625/37 937/2626/37
s 181
f 939/1240/5 828/1241/5 820/2627/5 827/1242/5 938/1243/5 929/2628/5
s 182
f 817/2629/28 820/2630/28 827/2631/28 826/2632/28 825/2633/28 824/2634/28 823/2635/28 822/2636/28 821/2637/28
s 183
f 817/2629/28 815/1025/28 820/2630/28
f 815/1025/28 817/2629/28 940/1024/28
f 940/1024/28 817/2629/28 821/2637/28
f 940/1024/28 821/2637/28 822/2636/28
f 940/1024/28 822/2636/28 941/1023/28
f 941/1023/28 822/2636/28 823/2635/28
f 941/1023/28 823/2635/28 942/1022/28
f 942/1022/28 823/2635/28 824/2634/28
f 942/1022/28 824/2634/28 943/1021/28
f 943/1021/28 824/2634/28 825/2633/28
f 943/1021/28 825/2633/28 944/1020/28
f 944/1020/28 825/2633/28 826/2632/28
f 944/1020/28 826/2632/28 945/1251/28
f 827/2631/28 945/1251/28 826/2632/28
f 820/2630/28 945/1251/28 827/2631/28
f 816/1027/28 945/1251/28 820/2630/28
f 945/1251/28 816/1027/28 946/2638/28
s 166
f 829/2639/32 512/204/32 816/2640/32 946/2641/32
s 0
f 512/1027/28 947/2642/28 829/2638/28
s 22
f 512/1027/28 948/2643/28 947/2642/28
f 512/1027/28 473/1046/28 948/2643/28
f 477/1248/28 948/2643/28 473/1046/28
f 948/2643/28 477/1248/28 949/2644/28
f 949/2644/28 477/1248/28 563/1249/28
s 185
f 949/2645/5 948/2646/5 950/2647/5 951/2648/5 563/2649/5
s 186
f 948/2650/688 952/2651/299 953/2652/299 563/2653/688 949/2654/688
s 187
f 947/2655/689 954/2656/435 952/2657/292 948/2658/689
s 188
f 564/2659/690 955/2660/302 954/2661/295 947/2662/690
s 189
f 563/2663/296 953/2664/297 955/2665/593 564/2666/296
f 953/2667/297 956/2668/33 957/2669/33 955/2670/593
s 186
f 952/2671/299 958/2672/33 956/2673/150 953/2674/299
s 187
f 954/2675/435 959/2676/33 958/2677/122 952/2678/292
s 188
f 955/2679/302 957/2680/123 959/2681/33 954/2682/295
f 957/2683/123 960/2684/305 961/2685/305 959/2686/33
s 189
f 956/2687/33 962/2688/691 960/2689/292 957/2690/33
s 186
f 958/2691/33 963/2692/301 962/2693/302 956/2694/150
s 187
f 959/2695/33 961/2696/303 963/2697/692 958/2698/122
f 961/2699/303 964/2700/309 965/2701/309 963/2702/692
s 188
f 960/2703/305 966/2704/693 964/2705/693 961/2706/305
s 189
f 962/2707/691 967/2708/307 966/2709/307 960/2710/292
s 186
f 963/2711/301 965/2712/308 967/2713/308 962/2714/302
s 190
f 965/2715/316 968/2716/318 969/2717/318 967/2718/316
s 191
f 964/2719/310 970/2720/311 968/2721/311 965/2722/310
s 192
f 966/2723/694 971/2724/695 970/2725/695 964/2726/694
s 193
f 967/2727/479 969/2728/315 971/2729/315 966/2730/479
f 969/2731/315 972/2732/322 973/2733/322 971/2734/315
s 190
f 968/2735/318 974/2736/319 972/2737/319 969/2738/318
s 191
f 970/2739/311 975/2740/320 974/2741/320 968/2742/311
s 192
f 971/2743/695 973/2744/321 975/2745/321 970/2746/695
f 973/2747/321 976/2748/696 977/2749/696 975/2750/321
s 193
f 972/2751/322 978/2752/323 976/2753/323 973/2754/322
s 190
f 974/2755/319 979/2756/324 978/2757/324 972/2758/319
s 191
f 975/2759/320 977/2760/325 979/2761/697 974/2762/320
f 977/2763/325 980/2764/330 981/2765/330 979/2766/697
s 192
f 976/2767/696 982/2768/698 980/2769/698 977/2770/696
s 193
f 978/2771/323 983/2772/328 982/2773/328 976/2774/323
s 190
f 979/2775/324 981/2776/329 983/2777/329 978/2778/324
s 194
f 981/2779/699 984/2780/338 985/2781/338 983/2782/699
s 195
f 980/2783/331 986/2784/332 984/2785/332 981/2786/331
s 196
f 982/2787/333 987/2788/334 986/2789/334 980/2790/333
s 197
f 983/2791/335 985/2792/336 987/2793/669 982/2794/335
f 985/2795/336 988/2796/344 989/2797/700 987/2798/669
s 194
f 984/2799/338 990/2800/339 988/2801/340 985/2802/338
s 195
f 986/2803/332 991/2804/701 990/2805/341 984/2806/332
s 196
f 987/2807/334 989/2808/342 991/2809/702 986/2810/334
f 989/2811/342 992/2812/703 993/2813/703 994/2814/703 995/2815/703 991/2816/702
s 197
f 996/2817/345 997/2818/345 993/2819/345 992/2820/345 989/2821/700 988/2822/344
s 194
f 998/2823/346 999/2824/346 997/2825/346 996/2826/346 988/2827/340 990/2828/339
s 195
f 991/2829/701 995/2830/704 994/2831/704 999/2832/704 998/2833/704 990/2834/341
s 198
f 994/1658/705 1000/1659/705 1001/1660/705 999/1661/705
s 199
f 993/1232/2 1002/1233/2 1000/1234/2 994/1235/2
s 200
f 997/1662/37 1003/1663/37 1002/1664/37 993/1665/37
s 201
f 999/1240/5 1001/1241/5 1003/1242/5 997/1243/5
s 202
f 1001/2835/277 948/2836/277 949/2837/277 563/2838/277 1003/2839/277
s 203
f 1000/2840/274 947/2841/274 948/2842/274 1001/2843/274
s 204
f 1002/2844/706 564/2845/706 947/2846/706 1000/2847/706
s 205
f 1003/2848/276 563/2849/276 564/2850/276 1002/2851/276
s 206
f 564/1683/27 563/1684/27 951/1685/27 1004/1686/27
s 207
f 1004/1250/28 1005/2642/28 950/2643/28 951/1249/28
s 206
f 564/2649/5 947/2646/5 1005/2647/5 1004/2648/5
s 22
f 564/1250/28 829/2638/28 947/2642/28
f 829/2638/28 564/1250/28 830/2852/28
f 830/2852/28 564/1250/28 565/1251/28
s 208
f 565/2649/5 830/2645/5 829/2646/5 946/2647/5 945/2648/5
s 209
f 267/2853/5 945/2648/5 946/2647/5 269/2854/5
f 265/2855/32 267/2856/32 945/2641/32 944/2857/32
s 210
f 1006/2858/27 1004/1686/27 951/1685/27 468/2859/27
f 1005/2647/5 466/2854/5 1006/2853/5 1004/2648/5
s 211
f 467/2859/27 466/2858/27 1005/1686/27 950/1685/27
s 212
f 467/2860/50 1007/2861/51 1008/2862/51 466/2863/50
s 213
f 468/2864/707 1009/2865/708 1007/2866/43 467/2867/707
s 214
f 1006/2868/44 1010/2869/45 1009/2870/46 468/2871/44
s 215
f 466/2872/709 1008/2873/48 1010/2874/49 1006/2875/709
f 1008/2876/48 1011/2877/28 1012/2878/28 1010/2879/49
s 212
f 1007/2880/51 1013/2881/28 1011/2882/28 1008/2883/51
s 213
f 1009/2884/708 1014/2885/28 1013/2886/38 1007/2887/43
s 214
f 1010/2888/45 1012/2889/28 1014/2890/30 1009/2891/46
f 1012/2892/28 1015/2893/55 1016/2894/55 1014/2895/30
s 215
f 1011/2896/28 1017/2897/710 1015/2898/710 1012/2899/28
s 212
f 1013/2900/28 1018/2901/53 1017/2902/53 1011/2903/28
s 213
f 1014/2904/28 1016/2905/54 1018/2906/54 1013/2907/38
s 216
f 1016/2908/59 1019/2909/59 1020/2910/59 1021/2911/59 1022/2912/59 1018/2913/59
s 217
f 1015/2914/72 1023/2915/72 1024/2916/72 1020/2917/72 1019/2918/72 1016/2919/72
s 218
f 1025/2920/84 1026/2921/84 1024/2922/84 1023/2923/84 1015/2924/84 1017/2925/84
s 219
f 1018/2926/86 1022/2927/86 1021/2928/86 1026/2929/86 1025/2930/86 1017/2931/86
s 220
f 1021/2932/711 1027/2933/39 1026/2934/62
f 1027/2933/39 1021/2932/711 1020/2935/28
f 1027/2933/39 1020/2935/28 1028/2936/28
f 1028/2936/28 1020/2935/28 1029/2937/28
f 1024/2938/28 1029/2937/28 1020/2935/28
f 1024/2938/28 1030/2939/62 1029/2937/28
f 1026/2934/62 1030/2939/62 1024/2938/28
f 1030/2939/62 1026/2934/62 1027/2933/39
s 221
f 1027/2940/712 1031/2941/712 1032/2942/712 1030/2943/712
s 222
f 1028/2944/65 1033/2945/65 1031/2946/65 1027/2947/65
s 223
f 1029/2948/66 1034/2949/66 1033/2950/66 1028/2951/66
s 224
f 1030/2952/713 1032/2953/713 1034/2954/713 1029/2955/713
s 225
f 1032/2956/714 1035/2957/714 1036/2958/714 1034/2959/714
s 226
f 1031/2960/69 1037/2961/69 1035/2962/69 1032/2963/69
s 227
f 1033/2964/715 1038/2965/715 1037/2966/715 1031/2967/715
s 228
f 1034/2968/67 1036/2969/67 1038/2970/67 1033/2971/67
s 229
f 1036/2972/72 1039/2973/72 1040/2974/72 1038/2975/72
s 230
f 1035/2976/73 1041/2977/73 1039/2978/73 1036/2979/73
s 231
f 1037/2980/74 1042/2981/74 1041/2982/74 1035/2983/74
s 232
f 1038/2984/71 1040/2985/71 1042/2986/71 1037/2987/71
s 233
f 1040/2988/77 1043/2989/78 1044/2990/79 1042/2991/77
s 234
f 1039/2992/80 1045/2993/81 1043/2994/81 1040/2995/80
s 235
f 1041/2996/716 1046/2997/83 1045/2998/717 1039/2999/716
s 236
f 1042/3000/75 1044/3001/718 1046/3002/718 1041/3003/75
f 1044/3004/718 1047/3005/86 1048/3006/58 1046/3007/718
s 233
f 1043/3008/78 1049/3009/59 1047/3010/87 1044/3011/79
s 234
f 1045/3012/81 1050/3013/719 1049/3014/72 1043/3015/81
s 235
f 1046/3016/83 1048/3017/85 1050/3018/73 1045/3019/717
f 1048/3020/85 1051/3021/90 1052/3022/89 1050/3023/73
s 236
f 1047/3024/86 1053/3025/720 1051/3026/720 1048/3027/58
s 233
f 1049/3028/59 1054/3029/92 1053/3030/93 1047/3031/87
s 234
f 1050/3032/719 1052/3033/88 1054/3034/88 1049/3035/72
f 1054/3036/88 1052/3037/88 1055/3038/97 1056/3039/97
s 235
f 1055/3040/721 1052/3041/89 1051/3042/90 1057/3043/721
s 236
f 1053/3044/720 1058/3045/95 1057/3046/95 1051/3047/720
s 233
f 1058/3048/94 1053/3049/93 1054/3050/92 1056/3051/94
s 237
f 1056/422/5 1059/423/5 1060/3052/5 1061/3053/5 1062/424/5 1058/425/5
f 1055/3054/27 1063/3055/27 1064/3056/27 1065/3057/27 1059/3058/27 1056/3059/27
f 1057/430/2 1066/431/2 1067/3060/2 1068/3061/2 1063/432/2 1055/433/2
f 1058/3062/32 1062/3063/32 1069/3064/32 1070/3065/32 1066/3066/32 1057/3067/32
s 211
f 468/2853/5 951/2648/5 950/2647/5 467/2854/5
s 185
f 947/1683/27 948/1684/27 950/1685/27 1005/1686/27
s 238
f 155/3068/27 1075/3069/27 568/1256/27 567/1255/27
s 239
f 1075/3070/722 1076/3071/723 1077/3072/723 155/3073/722
s 240
f 153/3074/724 1078/3075/725 1076/3076/726 1075/3077/724
s 241
f 154/3078/727 1079/3079/728 1078/3080/728 153/3081/727
s 242
f 155/3082/729 1077/3083/730 1079/3084/731 154/3085/729
f 1077/3086/730 1080/3087/33 1081/3088/33 1079/3089/731
s 239
f 1076/3090/723 1082/3091/33 1080/3092/33 1077/3093/723
s 240
f 1078/3094/725 1083/3095/33 1082/3096/33 1076/3097/726
s 241
f 1079/3098/728 1081/3099/33 1083/3100/33 1078/3101/728
f 1081/3102/33 1084/3103/732 1085/3104/732 1083/3105/33
s 242
f 1080/3106/33 1086/3107/733 1084/3108/733 1081/3109/33
s 239
f 1082/3110/33 1087/3111/734 1086/3112/734 1080/3113/33
s 240
f 1083/3114/33 1085/3115/735 1087/3116/735 1082/3117/33
s 243
f 1088/3118/736 1089/3119/736 1090/3120/736 1091/3121/736 1087/3122/736 1085/3123/736
s 244
f 1092/3124/737 1093/3125/737 1089/3126/737 1088/3127/737 1085/3128/737 1084/3129/737
s 245
f 1086/3130/738 1094/3131/738 1095/3132/738 1093/3133/738 1092/3134/738 1084/3135/738
s 246
f 1087/3136/739 1091/3137/739 1090/3138/739 1095/3139/739 1094/3140/739 1086/3141/739
s 247
f 1090/3142/158 1096/3143/158 1095/3144/740
f 1096/3143/158 1090/3142/158 1089/3145/156
f 1096/3143/158 1089/3145/156 1097/3146/741
f 1097/3146/741 1089/3145/156 1098/3147/158
f 1093/3148/158 1098/3147/158 1089/3145/156
f 1093/3148/158 1099/3149/740 1098/3147/158
f 1095/3144/740 1099/3149/740 1093/3148/158
f 1099/3149/740 1095/3144/740 1096/3143/158
s 248
f 1096/3150/742 1100/3151/742 1101/3152/742 1099/3153/742
s 249
f 1097/3154/743 1102/3155/743 1100/3156/743 1096/3157/743
s 250
f 1098/3158/744 1103/3159/744 1102/3160/744 1097/3161/744
s 251
f 1099/3162/745 1101/3163/745 1103/3164/745 1098/3165/745
s 252
f 1101/3166/746 1104/3167/746 1105/3168/746 1103/3169/746
s 253
f 1100/3170/747 1106/3171/747 1104/3172/747 1101/3173/747
s 254
f 1102/3174/748 1107/3175/748 1106/3176/748 1100/3177/748
s 255
f 1103/3178/749 1105/3179/749 1107/3180/749 1102/3181/749
s 256
f 1105/3182/737 1108/3183/737 1109/3184/737 1107/3185/737
s 257
f 1104/3186/750 1110/3187/750 1108/3188/750 1105/3189/750
s 258
f 1106/3190/751 1111/3191/751 1110/3192/751 1104/3193/751
s 259
f 1107/3194/752 1109/3195/752 1111/3196/752 1106/3197/752
s 260
f 1109/3198/753 1112/3199/754 1113/3200/755 1111/3201/753
s 261
f 1108/3202/756 1114/3203/757 1112/3204/757 1109/3205/756
s 262
f 1110/3206/758 1115/3207/759 1114/3208/760 1108/3209/758
s 263
f 1111/3210/761 1113/3211/762 1115/3212/762 1110/3213/761
f 1113/3214/762 1116/3215/763 1117/3216/763 1115/3217/762
s 260
f 1112/3218/754 1118/3219/764 1116/3220/765 1113/3221/755
s 261
f 1114/3222/757 1119/3223/766 1118/3224/766 1112/3225/757
s 262
f 1115/3226/759 1117/3227/738 1119/3228/750 1114/3229/760
f 1117/3230/738 1120/3231/767 1121/3232/767 1119/3233/750
s 263
f 1116/3234/763 1122/3235/768 1120/3236/768 1117/3237/763
s 260
f 1118/3238/764 1123/3239/769 1122/3240/770 1116/3241/765
s 261
f 1119/3242/766 1121/3243/771 1123/3244/771 1118/3245/766
f 1121/3246/771 1124/3247/772 1125/3248/772 1123/3249/771
s 262
f 1124/3250/773 1121/3251/767 1120/3252/767 1126/3253/773
s 263
f 1120/3254/768 1122/3255/768 1127/3256/774 1126/3257/774
s 260
f 1127/3258/775 1122/3259/770 1123/3260/769 1125/3261/775
s 264
f 1125/3262/5 1128/3263/5 1129/3264/5 1127/3265/5
s 265
f 1124/418/32 1130/419/32 1128/420/32 1125/421/32
s 266
f 1126/3266/2 1131/3267/2 1130/3268/2 1124/3269/2
s 267
f 1127/426/27 1129/427/27 1131/428/27 1126/429/27
s 268
f 154/3270/2 155/3271/2 567/3272/2 1168/3273/2
s 269
f 621/1000/28 568/1252/28 567/997/28 1168/999/28
s 268
f 1075/3274/5 153/3275/5 621/1470/5 568/1469/5
s 270
f 152/3276/42 1170/3277/776 1171/3278/43 1169/3279/42
s 271
f 151/3280/44 1172/3281/45 1170/3282/45 152/3283/44
s 272
f 1173/3284/709 1174/3285/49 1172/3286/48 151/3287/709
s 273
f 1169/3288/777 1171/3289/778 1174/3290/51 1173/3291/777
f 1171/3292/778 1175/3293/28 1176/3294/28 1174/3295/51
s 270
f 1170/3296/776 1177/3297/28 1175/3298/28 1171/3299/43
s 271
f 1172/3300/45 1178/3301/30 1177/3302/30 1170/3303/45
s 272
f 1174/3304/49 1176/3305/28 1178/3306/28 1172/3307/48
f 1176/3308/28 1179/3309/710 1180/3310/710 1178/3311/28
s 273
f 1175/3312/28 1181/3313/53 1179/3314/53 1176/3315/28
s 270
f 1177/3316/28 1182/3317/779 1181/3318/779 1175/3319/28
s 271
f 1178/3320/30 1180/3321/55 1182/3322/55 1177/3323/30
s 274
f 1180/3324/72 1183/3325/72 1184/3326/72 1185/3327/72 1186/3328/72 1182/3329/72
s 275
f 1179/3330/84 1187/3331/84 1188/3332/84 1184/3333/84 1183/3334/84 1180/3335/84
s 276
f 1189/3336/86 1190/3337/86 1188/3338/86 1187/3339/86 1179/3340/86 1181/3341/86
s 277
f 1182/3342/59 1186/3343/59 1185/3344/59 1190/3345/59 1189/3346/59 1181/3347/59
s 278
f 1191/3348/61 1190/3349/61 1185/3350/41
f 1190/3349/61 1191/3348/61 1188/3351/62
f 1192/3352/62 1188/3351/62 1191/3348/61
f 1188/3351/62 1192/3352/62 1184/3353/61
f 1184/3353/61 1192/3352/62 1193/3354/61
s 279
f 1192/3355/780 1194/3356/780 1195/3357/780 1193/3358/780
s 280
f 1191/3359/781 1196/3360/781 1194/3361/781 1192/3362/781
s 281
f 1197/3363/782 1198/3364/782 1196/3365/782 1191/3366/782
s 282
f 1193/3367/783 1195/3368/783 1198/3369/783 1197/3370/783
s 283
f 1195/3371/784 1199/3372/784 1200/3373/784 1198/3374/784
s 284
f 1194/3375/785 1201/3376/785 1199/3377/785 1195/3378/785
s 285
f 1196/3379/786 1202/3380/786 1201/3381/786 1194/3382/786
s 286
f 1198/3383/715 1200/3384/715 1202/3385/715 1196/3386/715
s 287
f 1200/3387/71 1203/3388/71 1204/3389/71 1202/3390/71
s 288
f 1199/3391/72 1205/3392/72 1203/3393/72 1200/3394/72
s 289
f 1201/3395/73 1206/3396/73 1205/3397/73 1199/3398/73
s 290
f 1202/3399/74 1204/3400/74 1206/3401/74 1201/3402/74
s 291
f 1204/3403/787 1207/3404/718 1208/3405/76 1206/3406/787
s 292
f 1203/3407/788 1209/3408/79 1207/3409/78 1204/3410/788
s 293
f 1205/3411/80 1210/3412/81 1209/3413/789 1203/3414/80
s 294
f 1206/3415/82 1208/3416/790 1210/3417/790 1205/3418/82
f 1208/3419/790 1211/3420/85 1212/3421/84 1210/3422/790
s 291
f 1207/3423/718 1213/3424/58 1211/3425/86 1208/3426/76
s 292
f 1209/3427/79 1214/3428/71 1213/3429/87 1207/3430/78
s 293
f 1210/3431/81 1212/3432/719 1214/3433/72 1209/3434/789
f 1212/3435/719 1215/3436/791 1216/3437/792 1214/3438/72
s 294
f 1211/3439/85 1217/3440/90 1215/3441/89 1212/3442/84
s 291
f 1213/3443/58 1218/3444/720 1217/3445/720 1211/3446/86
s 292
f 1214/3447/71 1216/3448/92 1218/3449/93 1213/3450/87
f 1219/3451/94 1218/3452/93 1216/3453/92 1220/3454/94
s 291
f 1218/3455/720 1219/3456/95 1221/3457/95 1217/3458/720
s 295
f 1219/3062/32 1222/3063/32 1223/3064/32 1224/3065/32 1225/3066/32 1221/3067/32
f 1220/3262/5 1226/3263/5 1227/3459/5 1228/3460/5 1222/3264/5 1219/3265/5
f 1229/3054/27 1230/3055/27 1231/3056/27 1232/3057/27 1226/3058/27 1220/3059/27
f 1221/3266/2 1225/3267/2 1233/3461/2 1234/3462/2 1230/3268/2 1229/3269/2
s 294
f 1229/3463/793 1215/3464/89 1217/3465/90 1221/3466/793
s 293
f 1216/3467/792 1215/3468/791 1229/3469/97 1220/3470/97
s 278
f 1197/3471/41 1185/3350/41 1193/3354/61
f 1191/3348/61 1185/3350/41 1197/3471/41
f 1184/3353/61 1193/3354/61 1185/3350/41
s 296
f 1169/2859/27 1173/2858/27 678/1686/27 677/1685/27
s 297
f 151/3275/5 1239/1470/5 678/1469/5 1173/3274/5
s 298
f 151/3472/32 152/3473/32 1240/3474/32 1239/3475/32
s 299
f 152/3270/2 1169/3271/2 677/3272/2 1240/3273/2
s 300
f 1239/1002/28 678/1687/28 677/1471/28 1240/1001/28
s 301
f 486/1467/5 627/1468/5 678/1469/5 1239/1470/5
s 302
f 485/3476/32 486/3477/32 1239/3475/32 1240/3474/32
s 303
f 622/3478/2 623/3479/2 485/3480/2 1240/3273/2 677/3272/2
s 304
f 150/185/27 683/1693/27 682/1692/27 1242/3481/27
s 164
f 1243/3482/546 802/2111/546 683/2110/547 150/3483/547
f 1244/3484/545 803/2116/545 802/2115/546 1243/3485/546
f 810/3486/544 804/2128/544 803/2127/545 1244/3487/545
s 305
f 810/3488/794 1245/3489/795 1246/3490/796 809/3491/797
f 1244/3492/798 1247/3493/799 1245/3494/795 810/3495/794
f 1243/3496/800 1248/3497/801 1247/3498/799 1244/3499/798
f 150/3500/802 1249/3501/803 1248/3502/801 1243/3503/800
f 1242/3504/114 1250/3505/115 1249/3506/803 150/3507/802
s 306
f 1241/3508/117 1251/3509/119 1250/3510/119 1242/3511/117
s 307
f 813/3512/121 1252/3513/804 1251/3514/120 1241/3515/121
s 305
f 812/3516/805 1253/3517/806 1252/3518/807 813/3519/808
f 811/3520/809 1254/3521/810 1253/3522/806 812/3523/805
f 809/3524/797 1246/3525/796 1254/3526/810 811/3527/809
f 1246/3528/796 1255/3529/33 1256/3530/33 1254/3531/810
f 1245/3532/795 1257/3533/33 1255/3534/33 1246/3535/796
f 1247/3536/799 1258/3537/33 1257/3538/33 1245/3539/795
f 1248/3540/801 1259/3541/33 1258/3542/33 1247/3543/799
f 1249/3544/803 1260/3545/33 1259/3546/33 1248/3547/801
f 1250/3548/115 1261/3549/122 1260/3550/33 1249/3551/803
s 306
f 1251/3552/119 1262/3553/33 1261/3554/33 1250/3555/119
s 307
f 1252/3556/804 1263/3557/33 1262/3558/33 1251/3559/120
s 305
f 1253/3560/806 1264/3561/33 1263/3562/33 1252/3563/807
f 1254/3564/810 1256/3565/33 1264/3566/33 1253/3567/806
f 1256/3568/33 1265/3569/811 1266/3570/812 1264/3571/33
f 1255/3572/33 1267/3573/813 1265/3574/811 1256/3575/33
f 1257/3576/33 1268/3577/814 1267/3578/813 1255/3579/33
f 1258/3580/33 1269/3581/815 1268/3582/814 1257/3583/33
f 1259/3584/33 1270/3585/816 1269/3586/815 1258/3587/33
f 1260/3588/33 1271/3589/817 1270/3590/816 1259/3591/33
f 1261/3592/122 1272/3593/134 1271/3594/817 1260/3595/33
s 306
f 1262/3596/33 1273/3597/124 1272/3598/124 1261/3599/33
s 307
f 1263/3600/33 1274/3601/818 1273/3602/818 1262/3603/33
s 305
f 1264/3604/33 1266/3605/812 1274/3606/819 1263/3607/33
s 308
f 1266/3608/820 1275/3609/820 1276/3610/820 1277/3611/821 1278/3612/821 1274/3613/821
f 1279/3614/822 1280/3615/823 1276/3616/820 1275/3617/820 1266/3618/820 1265/3619/822
f 1281/3620/824 1282/3621/824 1280/3622/823 1279/3623/822 1265/3624/822 1267/3625/824
f 1268/3626/825 1283/3627/826 1284/3628/825 1282/3629/824 1281/3630/824 1267/3631/824
f 1269/3632/827 1285/3633/827 1286/3634/827 1284/3635/825 1283/3636/826 1268/3637/825
f 1270/3638/828 1287/3639/828 1288/3640/829 1286/3641/827 1285/3642/827 1269/3643/827
f 1271/3644/830 1289/3645/830 1290/3646/830 1288/3647/829 1287/3648/828 1270/3649/828
f 1272/3650/135 1291/3651/135 1292/3652/135 1290/3653/830 1289/3654/830 1271/3655/830
s 309
f 1273/3656/831 1293/3657/831 1294/3658/831 1292/3659/831 1291/3660/831 1272/3661/831
s 310
f 1278/3662/832 1277/3663/832 1294/3664/832 1293/3665/832 1273/3666/832 1274/3667/832
s 311
f 1295/3668/833 1294/3669/741 1277/3670/834
f 1294/3669/741 1295/3668/833 1292/3671/150
f 1292/3671/150 1295/3668/833 1296/3672/150
s 312
f 1295/3673/159 1297/3674/159 1298/3675/159 1296/3676/159
s 313
f 1299/3677/835 1300/3678/835 1297/3679/835 1295/3680/835
s 314
f 1301/3681/836 1302/3682/836 1300/3683/837 1299/3684/837
f 1303/3685/838 1304/3686/838 1302/3687/836 1301/3688/836
f 1305/3689/839 1306/3690/839 1304/3691/838 1303/3692/838
f 1307/3693/840 1308/3694/841 1306/3695/839 1305/3696/839
f 1309/3697/842 1310/3698/843 1308/3699/841 1307/3700/840
f 1311/3701/844 1312/3702/845 1310/3703/843 1309/3704/842
f 1313/3705/846 1314/3706/847 1312/3707/845 1311/3708/844
f 1296/3709/848 1298/3710/848 1314/3711/847 1313/3712/846
s 315
f 1298/3713/175 1315/3714/175 1316/3715/849 1314/3716/850
s 316
f 1297/3717/176 1317/3718/176 1315/3719/176 1298/3720/176
s 317
f 1300/3721/851 1318/3722/851 1317/3723/851 1297/3724/851
s 315
f 1302/3725/852 1319/3726/853 1318/3727/854 1300/3728/854
f 1304/3729/855 1320/3730/856 1319/3731/853 1302/3732/852
f 1306/3733/857 1321/3734/858 1320/3735/856 1304/3736/855
f 1308/3737/859 1322/3738/860 1321/3739/858 1306/3740/857
f 1310/3741/861 1323/3742/862 1322/3743/860 1308/3744/859
f 1312/3745/863 1324/3746/864 1323/3747/862 1310/3748/861
f 1314/3749/850 1316/3750/849 1324/3751/864 1312/3752/863
s 318
f 1316/3753/865 1325/3754/865 1326/3755/866 1324/3756/867
f 1315/3757/194 1327/3758/194 1325/3759/865 1316/3760/865
s 319
f 1317/3761/195 1328/3762/195 1327/3763/195 1315/3764/195
s 320
f 1318/3765/197 1329/3766/197 1328/3767/197 1317/3768/197
s 318
f 1319/3769/868 1330/3770/820 1329/3771/869 1318/3772/869
f 1320/3773/870 1331/3774/870 1330/3775/820 1319/3776/868
f 1321/3777/824 1332/3778/824 1331/3779/870 1320/3780/870
f 1322/3781/826 1333/3782/826 1332/3783/824 1321/3784/824
f 1323/3785/871 1334/3786/872 1333/3787/826 1322/3788/826
f 1324/3789/867 1326/3790/866 1334/3791/872 1323/3792/871
s 321
f 1326/3793/873 1335/3794/874 1336/3795/875 1334/3796/876
f 1325/3797/877 1337/3798/878 1335/3799/874 1326/3800/873
f 1327/3801/210 1338/3802/210 1337/3803/878 1325/3804/877
s 322
f 1328/3805/879 1339/3806/880 1338/3807/881 1327/3808/879
s 323
f 1329/3809/882 1340/3810/883 1339/3811/884 1328/3812/882
s 321
f 1330/3813/885 1341/3814/886 1340/3815/887 1329/3816/888
f 1331/3817/889 1342/3818/890 1341/3819/886 1330/3820/885
f 1332/3821/891 1343/3822/892 1342/3823/890 1331/3824/889
f 1333/3825/893 1344/3826/894 1343/3827/892 1332/3828/891
f 1334/3829/876 1336/3830/875 1344/3831/894 1333/3832/893
f 1336/3833/875 1345/3834/895 1346/3835/896 1344/3836/894
f 1335/3837/874 1347/3838/897 1345/3839/895 1336/3840/875
f 1337/3841/878 1348/3842/898 1349/3843/899 1350/3844/900 1347/3845/897 1335/3846/874
f 1351/3847/901 1352/3848/902 1350/3849/900 1349/3850/899
f 1353/3851/903 1354/3852/903 1352/3853/902 1351/3854/901
s 324
f 1355/3855/904 1354/3856/904 1352/3857/236 1356/3858/236
s 325
f 1355/3859/2 1357/3860/2 1358/3861/2 1359/3862/2 1360/3863/2 1354/3864/2
s 326
f 1361/3865/27 1362/3866/27 1363/3867/27 1364/3868/27 1357/3869/27 1355/3870/27
s 327
f 1365/3871/289 1366/3872/289 1362/3873/905 1361/3874/905
f 1367/3875/906 1368/3876/906 1366/3877/289 1365/3878/289
f 1369/3879/907 1370/3880/907 1368/3881/906 1367/3882/906
f 1371/3883/282 1372/3884/282 1370/3885/907 1369/3886/907
f 1373/3887/281 1374/3888/281 1372/3889/282 1371/3890/282
f 1375/3891/279 1376/3892/279 1374/3893/281 1373/3894/281
f 1375/3895/279 1354/3896/908 1360/3897/908 1376/3898/279
s 321
f 1377/3899/909 1352/3853/910 1354/3852/911 1375/3900/912
f 1347/3901/897 1350/3849/900 1352/3848/910 1377/3902/909
s 324
f 1356/3903/236 1352/3904/236 1350/3905/913 1378/3906/231
f 1379/3907/232 1350/3905/913 1352/3904/914 1380/3908/236
f 1339/3909/915 1378/3910/231 1350/3911/913 1379/3912/232 1348/3913/235 1338/3914/916
s 323
f 1340/3915/883 1381/3916/917 1378/3917/918 1339/3918/884
s 321
f 1341/3919/886 1382/3920/919 1381/3921/920 1340/3922/887
f 1342/3923/890 1383/3924/921 1382/3925/919 1341/3926/886
f 1343/3927/892 1384/3928/922 1383/3929/921 1342/3930/890
f 1344/3931/894 1346/3932/896 1384/3933/922 1343/3934/892
f 1346/3935/896 1385/3936/923 1386/3937/924 1384/3938/922
f 1345/3939/895 1387/3940/925 1385/3941/923 1346/3942/896
f 1347/3943/897 1377/3944/909 1387/3945/925 1345/3946/895
f 1375/3947/912 1373/3948/926 1387/3949/925 1377/3950/909
f 1373/3951/926 1371/3952/927 1385/3953/923 1387/3954/925
f 1371/3955/927 1369/3956/928 1386/3957/924 1385/3958/923
f 1367/3959/929 1388/3960/930 1386/3961/924 1369/3962/928
f 1365/3963/931 1389/3964/932 1388/3965/930 1367/3966/929
f 1361/3967/933 1390/3968/934 1389/3969/932 1365/3970/931
s 323
f 1356/3971/935 1390/3972/935 1361/3973/936 1355/3974/936
f 1381/3975/917 1390/3976/935 1356/3977/935 1378/3978/918
s 321
f 1382/3979/919 1389/3980/932 1390/3981/934 1381/3982/920
f 1383/3983/921 1388/3984/930 1389/3985/932 1382/3986/919
f 1384/3987/922 1386/3988/924 1388/3989/930 1383/3990/921
s 324
f 1380/3991/236 1352/3857/914 1354/3856/247 1391/3992/247
s 311
f 1292/3671/150 1296/3672/150 1313/3993/450
f 1313/3993/450 1290/3994/450 1292/3671/150
f 1313/3993/450 1288/3995/155 1290/3994/450
f 1311/3996/155 1288/3995/155 1313/3993/450
f 1311/3996/155 1286/3997/937 1288/3995/155
f 1309/3998/937 1286/3997/937 1311/3996/155
f 1309/3998/937 1284/3999/938 1286/3997/937
f 1307/4000/151 1284/3999/938 1309/3998/937
f 1307/4000/151 1282/4001/939 1284/3999/938
f 1305/4002/156 1282/4001/939 1307/4000/151
f 1305/4002/156 1280/4003/151 1282/4001/939
f 1303/4004/151 1280/4003/151 1305/4002/156
f 1303/4004/151 1276/4005/940 1280/4003/151
f 1301/4006/940 1276/4005/940 1303/4004/151
f 1299/4007/834 1276/4005/940 1301/4006/940
f 1299/4007/834 1277/3670/834 1276/4005/940
f 1277/3670/834 1299/4007/834 1295/3668/833
s 164
f 812/4008/289 811/4009/290 806/4010/290 807/4011/289
s 162
f 496/4012/290 498/4013/289 807/4011/289 806/4010/290
f 495/4014/561 496/4015/290 806/2164/290 805/2163/561
s 164
f 813/4016/554 812/4017/289 807/2138/289 808/2137/554
s 328
f 1241/3481/27 813/4018/27 808/4019/27 1442/1692/27
s 163
f 1442/1688/28 782/4020/28 808/1019/28
f 782/4020/28 1442/1688/28 682/1690/28
s 329
f 679/1468/5 1442/1469/5 682/1470/5 681/1467/5 680/4021/5
f 500/4022/27 679/1691/27 1442/1692/27 808/4019/27
s 330
f 787/4023/274 500/4024/274 679/4025/274 782/4026/274
s 331
f 782/4027/277 679/4028/277 680/4029/277 681/4030/277 684/4031/277 784/4032/277 783/4033/277
s 163
f 782/4020/28 682/1690/28 783/4034/28
f 783/4034/28 682/1690/28 803/1014/28
f 803/1014/28 682/1690/28 802/2112/28
f 802/2112/28 682/1690/28 683/1003/30
f 803/1014/28 799/4035/28 783/4034/28
f 803/1014/28 797/2129/28 799/4035/28
s 332
f 782/4020/28 783/4034/28 799/4035/28 797/2129/28 795/2130/28 793/2131/28 791/2132/28 789/2133/28 787/2134/28
s 163
f 808/1019/28 782/4020/28 787/2134/28
s 328
f 1242/3275/5 682/1470/5 1442/1469/5 1241/3274/5
s 268
f 153/3069/27 621/1256/27 1168/1255/27 154/3068/27
s 124
f 484/1253/27 483/1254/27 1168/1255/27 621/1256/27
f 482/4036/2 483/3480/2 1168/3273/2 567/3272/2 481/3478/2
s 208
f 565/2639/32 501/4037/32 944/2857/32 945/2641/32
s 166
f 501/4038/941 503/4039/286 943/4040/286 944/4041/941
f 503/4042/286 505/4043/942 942/4044/942 943/4045/286
f 506/4046/943 505/4047/944 942/4048/945 941/4049/946
s 165
f 259/4050/946 941/4049/947 942/4048/948 261/4051/949
f 257/4052/950 259/4053/951 941/4054/951 940/4055/950
s 166
f 506/4056/952 508/4057/950 940/4055/950 941/4054/953
f 510/4058/954 508/4059/955 940/4060/956 815/4061/954
s 165
f 255/4062/564 815/4061/564 940/4060/957 257/4063/956
s 166
f 511/4064/958 510/4065/954 815/2167/954 814/2166/959
s 183
f 814/1026/28 820/2630/28 815/1025/28
f 816/1027/28 820/2630/28 814/1026/28
s 165
f 261/4066/942 263/4067/286 943/4045/286 942/4044/942
f 263/4068/286 265/4069/941 944/4041/941 943/4040/286
f 269/2856/32 946/2641/32 816/2640/32 251/200/32
s 81
f 477/2649/5 473/2646/5 472/2647/5 470/2648/5
s 333
f 470/1248/28 472/1046/28 471/192/28 469/996/28
s 80
f 161/2854/5 159/2853/5 470/2648/5 472/2647/5
s 334
f 1443/4070/538 927/4071/538 929/4072/960 938/4073/960 1444/4074/960
f 921/4075/961 923/4076/962 927/4077/538 1443/4078/538
s 335
f 922/4079/963 923/2586/963 927/2585/963
s 336
f 927/4077/964 923/4076/965 1445/4080/965 1446/4081/339
s 337
f 924/4082/536 1445/4080/966 923/4076/962
s 336
f 939/4083/960 929/4072/960 927/4071/964 1446/4084/339 1447/4085/960
s 177
f 921/4086/669 1443/4087/700 1448/4088/344 920/4089/669
f 1443/4090/700 1444/4091/345 938/4092/345 937/4093/345 1449/4094/345 1448/4095/344
s 176
f 1448/4096/967 1449/4097/968 937/4098/968 936/4099/969 1450/4100/970 1451/4101/971
f 1450/4102/970 936/4103/969 935/4104/972 1452/4105/973 1453/4106/974 1451/4107/971
f 1452/4108/973 935/4109/972 934/4110/975 1454/4111/976 1455/4112/977 1453/4113/974
f 1454/4114/976 934/4115/975 933/4116/978 1456/4117/978 1457/4118/979 1455/4119/977
f 1457/4120/979 1456/4121/978 933/4122/978 932/4123/980 1458/4124/980 1459/4125/981
f 1458/4126/980 932/4127/980 928/4128/678 930/4129/680 926/4130/676 1459/4131/981
f 914/4132/656 1459/4133/981 926/4134/676 915/4135/657
f 916/4136/660 1457/4137/979 1459/4138/981 914/4139/656
f 917/4140/662 1455/4141/977 1457/4142/979 916/4143/660
f 918/4144/664 1453/4145/974 1455/4146/977 917/4147/662
f 919/4148/666 1451/4149/971 1453/4150/974 918/4151/664
f 920/4152/668 1448/4153/967 1451/4154/971 919/4155/666
s 156
f 1460/4156/982 778/4157/983 780/4158/984 798/4159/985 1461/4160/986
f 775/4161/533 776/4162/535 778/4163/983 1460/4164/982
f 775/4165/533 1460/4166/982 1462/4167/987 774/4168/531
f 1460/4169/982 1461/4170/986 798/4171/985 796/4172/988 1463/4173/989 1462/4174/987
f 1463/4175/989 796/4176/988 794/4177/990 1464/4178/991 1465/4179/992 1462/4180/987
f 1464/4181/991 794/4182/990 792/4183/993 1466/4184/994 1467/4185/995 1465/4186/992
f 1466/4187/994 792/4188/993 790/4189/996 1468/4190/997 1469/4191/998 1467/4192/995
f 1468/4193/997 790/4194/996 788/4195/999 1470/4196/1000 1471/4197/1001 1469/4198/998
f 1471/4199/1001 1470/4200/1000 788/4201/999 786/4202/1002 1472/4203/1002 1473/4204/1003
s 155
f 1472/4205/704 786/4206/704 779/4207/704 781/4208/704 777/4209/1004 1473/4210/701
f 768/4211/332 1473/4212/701 777/4213/1004 769/4214/332
s 156
f 770/4215/521 1471/4216/1001 1473/4217/1003 768/4218/522
f 771/4219/525 1469/4220/998 1471/4221/1001 770/4222/521
f 772/4223/527 1467/4224/995 1469/4225/998 771/4226/525
f 773/4227/529 1465/4228/992 1467/4229/995 772/4230/527
f 774/4231/531 1462/4232/987 1465/4233/992 773/4234/529
s 338
f 1474/4235/1005 778/2063/1005 780/2062/1005 785/4236/1005 1475/4237/1005
s 339
f 99/4238/28 106/4239/28 1476/4240/28 100/4241/28
s 340
f 106/4242/1006 105/4243/1006 1477/4244/1006 1476/4245/1006
s 341
f 105/4246/1007 104/4247/1007 1478/4248/1007 1477/4249/1007
s 342
f 104/4250/28 103/4251/28 1479/4252/28 1478/4253/28
s 343
f 103/4254/1008 102/4255/1008 117/4256/1008 1479/4257/1008
s 53
f 215/4258/33 211/4259/33 214/4260/33
f 211/4259/33 215/4258/33 216/4261/33
f 215/4258/33 217/4262/33 216/4261/33
s 0
f 217/4262/122 215/4258/122 218/4263/122
s 345
f 218/4264/31 215/4265/31 219/4266/31 220/4267/31
s 346
f 215/4268/2 221/4269/2 222/4270/2 219/4271/2
s 53
f 215/4258/33 214/4260/33 221/4272/33
f 221/4272/33 214/4260/33 223/4273/150
f 223/4273/150 214/4260/33 224/4274/33
f 224/4274/33 214/4260/33 225/4275/33
f 225/4275/33 214/4260/33 226/4276/33
f 226/4276/33 214/4260/33 227/4277/33
f 227/4277/33 214/4260/33 228/4278/33
f 228/4278/33 214/4260/33 229/4279/33
f 229/4279/33 214/4260/33 230/4280/33
f 212/4281/33 230/4280/33 214/4260/33
f 212/4281/33 231/4282/33 230/4280/33
f 212/4281/33 232/4283/123 231/4282/33
f 212/4281/33 233/4284/33 232/4283/123
f 210/4285/33 233/4284/33 212/4281/33
f 233/4284/33 210/4285/33 234/4286/33
f 234/4286/33 210/4285/33 211/4259/33
f 234/4286/33 211/4259/33 216/4261/33
s 0
f 234/4286/33 216/4261/33 235/4287/33
s 53
f 224/4274/33 235/4287/33 216/4261/33
f 235/4287/33 224/4274/33 225/4275/33
s 348
f 235/4288/1009 225/4289/1009 236/4290/1009 237/4291/1009
s 349
f 225/4292/27 226/4293/27 238/4294/27 236/4295/27
s 350
f 226/4296/1010 234/4297/1010 239/4298/1010 238/4299/1010
s 53
f 226/4276/33 233/4284/33 234/4286/33
f 233/4284/33 226/4276/33 227/4277/33
s 351
f 233/4300/1009 227/4301/1009 240/4302/1009 241/4303/1009
s 352
f 227/4304/27 228/4305/27 242/4306/27 240/4307/27
s 353
f 228/4308/1010 232/4309/1010 243/4310/1010 242/4311/1010
s 53
f 228/4278/33 231/4282/33 232/4283/123
f 231/4282/33 228/4278/33 229/4279/33
s 354
f 231/4312/1009 229/4313/1009 244/4314/1009 245/4315/1009
s 355
f 229/4316/27 230/4317/27 246/4318/27 244/4319/27
s 356
f 230/4320/5 231/4321/5 245/4322/5 246/4323/5
s 357
f 245/4282/33 244/4279/33 246/4280/33
s 358
f 232/4324/5 233/4325/5 241/4326/5 243/4327/5
s 359
f 243/4283/33 241/4284/33 240/4277/33 242/4278/33
s 360
f 234/4328/32 235/4329/32 237/4330/32 239/4331/32
s 361
f 238/4276/33 239/4286/33 237/4287/33 236/4275/33
s 362
f 224/4332/1010 216/4333/1010 247/4334/1010 248/4335/1010
s 363
f 216/4336/31 217/4337/31 249/4338/31 247/4339/31
s 364
f 217/4340/1011 223/4341/1011 250/4342/1011 249/4343/1011
s 53
f 217/4262/33 221/4272/33 223/4273/150
f 217/4262/33 218/4263/33 221/4272/33
s 365
f 221/4344/1012 218/4345/1012 220/4346/1012 222/4347/1012
s 366
f 220/4263/33 219/4258/33 222/4272/33
s 367
f 223/4348/2 224/4349/2 248/4350/2 250/4351/2
s 368
f 247/4261/33 249/4262/33 250/4273/33 248/4274/33
s 369
f 377/4352/122 378/4353/122 379/4354/122 380/4355/122 381/4356/122 382/4357/122 383/4358/122 375/4359/122 374/4360/122 384/4361/122 385/4362/122 386/4363/122 387/4364/122 388/4365/122
s 370
f 380/4355/33 414/4366/122 381/4356/122
f 414/4366/122 380/4355/33 415/4367/33
f 415/4367/33 380/4355/33 416/4368/33
f 416/4368/33 380/4355/33 417/4369/450
f 379/4354/33 417/4369/450 380/4355/33
f 417/4369/450 379/4354/33 418/4370/33
f 418/4370/33 379/4354/33 419/4371/33
f 419/4371/33 379/4354/33 391/4372/33
f 419/4371/33 391/4372/33 420/4373/33
f 421/4374/33 420/4373/33 391/4372/33
f 422/4375/33 420/4373/33 421/4374/33
f 422/4375/33 423/4376/122 420/4373/33
f 422/4375/33 424/4377/122 423/4376/122
f 425/4378/33 424/4377/122 422/4375/33
f 426/4379/450 424/4377/122 425/4378/33
f 416/4368/33 424/4377/122 426/4379/450
f 416/4368/33 417/4369/450 424/4377/122
s 371
f 424/4380/1013 417/4381/1013 427/4382/1013 428/4383/1013
s 372
f 420/4373/33 423/4376/33 424/4377/33 417/4369/33 418/4370/33 419/4371/33
s 373
f 420/4384/1014 423/4385/1014 429/4386/1014 430/4387/1014
s 374
f 423/4388/1015 424/4389/1016 428/4390/1016 429/4391/1016
s 375
f 431/4371/33 430/4373/33 429/4376/33 428/4377/33 427/4369/33 432/4370/33
s 376
f 419/4392/1017 420/4393/1017 430/4394/1017 431/4395/1017
s 377
f 418/4396/1018 419/4397/1018 431/4398/1018 432/4399/1018
s 378
f 417/4400/1019 418/4401/1019 432/4402/1019 427/4403/1019
s 370
f 433/4404/122 416/4368/33 426/4379/450
f 396/4405/33 416/4368/33 433/4404/122
f 434/4406/33 416/4368/33 396/4405/33
f 434/4406/33 414/4366/122 416/4368/33
f 434/4406/33 381/4356/122 414/4366/122
f 435/4407/33 381/4356/122 434/4406/33
f 436/4408/33 381/4356/122 435/4407/33
f 436/4408/33 382/4357/33 381/4356/122
f 437/4409/33 382/4357/33 436/4408/33
f 438/4410/122 382/4357/33 437/4409/33
f 438/4410/122 383/4358/33 382/4357/33
f 439/4411/33 383/4358/33 438/4410/122
f 440/4412/33 383/4358/33 439/4411/33
f 440/4412/33 375/4359/450 383/4358/33
f 441/4413/450 375/4359/450 440/4412/33
f 442/4414/33 375/4359/450 441/4413/450
f 375/4359/450 442/4414/33 374/4360/33
f 442/4414/33 396/4405/33 374/4360/33
f 396/4405/33 442/4414/33 443/4415/33
s 379
f 443/4416/5 442/4417/5 444/4418/5 445/4419/5
s 380
f 443/4415/33 442/4414/33 441/4413/33
s 381
f 442/4420/682 441/4421/682 446/4422/682 444/4423/682
s 382
f 441/4424/1020 443/4425/1020 445/4426/1020 446/4427/1020
s 370
f 440/4412/33 443/4415/33 441/4413/450
f 443/4415/33 440/4412/33 447/4428/33
s 383
f 440/4412/33 439/4411/33 447/4428/33
s 384
f 440/4429/1021 439/4430/1021 448/4431/1021 449/4432/1021
s 385
f 439/4433/1022 447/4434/1022 450/4435/1022 448/4436/1022
s 370
f 438/4410/122 447/4428/33 439/4411/33
f 447/4428/33 438/4410/122 451/4437/33
s 386
f 451/4438/1023 438/4439/1023 452/4440/1023 453/4441/1023
s 387
f 451/4437/33 438/4410/33 437/4409/33
s 388
f 438/4442/1024 437/4443/1024 454/4444/1024 452/4445/1024
s 389
f 437/4446/1025 451/4447/1025 453/4448/1025 454/4449/1025
s 370
f 436/4408/33 451/4437/33 437/4409/33
f 451/4437/33 436/4408/33 434/4406/33
s 390
f 434/4450/1026 436/4451/1026 455/4452/1026 456/4453/1026
s 391
f 436/4408/33 435/4407/33 434/4406/33
s 392
f 436/4454/1027 435/4455/1027 457/4456/1027 455/4457/1027
s 393
f 435/4458/1028 434/4459/1028 456/4460/1028 457/4461/1028
s 394
f 457/4407/33 456/4406/33 455/4408/33
s 370
f 396/4405/33 451/4437/33 434/4406/33
f 396/4405/33 447/4428/33 451/4437/33
f 396/4405/33 443/4415/33 447/4428/33
s 395
f 453/4437/33 452/4410/33 454/4409/33
s 396
f 447/4462/1029 440/4463/1029 449/4464/1029 450/4465/1029
s 397
f 448/4411/33 450/4428/33 449/4412/33
s 398
f 444/4414/33 446/4413/33 445/4415/33
s 399
f 416/4466/1030 414/4467/1030 458/4468/1030 459/4469/1030
s 400
f 415/4367/33 416/4368/33 414/4366/33
s 401
f 415/4470/1031 416/4471/1031 459/4472/1031 460/4473/1031
s 402
f 459/4368/33 458/4366/33 460/4367/33
s 403
f 414/4474/1032 415/4475/1032 460/4476/1032 458/4477/1032
s 404
f 396/4478/1033 433/4479/1034 461/4480/1034 397/4481/1033
f 433/4482/1034 426/4483/1035 462/4484/1036 461/4485/1034
f 426/4486/1035 425/4487/1037 463/4488/1037 462/4489/1036
f 425/4490/1037 422/4491/1038 464/4492/1038 463/4493/1037
f 422/4494/1038 421/4495/1039 465/4496/1039 464/4497/1038
s 405
f 465/4374/33 398/4498/33 397/4405/33 461/4404/33 462/4379/33 463/4378/33 464/4375/33
s 237
f 1062/4499/33 1069/4500/33 1061/4501/33
s 406
f 1067/4502/33 1068/4503/33 1064/4504/33 1065/4505/33 1060/4506/33 1061/4501/33 1069/4500/33 1070/4507/33
s 407
f 1068/4508/1040 1071/4509/1040 1072/4510/1040 1067/4511/1040
s 408
f 1068/4512/1041 1064/4513/1041 1071/4514/1041
s 237
f 1063/4515/33 1064/4504/33 1068/4503/33
s 409
f 1065/4516/1042 1073/4517/1042 1071/4518/1042 1064/4519/1042
s 410
f 1065/4520/1043 1060/4521/1043 1073/4522/1043
s 237
f 1059/4523/33 1060/4506/33 1065/4505/33
s 411
f 1061/4524/1044 1074/4525/1044 1073/4526/1044 1060/4527/1044
s 412
f 1061/4528/1045 1069/4529/1045 1074/4530/1045
s 413
f 1074/4531/1046 1069/4532/1046 1070/4533/1046 1072/4534/1046
s 414
f 1070/4535/1047 1067/4536/1047 1072/4537/1047
s 237
f 1066/4538/33 1067/4502/33 1070/4507/33
s 415
f 1074/4539/33 1072/4540/33 1071/4541/33 1073/4542/33
s 416
f 1129/4543/33 1132/4544/33 1131/4545/33
f 1132/4544/33 1129/4543/33 1133/4546/33
f 1133/4546/33 1129/4543/33 1128/4547/33
f 1133/4546/33 1128/4547/33 1134/4548/150
f 1134/4548/150 1128/4547/33 1135/4549/33
f 1135/4549/33 1128/4547/33 1136/4550/33
f 1136/4550/33 1128/4547/33 1137/4551/33
f 1137/4551/33 1128/4547/33 1138/4552/33
f 1138/4552/33 1128/4547/33 1139/4553/33
f 1139/4553/33 1128/4547/33 1140/4554/33
f 1140/4554/33 1128/4547/33 1141/4555/33
f 1130/4556/33 1141/4555/33 1128/4547/33
f 1130/4556/33 1142/4557/33 1141/4555/33
f 1130/4556/33 1143/4558/123 1142/4557/33
f 1130/4556/33 1144/4559/150 1143/4558/123
f 1130/4556/33 1145/4560/33 1144/4559/150
f 1131/4545/33 1145/4560/33 1130/4556/33
f 1145/4560/33 1131/4545/33 1132/4544/33
s 0
f 1145/4560/122 1132/4544/122 1146/4561/122
s 418
f 1146/4562/32 1132/4563/32 1147/4564/32 1148/4565/32
s 419
f 1132/4566/1048 1140/4567/1048 1149/4568/1048 1147/4569/1048
s 416
f 1133/4546/33 1140/4554/33 1132/4544/33
f 1140/4554/33 1133/4546/33 1139/4553/33
s 420
f 1139/4570/1049 1133/4571/1049 1150/4572/1049 1151/4573/1049
s 421
f 1133/4574/2 1134/4575/2 1152/4576/2 1150/4577/2
s 422
f 1134/4578/1048 1138/4579/1048 1153/4580/1048 1152/4581/1048
s 416
f 1135/4549/33 1138/4552/33 1134/4548/150
f 1138/4552/33 1135/4549/33 1137/4551/33
s 423
f 1137/4582/1049 1135/4583/1049 1154/4584/1049 1155/4585/1049
s 424
f 1135/4586/2 1136/4587/2 1156/4588/2 1154/4589/2
s 425
f 1136/4590/27 1137/4591/27 1155/4592/27 1156/4593/27
s 426
f 1156/4550/33 1155/4551/33 1154/4549/33
s 427
f 1138/4594/27 1139/4595/27 1151/4596/27 1153/4597/27
s 428
f 1153/4552/33 1151/4553/33 1150/4546/33 1152/4548/33
s 429
f 1140/4598/27 1141/4599/27 1157/4600/27 1149/4601/27
s 430
f 1141/4602/1049 1146/4603/1049 1148/4604/1049 1157/4605/1049
s 416
f 1141/4555/33 1158/4606/33 1146/4561/33
f 1158/4606/33 1141/4555/33 1142/4557/33
s 431
f 1158/4607/1048 1142/4608/1048 1159/4609/1048 1160/4610/1048
s 432
f 1142/4611/5 1143/4612/5 1161/4613/5 1159/4614/5
s 433
f 1143/4615/1049 1162/4616/1049 1163/4617/1049 1161/4618/1049
s 416
f 1143/4558/123 1164/4619/33 1162/4620/33
f 1164/4619/33 1143/4558/123 1144/4559/150
s 434
f 1164/4621/1048 1144/4622/1048 1165/4623/1048 1166/4624/1048
s 435
f 1144/4625/5 1145/4626/5 1167/4627/5 1165/4628/5
s 436
f 1145/4629/32 1164/4630/32 1166/4631/32 1167/4632/32
s 0
f 1145/4560/33 1162/4620/33 1164/4619/33
f 1145/4560/450 1158/4606/450 1162/4620/450
f 1145/4560/33 1146/4561/33 1158/4606/33
s 440
f 1162/4633/32 1158/4634/32 1160/4635/32 1163/4636/32
s 441
f 1159/4557/33 1161/4558/33 1163/4620/33 1160/4606/33
s 442
f 1166/4619/33 1165/4559/33 1167/4560/33
s 443
f 1157/4555/33 1148/4561/33 1147/4544/33 1149/4554/33
s 295
f 1225/4637/33 1233/4638/33 1224/4639/33
s 444
f 1224/4640/1047 1233/4641/1047 1235/4642/1047
s 445
f 1227/4643/33 1228/4644/33 1223/4645/33 1224/4639/33 1233/4638/33 1234/4646/33 1231/4647/33 1232/4648/33
s 446
f 1228/4649/1044 1236/4650/1044 1237/4651/1044 1227/4652/1044
s 447
f 1236/4653/1045 1228/4654/1045 1223/4655/1045
s 295
f 1222/4656/33 1223/4645/33 1228/4644/33
s 448
f 1236/4657/1046 1223/4658/1046 1224/4659/1046 1235/4660/1046
s 449
f 1238/4661/33 1237/4662/33 1236/4663/33 1235/4664/33
s 450
f 1232/4665/1042 1237/4666/1042 1238/4667/1042 1231/4668/1042
s 451
f 1227/4669/1043 1237/4670/1043 1232/4671/1043
s 295
f 1226/4672/33 1227/4643/33 1232/4648/33
s 452
f 1231/4673/1041 1238/4674/1041 1234/4675/1041
s 453
f 1234/4676/1040 1238/4677/1040 1235/4678/1040 1233/4679/1040
s 295
f 1230/4680/33 1231/4647/33 1234/4646/33
s 454
f 1392/4681/33 1376/4682/450 1360/4683/33
f 1393/4684/450 1376/4682/450 1392/4681/33
f 1394/4685/33 1376/4682/450 1393/4684/450
f 1394/4685/33 1374/4686/33 1376/4682/450
f 1395/4687/33 1374/4686/33 1394/4685/33
f 1396/4688/33 1374/4686/33 1395/4687/33
f 1396/4688/33 1372/4689/33 1374/4686/33
f 1397/4690/33 1372/4689/33 1396/4688/33
f 1398/4691/122 1372/4689/33 1397/4690/33
f 1399/4692/33 1372/4689/33 1398/4691/122
f 1399/4692/33 1370/4693/123 1372/4689/33
f 1399/4692/33 1400/4694/33 1370/4693/123
f 1401/4695/33 1400/4694/33 1399/4692/33
f 1401/4695/33 1402/4696/1050 1400/4694/33
f 1403/4697/33 1402/4696/1050 1401/4695/33
f 1402/4696/1050 1403/4697/33 1404/4698/155
s 455
f 1404/4699/1051 1403/4700/1052 1405/4701/1052 1406/4702/1051
f 1403/4703/1052 1359/4704/1053 1358/4705/1053 1405/4706/1052
s 454
f 1403/4697/33 1401/4695/33 1359/4707/33
f 1407/4708/33 1359/4707/33 1401/4695/33
f 1359/4707/33 1407/4708/33 1360/4683/33
f 1360/4683/33 1407/4708/33 1392/4681/33
s 456
f 1392/4709/5 1407/4710/5 1408/4711/5 1409/4712/5
s 457
f 1407/4713/1054 1393/4714/1054 1410/4715/1054 1408/4716/1054
s 454
f 1407/4708/33 1394/4685/33 1393/4684/450
f 1394/4685/33 1407/4708/33 1411/4717/1055
f 1407/4708/33 1401/4695/33 1411/4717/1055
f 1411/4717/1055 1401/4695/33 1412/4718/151
f 1398/4691/122 1412/4718/151 1401/4695/33
f 1412/4718/151 1398/4691/122 1397/4690/33
s 458
f 1412/4719/1056 1397/4720/1056 1413/4721/1056 1414/4722/1056
s 459
f 1397/4723/1057 1396/4724/1057 1415/4725/1057 1413/4726/1057
s 460
f 1396/4727/1058 1412/4728/1058 1414/4729/1058 1415/4730/1058
s 454
f 1396/4688/33 1411/4717/1055 1412/4718/151
f 1411/4717/1055 1396/4688/33 1395/4687/33
s 461
f 1411/4731/1059 1395/4732/1059 1416/4733/1059 1417/4734/1059
s 462
f 1395/4735/1060 1394/4736/1060 1418/4737/1060 1416/4738/1060
s 463
f 1394/4739/1061 1411/4740/1061 1417/4741/1061 1418/4742/1061
s 464
f 1417/4717/33 1416/4687/33 1418/4685/33
s 465
f 1415/4688/33 1414/4718/33 1413/4690/33
s 466
f 1398/4743/1062 1401/4744/1062 1419/4745/1062 1420/4746/1062
s 467
f 1401/4747/1063 1399/4748/1063 1421/4749/1063 1419/4750/1063
s 468
f 1399/4751/1064 1398/4752/1064 1420/4753/1064 1421/4754/1064
s 469
f 1419/4695/33 1421/4692/33 1420/4691/33
s 470
f 1393/4755/547 1392/4756/547 1409/4757/547 1410/4758/547
s 471
f 1410/4684/33 1409/4681/33 1408/4708/33
s 472
f 1357/4759/33 1364/4760/33 1422/4761/33 1423/4762/33 1406/4698/33 1405/4697/33 1358/4707/33
s 455
f 1363/4763/1065 1424/4764/1066 1422/4765/1066 1364/4766/1065
s 454
f 1362/4767/33 1424/4761/33 1363/4760/1067
f 1424/4761/33 1362/4767/33 1425/4768/33
f 1366/4769/123 1425/4768/33 1362/4767/33
f 1425/4768/33 1366/4769/123 1426/4770/123
f 1426/4770/123 1366/4769/123 1427/4771/123
f 1427/4771/123 1366/4769/123 1368/4772/151
f 1427/4771/123 1368/4772/151 1428/4773/151
f 1429/4774/33 1428/4773/151 1368/4772/151
f 1402/4696/1050 1428/4773/151 1429/4774/33
f 1430/4762/33 1428/4773/151 1402/4696/1050
f 1430/4762/33 1431/4775/33 1428/4773/151
f 1430/4762/33 1432/4776/450 1431/4775/33
f 1424/4761/33 1432/4776/450 1430/4762/33
f 1424/4761/33 1425/4768/33 1432/4776/450
s 473
f 1432/4777/1068 1425/4778/1068 1433/4779/1068 1434/4780/1068
s 474
f 1425/4781/1069 1426/4782/1069 1435/4783/1069 1433/4784/1069
s 475
f 1426/4785/1070 1427/4786/1070 1436/4787/1070 1435/4788/1070
s 476
f 1427/4789/1071 1428/4790/1071 1437/4791/1071 1436/4792/1071
s 477
f 1428/4793/1072 1431/4794/1072 1438/4795/1072 1437/4796/1072
s 478
f 1431/4797/942 1432/4798/942 1434/4799/1073 1438/4800/942
s 479
f 1433/4768/33 1435/4770/33 1436/4771/33 1437/4773/33 1438/4775/33 1434/4776/33
s 455
f 1424/4801/1066 1430/4802/1074 1423/4803/1075 1422/4804/1066
f 1430/4805/1074 1404/4806/1051 1406/4807/1051 1423/4808/1075
s 454
f 1430/4762/33 1402/4696/1050 1404/4698/155
s 480
f 1402/4809/1076 1429/4810/1076 1439/4811/1076 1440/4812/1076
s 481
f 1429/4813/1077 1400/4814/1077 1441/4815/1077 1439/4816/1077
s 454
f 1429/4774/33 1370/4693/123 1400/4694/33
f 1429/4774/33 1368/4772/151 1370/4693/123
s 482
f 1400/4817/1078 1402/4818/1078 1440/4819/1078 1441/4820/1078
s 483
f 1441/4694/33 1440/4696/33 1439/4774/33
s 484
f 1790/4821/1079 1787/4822/1080 1791/4823/1080 1792/4824/1079
f 1787/4825/1080 1784/4826/1081 1793/4827/1081 1791/4828/1080
f 1784/4829/1081 1783/4830/1082 1794/4831/1082 1793/4832/1081
f 1783/4833/1082 1795/4834/1083 1796/4835/1083 1794/4836/1082
f 1795/4837/1083 1797/4838/1084 1804/4839/1084 1796/4840/1083
f 1844/4841/1085 1845/4842/1086 1846/4843/1086 1843/4844/1085
f 1865/4845/1087 1790/4846/1079 1792/4847/1079 1866/4848/1087
f 1867/4849/1088 1865/4850/1087 1866/4851/1087 1868/4852/1088
f 1847/4853/1089 1871/4854/1090 1874/4855/1090 1875/4856/1089
f 1871/4857/1090 1867/4858/1088 1868/4859/1088 1874/4860/1090
f 1845/4861/1086 1847/4862/1089 1875/4863/1089 1846/4864/1086
s 485
f 2178/4840/1083 2177/4839/1084 2147/4838/1084 2146/4837/1083
f 2179/4836/1082 2178/4835/1083 2146/4834/1083 2143/4833/1082
f 2180/4832/1081 2179/4831/1082 2143/4830/1082 2138/4829/1081
f 2181/4828/1080 2180/4827/1081 2138/4826/1081 2137/4825/1080
f 2182/4824/1079 2181/4823/1080 2137/4822/1080 2133/4821/1079
f 2183/4848/1087 2182/4847/1079 2133/4846/1079 2132/4845/1087
f 2184/4852/1088 2183/4851/1087 2132/4850/1087 2185/4849/1088
f 2240/4860/1090 2184/4859/1088 2185/4858/1088 2239/4857/1090
f 2241/4856/1089 2240/4855/1090 2239/4854/1090 2236/4853/1089
f 2242/4864/1086 2241/4863/1089 2236/4862/1089 2243/4861/1086
f 2245/4844/1085 2242/4843/1086 2243/4842/1086 2244/4841/1085
s 486
f 1480/4865/30 113/4866/30 108/4867/30 1481/4868/30
s 487
f 112/4869/2 113/4870/2 1480/4865/2 1482/4871/2
s 488
f 1480/4865/7 1483/4872/27 1482/4871/7
f 1480/4865/7 1484/4873/27 1483/4872/27
f 1480/4865/7 1485/4874/7 1484/4873/27
f 1480/4865/7 1486/4875/37 1485/4874/7
f 1480/4865/7 1487/4876/27 1486/4875/37
f 1480/4865/7 1488/4877/7 1487/4876/27
f 1480/4865/7 1489/4878/7 1488/4877/7
f 1480/4865/7 1490/4879/26 1489/4878/7
f 1481/4868/27 1490/4879/26 1480/4865/7
f 1490/4879/26 1481/4868/27 1491/4880/1091
f 1491/4880/1091 1481/4868/27 1492/4881/37
f 1492/4881/37 1481/4868/27 1493/4882/27
f 1481/4868/27 1494/4883/7 1493/4882/27
f 1481/4868/27 1495/4884/1092 1494/4883/7
f 1496/4885/7 1495/4884/1092 1481/4868/27
f 1495/4884/1092 1496/4885/7 1497/4886/37
f 1497/4886/37 1496/4885/7 1498/4887/7
s 26
f 109/4888/33 110/4889/33 1498/4890/33 1496/4891/33
s 488
f 1483/4872/27 1499/4892/1093 1498/4887/7
f 1499/4892/1093 1483/4872/27 1500/4893/27
f 1500/4893/27 1483/4872/27 1484/4873/27
f 1485/4874/7 1498/4887/7 1499/4892/1093
f 1485/4874/7 1505/4894/26 1498/4887/7
f 1485/4874/7 1486/4875/37 1505/4894/26
s 489
f 1505/4895/2 1486/4896/1094 1506/4897/1094 1507/4898/2
f 1486/4899/1094 1487/4900/1095 1508/4901/1095 1506/4902/1094
f 1487/4903/1095 1488/4904/28 1509/4905/28 1508/4906/1095
f 1488/4907/28 1510/4908/1096 1511/4909/1096 1509/4910/28
s 488
f 1488/4877/7 1512/4911/27 1510/4912/26
f 1488/4877/7 1489/4878/7 1512/4911/27
s 490
f 1512/4913/1097 1489/4914/28 1513/4915/28 1514/4916/1097
f 1489/4917/28 1515/4918/1096 1516/4919/1098 1513/4920/28
s 488
f 1489/4878/7 1517/4921/1099 1515/4922/26
f 1489/4878/7 1490/4879/26 1517/4921/1099
s 491
f 1517/4923/1095 1490/4924/28 1518/4925/28 1519/4926/1095
f 1490/4927/28 1491/4928/1096 1520/4929/1096 1518/4930/28
f 1491/4931/1096 1492/4932/1100 1521/4933/1100 1520/4934/1096
f 1492/4935/1100 1493/4936/1101 1522/4937/5 1521/4938/1100
f 1493/4939/1101 1494/4940/1102 1523/4941/1103 1522/4942/5
f 1494/4943/1102 1495/4944/1104 1524/4945/1104 1523/4946/1103
f 1495/4947/1104 1497/4948/33 1525/4949/33 1524/4950/1104
f 1497/4951/33 1526/4952/1105 1527/4953/1105 1525/4954/33
s 488
f 1497/4886/37 1528/4955/1106 1526/4956/1106
f 1497/4886/37 1498/4887/7 1528/4955/1106
f 1528/4955/1106 1498/4887/7 1529/4957/37
f 1529/4957/37 1498/4887/7 1530/4958/37
f 1530/4958/37 1498/4887/7 1531/4959/1107
f 1531/4959/1107 1498/4887/7 1505/4894/26
s 489
f 1531/4960/1108 1505/4961/2 1507/4962/2 1532/4963/1108
f 1539/4964/1100 1540/4965/1101 1534/4966/5 1533/4967/1100
s 488
f 1539/4968/1109 1541/4969/27 1540/4970/27
f 1510/4912/26 1541/4969/27 1539/4968/1109
f 1510/4912/26 1542/4971/1106 1541/4969/27
f 1510/4912/26 1512/4911/27 1542/4971/1106
s 490
f 1542/4972/1094 1512/4973/1097 1514/4974/1097 1543/4975/1094
f 1552/4976/1100 1553/4977/1101 1545/4978/5 1544/4979/1100
s 488
f 1552/4980/1109 1554/4981/27 1553/4982/27
f 1515/4922/26 1554/4981/27 1552/4980/1109
f 1515/4922/26 1555/4983/1106 1554/4981/27
f 1515/4922/26 1517/4921/1099 1555/4983/1106
s 491
f 1555/4984/1094 1517/4985/1095 1519/4986/1095 1556/4987/1094
f 1526/4988/1105 1559/4989/1108 1557/4990/1108 1527/4991/1105
s 488
f 1526/4956/1106 1560/4992/1110 1559/4993/26
f 1526/4956/1106 1528/4955/1106 1560/4992/1110
s 490
f 1560/4994/1111 1528/4995/33 1548/4996/33 1547/4997/1104
f 1528/4998/33 1561/4999/1105 1549/5000/1105 1548/5001/33
s 488
f 1528/4955/1106 1529/4957/37 1561/5002/1106
f 1561/5002/1106 1529/4957/37 1562/5003/27
s 489
f 1562/5004/1112 1529/5005/33 1537/5006/33 1536/5007/1113
f 1529/5008/33 1530/5009/1105 1538/5010/1105 1537/5011/33
f 1530/5012/1105 1531/5013/1108 1532/5014/1108 1538/5015/1105
f 1563/5016/1102 1562/5017/1112 1536/5018/1113 1535/5019/1103
s 488
f 1541/4969/27 1562/5003/27 1563/5020/27
f 1564/5021/26 1562/5003/27 1541/4969/27
f 1561/5002/1106 1562/5003/27 1564/5021/26
s 490
f 1561/5022/1105 1564/5023/1108 1550/5024/1108 1549/5025/1105
f 1564/5026/1108 1541/5027/2 1551/5028/2 1550/5029/1108
f 1541/5030/2 1542/5031/1094 1543/5032/1094 1551/5033/2
s 488
f 1541/4969/27 1563/5020/27 1540/4970/27
s 489
f 1540/5034/1101 1563/5035/1102 1535/5036/1103 1534/5037/5
s 490
f 1565/5038/1102 1560/5039/1111 1547/5040/1104 1546/5041/1103
s 488
f 1554/4981/27 1560/4992/1110 1565/5042/1107
f 1559/4993/26 1560/4992/1110 1554/4981/27
s 491
f 1559/5043/1108 1554/5044/2 1558/5045/2 1557/5046/1108
f 1554/5047/2 1555/5048/1094 1556/5049/1094 1558/5050/2
s 488
f 1554/4981/27 1565/5042/1107 1553/4982/27
s 490
f 1553/5051/1101 1565/5052/1102 1546/5053/1103 1545/5054/5
f 1515/5055/1096 1552/5056/1100 1544/5057/1100 1516/5058/1098
s 489
f 1510/5059/1096 1539/5060/1100 1533/5061/1100 1511/5062/1096
s 492
f 108/5063/5 109/4888/5 1496/4891/5 1481/5064/5
s 493
f 1566/5065/1114 1567/5066/1115 1568/5067/1116 1569/5068/1117
f 1567/5069/1115 1566/5070/1114 1570/5071/1118
f 1566/5072/1114 1571/5073/1119 1570/5074/1118
s 494
f 1571/5075/1120 1566/5076/1121 1572/5077/1122 1573/5078/1120
f 1566/5079/1121 1569/5080/1123 1574/5081/1123 1572/5082/1122
f 1569/5083/1123 1568/5084/1124 1575/5085/1125 1574/5086/1123
f 1568/5087/1124 1576/5088/966 1577/5089/966 1575/5090/1125
s 493
f 1576/5091/1126 1568/5092/1116 1578/5093/1127
f 1578/5094/1127 1568/5095/1116 1567/5096/1115
s 495
f 1579/5097/1128 1580/5098/1129 1578/5099/1130 1567/5100/1128
s 496
f 1580/5101/1131 1579/5102/1132 1575/5103/1133
f 1575/5104/1133 1579/5105/1132 1572/5106/1134 1574/5107/1135
f 1579/5108/1132 1581/5109/1136 1572/5110/1134
s 495
f 1581/5111/1137 1579/5112/1128 1567/5113/1128 1570/5114/1137
f 1582/5115/1138 1581/5116/1137 1570/5117/1137 1583/5118/1138
s 496
f 1581/5119/1136 1582/5120/1139 1573/5121/1140
f 1573/5122/1140 1582/5123/1139 1584/5124/1141
f 1582/5125/1139 1585/5126/1142 1584/5127/1141
s 495
f 1585/5128/1143 1582/5129/1138 1583/5130/1138 1586/5131/1143
s 493
f 1583/5132/1144 1587/5133/1145 1586/5134/1146
f 1571/5135/1119 1587/5136/1145 1583/5137/1144
s 494
f 1587/5138/1147 1571/5139/1120 1573/5140/1120 1584/5141/1148
f 1588/5142/1149 1587/5143/1147 1584/5144/1148 1589/5145/1149
s 493
f 1587/5146/1145 1588/5147/1150 1590/5148/1151
f 1590/5149/1151 1588/5150/1150 1591/5151/1152
f 1591/5152/1152 1588/5153/1150 1592/5154/1153
f 1588/5155/1150 1593/5156/1154 1592/5157/1153
s 494
f 1593/5158/1155 1588/5159/1149 1589/5160/1149 1594/5161/1155
s 496
f 1589/5162/1156 1595/5163/1157 1594/5164/1158
f 1596/5165/1159 1595/5166/1157 1589/5167/1156
s 497
f 1595/5168/1160 1596/5169/1161 1591/5170/1161 1592/5171/1160
s 495
f 1596/5172/1162 1597/5173/1163 1590/5174/1163 1591/5175/1162
s 496
f 1597/5176/1164 1596/5177/1159 1589/5178/1156
f 1584/5179/1141 1597/5180/1164 1589/5181/1156
f 1585/5182/1142 1597/5183/1164 1584/5184/1141
s 495
f 1597/5185/1163 1585/5186/1143 1586/5187/1143 1590/5188/1163
s 493
f 1586/5189/1146 1587/5190/1145 1590/5191/1151
s 497
f 1598/5192/1165 1595/5193/1160 1592/5194/1160 1599/5195/1165
s 496
f 1600/5196/32 1601/5197/32 1602/5198/32 1603/5199/32 1604/5200/32 1605/5201/32 1606/5202/32 1607/5203/32 1608/5204/32 1609/5205/32 1610/5206/32 1611/5207/32 1612/5208/32 1613/5209/32 1614/5210/32 1615/5211/32 1616/5212/32 1617/5213/32 1618/5214/32 1619/5215/32 1620/5216/32 1621/5217/32 1622/5218/32 1623/5219/32 1624/5220/32 1625/5221/32 1626/5222/32 1627/5223/32 1628/5224/32 1629/5225/32 1630/5226/32 1631/5227/32 1632/5228/32 1633/5229/32 1594/5230/1158 1595/5231/1157 1598/5232/32 1634/5233/32 1635/5234/32 1636/5235/32 1637/5236/32 1638/5237/32 1639/5238/32 1640/5239/32 1641/5240/32 1642/5241/32 1643/5242/32 1644/5243/32 1645/5244/32 1646/5245/32 1647/5246/32 1648/5247/32 1649/5248/32 1650/5249/32 1651/5250/32 1652/5251/32 1653/5252/32
s 498
f 1601/5253/1166 1600/5254/1167 1654/5255/1167 1655/5256/1166
f 1600/5257/1167 1653/5258/1168 1656/5259/1168 1654/5260/1167
f 1653/5261/1168 1652/5262/1169 1657/5263/1169 1656/5264/1168
f 1652/5265/1169 1651/5266/1170 1658/5267/1170 1657/5268/1169
f 1651/5269/1170 1650/5270/1171 1659/5271/1171 1658/5272/1170
f 1650/5273/1171 1649/5274/1172 1660/5275/1172 1659/5276/1171
f 1649/5277/1172 1648/5278/1173 1661/5279/1173 1660/5280/1172
f 1648/5281/1173 1647/5282/1174 1662/5283/1174 1661/5284/1173
f 1647/5285/1174 1646/5286/1175 1663/5287/1175 1662/5288/1174
s 497
f 1646/5289/1176 1645/5290/1177 1664/5291/1177 1663/5292/1176
f 1645/5293/1177 1644/5294/1178 1665/5295/1179 1664/5296/1177
f 1644/5297/1178 1643/5298/1180 1666/5299/1180 1665/5300/1179
f 1643/5301/1180 1642/5302/1181 1667/5303/1181 1666/5304/1180
f 1642/5305/1181 1641/5306/1182 1668/5307/1183 1667/5308/1181
f 1641/5309/1182 1640/5310/1184 1669/5311/1185 1668/5312/1183
f 1640/5313/1184 1639/5314/1186 1670/5315/1187 1669/5316/1185
f 1639/5317/1186 1638/5318/1188 1671/5319/1189 1670/5320/1187
f 1638/5321/1188 1637/5322/1190 1672/5323/1191 1671/5324/1189
f 1637/5325/1190 1636/5326/1192 1673/5327/1192 1672/5328/1191
f 1636/5329/1192 1635/5330/1193 1674/5331/1193 1673/5332/1192
f 1635/5333/1193 1634/5334/1194 1675/5335/1194 1674/5336/1193
f 1634/5337/1194 1598/5338/1165 1599/5339/1165 1675/5340/1194
s 493
f 1676/5341/27 1677/5342/27 1678/5343/27 1679/5344/27 1680/5345/27 1681/5346/27 1682/5347/27 1683/5348/27 1684/5349/27 1685/5350/27 1686/5351/27 1687/5352/27 1688/5353/27 1689/5354/27 1655/5355/27 1654/5356/27 1656/5357/27 1657/5358/27 1658/5359/27 1659/5360/27 1660/5361/27 1661/5362/27 1662/5363/27 1663/5364/27 1664/5365/27 1665/5366/27 1666/5367/27 1667/5368/27 1668/5369/27 1669/5370/27 1670/5371/27 1671/5372/27 1672/5373/27 1673/5374/27 1674/5375/27 1675/5376/27 1599/5377/27 1592/5378/1153 1593/5379/1154 1690/5380/27 1691/5381/27 1692/5382/27 1693/5383/27 1694/5384/27 1695/5385/27 1696/5386/27 1697/5387/27 1698/5388/27 1699/5389/27 1700/5390/27 1701/5391/27 1702/5392/27 1703/5393/27 1704/5394/27 1705/5395/27 1706/5396/27 1707/5397/27
s 499
f 1615/5398/1195 1614/5399/1196 1677/5400/1197 1676/5401/1195
f 1614/5402/1196 1613/5403/1198 1678/5404/1199 1677/5405/1197
f 1613/5406/1198 1612/5407/1200 1679/5408/1200 1678/5409/1199
s 498
f 1612/5410/1201 1611/5411/1202 1680/5412/1202 1679/5413/1201
f 1611/5414/1202 1610/5415/1203 1681/5416/1203 1680/5417/1202
f 1610/5418/1203 1609/5419/1204 1682/5420/1205 1681/5421/1203
f 1609/5422/1204 1608/5423/1206 1683/5424/1207 1682/5425/1205
f 1608/5426/1206 1607/5427/1208 1684/5428/1209 1683/5429/1207
f 1607/5430/1208 1606/5431/1210 1685/5432/1211 1684/5433/1209
f 1606/5434/1210 1605/5435/1212 1686/5436/1213 1685/5437/1211
f 1605/5438/1212 1604/5439/1214 1687/5440/1215 1686/5441/1213
f 1604/5442/1214 1603/5443/1216 1688/5444/1217 1687/5445/1215
f 1603/5446/1216 1602/5447/1218 1689/5448/1218 1688/5449/1217
f 1602/5450/1218 1601/5451/1166 1655/5452/1166 1689/5453/1218
s 499
f 1616/5454/1219 1615/5455/1195 1676/5456/1195 1707/5457/1219
f 1617/5458/1220 1616/5459/1219 1707/5460/1219 1706/5461/1220
f 1618/5462/1221 1617/5463/1220 1706/5464/1220 1705/5465/1222
f 1619/5466/1223 1618/5467/1221 1705/5468/1222 1704/5469/1224
f 1620/5470/1225 1619/5471/1223 1704/5472/1224 1703/5473/1226
f 1621/5474/1227 1620/5475/1225 1703/5476/1226 1702/5477/1227
f 1622/5478/1228 1621/5479/1227 1702/5480/1227 1701/5481/1228
f 1623/5482/1229 1622/5483/1228 1701/5484/1228 1700/5485/1229
f 1624/5486/1230 1623/5487/1229 1700/5488/1229 1699/5489/1230
f 1625/5490/1231 1624/5491/1230 1699/5492/1230 1698/5493/1231
f 1626/5494/1232 1625/5495/1231 1698/5496/1231 1697/5497/1232
f 1627/5498/1233 1626/5499/1232 1697/5500/1232 1696/5501/1233
f 1628/5502/1234 1627/5503/1233 1696/5504/1233 1695/5505/1234
f 1629/5506/1235 1628/5507/1234 1695/5508/1234 1694/5509/1235
f 1630/5510/1236 1629/5511/1235 1694/5512/1235 1693/5513/1236
f 1631/5514/1237 1630/5515/1236 1693/5516/1236 1692/5517/1237
f 1632/5518/1238 1631/5519/1237 1692/5520/1237 1691/5521/1238
s 494
f 1633/5522/1239 1632/5523/1240 1691/5524/1240 1690/5525/1239
f 1594/5526/1155 1633/5527/1239 1690/5528/1239 1593/5529/1155
s 493
f 1570/5530/1118 1571/5531/1119 1583/5532/1144
s 496
f 1572/5533/1134 1581/5534/1136 1573/5535/1140
f 1577/5536/1241 1580/5537/1131 1575/5538/1133
f 1708/5539/1242 1580/5540/1131 1577/5541/1241
f 1709/5542/1243 1580/5543/1131 1708/5544/1242
s 495
f 1580/5545/1129 1709/5546/1244 1710/5547/1244 1578/5548/1130
f 1709/5549/1244 1711/5550/1245 1712/5551/1245 1710/5552/1244
s 500
f 1713/5553/1246 1714/5554/1246 1715/5555/1246 1716/5556/1246 1717/5557/1246 1718/5558/1246 1719/5559/1246 1711/5560/1246 1709/5561/1246
s 495
f 1714/5562/1247 1713/5563/1248 1720/5564/1248 1721/5565/1247
f 1722/5566/1249 1723/5567/1250 1720/5568/1248 1713/5569/1248
f 1724/5570/1251 1725/5571/1251 1723/5572/1250 1722/5573/1249
f 1726/5574/1252 1727/5575/1252 1725/5576/1251 1724/5577/1251
f 1728/5578/1253 1729/5579/1253 1727/5580/1252 1726/5581/1252
s 501
f 1730/5582/1254 1731/5583/1254 1729/5584/1254 1728/5585/1254
s 502
f 1730/5586/1255 1732/5587/1255 1733/5588/1255 1731/5589/1255
s 496
f 1730/5590/1256 1734/5591/1257 1732/5592/1258
f 1728/5593/1259 1734/5594/1257 1730/5595/1256
f 1735/5596/1260 1734/5597/1257 1728/5598/1259
s 494
f 1735/5599/1261 1736/5600/1261 1737/5601/1262 1734/5602/1263
f 1738/5603/1264 1739/5604/1264 1736/5605/1261 1735/5606/1261
f 1740/5607/1265 1741/5608/1266 1739/5609/1264 1738/5610/1264
f 1742/5611/1267 1743/5612/1267 1741/5613/1266 1740/5614/1265
f 1744/5615/1268 1745/5616/1268 1743/5617/1267 1742/5618/1267
f 1746/5619/1269 1745/5620/1268 1744/5621/1268 1747/5622/1270
s 503
f 1746/5623/1271 1723/5624/1272 1745/5625/1273
f 1720/5626/1274 1723/5627/1272 1746/5628/1271
f 1748/5629/1275 1720/5630/1274 1746/5631/1271
f 1749/5632/1276 1720/5633/1274 1748/5634/1275
f 1750/5635/1277 1720/5636/1274 1749/5637/1276
s 493
f 1720/5638/1278 1750/5639/1279 1710/5640/1280
f 1750/5641/1279 1751/5642/1281 1710/5643/1280
s 494
f 1751/5644/1282 1750/5645/1283 1752/5646/1284 1708/5647/1282
f 1750/5648/1283 1749/5649/1285 1753/5650/1286 1752/5651/1284
f 1749/5652/1285 1748/5653/1287 1754/5654/1287 1753/5655/1286
f 1748/5656/1287 1746/5657/1269 1747/5658/1270 1754/5659/1287
s 496
f 1754/5660/1288 1747/5661/1289 1713/5662/1290
f 1713/5663/1290 1747/5664/1289 1722/5665/1291
f 1747/5666/1289 1744/5667/1292 1722/5668/1291
f 1744/5669/1292 1742/5670/1293 1722/5671/1291
f 1722/5672/1291 1742/5673/1293 1724/5674/1294
f 1742/5675/1293 1740/5676/1295 1724/5677/1294
f 1724/5678/1294 1740/5679/1295 1726/5680/1296
f 1740/5681/1295 1738/5682/1297 1726/5683/1296
f 1738/5684/1297 1735/5685/1260 1726/5686/1296
f 1726/5687/1296 1735/5688/1260 1728/5689/1259
f 1753/5690/1298 1754/5691/1288 1713/5692/1290
f 1752/5693/1299 1753/5694/1298 1713/5695/1290
f 1713/5696/1290 1709/5697/1243 1752/5698/1299
f 1752/5699/1299 1709/5700/1243 1708/5701/1242
s 494
f 1576/5702/966 1751/5703/1282 1708/5704/1282 1577/5705/966
s 493
f 1751/5706/1281 1576/5707/1126 1578/5708/1127
f 1710/5709/1280 1751/5710/1281 1578/5711/1127
s 504
f 1712/5712/1300 1755/5713/1300 1756/5714/1300 1757/5715/1300 1758/5716/1300 1759/5717/1300 1721/5718/1300 1720/5719/1300 1710/5720/1300
s 495
f 1711/5721/1245 1719/5722/1301 1755/5723/1302 1712/5724/1245
f 1719/5725/1301 1718/5726/1303 1756/5727/1304 1755/5728/1302
f 1718/5729/1303 1717/5730/1305 1757/5731/1305 1756/5732/1304
f 1717/5733/1305 1716/5734/1306 1758/5735/1306 1757/5736/1305
f 1716/5737/1306 1715/5738/1307 1759/5739/1307 1758/5740/1306
f 1715/5741/1307 1714/5742/1247 1721/5743/1247 1759/5744/1307
s 503
f 1745/5745/1273 1723/5746/1272 1743/5747/1308
f 1723/5748/1272 1725/5749/1309 1743/5750/1308
f 1743/5751/1308 1725/5752/1309 1741/5753/1310
f 1725/5754/1309 1727/5755/1311 1741/5756/1310
f 1741/5757/1310 1727/5758/1311 1739/5759/1312
f 1739/5760/1312 1727/5761/1311 1736/5762/1313
f 1727/5763/1311 1729/5764/1314 1736/5765/1313
f 1736/5766/1313 1729/5767/1314 1737/5768/1315
s 505
f 1729/5769/1316 1731/5770/1317 1737/5771/1318
f 1731/5772/1317 1733/5773/1319 1737/5774/1318
s 506
f 1733/5775/1320 1760/5776/1320 1761/5777/1321 1737/5778/1321
s 507
f 1732/5779/1322 1762/5780/1322 1760/5781/1322 1733/5782/1322
s 496
f 1732/5783/1258 1763/5784/1323 1762/5785/1324
f 1734/5786/1257 1764/5787/1325 1763/5788/1323 1732/5789/1258
s 494
f 1737/5790/1262 1765/5791/1326 1764/5792/1326 1734/5793/1263
s 506
f 1737/5794/1321 1761/5795/1321 1765/5796/1327
s 508
f 1766/5797/1327 1765/5796/1327 1761/5795/1321 1767/5798/1328
s 509
f 1768/5799/1329 1764/5792/1329 1765/5791/1329 1766/5800/1329
s 510
f 1768/5801/1330 1763/5788/1331 1764/5787/1332
f 1769/5802/32 1762/5785/32 1763/5784/1331 1768/5803/1330
s 511
f 1767/5804/1333 1760/5781/1333 1762/5780/1333 1769/5805/1333
s 508
f 1767/5806/1328 1761/5777/1321 1760/5776/1334
s 484
f 1760/5807/122 1770/5808/33 1762/5809/450
f 1770/5808/33 1760/5807/122 1771/5810/122
f 1760/5807/122 1772/5811/1335 1771/5810/122
f 1772/5811/1335 1760/5807/122 1761/5812/450
f 1765/5813/33 1772/5811/1335 1761/5812/450
f 1765/5813/33 1773/5814/152 1772/5811/1335
f 1765/5813/33 1774/5815/450 1773/5814/152
f 1765/5813/33 1775/5816/155 1774/5815/450
f 1776/5817/33 1775/5816/155 1765/5813/33
f 1777/5818/151 1775/5816/155 1776/5817/33
f 1778/5819/33 1775/5816/155 1777/5818/151
f 1775/5816/155 1778/5819/33 1779/5820/33
f 1782/5821/28 1783/5822/28 1781/5823/28
f 1780/5824/30 1783/5822/28 1782/5821/28
f 1783/5822/28 1780/5824/30 1784/5825/28
f 1784/5825/28 1780/5824/30 1785/5826/1336
f 1784/5825/28 1785/5826/1336 1786/5827/28
f 1784/5825/28 1786/5827/28 1787/5828/28
f 1787/5828/28 1786/5827/28 1788/5829/28
f 1790/5830/28 1788/5829/28 1789/5831/28
f 1787/5828/28 1788/5829/28 1790/5830/28
f 1795/5832/28 1781/5823/28 1783/5822/28
f 1797/5833/29 1781/5823/28 1795/5832/28
f 1798/5834/28 1781/5823/28 1797/5833/28
f 1781/5823/28 1798/5834/28 1799/5835/28
f 1798/5834/28 1800/5836/28 1799/5835/28
f 1800/5836/28 1798/5834/28 1801/5837/28
s 512
f 1801/5838/1337 1798/5839/1338 1802/1006/1338 1803/5840/1337
s 484
f 1804/5841/26 1802/5842/26 1798/5843/26 1797/5844/26
s 512
f 1805/5845/1339 1801/5838/1337 1803/5840/1337 1806/5846/1339
s 484
f 1800/5836/28 1801/5837/28 1805/5847/30
f 1807/5848/28 1800/5836/28 1805/5847/30
f 1800/5836/28 1807/5848/28 1808/5849/30
f 1808/5849/30 1807/5848/28 1809/5850/38
f 1809/5850/38 1807/5848/28 1810/5851/28
s 512
f 1810/5852/1340 1807/5853/1341 1811/5854/1341 1812/5855/1340
f 1807/5853/1341 1805/5845/1339 1806/5846/1339 1811/5854/1341
f 1813/5856/1342 1810/5852/1340 1812/5855/1340 1814/5857/1342
s 484
f 1815/5858/1343 1810/5851/28 1813/5859/28
f 1809/5850/38 1810/5851/28 1815/5858/1343
f 1821/5860/38 1822/5861/40 1823/5862/28 1824/5863/41 1825/5864/28 1820/5865/711 1818/5866/40 1817/5867/1344 1816/5868/61 1826/5869/1343
f 1815/5858/1343 1813/5859/28 1828/5870/38
f 1828/5870/38 1813/5859/28 1829/5871/38
s 512
f 1829/5872/1345 1813/5856/1342 1814/5857/1342 1830/5873/1345
f 1831/5874/1346 1829/5872/1345 1830/5873/1345 1832/5875/1347
s 484
f 1833/5876/28 1829/5871/38 1831/5877/28
f 1827/5878/28 1829/5871/38 1833/5876/28
f 1828/5870/38 1829/5871/38 1827/5878/28
f 1833/5876/28 1831/5877/28 1834/5879/28
f 1834/5879/28 1831/5877/28 1835/5880/28
s 512
f 1835/5881/1348 1831/5874/1346 1832/5875/1347 1836/5882/1348
f 1837/5883/1349 1835/5881/1348 1836/5882/1348 1838/5884/1349
s 484
f 1839/5885/28 1835/5880/28 1837/5886/28
f 1834/5879/28 1835/5880/28 1839/5885/28
f 1839/5885/28 1837/5886/28 1819/5887/28
f 1799/5835/28 1819/5887/28 1837/5886/28
f 1799/5835/28 1800/5836/28 1819/5887/28
f 1799/5835/28 1837/5886/28 1840/5888/30
s 512
f 1840/5889/1350 1837/5883/1349 1838/5884/1349 1841/5890/1350
f 1799/5891/1351 1840/5889/1350 1841/5890/1350 1842/5892/1351
s 484
f 1842/5893/32 1843/5894/32 1844/5895/32 1799/5896/32
f 1845/5897/28 1799/5835/28 1844/5898/29
f 1847/5899/28 1799/5835/28 1845/5897/28
f 1848/5900/28 1799/5835/28 1847/5899/28
f 1849/5901/28 1799/5835/28 1848/5900/28
f 1781/5823/28 1799/5835/28 1849/5901/28
f 1776/5817/33 1852/5902/451 1851/5903/1352
f 1776/5817/33 1853/5904/741 1852/5902/451
f 1776/5817/33 1854/5905/151 1853/5904/741
f 1776/5817/33 1855/5906/741 1854/5905/151
f 1776/5817/33 1764/5907/33 1855/5906/741
f 1776/5817/33 1765/5813/33 1764/5907/33
f 1763/5908/33 1855/5906/741 1764/5907/33
f 1762/5809/450 1855/5906/741 1763/5908/33
f 1856/5909/33 1855/5906/741 1762/5809/450
f 1857/5910/155 1855/5906/741 1856/5909/33
f 1857/5910/155 1858/5911/123 1855/5906/741
f 1859/5912/451 1858/5911/123 1857/5910/155
f 1860/5913/33 1858/5911/123 1859/5912/451
f 1861/5914/122 1858/5911/123 1860/5913/33
f 1861/5914/122 1862/5915/152 1858/5911/123
f 1863/5916/33 1862/5915/152 1861/5914/122
f 1771/5810/122 1862/5915/152 1863/5916/33
f 1771/5810/122 1772/5811/1335 1862/5915/152
f 1865/5917/28 1789/5831/28 1864/5918/30
f 1790/5830/28 1789/5831/28 1865/5917/28
f 1865/5917/28 1869/5919/28 1867/5920/28
f 1865/5917/28 1864/5918/30 1869/5919/28
f 1867/5920/28 1869/5919/28 1870/5921/30
f 1867/5920/28 1870/5921/30 1871/5922/30
f 1871/5922/30 1870/5921/30 1872/5923/28
f 1847/5899/28 1872/5923/28 1873/5924/30
f 1871/5922/30 1872/5923/28 1847/5899/28
f 1847/5899/28 1873/5924/30 1848/5900/28
f 1850/5925/450 1851/5903/1352 1852/5902/451
f 1770/5808/33 1771/5810/122 1892/5926/33
f 1770/5808/33 1892/5926/33 1893/5927/451
f 1770/5808/33 1893/5927/451 1894/5928/33
f 1762/5809/450 1916/5929/33 1856/5909/33
f 1762/5809/450 1915/5930/33 1916/5929/33
f 1762/5809/450 1913/5931/122 1915/5930/33
f 1762/5809/450 1770/5808/33 1913/5931/122
f 1915/5930/33 1913/5931/122 1914/5932/450
s 513
f 1766/5933/33 1767/5934/33 1769/5935/33 1768/5936/33
s 514
f 1918/5937/1353 1919/5938/1353 1920/5939/1353 1921/5940/1353
s 515
f 1922/5941/32 1923/5942/32 1924/5943/32 1925/5944/32 1926/5945/32 1927/5946/32 1928/5947/32 1929/5948/32 1930/5949/32 1919/5950/32 1918/5951/32
s 516
f 1923/5952/1354 1922/5953/1354 1931/5954/1354 1932/5955/1354
s 517
f 1922/5956/1355 1918/5957/1355 1921/5958/1355 1931/5959/1355
s 518
f 1932/5960/27 1931/5961/27 1921/5962/27 1920/5963/27 1933/5964/27 1934/5965/27 1935/5966/27 1936/5967/27 1937/5968/27 1938/5969/27 1939/5970/27
s 519
f 1919/5971/5 1930/5972/5 1933/5973/5 1920/5974/5
s 520
f 1930/5975/1356 1929/5976/1356 1934/5977/1356 1933/5978/1356
s 521
f 1929/5979/5 1928/5980/5 1935/5981/5 1934/5982/5
s 522
f 1928/5983/1357 1927/5984/1357 1936/5985/1357 1935/5986/1357
s 523
f 1927/5987/1358 1926/5988/1358 1937/5989/1358 1936/5990/1358
s 524
f 1926/5991/5 1925/5992/5 1938/5993/5 1937/5994/5
s 525
f 1925/5995/1359 1924/5996/1359 1939/5997/1359 1938/5998/1359
s 526
f 1940/5068/1360 1941/5067/1361 1942/5066/1362 1943/5065/1363
s 527
f 1944/5086/1364 1945/5085/1365 1941/5084/1366 1940/5083/1364
s 528
f 1944/5107/1367 1946/5106/1368 1947/5105/1369 1945/5104/1370
s 527
f 1946/5082/1371 1944/5081/1364 1940/5080/1364 1943/5079/1371
f 1948/5078/1372 1946/5077/1371 1943/5076/1371 1949/5075/1372
s 528
f 1948/5535/1373 1950/5534/1374 1946/5533/1368
f 1948/5121/1373 1951/5120/1375 1950/5119/1374
f 1952/5124/1376 1951/5123/1375 1948/5122/1373
f 1952/5127/1376 1953/5126/1377 1951/5125/1375
f 1952/5184/1376 1954/5183/1378 1953/5182/1377
f 1955/5181/1379 1954/5180/1378 1952/5179/1376
f 1955/5178/1379 1956/5177/1380 1954/5176/1378
f 1955/5167/1379 1957/5166/1381 1956/5165/1380
f 1958/5164/1382 1957/5163/1381 1955/5162/1379
f 1959/5252/32 1960/5251/32 1961/5250/32 1962/5249/32 1963/5248/32 1964/5247/32 1965/5246/32 1966/5245/32 1967/5244/32 1968/5243/32 1969/5242/32 1970/5241/32 1971/5240/32 1972/5239/32 1973/5238/32 1974/5237/32 1975/5236/32 1976/5235/32 1977/5234/32 1978/5233/32 1979/5232/32 1957/5231/1381 1958/5230/1382 1980/5229/32 1981/5228/32 1982/5227/32 1983/5226/32 1984/5225/32 1985/5224/32 1986/5223/32 1987/5222/32 1988/5221/32 1989/5220/32 1990/5219/32 1991/5218/32 1992/5217/32 1993/5216/32 1994/5215/32 1995/5214/32 1996/5213/32 1997/5212/32 1998/5211/32 1999/5210/32 2000/5209/32 2001/5208/32 2002/5207/32 2003/5206/32 2004/5205/32 2005/5204/32 2006/5203/32 2007/5202/32 2008/5201/32 2009/5200/32 2010/5199/32 2011/5198/32 2012/5197/32 2013/5196/32
s 529
f 2014/5264/1383 2015/5263/1384 1960/5262/1385 1959/5261/1383
s 526
f 2016/5397/27 2017/5396/27 2018/5395/27 2019/5394/27 2020/5393/27 2021/5392/27 2022/5391/27 2023/5390/27 2024/5389/27 2025/5388/27 2026/5387/27 2027/5386/27 2028/5385/27 2029/5384/27 2030/5383/27 2031/5382/27 2032/5381/27 2033/5380/27 2034/5379/1386 2035/5378/1387 2036/5377/27 2037/5376/27 2038/5375/27 2039/5374/27 2040/5373/27 2041/5372/27 2042/5371/27 2043/5370/27 2044/5369/27 2045/5368/27 2046/5367/27 2047/5366/27 2048/5365/27 2049/5364/27 2050/5363/27 2051/5362/27 2052/5361/27 2053/5360/27 2054/5359/27 2015/5358/27 2014/5357/27 2055/5356/27 2056/5355/27 2057/5354/27 2058/5353/27 2059/5352/27 2060/5351/27 2061/5350/27 2062/5349/27 2063/5348/27 2064/5347/27 2065/5346/27 2066/5345/27 2067/5344/27 2068/5343/27 2069/5342/27 2070/5341/27
s 530
f 2017/5461/1388 2016/5460/1389 1997/5459/1389 1996/5458/1388
f 2016/5457/1389 2070/5456/1390 1998/5455/1390 1997/5454/1389
f 2070/5401/1390 2069/5400/1391 1999/5399/1392 1998/5398/1390
f 2069/5405/1391 2068/5404/1393 2000/5403/1393 1999/5402/1392
f 2068/5409/1393 2067/5408/1394 2001/5407/1394 2000/5406/1393
s 529
f 2067/5413/1395 2066/5412/1396 2002/5411/1396 2001/5410/1395
f 2066/5417/1396 2065/5416/1397 2003/5415/1397 2002/5414/1396
f 2065/5421/1397 2064/5420/1398 2004/5419/1399 2003/5418/1397
f 2064/5425/1398 2063/5424/1400 2005/5423/1400 2004/5422/1399
f 2063/5429/1400 2062/5428/1401 2006/5427/1402 2005/5426/1400
f 2062/5433/1401 2061/5432/1403 2007/5431/1404 2006/5430/1402
f 2061/5437/1403 2060/5436/1405 2008/5435/1405 2007/5434/1404
f 2060/5441/1405 2059/5440/1406 2009/5439/1407 2008/5438/1405
f 2059/5445/1406 2058/5444/1408 2010/5443/1409 2009/5442/1407
f 2058/5449/1408 2057/5448/1410 2011/5447/1411 2010/5446/1409
f 2057/5453/1410 2056/5452/1412 2012/5451/1412 2011/5450/1411
f 2056/5256/1412 2055/5255/1413 2013/5254/1414 2012/5253/1412
f 2055/5260/1413 2014/5259/1383 1959/5258/1383 2013/5257/1414
s 530
f 2018/5465/1415 2017/5464/1388 1996/5463/1388 1995/5462/1415
f 2019/5469/1416 2018/5468/1415 1995/5467/1415 1994/5466/1416
f 2020/5473/1417 2019/5472/1416 1994/5471/1416 1993/5470/1417
f 2021/5477/1418 2020/5476/1417 1993/5475/1417 1992/5474/1418
f 2022/5481/1419 2021/5480/1418 1992/5479/1418 1991/5478/1419
f 2023/5485/1420 2022/5484/1419 1991/5483/1419 1990/5482/1420
f 2024/5489/1421 2023/5488/1420 1990/5487/1420 1989/5486/1422
f 2025/5493/1423 2024/5492/1421 1989/5491/1422 1988/5490/1423
f 2026/5497/1424 2025/5496/1423 1988/5495/1423 1987/5494/1424
f 2027/5501/1425 2026/5500/1424 1987/5499/1424 1986/5498/1425
f 2028/5505/1426 2027/5504/1425 1986/5503/1425 1985/5502/1426
f 2029/5509/1427 2028/5508/1426 1985/5507/1426 1984/5506/1427
f 2030/5513/1428 2029/5512/1427 1984/5511/1427 1983/5510/1428
f 2031/5517/1429 2030/5516/1428 1983/5515/1428 1982/5514/1429
f 2032/5521/1430 2031/5520/1429 1982/5519/1429 1981/5518/1430
s 527
f 2033/5525/1431 2032/5524/1432 1981/5523/1432 1980/5522/1431
f 2034/5529/1433 2033/5528/1431 1980/5527/1431 1958/5526/1433
f 1958/5161/1433 1955/5160/1434 2071/5159/1434 2034/5158/1433
f 1955/5145/1434 1952/5144/1435 2072/5143/1435 2071/5142/1434
f 1952/5141/1435 1948/5140/1372 1949/5139/1372 2072/5138/1435
s 526
f 2073/5137/1436 2072/5136/1437 1949/5135/1438
f 2074/5134/1439 2072/5133/1437 2073/5132/1436
f 2075/5191/1440 2072/5190/1437 2074/5189/1439
f 2075/5148/1440 2071/5147/1441 2072/5146/1437
f 2076/5151/1442 2071/5150/1441 2075/5149/1440
f 2035/5154/1387 2071/5153/1441 2076/5152/1442
f 2035/5157/1387 2034/5156/1386 2071/5155/1441
s 531
f 2035/5171/1443 2076/5170/1444 1956/5169/1444 1957/5168/1443
s 532
f 2076/5175/1445 2075/5174/1446 1954/5173/1446 1956/5172/1445
f 2075/5188/1446 2074/5187/1447 1953/5186/1447 1954/5185/1446
f 2074/5131/1447 2073/5130/1448 1951/5129/1448 1953/5128/1447
f 2073/5118/1448 2077/5117/1449 1950/5116/1449 1951/5115/1448
s 526
f 2073/5532/1436 1949/5531/1438 2077/5530/1450
f 2077/5074/1450 1949/5073/1438 1943/5072/1363
f 2077/5071/1450 1943/5070/1363 1942/5069/1362
s 532
f 2077/5114/1449 1942/5113/1451 1947/5112/1451 1950/5111/1449
f 1942/5100/1451 2078/5099/1452 2079/5098/1453 1947/5097/1451
s 526
f 1942/5096/1362 1941/5095/1361 2078/5094/1454
f 2078/5093/1454 1941/5092/1361 2080/5091/1455
s 527
f 1945/5090/1365 2081/5089/1456 2080/5088/1457 1941/5087/1366
s 528
f 1945/5538/1370 2079/5537/1458 2081/5536/1459
f 1945/5103/1370 1947/5102/1369 2079/5101/1458
f 2081/5541/1459 2079/5540/1458 2082/5539/1460
f 2082/5544/1460 2079/5543/1458 2083/5542/1461
s 532
f 2078/5548/1452 2084/5547/1462 2083/5546/1462 2079/5545/1453
s 526
f 2078/5711/1454 2085/5710/1463 2084/5709/1464
f 2078/5708/1454 2080/5707/1455 2085/5706/1463
s 527
f 2081/5705/1456 2082/5704/1465 2085/5703/1466 2080/5702/1457
f 2082/5647/1465 2086/5646/1467 2087/5645/1468 2085/5644/1466
s 528
f 2082/5701/1460 2083/5700/1461 2086/5699/1469
f 2086/5698/1469 2083/5697/1461 2088/5696/1470
s 533
f 2083/5561/1471 2089/5560/1471 2090/5559/1471 2091/5558/1471 2092/5557/1471 2093/5556/1471 2094/5555/1471 2095/5554/1471 2088/5553/1471
s 532
f 2084/5552/1462 2096/5551/1472 2089/5550/1472 2083/5549/1462
s 534
f 2084/5720/1473 2097/5719/1473 2098/5718/1473 2099/5717/1473 2100/5716/1473 2101/5715/1473 2102/5714/1473 2103/5713/1473 2096/5712/1473
s 526
f 2084/5640/1464 2087/5639/1474 2097/5638/1475
f 2084/5643/1464 2085/5642/1463 2087/5641/1474
s 535
f 2104/5637/1476 2097/5636/1477 2087/5635/1478
f 2105/5634/1479 2097/5633/1477 2104/5632/1476
f 2106/5631/1480 2097/5630/1477 2105/5629/1479
f 2106/5628/1480 2107/5627/1481 2097/5626/1477
f 2108/5625/1482 2107/5624/1481 2106/5623/1480
f 2109/5747/1483 2107/5746/1481 2108/5745/1482
f 2109/5750/1483 2110/5749/1484 2107/5748/1481
f 2111/5753/1485 2110/5752/1484 2109/5751/1483
f 2111/5756/1485 2112/5755/1486 2110/5754/1484
f 2113/5759/1487 2112/5758/1486 2111/5757/1485
f 2114/5762/1488 2112/5761/1486 2113/5760/1487
f 2114/5765/1488 2115/5764/1489 2112/5763/1486
f 2116/5768/1490 2115/5767/1489 2114/5766/1488
f 2116/5771/1490 2117/5770/1491 2115/5769/1489
f 2116/5774/1490 2118/5773/1492 2117/5772/1491
s 536
f 2116/5778/1493 2119/5777/1494 2120/5776/1495 2118/5775/1495
f 2121/5796/1496 2119/5795/1494 2116/5794/1493
s 537
f 2122/5798/1493 2119/5795/1493 2121/5796/1497 2123/5797/1497
f 2120/5776/1498 2119/5777/1493 2122/5806/1493
s 485
f 2119/5812/28 2127/5811/28 2121/5813/28
f 2119/5812/28 2120/5807/28 2127/5811/28
f 2128/5810/28 2127/5811/28 2120/5807/28
f 2129/5915/1336 2127/5811/28 2128/5810/28
f 2131/5918/122 2130/5831/33 2132/5917/33
f 2132/5917/33 2130/5831/33 2133/5830/33
f 2130/5831/33 2134/5829/33 2133/5830/33
f 2134/5829/33 2136/5827/122 2137/5828/33
f 2137/5828/33 2136/5827/122 2138/5825/122
f 2136/5827/122 2139/5826/152 2138/5825/122
f 2139/5826/152 2142/5824/122 2138/5825/122
f 2138/5825/122 2142/5824/122 2143/5822/33
f 2144/5821/33 2143/5822/33 2142/5824/122
f 2145/5823/33 2143/5822/33 2144/5821/33
f 2143/5822/33 2145/5823/33 2146/5832/33
f 2146/5832/33 2145/5823/33 2147/5833/450
f 2147/5833/450 2145/5823/33 2148/5834/33
f 2149/5835/33 2148/5834/33 2145/5823/33
f 2149/5835/33 2150/5836/33 2148/5834/33
f 2151/5887/33 2150/5836/33 2149/5835/33
f 2154/5869/940 2155/5868/156 2156/5867/33 2152/5866/150 2153/5865/741 2157/5864/1499 2158/5863/1500 2159/5862/33 2160/5861/150 2161/5860/123
f 2163/5870/123 2164/5859/33 2162/5858/940
f 2165/5871/33 2164/5859/33 2163/5870/123
s 538
f 2166/5873/1345 2167/5857/1342 2164/5856/1342 2165/5872/1345
f 2167/5857/1342 2168/5855/1340 2169/5852/1340 2164/5856/1342
f 2168/5855/1340 2170/5854/1341 2171/5853/1341 2169/5852/1340
f 2170/5854/1341 2172/5846/1339 2173/5845/1339 2171/5853/1341
f 2172/5846/1339 2174/5840/1501 2175/5838/1501 2173/5845/1339
f 2174/5840/1501 2176/1006/1502 2148/5839/1502 2175/5838/1501
s 485
f 2147/5844/26 2148/5843/26 2176/5842/26 2177/5841/26
f 2133/5830/33 2134/5829/33 2137/5828/33
f 2185/5920/33 2186/5919/33 2132/5917/33
f 2187/5921/123 2186/5919/33 2185/5920/33
f 2186/5919/33 2131/5918/122 2132/5917/33
f 2190/5911/38 2129/5915/1336 2191/5914/1503
f 2191/5914/1503 2129/5915/1336 2192/5916/29
f 2192/5916/29 2129/5915/1336 2128/5810/28
f 2196/5926/30 2128/5810/28 2197/5808/28
f 2128/5810/28 2120/5807/28 2197/5808/28
f 2126/5809/29 2197/5808/28 2120/5807/28
f 2198/5931/1504 2197/5808/28 2126/5809/29
f 2201/5932/29 2198/5931/1504 2203/5930/1504
f 2203/5930/1504 2198/5931/1504 2126/5809/29
f 2204/5929/28 2203/5930/1504 2126/5809/29
f 2207/5909/30 2204/5929/28 2126/5809/29
f 2126/5809/29 2189/5906/40 2207/5909/30
f 2125/5908/28 2189/5906/40 2126/5809/29
f 2124/5907/28 2189/5906/40 2125/5908/28
f 2189/5906/40 2124/5907/28 2209/5817/30
f 2124/5907/28 2121/5813/28 2209/5817/30
s 539
f 2123/5800/1505 2121/5791/1506 2124/5792/1507 2210/5799/1506
s 527
f 2211/5793/1508 2124/5792/1509 2121/5791/1509 2116/5790/1508
s 528
f 2212/5789/1510 2125/5788/1511 2124/5787/1512 2211/5786/1513
f 2126/5785/705 2125/5784/1511 2212/5783/1510
s 540
f 2210/5803/1514 2125/5784/1515 2126/5785/32 2213/5802/32
f 2124/5787/1512 2125/5788/1515 2210/5801/1514
s 541
f 2213/5805/1516 2126/5780/1517 2120/5781/1517 2122/5804/1517
s 542
f 2118/5782/1518 2120/5781/1518 2126/5780/1518 2212/5779/1518
s 543
f 2117/5589/1519 2118/5588/1519 2212/5587/1519 2214/5586/1519
s 528
f 2212/5592/1510 2211/5591/1513 2214/5590/1520
f 2214/5595/1520 2211/5594/1513 2215/5593/1521
f 2215/5598/1521 2211/5597/1513 2216/5596/1522
s 527
f 2211/5602/1508 2116/5601/1508 2114/5600/1523 2216/5599/1523
f 2216/5606/1523 2114/5605/1523 2113/5604/1524 2217/5603/1525
f 2217/5610/1525 2113/5609/1524 2111/5608/1526 2218/5607/1526
f 2218/5614/1526 2111/5613/1526 2109/5612/1527 2219/5611/1528
f 2219/5618/1528 2109/5617/1527 2108/5616/1529 2220/5615/1529
f 2221/5622/1530 2220/5621/1529 2108/5620/1529 2106/5619/1530
s 528
f 2222/5668/1531 2220/5667/1532 2221/5666/1533
f 2222/5671/1531 2219/5670/1534 2220/5669/1532
f 2223/5674/1535 2219/5673/1534 2222/5672/1531
f 2223/5677/1535 2218/5676/1536 2219/5675/1534
f 2224/5680/1537 2218/5679/1536 2223/5678/1535
f 2224/5683/1537 2217/5682/1538 2218/5681/1536
f 2224/5686/1537 2216/5685/1522 2217/5684/1538
f 2215/5689/1521 2216/5688/1522 2224/5687/1537
s 532
f 2224/5581/1539 2112/5580/1540 2115/5579/1541 2215/5578/1541
f 2223/5577/1542 2110/5576/1543 2112/5575/1540 2224/5574/1539
f 2222/5573/1544 2107/5572/1545 2110/5571/1543 2223/5570/1542
f 2088/5569/1546 2097/5568/1546 2107/5567/1545 2222/5566/1544
f 2098/5565/1547 2097/5564/1546 2088/5563/1546 2095/5562/1547
f 2099/5744/1548 2098/5743/1547 2095/5742/1547 2094/5741/1549
f 2100/5740/1550 2099/5739/1548 2094/5738/1549 2093/5737/1550
f 2101/5736/1551 2100/5735/1550 2093/5734/1550 2092/5733/1552
f 2102/5732/1553 2101/5731/1551 2092/5730/1552 2091/5729/1554
f 2103/5728/1555 2102/5727/1553 2091/5726/1554 2090/5725/1556
f 2096/5724/1472 2103/5723/1555 2090/5722/1556 2089/5721/1472
s 528
f 2222/5665/1531 2221/5664/1533 2088/5663/1470
f 2088/5662/1470 2221/5661/1533 2225/5660/1557
s 527
f 2225/5659/1558 2221/5658/1530 2106/5657/1530 2105/5656/1558
f 2226/5655/1559 2225/5654/1558 2105/5653/1558 2104/5652/1560
s 528
f 2088/5692/1470 2225/5691/1557 2226/5690/1561
f 2088/5695/1470 2226/5694/1561 2086/5693/1469
s 527
f 2086/5651/1467 2226/5650/1559 2104/5649/1560 2087/5648/1468
s 544
f 2215/5585/1562 2115/5584/1562 2117/5583/1562 2214/5582/1562
s 545
f 2210/5936/28 2213/5935/28 2122/5934/28 2123/5933/28
s 485
f 2121/5813/28 2141/5816/28 2209/5817/30
f 2140/5815/28 2141/5816/28 2121/5813/28
f 2135/5814/1336 2140/5815/28 2121/5813/28
f 2127/5811/28 2135/5814/1336 2121/5813/28
f 2209/5817/30 2141/5816/28 2227/5818/61
f 2227/5818/61 2141/5816/28 2228/5819/28
f 2229/5820/28 2228/5819/28 2141/5816/28
f 2232/5903/28 2233/5902/1504 2209/5817/30
f 2233/5902/1504 2232/5903/28 2231/5925/28
f 2235/5900/33 2234/5924/122 2236/5899/151
f 2234/5924/122 2237/5923/151 2236/5899/151
f 2237/5923/151 2187/5921/123 2239/5922/123
f 2239/5922/123 2187/5921/123 2185/5920/33
f 2236/5899/151 2237/5923/151 2239/5922/123
f 2243/5897/33 2149/5835/33 2236/5899/151
f 2244/5898/155 2149/5835/33 2243/5897/33
f 2149/5896/32 2244/5895/32 2245/5894/32 2246/5893/32
s 538
f 2246/5892/1563 2247/5890/1564 2248/5889/1564 2149/5891/1563
f 2247/5890/1564 2249/5884/1349 2250/5883/1349 2248/5889/1564
f 2249/5884/1349 2251/5882/1348 2252/5881/1348 2250/5883/1349
f 2251/5882/1348 2253/5875/1347 2254/5874/1347 2252/5881/1348
f 2253/5875/1347 2166/5873/1345 2165/5872/1345 2254/5874/1347
s 485
f 2254/5877/150 2165/5871/33 2255/5876/33
f 2255/5876/33 2165/5871/33 2256/5878/150
f 2256/5878/150 2165/5871/33 2163/5870/123
f 2257/5879/1565 2254/5877/150 2255/5876/33
f 2252/5880/158 2254/5877/150 2257/5879/1565
f 2258/5885/834 2252/5880/158 2257/5879/1565
f 2250/5886/33 2252/5880/158 2258/5885/834
f 2151/5887/33 2250/5886/33 2258/5885/834
f 2250/5886/33 2151/5887/33 2149/5835/33
f 2248/5888/155 2250/5886/33 2149/5835/33
f 2236/5899/151 2149/5835/33 2235/5900/33
f 2235/5900/33 2149/5835/33 2230/5901/33
f 2230/5901/33 2149/5835/33 2145/5823/33
f 2238/5904/39 2188/5905/39 2209/5817/30
f 2188/5905/39 2189/5906/40 2209/5817/30
f 2233/5902/1504 2238/5904/39 2209/5817/30
f 2207/5909/30 2189/5906/40 2259/5910/28
f 2189/5906/40 2190/5911/38 2259/5910/28
f 2259/5910/28 2190/5911/38 2260/5912/28
f 2260/5912/28 2190/5911/38 2261/5913/28
f 2261/5913/28 2190/5911/38 2191/5914/1503
f 2286/5927/29 2196/5926/30 2197/5808/28
f 2285/5928/30 2286/5927/29 2197/5808/28
f 2175/5837/33 2148/5834/33 2150/5836/33
f 2173/5847/33 2175/5837/33 2150/5836/33
f 2173/5847/33 2150/5836/33 2171/5848/33
f 2290/5849/451 2171/5848/33 2150/5836/33
f 2291/5850/156 2171/5848/33 2290/5849/451
f 2169/5851/33 2171/5848/33 2291/5850/156
f 2162/5858/940 2169/5851/33 2291/5850/156
f 2164/5859/33 2169/5851/33 2162/5858/940
s 528
f 1946/5110/1368 1950/5109/1374 1947/5108/1369
s 531
f 2036/5195/1566 2035/5194/1443 1957/5193/1443 1979/5192/1566
f 2037/5340/1567 2036/5339/1566 1979/5338/1566 1978/5337/1567
f 2038/5336/1568 2037/5335/1567 1978/5334/1567 1977/5333/1568
f 2039/5332/1569 2038/5331/1568 1977/5330/1568 1976/5329/1569
f 2040/5328/1570 2039/5327/1569 1976/5326/1569 1975/5325/1570
f 2041/5324/1571 2040/5323/1570 1975/5322/1570 1974/5321/1571
f 2042/5320/1572 2041/5319/1571 1974/5318/1571 1973/5317/1573
f 2043/5316/1574 2042/5315/1572 1973/5314/1573 1972/5313/1574
f 2044/5312/1575 2043/5311/1574 1972/5310/1574 1971/5309/1576
f 2045/5308/1577 2044/5307/1575 1971/5306/1576 1970/5305/1577
f 2046/5304/1578 2045/5303/1577 1970/5302/1577 1969/5301/1578
f 2047/5300/1579 2046/5299/1578 1969/5298/1578 1968/5297/1580
f 2048/5296/1581 2047/5295/1579 1968/5294/1580 1967/5293/1581
f 2049/5292/1582 2048/5291/1581 1967/5290/1581 1966/5289/1582
s 529
f 2050/5288/1583 2049/5287/1584 1966/5286/1584 1965/5285/1583
f 2051/5284/1585 2050/5283/1583 1965/5282/1583 1964/5281/1585
f 2052/5280/1586 2051/5279/1585 1964/5278/1585 1963/5277/1587
f 2053/5276/1588 2052/5275/1586 1963/5274/1587 1962/5273/1589
f 2054/5272/1590 2053/5271/1588 1962/5270/1589 1961/5269/1590
f 2015/5268/1384 2054/5267/1590 1961/5266/1590 1960/5265/1385
s 546
f 2292/5940/1591 2293/5939/1591 2294/5938/1591 2295/5937/1591
s 547
f 2296/5970/27 2297/5969/27 2298/5968/27 2299/5967/27 2300/5966/27 2301/5965/27 2302/5964/27 2293/5963/27 2292/5962/27 2303/5961/27 2304/5960/27
s 548
f 2297/5998/1592 2296/5997/1592 2305/5996/1592 2306/5995/1592
s 549
f 2295/5951/32 2294/5950/32 2307/5949/32 2308/5948/32 2309/5947/32 2310/5946/32 2311/5945/32 2306/5944/32 2305/5943/32 2312/5942/32 2313/5941/32
s 550
f 2293/5974/5 2302/5973/5 2307/5972/5 2294/5971/5
s 551
f 2302/5978/1593 2301/5977/1593 2308/5976/1593 2307/5975/1593
s 552
f 2301/5982/5 2300/5981/5 2309/5980/5 2308/5979/5
s 553
f 2300/5986/1594 2299/5985/1594 2310/5984/1594 2309/5983/1594
s 554
f 2299/5990/1595 2298/5989/1595 2311/5988/1595 2310/5987/1595
s 555
f 2298/5994/5 2297/5993/5 2306/5992/5 2311/5991/5
s 556
f 2304/5955/1596 2303/5954/1596 2313/5953/1596 2312/5952/1596
s 557
f 2303/5959/1597 2292/5958/1597 2295/5957/1597 2313/5956/1597
s 558
f 1501/4893/2 1500/5999/2 1484/6000/2 1502/4873/2
s 559
f 1503/6001/450 1499/6002/450 1500/6003/450 1501/6004/450
s 560
f 1504/6005/5 1485/6006/5 1499/6002/5 1503/6001/5
s 561
f 1502/4873/29 1484/6007/29 1485/6008/29 1504/4874/29
s 562
f 1503/4892/7 1501/4893/7 1502/4873/7 1504/4874/7
s 563
f 1533/4968/27 1534/4970/27 1535/5020/27 1536/5003/27 1537/4957/27 1538/4958/27 1532/4959/27 1507/4894/27 1506/4875/27 1508/4876/27 1509/4877/27 1511/4912/27
s 564
f 1544/4980/27 1545/4982/27 1546/5042/27 1547/4992/27 1548/4955/27 1549/5002/27 1550/5021/27 1551/4969/27 1543/4971/27 1514/4911/27 1513/4878/27 1516/4922/27
s 565
f 1521/4881/27 1522/4882/27 1523/4883/27 1524/4884/27 1525/4886/27 1527/4956/27 1557/4993/27 1558/4981/27 1556/4983/27 1519/4921/27 1518/4879/27 1520/4880/27
s 484
f 1816/5868/61 1809/5850/38 1815/5858/1343
f 1817/5867/1344 1809/5850/38 1816/5868/61
f 1817/5867/1344 1808/5849/30 1809/5850/38
f 1818/5866/40 1808/5849/30 1817/5867/1344
f 1808/5849/30 1818/5866/40 1800/5836/28
f 1818/5866/40 1819/5887/28 1800/5836/28
f 1819/5887/28 1818/5866/40 1820/5865/711
f 1821/5860/38 1827/5878/28 1822/5861/40
f 1821/5860/38 1828/5870/38 1827/5878/28
f 1826/5869/1343 1828/5870/38 1821/5860/38
f 1826/5869/1343 1815/5858/1343 1828/5870/38
f 1816/5868/61 1815/5858/1343 1826/5869/1343
f 1823/5862/28 1827/5878/28 1833/5876/28
f 1822/5861/40 1827/5878/28 1823/5862/28
f 1823/5862/28 1833/5876/28 1824/5863/41
f 1824/5863/41 1833/5876/28 1834/5879/28
f 1825/5864/28 1834/5879/28 1839/5885/28
f 1824/5863/41 1834/5879/28 1825/5864/28
f 1825/5864/28 1839/5885/28 1820/5865/711
f 1820/5865/711 1839/5885/28 1819/5887/28
s 566
f 1771/6009/1598 1863/6010/1599 1876/6011/1599 1877/6012/1598
f 1863/6013/1599 1861/6014/1600 1878/6015/1601 1876/6016/1599
f 1860/6017/1602 1879/6018/1603 1878/6019/1601 1861/6020/1600
f 1859/6021/1604 1880/6022/1604 1879/6023/1603 1860/6024/1602
f 1881/6025/1605 1880/6026/1604 1859/6027/1604 1857/6028/1605
s 567
f 1882/6029/122 1880/6030/33 1881/6031/451
f 1883/6032/33 1880/6030/33 1882/6029/122
f 1884/6033/1606 1880/6030/33 1883/6032/33
f 1885/6034/1607 1880/6030/33 1884/6033/1606
f 1886/6035/33 1880/6030/33 1885/6034/1607
f 1887/6036/1565 1880/6030/33 1886/6035/33
f 1887/6036/1565 1879/6037/33 1880/6030/33
f 1888/6038/122 1879/6037/33 1887/6036/1565
f 1889/6039/33 1879/6037/33 1888/6038/122
f 1889/6039/33 1878/6040/450 1879/6037/33
f 1890/6041/33 1878/6040/450 1889/6039/33
f 1891/6042/33 1878/6040/450 1890/6041/33
f 1891/6042/33 1876/6043/33 1878/6040/450
f 1876/6043/33 1891/6042/33 1877/6044/1608
s 566
f 1892/6045/1609 1771/6046/1598 1877/6047/1598 1891/6048/1609
f 1893/6049/1610 1892/6050/1609 1891/6051/1609 1890/6052/1610
f 1893/6053/1610 1890/6054/1610 1889/6055/1611 1894/6056/1611
s 568
f 1770/6057/1612 1894/6058/1612 1889/6059/1612 1895/6060/1612
s 567
f 1889/6039/33 1888/6038/122 1895/6061/122
f 1895/6061/122 1888/6038/122 1896/6062/1608
f 1885/6034/1607 1907/6063/122 1886/6035/33
f 1885/6034/1607 1909/6064/33 1908/6065/1607
f 1910/6066/122 1909/6064/33 1885/6034/1607
f 1910/6066/122 1911/6067/151 1909/6064/33
f 1895/6061/122 1911/6067/151 1910/6066/122
f 1911/6067/151 1895/6061/122 1896/6062/1608
f 1911/6067/151 1896/6062/1608 1912/6068/451
s 569
f 1770/6069/1613 1895/6070/1613 1910/6071/1613 1913/6072/1613
s 570
f 1910/6073/1614 1884/6074/1614 1914/6075/1614 1913/6076/1614
s 567
f 1910/6066/122 1885/6034/1607 1884/6033/1606
s 566
f 1914/6077/1615 1884/6078/1615 1883/6079/1616 1915/6080/1616
f 1883/6081/1616 1882/6082/1617 1916/6083/1617 1915/6084/1616
f 1882/6085/1617 1917/6086/1618 1856/6087/1619 1916/6088/1617
s 567
f 1882/6029/122 1881/6031/451 1917/6089/33
s 566
f 1917/6090/1618 1881/6091/1605 1857/6092/1605 1856/6093/1619
s 485
f 2150/5836/33 2151/5887/33 2152/5866/150
f 2153/5865/741 2152/5866/150 2151/5887/33
f 2154/5869/940 2162/5858/940 2155/5868/156
f 2163/5870/123 2162/5858/940 2154/5869/940
s 571
f 2193/6012/1620 2194/6011/1621 2192/6010/1622 2128/6009/1620
s 572
f 2193/6044/28 2195/6042/29 2194/6043/28
s 571
f 2195/6048/1623 2193/6047/1620 2128/6046/1620 2196/6045/1623
s 573
f 2198/6072/1624 2199/6071/1624 2200/6070/1624 2197/6069/1624
s 574
f 2198/6076/1625 2201/6075/1625 2202/6074/1625 2199/6073/1625
s 571
f 2203/6084/1626 2204/6083/1627 2205/6082/1627 2206/6081/1628
f 2204/6088/1627 2207/6087/1629 2208/6086/1629 2205/6085/1627
s 485
f 2256/5878/150 2163/5870/123 2161/5860/123
f 2161/5860/123 2163/5870/123 2154/5869/940
f 2160/5861/150 2256/5878/150 2161/5860/123
f 2159/5862/33 2256/5878/150 2160/5861/150
f 2255/5876/33 2256/5878/150 2159/5862/33
f 2158/5863/1500 2255/5876/33 2159/5862/33
f 2257/5879/1565 2255/5876/33 2158/5863/1500
f 2151/5887/33 2258/5885/834 2153/5865/741
f 2153/5865/741 2258/5885/834 2157/5864/1499
f 2258/5885/834 2257/5879/1565 2157/5864/1499
f 2157/5864/1499 2257/5879/1565 2158/5863/1500
s 571
f 2191/6020/1630 2262/6019/1630 2263/6018/1631 2261/6017/1632
f 2194/6016/1621 2262/6015/1630 2191/6014/1630 2192/6013/1622
s 572
f 2262/6040/29 2194/6043/28 2195/6042/29
f 2264/6041/29 2262/6040/29 2195/6042/29
f 2265/6039/28 2262/6040/29 2264/6041/29
f 2263/6037/28 2262/6040/29 2265/6039/28
f 2266/6038/30 2263/6037/28 2265/6039/28
f 2267/6036/29 2263/6037/28 2266/6038/30
f 2268/6030/28 2263/6037/28 2267/6036/29
s 571
f 2261/6024/1632 2263/6023/1631 2268/6022/1633 2260/6021/1634
f 2259/6028/1635 2260/6027/1634 2268/6026/1633 2269/6025/1635
s 572
f 2269/6031/30 2268/6030/28 2205/6029/30
f 2205/6029/30 2268/6030/28 2206/6032/278
f 2206/6032/278 2268/6030/28 2202/6033/1503
f 2202/6033/1503 2268/6030/28 2270/6034/1636
f 2270/6034/1636 2268/6030/28 2271/6035/30
f 2271/6035/30 2268/6030/28 2267/6036/29
f 2283/6068/30 2276/6062/1637 2284/6067/711
f 2276/6062/1637 2200/6061/30 2284/6067/711
f 2276/6062/1637 2266/6038/30 2200/6061/30
f 2200/6061/30 2266/6038/30 2265/6039/28
s 575
f 2200/6060/1638 2265/6059/1638 2285/6058/1638 2197/6057/1638
s 571
f 2285/6056/1639 2265/6055/1639 2264/6054/1640 2286/6053/1640
f 2264/6052/1640 2195/6051/1623 2196/6050/1623 2286/6049/1640
s 572
f 2199/6066/30 2284/6067/711 2200/6061/30
f 2287/6064/29 2284/6067/711 2199/6066/30
f 2288/6065/1641 2287/6064/29 2270/6034/1636
f 2270/6034/1636 2287/6064/29 2199/6066/30
f 2202/6033/1503 2270/6034/1636 2199/6066/30
f 2271/6035/30 2289/6063/30 2270/6034/1636
s 571
f 2203/6080/1626 2206/6079/1628 2202/6078/1642 2201/6077/1642
s 572
f 2208/6089/28 2269/6031/30 2205/6029/30
s 571
f 2207/6093/1629 2259/6092/1635 2269/6091/1635 2208/6090/1629
s 485
f 2162/5858/940 2291/5850/156 2155/5868/156
f 2155/5868/156 2291/5850/156 2156/5867/33
f 2291/5850/156 2290/5849/451 2156/5867/33
f 2156/5867/33 2290/5849/451 2152/5866/150
f 2150/5836/33 2152/5866/150 2290/5849/451
s 576
f 1760/6094/33 1762/6095/33 1763/6096/33 1764/6097/33 1765/6098/33 1761/6099/33
s 484
f 1777/6100/151 1779/6101/33 1778/6102/33
f 1777/6100/151 1780/6103/33 1779/6101/33
f 1781/6104/151 1780/6103/33 1777/6100/151
f 1780/6103/33 1781/6104/151 1782/6105/155
f 1775/6106/155 1780/6103/33 1785/6107/155
f 1780/6103/33 1775/6106/155 1779/6101/33
f 1775/6106/155 1785/6107/155 1774/6108/450
f 1774/6108/450 1785/6107/155 1786/6109/834
f 1773/6110/152 1786/6109/834 1788/6111/158
f 1774/6108/450 1786/6109/834 1773/6110/152
f 1773/6110/152 1788/6111/158 1772/6112/1335
f 1772/6112/1335 1788/6111/158 1789/6113/1565
f 1781/6104/151 1777/6100/151 1849/6114/122
f 1849/6114/122 1777/6100/151 1776/6115/33
f 1849/6114/122 1776/6115/33 1850/6116/450
f 1850/6116/450 1776/6115/33 1851/6117/1352
f 1772/6112/1335 1789/6113/1565 1862/6118/152
f 1862/6118/152 1789/6113/1565 1864/6119/123
f 1855/6120/741 1864/6119/123 1869/6121/833
f 1858/6122/123 1864/6119/123 1855/6120/741
f 1862/6118/152 1864/6119/123 1858/6122/123
f 1855/6120/741 1869/6121/833 1854/6123/151
f 1854/6123/151 1869/6121/833 1870/6124/1055
f 1853/6125/741 1870/6124/1055 1872/6126/1643
f 1854/6123/151 1870/6124/1055 1853/6125/741
f 1853/6125/741 1872/6126/1643 1852/6127/451
f 1852/6127/451 1872/6126/1643 1873/6128/1606
f 1849/6114/122 1873/6128/1606 1848/6129/451
f 1849/6114/122 1850/6116/450 1873/6128/1606
f 1852/6127/451 1873/6128/1606 1850/6116/450
s 577
f 1896/6130/1644 1888/6131/1644 1897/6132/1644 1898/6133/1644
s 578
f 1897/6134/1645 1888/6135/1646 1887/6136/1646 1899/6137/1646
s 579
f 1900/6138/1647 1899/6139/1647 1887/6140/1647 1886/6141/1647
s 580
f 1900/6142/122 1901/6143/122 1902/6144/122 1903/6145/122 1904/6146/122 1905/6147/122 1906/6148/122 1898/6149/122 1897/6150/122 1899/6151/122
s 581
f 1900/6152/1648 1886/6153/1649 1907/6154/1648 1901/6155/1649
s 582
f 1901/6156/1650 1907/6157/1650 1885/6158/1650 1902/6159/1650
s 583
f 1903/6160/1651 1902/6161/1651 1885/6162/1651 1908/6163/1651
s 584
f 1912/6164/1652 1896/6165/1652 1898/6166/1652 1906/6167/1652
s 585
f 1911/6168/1653 1912/6169/1653 1906/6170/1653 1905/6171/1653
s 586
f 1904/6172/1654 1909/6173/1654 1911/6174/1654 1905/6175/1654
s 587
f 1904/6176/1655 1903/6177/1655 1908/6178/1655 1909/6179/1655
s 588
f 2119/6099/28 2121/6098/28 2124/6097/28 2125/6096/28 2126/6095/28 2120/6094/28
s 485
f 2129/6118/1336 2130/6113/1656 2127/6112/28
f 2131/6119/38 2130/6113/1656 2129/6118/1336
f 2130/6113/1656 2134/6111/29 2127/6112/28
f 2127/6112/28 2134/6111/29 2135/6110/1336
f 2134/6111/29 2136/6109/1657 2135/6110/1336
f 2136/6109/1657 2139/6107/29 2140/6108/28
f 2140/6108/28 2139/6107/29 2141/6106/28
f 2139/6107/29 2142/6103/30 2141/6106/28
f 2187/6124/60 2186/6121/1658 2188/6123/39
f 2188/6123/39 2186/6121/1658 2189/6120/40
f 2186/6121/1658 2131/6119/38 2189/6120/40
f 2189/6120/40 2131/6119/38 2190/6122/38
f 2190/6122/38 2131/6119/38 2129/6118/1336
f 2135/6110/1336 2136/6109/1657 2140/6108/28
f 2228/6102/28 2229/6101/28 2227/6100/61
f 2229/6101/28 2142/6103/30 2227/6100/61
f 2229/6101/28 2141/6106/28 2142/6103/30
f 2227/6100/61 2142/6103/30 2145/6104/711
f 2144/6105/1504 2145/6104/711 2142/6103/30
f 2230/6114/1336 2227/6100/61 2145/6104/711
f 2209/6115/30 2227/6100/61 2230/6114/1336
f 2231/6116/28 2209/6115/30 2230/6114/1336
f 2232/6117/28 2209/6115/30 2231/6116/28
f 2231/6116/28 2234/6128/1503 2233/6127/1504
f 2234/6128/1503 2231/6116/28 2230/6114/1336
f 2235/6129/30 2234/6128/1503 2230/6114/1336
f 2234/6128/1503 2237/6126/1641 2233/6127/1504
f 2233/6127/1504 2237/6126/1641 2238/6125/39
f 2237/6126/1641 2187/6124/60 2238/6125/39
f 2238/6125/39 2187/6124/60 2188/6123/39
s 589
f 2271/6141/1659 2267/6140/1659 2272/6139/1659 2273/6138/1659
s 590
f 2272/6137/1660 2267/6136/1660 2266/6135/1660 2274/6134/1660
s 591
f 2275/6133/1661 2274/6132/1661 2266/6131/1661 2276/6130/1661
s 592
f 2272/6151/30 2274/6150/30 2275/6149/30 2277/6148/30 2278/6147/30 2279/6146/30 2280/6145/30 2281/6144/30 2282/6143/30 2273/6142/30
s 593
f 2277/6167/1662 2275/6166/1662 2276/6165/1662 2283/6164/1662
s 594
f 2278/6175/1663 2284/6174/1663 2287/6173/1663 2279/6172/1663
s 595
f 2278/6171/1664 2277/6170/1664 2283/6169/1664 2284/6168/1664
s 596
f 2287/6179/1665 2288/6178/1665 2280/6177/1665 2279/6176/1665
s 597
f 2288/6163/1666 2270/6162/1666 2281/6161/1666 2280/6160/1666
s 598
f 2281/6159/1667 2270/6158/1667 2289/6157/1667 2282/6156/1667
s 599
f 2282/6155/1668 2289/6154/1668 2271/6153/1668 2273/6152/1668
