# Blender 4.5.3 LTS
# www.blender.org
mtllib PuertaIzq.mtl
g PuertaIzq_Vintage_Door_Open.002
v -4.114427 0.103540 5.451076
v -4.120598 0.099589 5.451242
v -4.109639 0.102770 5.935314
v -4.103467 0.106722 5.935148
v -4.118286 0.108258 5.451133
v -4.120356 0.114003 5.451141
v -4.120423 0.120100 5.451103
v -4.118481 0.125852 5.451021
v -4.114721 0.130669 5.450905
v -4.109611 0.133936 5.450767
v -4.103667 0.135370 5.450624
v -4.097619 0.134712 5.450491
v -4.092099 0.132131 5.450383
v -4.087762 0.127849 5.450313
v -4.085084 0.122382 5.450288
v -4.081850 0.124452 5.450201
v -4.080453 0.077985 5.450475
v -4.107327 0.111439 5.935205
v -4.069494 0.081166 5.934547
v -4.070891 0.127633 5.934273
v -4.074125 0.125564 5.934360
v -4.076803 0.131031 5.934385
v -4.081140 0.135312 5.934455
v -4.086660 0.137894 5.934563
v -4.092709 0.138551 5.934696
v -4.098652 0.137117 5.934839
v -4.103763 0.133850 5.934977
v -4.107522 0.129034 5.935093
v -4.109464 0.123282 5.935175
v -4.109397 0.117185 5.935214
v -4.235537 0.066222 0.374282
v -4.195392 0.044618 0.373516
v -4.184433 0.047799 0.857587
v -4.224578 0.069403 0.858354
v -4.229365 0.070173 0.374117
v -4.233225 0.074891 0.374173
v -4.235294 0.080637 0.374182
v -4.235362 0.086734 0.374144
v -4.233419 0.092485 0.374062
v -4.229661 0.097302 0.373945
v -4.224549 0.100569 0.373808
v -4.218606 0.102002 0.373664
v -4.212558 0.101346 0.373531
v -4.207038 0.098764 0.373423
v -4.202701 0.094482 0.373353
v -4.200022 0.089015 0.373329
v -4.196789 0.091085 0.373242
v -4.218406 0.073354 0.858188
v -4.185830 0.094266 0.857313
v -4.189063 0.092196 0.857400
v -4.191741 0.097663 0.857425
v -4.196079 0.101946 0.857495
v -4.201598 0.104527 0.857603
v -4.207647 0.105184 0.857736
v -4.213590 0.103751 0.857880
v -4.218701 0.100484 0.858017
v -4.222460 0.095666 0.858134
v -4.224403 0.089916 0.858215
v -4.224336 0.083818 0.858254
v -4.222266 0.078073 0.858245
v -4.160937 0.090038 3.396661
v -4.167109 0.086087 3.396826
v -4.126964 0.064482 3.396060
v -4.128361 0.110950 3.395786
v -4.131595 0.108880 3.395873
v -4.134272 0.114347 3.395897
v -4.138610 0.118629 3.395967
v -4.144130 0.121211 3.396075
v -4.150178 0.121868 3.396208
v -4.156121 0.120434 3.396352
v -4.161232 0.117167 3.396489
v -4.164991 0.112350 3.396606
v -4.166934 0.106598 3.396688
v -4.166866 0.100501 3.396726
v -4.164797 0.094756 3.396717
v -4.171896 0.086857 2.912589
v -4.178068 0.082906 2.912754
v -4.175756 0.091574 2.912645
v -4.177825 0.097320 2.912654
v -4.177892 0.103417 2.912616
v -4.175951 0.109169 2.912534
v -4.172191 0.113986 2.912417
v -4.167080 0.117252 2.912280
v -4.161137 0.118686 2.912136
v -4.155088 0.118029 2.912004
v -4.149569 0.115448 2.911895
v -4.145231 0.111166 2.911825
v -4.142553 0.105698 2.911801
v -4.139319 0.107768 2.911714
v -4.137922 0.061301 2.911988
v -0.387934 0.415987 6.329449
v -0.419455 0.417296 6.712821
v -0.412787 0.195885 6.714126
v -0.381266 0.194577 6.330753
v -0.408122 0.415383 6.329910
v -0.544302 0.375850 0.314663
v -0.524572 0.376321 0.294009
v -4.201929 0.266065 0.377986
v -0.526986 0.413329 0.236966
v -4.204343 0.303075 0.320944
v -0.532593 0.373992 -0.060298
v -0.532822 0.381543 -0.060342
v -0.532989 0.404013 -0.038146
v -0.529186 0.405117 0.129799
v -0.527811 0.393799 0.175212
v -0.527727 0.413114 0.204235
v -0.525925 0.152582 -0.058994
v -0.451293 0.249123 3.335925
v -0.453489 0.322080 3.335495
v -0.443379 0.325015 3.782030
v -0.439921 0.326019 3.934799
v -0.438106 0.326546 4.014956
v -0.435910 0.253589 4.015386
v -0.992256 0.143166 0.726571
v -4.203282 0.042327 0.024984
v -4.209950 0.263737 0.023680
v -4.210179 0.271289 0.023635
v -4.065291 0.305732 6.413426
v -4.058623 0.084322 6.414731
v -4.045107 0.306338 6.412966
v -4.016454 0.309451 6.794964
v -3.996804 0.310014 6.790320
v -3.889391 0.315418 7.157973
v -3.871135 0.315915 7.149357
v -3.689658 0.323366 7.486640
v -3.673597 0.323777 7.474376
v -3.425981 0.332957 7.766522
v -3.412815 0.333261 7.751195
v -3.109887 0.343765 7.985448
v -3.100189 0.343956 7.967759
v -2.755191 0.355322 8.133856
v -2.749387 0.355383 8.114503
v -2.377391 0.367120 8.205236
v -2.375738 0.367052 8.185102
v -1.995568 0.378452 8.176420
v -1.993001 0.378646 8.196459
v -1.625496 0.389078 8.088838
v -1.618823 0.389393 8.107905
v -1.281695 0.398477 7.926232
v -1.271209 0.398893 7.943460
v -0.979195 0.406229 7.695621
v -0.965350 0.406730 7.710330
v -0.731214 0.411999 7.407182
v -0.714611 0.412565 7.418701
v -0.548584 0.415534 7.073482
v -0.529957 0.416139 7.081255
v -0.439294 0.416677 6.709079
v -0.998924 0.364577 0.725267
v -4.181288 0.266804 0.397718
v -3.581430 0.320240 6.402377
v -3.594580 0.316422 5.821490
v -3.655951 0.298606 3.110689
v -3.666910 0.295425 2.626617
v -3.708554 0.283335 0.787145
v -2.498898 0.319604 0.759521
v -2.208580 0.328308 0.752891
v -2.199917 0.337138 0.761366
v -1.007702 0.372879 0.734140
v -2.166936 0.340398 2.592363
v -2.158667 0.349113 2.583389
v -0.957279 0.376666 2.564739
v -0.966452 0.384854 2.556164
v -1.019311 0.375711 0.746177
v -0.978595 0.387531 2.544629
v -2.187962 0.340671 0.772864
v -2.147246 0.352491 2.571316
v -0.989933 0.384176 2.533722
v -2.136238 0.349808 2.559899
v -1.030142 0.372503 0.757629
v -2.176448 0.338135 0.783806
v -2.126859 0.341356 2.550403
v -2.119301 0.334550 2.542756
v -2.158747 0.323098 0.800365
v -2.166646 0.329806 0.792979
v -0.999210 0.375167 2.524652
v -1.006687 0.367905 2.517348
v -1.038997 0.363617 0.767228
v -1.046133 0.356455 0.774956
v -1.054151 0.356265 0.783350
v -1.015076 0.367609 2.509329
v -2.111287 0.334741 2.534362
v -1.019761 0.364271 2.504773
v -2.106619 0.331682 2.529593
v -1.058624 0.352990 0.788156
v -2.150362 0.323397 0.808384
v -2.145483 0.320401 0.812976
v -2.100718 0.317800 2.523941
v -2.139328 0.306592 0.818537
v -1.025074 0.350051 2.499377
v -1.063683 0.338843 0.793974
v -2.126800 0.295949 0.830261
v -1.075005 0.327484 0.806242
v -2.088731 0.307000 2.511804
v -1.036936 0.338535 2.487785
v -1.088001 0.326459 0.819879
v -1.050536 0.337334 2.474764
v -2.113156 0.295726 0.843290
v -2.075691 0.306602 2.498175
v -1.062199 0.330321 2.463465
v -2.064156 0.300277 2.486346
v -1.099140 0.319597 0.831785
v -2.101096 0.289553 0.854666
v -2.056564 0.289368 2.478817
v -2.093168 0.278742 0.861987
v -1.069458 0.318962 2.456275
v -1.106062 0.308336 0.839445
v -1.107309 0.295060 0.841250
v -2.091045 0.265566 0.863715
v -1.070781 0.305663 2.454703
v -1.104951 0.216738 0.841712
v -1.068423 0.227342 2.455165
v -2.088687 0.187244 0.864176
v -2.054518 0.276170 2.477168
v -2.052160 0.197848 2.477629
v -1.107385 0.225949 2.417918
v -1.128652 0.219775 1.478522
v -1.119033 0.222567 1.903411
v -1.116476 0.223309 2.016341
v -1.107959 0.245002 2.417806
v -1.117051 0.242363 2.016228
v -1.474656 0.214937 2.426306
v -1.475230 0.233990 2.426193
v -1.577938 0.211841 2.428664
v -1.966523 0.200191 2.437538
v -2.016283 0.198346 2.378638
v -2.025902 0.195554 1.953748
v -2.028458 0.194812 1.840819
v -2.038078 0.192019 1.415930
v -2.040635 0.191277 1.303000
v -2.049726 0.188638 0.901422
v -1.682456 0.199649 0.893035
v -1.579176 0.202746 0.890677
v -1.190588 0.214394 0.881803
v -1.140828 0.216240 0.940703
v -1.131209 0.219033 1.365592
v -2.016857 0.217399 2.378525
v -1.131783 0.238086 1.365480
v -2.026476 0.214607 1.953636
v -1.141402 0.235294 0.940591
v -2.029033 0.213865 1.840707
v -1.191162 0.233449 0.881691
v -2.038652 0.211072 1.415817
v -1.579750 0.221800 0.890565
v -2.041209 0.210330 1.302887
v -1.683030 0.218703 0.892923
v -2.050300 0.207691 0.901310
v -1.129226 0.238828 1.478410
v -1.967097 0.219245 2.437426
v -1.119607 0.241621 1.903299
v -1.578512 0.230895 2.428552
v -0.871799 0.401481 6.340499
v -0.895023 0.402445 6.622966
v -0.903817 0.410690 6.621318
v -0.880704 0.409728 6.340189
v -0.976447 0.401591 6.894482
v -0.984717 0.409840 6.891068
v -1.112507 0.398957 7.143106
v -1.119906 0.407224 7.138109
v -1.297263 0.394659 7.357986
v -1.303474 0.402955 7.351627
v -1.522632 0.388885 7.529786
v -1.527403 0.397216 7.522288
v -1.778770 0.381885 7.650957
v -1.781895 0.390259 7.642696
v -2.050956 0.374067 7.715329
v -2.042815 0.382767 7.704409
v -2.083648 0.364576 6.271309
v -2.075069 0.373404 6.279714
v -0.873991 0.400844 6.243685
v -0.882690 0.409152 6.252484
v -0.892480 0.412483 6.339827
v -0.894188 0.411987 6.264396
v -0.915443 0.413433 6.619123
v -0.995638 0.412593 6.886530
v -1.129648 0.410000 7.131409
v -1.311617 0.405766 7.343059
v -1.533592 0.400079 7.512264
v -1.785868 0.393184 7.631593
v -2.031563 0.386125 7.689716
v -2.063226 0.376933 6.291092
v -0.904915 0.408780 6.275757
v -2.051819 0.374393 6.301949
v -0.903472 0.409199 6.339526
v -0.926292 0.410146 6.617063
v -1.005821 0.409313 6.882244
v -1.138714 0.406742 7.125075
v -1.319165 0.402543 7.334976
v -1.539286 0.396902 7.502765
v -1.789458 0.390064 7.621092
v -2.020717 0.383423 7.675798
v -2.042110 0.366059 6.311012
v -2.034289 0.359349 6.318316
v -2.004029 0.368133 7.654926
v -2.011474 0.374953 7.664241
v -0.913686 0.399894 6.285244
v -0.920749 0.392735 6.292887
v -0.912462 0.400249 6.339292
v -0.919702 0.393039 6.339122
v -0.935163 0.401190 6.615378
v -0.942309 0.393976 6.614062
v -1.014133 0.400365 6.878715
v -1.020826 0.393155 6.875863
v -1.146093 0.397810 7.119848
v -1.152036 0.390618 7.115605
v -1.325274 0.393640 7.328270
v -1.330198 0.386471 7.322860
v -1.543851 0.388038 7.494880
v -1.547532 0.380901 7.488489
v -1.792268 0.381250 7.612367
v -1.794534 0.374150 7.605333
v -1.797235 0.374024 7.597615
v -1.551775 0.380732 7.481530
v -1.335805 0.386266 7.316887
v -1.158755 0.390385 7.110954
v -1.028368 0.392909 6.872680
v -0.950339 0.393729 6.612530
v -0.927838 0.392790 6.338889
v -0.928691 0.392543 6.301230
v -2.025979 0.359645 6.326288
v -0.933124 0.389271 6.305966
v -2.021147 0.356650 6.330812
v -0.932382 0.389486 6.338746
v -0.954822 0.390418 6.611699
v -1.032571 0.389603 6.870928
v -1.162489 0.387089 7.108315
v -1.338903 0.382985 7.313508
v -1.554100 0.377471 7.477563
v -1.798676 0.370785 7.593245
v -1.996131 0.368309 7.644678
v -1.991533 0.365247 7.638874
v -2.015045 0.342839 6.336333
v -1.985713 0.351354 7.631968
v -0.938132 0.375126 6.311740
v -0.937522 0.375303 6.338688
v -0.959890 0.376231 6.610725
v -1.037302 0.375422 6.868840
v -1.166659 0.372916 7.105222
v -1.342312 0.368833 7.309560
v -1.556579 0.363341 7.472868
v -1.800102 0.356683 7.588068
v -1.973898 0.340532 7.617166
v -1.803694 0.345417 7.576897
v -2.002632 0.332190 6.347945
v -0.949338 0.363767 6.323891
v -0.949010 0.363863 6.338375
v -0.971225 0.364786 6.608578
v -1.047926 0.363983 6.864313
v -1.176090 0.361501 7.098531
v -1.350126 0.357451 7.300963
v -1.562418 0.352013 7.462778
v -1.808058 0.344502 7.564379
v -1.569292 0.351028 7.451422
v -1.961052 0.340110 7.600593
v -1.989119 0.331962 6.360836
v -0.962213 0.362748 6.337385
v -0.962199 0.362752 6.337996
v -0.984246 0.363668 6.606134
v -1.060148 0.362875 6.859219
v -1.186981 0.360419 7.090966
v -1.359206 0.356413 7.291298
v -1.575092 0.344197 7.441607
v -1.366931 0.349530 7.282937
v -1.811677 0.337729 7.553522
v -1.949686 0.333766 7.586152
v -1.977170 0.325786 6.372123
v -0.962767 0.362404 6.338011
v -0.974449 0.355852 6.349225
v -0.982116 0.344569 6.356833
v -0.983535 0.331287 6.358630
v -0.981177 0.252965 6.359092
v -1.001226 0.253797 6.602931
v -1.003584 0.332119 6.602470
v -1.811585 0.234944 7.545538
v -1.576716 0.241363 7.434463
v -1.370060 0.246661 7.276934
v -1.200649 0.250601 7.079871
v -1.075888 0.253017 6.851869
v -1.813943 0.313266 7.545077
v -1.579074 0.319685 7.434001
v -1.937551 0.231328 7.575415
v -1.937824 0.231318 7.575421
v -1.940182 0.309641 7.574959
v -1.967211 0.301795 6.381094
v -1.964852 0.223472 6.381555
v -1.883292 0.225920 6.379693
v -1.883866 0.244974 6.379580
v -1.965153 0.242535 6.381436
v -1.964579 0.223481 6.381549
v -1.969316 0.314971 6.379376
v -1.002333 0.345410 6.602736
v -0.995399 0.356721 6.604029
v -1.077096 0.344624 6.851980
v -1.078246 0.331339 6.851408
v -1.070606 0.355933 6.854772
v -1.196281 0.353499 7.084435
v -1.202030 0.342208 7.080291
v -1.371668 0.338262 7.277627
v -1.578602 0.332956 7.435353
v -1.813788 0.326529 7.546588
v -1.942203 0.322841 7.576978
v -1.372420 0.324980 7.276473
v -1.203011 0.328925 7.079409
v -1.395548 0.245865 7.272597
v -1.567488 0.241459 7.403629
v -1.890421 0.226574 6.527631
v -1.600362 0.240595 7.424668
v -1.795837 0.235251 7.517148
v -1.832457 0.234232 7.530951
v -1.919035 0.231744 7.551424
v -1.961928 0.224251 6.498641
v -1.936942 0.224967 6.492350
v -1.923250 0.225714 6.549469
v -1.923093 0.225719 6.549198
v -1.914658 0.225537 6.475176
v -1.897260 0.225905 6.448885
v -1.600936 0.259649 7.424556
v -1.923667 0.244773 6.549086
v -1.923824 0.244768 6.549357
v -1.919609 0.250798 7.551312
v -1.833031 0.253285 7.530839
v -1.796410 0.254305 7.517036
v -1.886452 0.226035 6.415955
v -1.862710 0.227251 6.500456
v -1.367838 0.246543 7.245421
v -1.226887 0.249821 7.081461
v -1.205441 0.250278 7.049434
v -1.101615 0.252287 6.859702
v -1.087206 0.252514 6.824174
v -1.025056 0.253163 6.616975
v -1.018144 0.253150 6.579444
v -1.001630 0.252463 6.378626
v -1.811658 0.228178 6.397125
v -1.002204 0.271517 6.378514
v -1.812232 0.247232 6.397013
v -1.018719 0.272204 6.579332
v -1.827188 0.227919 6.432678
v -1.087780 0.271568 6.824062
v -1.025629 0.272217 6.616862
v -1.827762 0.246973 6.432566
v -1.841404 0.227702 6.468278
v -1.102189 0.271341 6.859590
v -1.841978 0.246756 6.468166
v -1.206015 0.269332 7.049322
v -1.227461 0.268875 7.081349
v -1.863284 0.246305 6.500344
v -1.368412 0.265596 7.245309
v -1.396122 0.264920 7.272484
v -1.890993 0.245631 6.527519
v -1.568063 0.260513 7.403517
v -1.887024 0.245092 6.415843
v -1.897834 0.244959 6.448772
v -1.915232 0.244590 6.475064
v -1.937516 0.244020 6.492238
v -1.962503 0.243305 6.498528
v -0.884950 0.397663 5.759613
v -0.946321 0.379847 3.048811
v -2.155977 0.343579 3.076435
v -2.203290 0.152627 0.753926
v -2.161646 0.164716 2.593398
v -0.993633 0.188895 0.726302
v -0.951989 0.200985 2.565774
v -0.950611 0.155256 2.566044
v -1.077416 0.196501 2.445872
v -1.113505 0.186024 0.851805
v -2.041771 0.167586 2.467895
v -2.160268 0.118987 2.593668
v -2.077859 0.157109 0.873828
v -2.201912 0.106898 0.754195
v -1.930653 0.115031 0.748001
v -2.492229 0.098193 0.760825
v -2.882892 0.086480 0.769746
v -3.701886 0.061925 0.788449
v -3.660242 0.074014 2.627922
v -3.649283 0.077196 3.111993
v -3.587912 0.095011 5.822794
v -3.574761 0.098829 6.403681
v -3.682990 0.101956 7.487945
v -3.882724 0.094004 7.159277
v -4.009791 0.088031 6.796268
v -3.419312 0.111546 7.767826
v -3.445148 0.105965 6.952314
v -3.297977 0.111824 7.194470
v -3.103219 0.122355 7.986753
v -3.103691 0.118891 7.400694
v -2.870777 0.126853 7.562028
v -2.748522 0.133911 8.135160
v -2.609423 0.135371 7.671383
v -2.370723 0.145709 8.206541
v -2.334605 0.143952 7.723263
v -2.044288 0.152657 7.716633
v -1.986334 0.157236 8.197762
v -1.772102 0.160474 7.652262
v -1.612154 0.167982 8.109210
v -1.515964 0.167475 7.531090
v -1.290595 0.173249 7.359290
v -1.264540 0.177483 7.944764
v -1.105839 0.177546 7.144410
v -0.958682 0.185320 7.711634
v -0.969779 0.180180 6.895787
v -0.888355 0.181035 6.624270
v -0.865131 0.180071 6.341803
v -0.707943 0.191154 7.420005
v -0.523288 0.194729 7.082560
v -0.956220 0.144074 2.560428
v -0.997602 0.132061 0.732581
v -2.154258 0.108155 2.587787
v -2.195639 0.096142 0.759940
v -1.008818 0.127405 0.744486
v -2.183636 0.092181 0.771314
v -0.967962 0.139266 2.549105
v -2.142781 0.104041 2.575934
v -2.171895 0.096990 0.782638
v -2.131565 0.108697 2.564029
v -1.020295 0.131518 0.756339
v -0.979966 0.143226 2.537731
v -2.126219 0.119803 2.558019
v -0.986235 0.153980 2.531986
v -2.166285 0.108171 0.788253
v -1.026302 0.142349 0.762220
v -0.998930 0.166530 2.520151
v -1.038451 0.155057 0.774451
v -2.114854 0.133072 2.545635
v -2.154375 0.121599 0.799935
v -1.053198 0.164439 0.789528
v -2.139541 0.131868 0.814336
v -1.014347 0.175718 2.505635
v -2.100690 0.143146 2.530443
v -2.122652 0.138374 0.830619
v -2.084556 0.149432 2.513328
v -1.069688 0.169942 0.806573
v -1.031592 0.181001 2.489283
v -2.067391 0.151571 2.495291
v -1.049661 0.182083 2.472050
v -2.104688 0.140743 0.847831
v -1.086959 0.171255 0.824590
v -1.059006 0.174559 2.462956
v -1.095880 0.163855 0.834196
v -2.058035 0.144607 2.485770
v -2.094909 0.133902 0.857010
v -1.107351 0.165113 0.846147
v -2.083002 0.135861 0.868428
v -1.071006 0.175664 2.451520
v -2.046657 0.146412 2.473800
v -2.078738 0.141670 0.872637
v -2.077449 0.143425 0.873908
v -2.041361 0.153901 2.467975
v -2.042590 0.152164 2.469326
v -1.111758 0.170661 0.850555
v -1.113091 0.172338 0.851886
v -1.075611 0.181155 2.447245
v -1.077003 0.182815 2.445953
v -2.149309 0.122168 3.077739
v -2.087938 0.139984 5.788540
v -2.076980 0.143166 6.272613
v -2.450585 0.110283 2.600297
v -2.493608 0.143923 0.760555
v -2.451963 0.156012 2.600028
v -2.497579 0.087090 0.766835
v -2.456198 0.099103 2.594682
v -3.695613 0.051169 0.794194
v -3.654232 0.063182 2.622041
v -2.467936 0.094293 2.583359
v -3.642755 0.059069 2.610188
v -2.508791 0.082433 0.778740
v -3.683609 0.047209 0.805568
v -3.631542 0.063726 2.598283
v -3.671871 0.052018 0.816891
v -2.479940 0.098253 2.571985
v -2.520269 0.086545 0.790593
v -3.666259 0.063199 0.822507
v -2.526278 0.097378 0.796474
v -3.626192 0.074831 2.592273
v -2.486212 0.109010 2.566240
v -2.538425 0.110084 0.808705
v -2.498904 0.121557 2.554405
v -3.654349 0.076626 0.834189
v -3.614828 0.088099 2.579888
v -2.514320 0.130745 2.539889
v -3.600664 0.098174 2.564697
v -2.553172 0.119467 0.823782
v -3.639515 0.086895 0.848590
v -3.584530 0.104460 2.547582
v -3.622626 0.093400 0.864873
v -2.531569 0.136030 2.523536
v -2.569664 0.124971 0.840827
v -3.604662 0.095770 0.882085
v -2.586932 0.126282 0.858844
v -3.567365 0.106597 2.529545
v -2.549635 0.137110 2.506304
v -2.595854 0.118881 0.868450
v -2.558980 0.129586 2.497210
v -3.594882 0.088929 0.891264
v -3.558008 0.099634 2.520024
v -2.570980 0.130691 2.485774
v -3.546634 0.101441 2.508054
v -2.607324 0.120140 0.880401
v -3.582978 0.090890 0.902682
v -3.542564 0.107191 2.503581
v -3.541335 0.108929 2.502229
v -3.577423 0.098452 0.908162
v -3.578712 0.096697 0.906891
v -2.575584 0.136183 2.481498
v -2.576977 0.137842 2.480207
v -2.611732 0.125689 0.884809
v -2.613065 0.127365 0.886140
v -3.577837 0.112139 0.908081
v -2.613478 0.141052 0.886059
v -3.541748 0.122615 2.502149
v -2.577390 0.151528 2.480126
v -3.661619 0.119744 2.627652
v -2.439626 0.113464 3.084369
v -2.802559 0.102582 3.092657
v -3.643010 0.066440 3.117738
v -2.444975 0.102361 3.090379
v -3.581903 0.084179 5.816895
v -2.378256 0.131280 5.795170
v -2.383868 0.120100 5.789536
v -2.456188 0.097704 3.102284
v -2.395606 0.115290 5.778241
v -3.631006 0.062480 3.129113
v -3.570425 0.080066 5.805068
v -2.407610 0.119251 5.766854
v -3.559212 0.084724 5.793152
v -2.467666 0.101816 3.114137
v -3.619268 0.067290 3.140435
v -3.553862 0.095828 5.787161
v -3.613655 0.078470 3.146051
v -2.413882 0.130007 5.761128
v -2.473675 0.112649 3.120018
v -3.601746 0.091897 3.157733
v -2.485822 0.125355 3.132249
v -3.542498 0.109097 5.774765
v -2.426574 0.142555 5.749282
v -2.500568 0.134737 3.147326
v -2.441990 0.151742 5.734774
v -3.586912 0.102166 3.172134
v -3.528334 0.119171 5.759582
v -2.459239 0.157028 5.718425
v -3.512200 0.125457 5.742470
v -2.517061 0.140242 3.164371
v -3.570022 0.108671 3.188417
v -3.495035 0.127595 5.724411
v -3.552059 0.111040 3.205629
v -2.477305 0.158108 5.701169
v -2.534329 0.141554 3.182388
v -3.542279 0.104200 3.214808
v -2.543251 0.134153 3.191994
v -3.485679 0.120631 5.714902
v -2.486650 0.150584 5.692088
v -2.554721 0.135411 3.203946
v -2.498650 0.151688 5.680643
v -3.530375 0.106161 3.226226
v -3.474305 0.122438 5.702923
v -2.503255 0.157180 5.676364
v -2.504647 0.158839 5.675088
v -3.469005 0.129926 5.697110
v -3.470235 0.128188 5.698446
v -2.559129 0.140960 3.208353
v -2.560462 0.142636 3.209684
v -3.526109 0.111968 3.230435
v -3.524819 0.113723 3.231706
v -3.469419 0.143613 5.697030
v -3.525233 0.127409 3.231626
v -2.505060 0.172526 5.675007
v -2.560875 0.156323 3.209603
v -2.441004 0.159193 3.084100
v -2.379633 0.177009 5.794901
v -2.367297 0.134462 6.279243
v -2.730230 0.123579 6.287531
v -3.576953 0.098192 6.306867
v -3.578331 0.143922 6.306598
v -3.576139 0.144559 6.403412
v -3.483947 0.135839 6.396577
v -3.570680 0.087437 6.312631
v -3.568627 0.088033 6.403308
v -2.372645 0.123358 6.285272
v -2.340248 0.132763 7.716294
v -2.607412 0.124418 7.665840
v -2.867640 0.115940 7.556957
v -3.099549 0.108009 7.396325
v -3.292999 0.100977 7.190996
v -3.439535 0.095142 6.949855
v -3.538775 0.101568 6.684796
v -3.532757 0.090765 6.683510
v -3.556900 0.083992 6.402459
v -3.521260 0.086706 6.680874
v -3.558677 0.083477 6.323978
v -2.383859 0.118701 6.297151
v -2.352048 0.127935 7.702255
v -2.603926 0.120069 7.654654
v -2.861901 0.111662 7.546748
v -3.091800 0.103802 7.387520
v -3.283581 0.096826 7.183908
v -3.428849 0.091043 6.944912
v -3.510033 0.091419 6.678147
v -3.418425 0.095721 6.939878
v -3.545439 0.088722 6.401558
v -3.546938 0.088287 6.335313
v -2.395336 0.122813 6.309015
v -2.364113 0.131878 7.688161
v -2.600700 0.124488 7.643455
v -2.856426 0.116158 7.536451
v -3.084320 0.108363 7.378625
v -3.274425 0.101450 7.176805
v -3.413470 0.106829 6.937328
v -3.270104 0.112537 7.173203
v -3.504677 0.102549 6.676733
v -3.539964 0.099863 6.401055
v -3.541326 0.099467 6.340909
v -2.401346 0.133647 6.314877
v -2.370418 0.142626 7.681026
v -2.599353 0.135473 7.637784
v -2.853949 0.127181 7.531288
v -3.080840 0.119422 7.374125
v -3.260870 0.125773 7.165813
v -3.073340 0.132594 7.364870
v -3.402925 0.120118 6.932045
v -3.493295 0.115874 6.673871
v -3.528341 0.113207 6.400095
v -3.529417 0.112895 6.352602
v -2.413492 0.146353 6.327119
v -2.383173 0.155154 7.666358
v -2.596267 0.148502 7.626111
v -2.848532 0.140281 7.520592
v -3.063932 0.142545 7.353531
v -2.841682 0.150146 7.507481
v -3.249330 0.135801 7.156714
v -3.389770 0.130211 6.925654
v -3.479108 0.126018 6.670394
v -3.513860 0.123373 6.398899
v -3.514583 0.123163 6.366997
v -2.428239 0.155735 6.342188
v -2.398668 0.164319 7.648382
v -2.592283 0.158270 7.611808
v -2.833795 0.156200 7.492694
v -2.587637 0.164219 7.595684
v -3.053164 0.148699 7.340776
v -3.236155 0.142042 7.146497
v -3.374769 0.136525 6.918447
v -3.462952 0.132384 6.666477
v -3.497369 0.129763 6.397606
v -3.497693 0.129669 6.383276
v -2.444732 0.161239 6.359230
v -2.416006 0.169578 7.628108
v -2.582596 0.165996 7.578701
v -2.434165 0.170631 7.606735
v -2.825338 0.158089 7.477160
v -3.041663 0.150691 7.327307
v -3.222112 0.144129 7.135754
v -3.358804 0.138687 6.910825
v -3.445761 0.134605 6.662413
v -3.483817 0.131500 6.396603
v -3.479825 0.132010 6.396280
v -3.479285 0.132050 6.400501
v -2.461999 0.162551 6.377270
v -3.479729 0.132038 6.400511
v -2.443560 0.163093 7.595442
v -2.470921 0.155150 6.386864
v -2.579677 0.158841 7.569719
v -2.820606 0.150991 7.468938
v -3.035316 0.143651 7.320231
v -3.214417 0.137136 7.130096
v -3.350084 0.131736 6.906860
v -3.436393 0.127682 6.660263
v -3.468476 0.125240 6.409644
v -2.482391 0.156408 6.398823
v -3.455274 0.127242 6.421040
v -2.488132 0.163634 6.404550
v -3.449095 0.134820 6.426495
v -2.486799 0.161957 6.403234
v -2.488546 0.177320 6.404469
v -3.449507 0.148509 6.426414
v -3.452904 0.148407 6.426492
v -3.452490 0.134721 6.426572
v -2.461649 0.171321 7.574364
v -2.462062 0.185008 7.574283
v -2.574934 0.167783 7.552964
v -2.575347 0.181469 7.552883
v -2.812499 0.160042 7.453593
v -2.812911 0.173732 7.453512
v -3.024209 0.152803 7.306952
v -3.024621 0.166492 7.306872
v -3.200812 0.146379 7.119469
v -3.201224 0.160069 7.119389
v -3.334586 0.141055 6.899354
v -3.335000 0.154741 6.899273
v -3.419690 0.137059 6.656200
v -3.420102 0.150748 6.656119
v -3.453222 0.134508 6.394249
v -3.453635 0.148194 6.394169
v -3.540151 0.147300 6.684526
v -3.446525 0.151694 6.952045
v -3.299355 0.157553 7.194201
v -3.105068 0.164620 7.400425
v -2.872155 0.172582 7.561759
v -2.610801 0.181099 7.671113
v -2.335983 0.189681 7.722993
v -3.110359 0.340301 7.399390
v -3.304646 0.333234 7.193166
v -2.877445 0.348263 7.560724
v -2.616091 0.356781 7.670079
v -2.341273 0.365362 7.721959
v -0.889733 0.226764 6.624001
v -0.971155 0.225913 6.895517
v -0.866509 0.225800 6.341534
v -1.010943 0.222979 6.601103
v -0.958222 0.211567 6.338899
v -0.989304 0.222080 6.337893
v -0.991964 0.222191 6.370294
v -1.084956 0.222203 6.847891
v -1.208630 0.219810 7.073885
v -1.376566 0.215903 7.269237
v -1.581421 0.210654 7.425389
v -1.814244 0.204289 7.535503
v -1.926443 0.201066 7.562052
v -1.952927 0.193378 6.392238
v -0.988572 0.222292 6.370216
v -0.867323 0.179434 6.244988
v -1.777987 0.152129 6.265785
v -0.870615 0.168926 6.341695
v -0.872668 0.168329 6.251018
v -0.893767 0.169887 6.623245
v -0.974838 0.169040 6.893571
v -1.110313 0.166419 7.141152
v -1.294270 0.162136 7.355099
v -1.518670 0.156385 7.526152
v -1.773701 0.149416 7.646801
v -2.038309 0.141815 7.709399
v -2.070706 0.132410 6.278377
v -0.883885 0.163674 6.262896
v -2.058703 0.128449 6.289725
v -0.882108 0.164189 6.341376
v -0.905108 0.165143 6.621130
v -0.985478 0.164304 6.889115
v -1.119780 0.161704 7.134495
v -1.302145 0.157458 7.346651
v -1.524601 0.151760 7.516210
v -1.777430 0.144850 7.635780
v -2.026893 0.137684 7.694829
v -2.046961 0.133258 6.301059
v -2.015738 0.142322 7.680206
v -0.895363 0.167787 6.274760
v -0.893863 0.168222 6.341005
v -0.916713 0.169173 6.618925
v -0.996381 0.168338 6.884568
v -1.129512 0.165760 7.127824
v -1.310284 0.161555 7.338113
v -1.530800 0.155901 7.506178
v -1.781419 0.149054 7.624745
v -2.010424 0.153419 7.672805
v -1.783679 0.159931 7.619156
v -2.041352 0.144440 6.306656
v -0.901369 0.178617 6.280622
v -0.900007 0.179013 6.340768
v -0.922786 0.179960 6.617772
v -1.002101 0.179130 6.882261
v -1.134646 0.176563 7.124436
v -1.314624 0.172375 7.333792
v -1.534165 0.166749 7.501149
v -1.788069 0.172733 7.607655
v -1.540840 0.179490 7.490729
v -1.999124 0.166669 7.657588
v -2.029443 0.157867 6.318348
v -0.913519 0.191325 6.292865
v -0.912444 0.191637 6.340357
v -0.935064 0.192576 6.615450
v -1.013657 0.191752 6.877483
v -1.144983 0.189214 7.117494
v -1.323309 0.185062 7.324906
v -1.548860 0.188907 7.477958
v -1.333804 0.194416 7.314022
v -1.793279 0.182227 7.593561
v -1.985038 0.176720 7.638936
v -2.014609 0.168136 6.332743
v -0.928266 0.200708 6.307934
v -0.927543 0.200918 6.339837
v -0.949975 0.201845 6.612638
v -1.027669 0.201033 6.871713
v -1.157507 0.198520 7.108945
v -1.345494 0.199898 7.301780
v -1.171483 0.203943 7.099348
v -1.557758 0.194457 7.463555
v -1.799002 0.187865 7.577674
v -1.968993 0.182981 7.617899
v -1.997719 0.174642 6.349022
v -0.944755 0.206210 6.324975
v -0.944431 0.206304 6.339306
v -0.966647 0.207228 6.609471
v -1.043334 0.206426 6.865206
v -1.186101 0.205173 7.089259
v -1.059730 0.207617 6.858323
v -1.357697 0.201179 7.288852
v -1.567015 0.195818 7.448425
v -1.804911 0.189313 7.560942
v -1.951921 0.185091 7.595723
v -1.979755 0.177011 6.366257
v -0.958094 0.207225 6.338925
v -0.962026 0.207523 6.343016
v -0.962469 0.207511 6.343027
v -0.987986 0.206744 6.343609
v -0.984106 0.208408 6.606198
v -0.962121 0.207496 6.338785
v -1.068189 0.200152 6.854750
v -0.993131 0.200937 6.604468
v -1.193614 0.197723 7.083949
v -1.363931 0.193762 7.282063
v -1.571685 0.188437 7.440418
v -1.807803 0.181986 7.552093
v -1.942615 0.178114 7.584002
v -1.969976 0.170171 6.375424
v -0.984059 0.201254 6.350916
v -0.972426 0.200078 6.352643
v -0.970947 0.200123 6.352610
v -0.972426 0.200078 6.352643
v -1.004730 0.202111 6.602282
v -0.985188 0.201300 6.364633
v -1.010532 0.209289 6.601184
v -0.991552 0.208502 6.370374
v -1.009186 0.207628 6.601470
v -0.988890 0.208394 6.337974
v -1.084542 0.208517 6.847971
v -1.208218 0.206121 7.073966
v -1.376154 0.202214 7.269317
v -1.581009 0.196965 7.425470
v -1.813830 0.190603 7.535583
v -1.926033 0.187382 7.562132
v -1.952517 0.179693 6.392319
v -0.988159 0.208606 6.370296
v -1.107214 0.223279 7.144141
v -1.291971 0.218982 7.359021
v -1.517341 0.213203 7.530820
v -1.773478 0.206206 7.651992
v -2.045666 0.198386 7.716364
v -2.078357 0.188895 6.272344
v -0.868701 0.225164 6.244719
v -0.878282 0.176253 5.760916
v -0.939652 0.158437 3.050115
v -1.850317 0.131132 3.070911
v -0.941030 0.204166 3.049846
v -2.150687 0.167898 3.077470
v -0.944998 0.147332 3.056125
v -2.143036 0.111413 3.083484
v -0.883891 0.165071 5.755282
v -2.081929 0.129152 5.782641
v -2.131033 0.107452 3.094859
v -2.070451 0.125039 5.770815
v -0.956214 0.142676 3.068030
v -0.895633 0.160263 5.743986
v -2.059236 0.129695 5.758899
v -0.907637 0.164224 5.732600
v -2.119291 0.112261 3.106181
v -0.967692 0.146789 3.079883
v -0.913905 0.174978 5.726874
v -0.973698 0.157620 3.085764
v -2.053889 0.140800 5.752907
v -2.113682 0.123442 3.111797
v -0.985848 0.170328 3.097996
v -2.101772 0.136870 3.123479
v -0.926600 0.187527 5.715028
v -2.042525 0.154069 5.740511
v -2.086938 0.147138 3.137880
v -2.028360 0.164143 5.725328
v -1.000595 0.179711 3.113072
v -0.942017 0.196716 5.700520
v -2.012227 0.170430 5.708217
v -0.959263 0.201999 5.684170
v -2.070048 0.153644 3.154163
v -1.017084 0.185213 3.130118
v -0.977332 0.203080 5.666916
v -1.034355 0.186526 3.148134
v -1.995061 0.172568 5.690157
v -2.052085 0.156014 3.171376
v -1.043277 0.179126 3.157740
v -2.042305 0.149173 3.180554
v -0.986677 0.195557 5.657834
v -1.985705 0.165604 5.680648
v -2.030398 0.151132 3.191972
v -1.974327 0.167410 5.668670
v -1.054747 0.180384 3.169692
v -0.998676 0.196661 5.646389
v -1.970261 0.173161 5.664193
v -1.969031 0.174899 5.662857
v -1.004673 0.203812 5.640834
v -1.003281 0.202153 5.642110
v -2.026135 0.156941 3.196181
v -2.024846 0.158696 3.197452
v -1.059155 0.185933 3.174099
v -1.060488 0.187609 3.175430
v -1.005087 0.217499 5.640754
v -1.060902 0.201295 3.175349
v -1.969441 0.188583 5.662776
v -2.025256 0.172380 3.197372
v -2.089316 0.185714 5.788271
v -0.879659 0.221982 5.760647
v -2.094607 0.361395 5.787237
v -0.955098 0.388150 3.057685
v -0.894123 0.405851 5.751034
v -2.147313 0.352409 3.084911
v -2.086338 0.370110 5.778260
v -0.906265 0.408529 5.739506
v -2.074917 0.373489 5.766194
v -0.966708 0.390982 3.069721
v -2.135358 0.355942 3.096409
v -2.063908 0.370805 5.754788
v -2.123844 0.353405 3.107350
v -0.917603 0.405173 5.728611
v -0.977539 0.387774 3.081173
v -2.114043 0.345076 3.116523
v -2.106144 0.338370 3.123909
v -0.993530 0.371725 3.098501
v -0.986394 0.378887 3.090772
v -2.054530 0.362353 5.745288
v -2.046972 0.355547 5.737611
v -0.926881 0.396164 5.719537
v -0.934358 0.388903 5.712203
v -1.001548 0.371536 3.106894
v -2.097759 0.338669 3.131928
v -2.038958 0.355739 5.729228
v -0.942747 0.388606 5.704195
v -1.006020 0.368260 3.111701
v -0.947431 0.385269 5.699632
v -2.092879 0.335672 3.136520
v -2.034290 0.352680 5.724452
v -0.952745 0.371049 5.694240
v -2.028389 0.338797 5.718803
v -1.011080 0.354114 3.117518
v -2.086724 0.321862 3.142081
v -2.016402 0.327997 5.706666
v -2.074197 0.311219 3.153805
v -0.964607 0.359533 5.682647
v -1.022401 0.342755 3.129786
v -2.060553 0.310997 3.166834
v -1.035398 0.341729 3.143423
v -2.003361 0.327600 5.693064
v -0.978206 0.358332 5.669653
v -1.046536 0.334868 3.155329
v -0.989870 0.351318 5.658331
v -2.048493 0.304824 3.178210
v -1.991826 0.321274 5.681211
v -0.997129 0.339959 5.651134
v -1.984235 0.310365 5.673676
v -1.053459 0.323607 3.162989
v -2.040565 0.294013 3.185531
v -1.982189 0.297168 5.672038
v -2.038442 0.280837 3.187259
v -0.998452 0.326661 5.649572
v -1.054706 0.310331 3.164795
v -2.036084 0.202515 3.187721
v -1.959887 0.204801 3.185981
v -1.128548 0.229725 3.166996
v -1.052348 0.232009 3.165256
v -1.979831 0.218846 5.672499
v -1.981556 0.218345 5.596267
v -2.034359 0.203016 3.263952
v -0.996094 0.248339 5.650034
v -1.072294 0.246055 5.651774
v -1.903634 0.221131 5.670759
v -1.050622 0.232509 3.241488
v -0.997820 0.247838 5.573802
v -1.611541 0.301519 4.515882
v -1.421045 0.307231 4.511533
v -1.615856 0.300266 4.325303
v -1.425359 0.305979 4.320953
v -2.457253 0.331693 2.598993
v -2.466429 0.339883 2.590418
v -2.507679 0.327908 0.768394
v -3.658641 0.304140 2.617643
v -3.699891 0.292166 0.795620
v -2.519285 0.330738 0.780431
v -3.687936 0.295698 0.807119
v -2.478569 0.342559 2.578882
v -3.647220 0.307518 2.605571
v -3.676421 0.293162 0.818060
v -3.636212 0.304835 2.594153
v -2.530116 0.327530 0.791883
v -2.489906 0.339203 2.567976
v -3.626833 0.296383 2.584657
v -3.619279 0.289579 2.577010
v -2.506661 0.322933 2.551602
v -2.499184 0.330194 2.558905
v -3.666620 0.284833 0.827232
v -3.658725 0.278128 0.834618
v -2.538971 0.318644 0.801481
v -2.546107 0.311482 0.809210
v -2.515050 0.322635 2.543583
v -3.611261 0.289769 2.568616
v -3.650336 0.278425 0.842638
v -2.554125 0.311292 0.817604
v -2.519738 0.319300 2.539027
v -2.558601 0.308018 0.822410
v -3.606596 0.286711 2.563848
v -3.645459 0.275429 0.847230
v -2.563657 0.293870 0.828228
v -3.639301 0.261619 0.852791
v -2.525048 0.305079 2.533631
v -3.600692 0.272827 2.558195
v -3.626773 0.250976 0.864515
v -3.588705 0.262027 2.546058
v -2.574978 0.282511 0.840495
v -2.536910 0.293563 2.522038
v -3.575664 0.261629 2.532429
v -2.550513 0.292364 2.509018
v -3.613129 0.250753 0.877544
v -2.587978 0.281488 0.854133
v -2.562173 0.285347 2.497719
v -2.599113 0.274624 0.866039
v -3.564129 0.255304 2.520600
v -3.601069 0.244580 0.888920
v -2.606036 0.263363 0.873699
v -3.593142 0.233769 0.896241
v -2.569432 0.273989 2.490529
v -3.556538 0.244395 2.513071
v -3.591019 0.220593 0.897969
v -3.554492 0.231198 2.511422
v -2.607282 0.250087 0.875504
v -2.570755 0.260690 2.488957
v -3.552134 0.152875 2.511883
v -2.568397 0.182369 2.489418
v -3.588661 0.142271 0.898430
v -2.604925 0.171765 0.875965
v -2.608721 0.180583 2.392166
v -2.655760 0.179524 2.453278
v -3.044348 0.167876 2.462152
v -3.147628 0.164779 2.464510
v -3.514898 0.153768 2.472897
v -3.523990 0.151128 2.071320
v -3.526546 0.150386 1.958390
v -3.536165 0.147594 1.533501
v -3.538722 0.146852 1.420571
v -3.548341 0.144059 0.995682
v -3.501298 0.145116 0.934571
v -3.112713 0.156766 0.925697
v -3.009431 0.159861 0.923338
v -2.642164 0.170874 0.914951
v -2.618340 0.177790 1.967278
v -2.609295 0.199637 2.392054
v -2.618914 0.196845 1.967165
v -3.539296 0.165905 1.420459
v -2.656334 0.198578 2.453165
v -3.536739 0.166647 1.533388
v -3.044923 0.186930 2.462039
v -3.527120 0.169440 1.958278
v -3.148202 0.183833 2.464398
v -3.524564 0.170182 2.071208
v -3.515472 0.172821 2.472785
v -3.548915 0.163112 0.995570
v -2.620897 0.177048 1.854348
v -3.501873 0.164169 0.934458
v -2.621470 0.196103 1.854236
v -3.113287 0.175820 0.925585
v -2.630516 0.174256 1.429459
v -2.631090 0.193310 1.429347
v -2.633072 0.173513 1.316529
v -3.010005 0.178915 0.923226
v -2.633646 0.192568 1.316417
v -2.642738 0.189929 0.914839
v -3.703264 0.107654 0.788180
v -2.446294 0.334874 3.083065
v -3.647287 0.307436 3.119165
v -2.455075 0.343179 3.091939
v -3.586312 0.325138 5.812513
v -2.384924 0.352690 5.793866
v -2.394100 0.360881 5.785288
v -2.466681 0.346009 3.103975
v -2.406240 0.363556 5.773760
v -3.635332 0.310969 3.130663
v -3.574891 0.328515 5.800448
v -2.417576 0.360200 5.762865
v -3.563882 0.325832 5.789042
v -2.477512 0.342800 3.115427
v -3.623818 0.308433 3.141604
v -3.554503 0.317381 5.779542
v -3.546949 0.310576 5.771865
v -3.606122 0.293399 3.158163
v -3.614017 0.300103 3.150777
v -2.426854 0.351192 5.753791
v -2.434331 0.343930 5.746457
v -2.486368 0.333915 3.125025
v -2.493504 0.326753 3.132755
v -2.501522 0.326563 3.141148
v -2.442721 0.343632 5.738448
v -3.538931 0.310766 5.763482
v -2.447409 0.340297 5.733886
v -3.534267 0.307709 5.758706
v -2.505997 0.323289 3.145955
v -3.597733 0.293696 3.166182
v -3.592856 0.290701 3.170775
v -3.528363 0.293824 5.753057
v -3.586698 0.276890 3.176335
v -2.452718 0.326076 5.728493
v -2.511054 0.309141 3.151772
v -3.574170 0.266247 3.188059
v -2.522375 0.297782 3.164040
v -3.516375 0.283024 5.740920
v -2.464580 0.314560 5.716900
v -2.535375 0.296758 3.177677
v -2.478183 0.313361 5.703907
v -3.560526 0.266024 3.201088
v -3.503334 0.282627 5.727317
v -2.489844 0.306345 5.692585
v -3.491800 0.276301 5.715466
v -2.546510 0.289895 3.189583
v -3.548466 0.259851 3.212464
v -3.484209 0.265393 5.707929
v -3.540539 0.249040 3.219785
v -2.497103 0.294986 5.685388
v -2.553432 0.278633 3.197243
v -2.554679 0.265358 3.199049
v -3.538416 0.235864 3.221513
v -2.498426 0.281688 5.683826
v -2.552321 0.187036 3.199510
v -2.550596 0.187536 3.275741
v -2.497794 0.202865 5.608056
v -2.496068 0.203366 5.684288
v -3.536058 0.157542 3.221975
v -3.459861 0.159828 3.220235
v -2.628522 0.184752 3.201250
v -3.482162 0.252195 5.706291
v -3.479804 0.173872 5.706752
v -3.481530 0.173372 5.630520
v -3.534332 0.158043 3.298206
v -2.572268 0.201082 5.686028
v -3.403607 0.176158 5.705013
v -2.921018 0.262258 4.545786
v -2.925333 0.261005 4.355206
v -3.115829 0.255293 4.359557
v -3.111514 0.256546 4.550137
v -3.589290 0.140741 5.822525
v -3.650661 0.122925 3.111724
v -2.373965 0.355872 6.277938
v -3.583622 0.319603 6.305562
v -3.545444 0.322978 6.683492
v -3.451816 0.327375 6.951011
v -3.297990 0.341921 7.187849
v -3.104949 0.348940 7.392766
v -3.444218 0.336099 6.947234
v -3.537243 0.331731 6.681456
v -3.573057 0.329007 6.401672
v -3.575042 0.328431 6.313967
v -2.382663 0.364179 6.286737
v -2.350410 0.373543 7.711433
v -2.613850 0.365315 7.661695
v -2.873531 0.356856 7.553029
v -3.097389 0.352224 7.383840
v -2.867987 0.360072 7.542737
v -3.288747 0.345267 7.180714
v -3.433702 0.339494 6.942207
v -3.525916 0.335165 6.678736
v -3.561496 0.332459 6.400777
v -3.563203 0.331963 6.325346
v -2.394161 0.367013 6.298649
v -2.362498 0.376205 7.697273
v -2.610569 0.368458 7.650426
v -2.862550 0.357229 7.532983
v -2.607281 0.365546 7.639768
v -3.090041 0.349447 7.375416
v -3.279803 0.342548 7.173969
v -3.423550 0.336824 6.937456
v -3.514992 0.332533 6.676179
v -3.550353 0.329841 6.399971
v -3.551797 0.329422 6.336203
v -2.404889 0.363808 6.310011
v -2.373786 0.372837 7.683860
v -2.604351 0.356903 7.630911
v -2.601990 0.349940 7.623772
v -2.390466 0.356549 7.663751
v -2.383024 0.363815 7.672727
v -2.857828 0.348644 7.524886
v -2.854023 0.341730 7.518324
v -3.083717 0.340920 7.368426
v -3.078624 0.334048 7.362788
v -3.272150 0.334068 7.168399
v -3.265985 0.327234 7.163880
v -3.414885 0.328385 6.933539
v -3.407905 0.321584 6.930375
v -3.505689 0.324121 6.674079
v -3.498189 0.317347 6.672429
v -3.540860 0.321441 6.399315
v -3.533215 0.314679 6.398805
v -3.542084 0.321087 6.345266
v -3.534262 0.314375 6.352570
v -2.413660 0.354922 6.319497
v -2.420726 0.347764 6.327141
v -2.428668 0.347571 6.335484
v -3.525953 0.314671 6.360541
v -2.433098 0.344297 6.340220
v -3.521121 0.311677 6.365067
v -2.398821 0.356236 7.653874
v -2.403484 0.352895 7.648281
v -2.599639 0.349966 7.615939
v -2.598204 0.346813 7.611503
v -2.850096 0.341805 7.511179
v -2.847766 0.338683 7.507105
v -3.073297 0.334175 7.356565
v -3.070164 0.331078 7.353044
v -3.259484 0.327403 7.158927
v -3.255682 0.324331 7.156115
v -3.400518 0.321789 6.926851
v -3.396209 0.318738 6.924905
v -3.490240 0.317574 6.670531
v -3.485609 0.314541 6.669492
v -3.525100 0.314919 6.398200
v -3.520378 0.311893 6.397846
v -3.515019 0.297867 6.370587
v -3.514409 0.298043 6.397535
v -2.438105 0.330153 6.345994
v -2.408773 0.338668 7.641629
v -2.596176 0.332816 7.606248
v -2.844658 0.324721 7.502283
v -3.066098 0.317150 7.348925
v -3.250816 0.310430 7.152816
v -3.390740 0.304860 6.922584
v -3.479753 0.300683 6.668269
v -3.502277 0.287312 6.396682
v -3.467857 0.289931 6.665592
v -3.502605 0.287217 6.382198
v -2.449312 0.318794 6.358145
v -2.420578 0.327136 7.627367
v -2.592429 0.321769 7.594909
v -2.838619 0.313750 7.491921
v -3.058016 0.306246 7.339965
v -3.241033 0.299589 7.145687
v -3.379665 0.294073 6.917561
v -3.454920 0.289593 6.662555
v -3.367643 0.293689 6.911914
v -3.489079 0.286993 6.395700
v -3.489093 0.286989 6.395089
v -2.462189 0.317777 6.371638
v -2.434123 0.325925 7.611396
v -2.588593 0.321100 7.582203
v -2.832224 0.313162 7.480263
v -3.049340 0.305738 7.329894
v -3.230453 0.299152 7.137632
v -3.357001 0.287384 6.906985
v -3.221064 0.292794 7.130672
v -3.443479 0.283322 6.659934
v -3.488492 0.286677 6.395689
v -3.477404 0.280739 6.394904
v -3.475939 0.280849 6.406350
v -3.467270 0.270058 6.413584
v -3.464980 0.256887 6.415297
v -2.481304 0.286382 6.392834
v -2.480070 0.299658 6.391040
v -2.479520 0.227114 6.393183
v -2.560807 0.224676 6.395039
v -2.560233 0.205622 6.395151
v -3.462621 0.178569 6.415759
v -2.454275 0.294229 7.586699
v -2.451917 0.215907 7.587161
v -2.476295 0.208830 6.510387
v -2.476869 0.227884 6.510275
v -2.581733 0.290247 7.562611
v -2.579375 0.211925 7.563072
v -2.821386 0.282440 7.462371
v -2.819028 0.204117 7.462832
v -3.034958 0.275134 7.314439
v -3.032598 0.196815 7.314900
v -3.213111 0.268656 7.125312
v -3.210753 0.190334 7.125774
v -3.348062 0.263283 6.903241
v -3.345704 0.184960 6.903703
v -3.433912 0.259255 6.657969
v -3.431555 0.180932 6.658431
v -3.435946 0.272443 6.658310
v -2.473218 0.310914 6.383451
v -3.477144 0.280814 6.406377
v -2.445733 0.318893 7.597480
v -2.585076 0.314543 7.571184
v -2.826479 0.306679 7.470183
v -3.041607 0.299320 7.321181
v -3.214844 0.281859 7.126256
v -3.036450 0.288347 7.315645
v -3.349980 0.276480 6.903884
v -2.822593 0.295662 7.463760
v -2.582615 0.303480 7.564145
v -2.452958 0.307529 7.588642
v -3.441033 0.179327 6.434333
v -3.415448 0.181272 6.634190
v -3.406847 0.181751 6.671366
v -3.335381 0.185107 6.875514
v -3.319381 0.185793 6.910347
v -3.207077 0.190264 7.095144
v -3.184201 0.191138 7.126159
v -3.035976 0.196528 7.283515
v -3.007066 0.197551 7.309398
v -2.575329 0.205884 6.516730
v -2.546419 0.206907 6.542612
v -2.555437 0.205980 6.431232
v -2.543150 0.206538 6.463634
v -2.556011 0.225034 6.431120
v -2.543724 0.225593 6.463522
v -2.631006 0.203610 6.415835
v -2.631578 0.222668 6.415723
v -3.441608 0.198381 6.434221
v -3.416023 0.200326 6.634077
v -2.613882 0.204333 6.450644
v -2.598069 0.205016 6.485558
v -3.207649 0.209321 7.095031
v -2.598643 0.224071 6.485446
v -3.319955 0.204847 6.910235
v -3.335955 0.204160 6.875402
v -2.614457 0.223387 6.450531
v -3.407419 0.200808 6.671254
v -2.575903 0.224939 6.516617
v -3.184775 0.210192 7.126047
v -3.036550 0.215582 7.283403
v -2.502116 0.227090 6.505131
v -2.525154 0.226301 6.488992
v -2.501542 0.208036 6.505243
v -2.471500 0.215181 7.564040
v -2.558917 0.212448 7.547540
v -2.596125 0.211258 7.535424
v -2.795581 0.204757 7.451962
v -2.829373 0.203626 7.432446
v -2.524580 0.207247 6.489104
v -2.512803 0.208038 6.562665
v -2.512634 0.208044 6.562928
v -2.472074 0.234235 7.563928
v -2.513208 0.227097 6.562816
v -2.559489 0.231505 7.547428
v -2.596699 0.230312 7.535312
v -2.796154 0.223814 7.451850
v -2.513376 0.227092 6.562553
v -2.829947 0.222681 7.432334
v -2.546993 0.225961 6.542499
v -3.007640 0.216604 7.309285
v -2.368674 0.180190 6.278973
v -1.958068 0.172129 6.386849
v -1.953805 0.177939 6.391063
v -1.931299 0.179901 7.569280
v -1.927255 0.185646 7.563812
v -1.813346 0.188916 7.536842
v -1.811732 0.183333 7.540999
v -1.580275 0.195287 7.426609
v -1.577837 0.189730 7.430365
v -1.375198 0.200544 7.270260
v -1.372035 0.195002 7.273505
v -1.207083 0.204455 7.074713
v -1.203327 0.198928 7.077258
v -1.083277 0.206850 6.848488
v -1.079082 0.201331 6.850222
v -3.424997 0.129547 6.657552
v -3.420920 0.135316 6.656545
v -3.339504 0.133559 6.901841
v -3.335728 0.139316 6.899926
v -3.201810 0.144650 7.120265
v -3.205110 0.138911 7.122972
v -3.025018 0.151079 7.307936
v -3.027693 0.145362 7.311314
v -2.813080 0.158324 7.454761
v -2.815007 0.152636 7.458617
v -2.575262 0.166075 7.554241
v -2.576345 0.160411 7.558460
v -2.460249 0.169665 7.575983
v -2.455622 0.164180 7.581253
v -4.205084 0.302860 0.288213
v -4.205168 0.283544 0.259189
v -4.206544 0.294863 0.213776
v -4.210346 0.293759 0.045832
v -0.439720 0.253474 4.015473
v -0.455103 0.249009 3.336012
v -0.441916 0.326432 4.015043
v -0.443731 0.325905 3.934886
v -0.442251 0.266425 3.921666
v -0.445095 0.265599 3.796036
v -0.450724 0.275070 3.561909
v -0.450664 0.266510 3.553456
v -0.450830 0.263321 3.541856
v -0.452145 0.262939 3.483768
v -0.453460 0.262558 3.425679
v -0.453820 0.265594 3.414043
v -0.454265 0.274042 3.405486
v -0.454686 0.285634 3.402307
v -0.454965 0.297271 3.405349
v -0.455030 0.305830 3.413806
v -0.457298 0.321967 3.335582
v -0.454859 0.309021 3.425406
v -0.447190 0.324901 3.782117
v -0.446473 0.311424 3.795766
v -0.443629 0.312250 3.921396
v -0.451433 0.312017 3.921575
v -0.450055 0.266192 3.921844
v -0.454277 0.311191 3.795945
v -0.452899 0.265366 3.796214
v -0.451004 0.286703 3.564955
v -0.473951 0.274375 3.562440
v -0.474232 0.286009 3.565486
v -0.473888 0.265813 3.553987
v -0.474058 0.262626 3.542387
v -0.451190 0.266357 3.530220
v -0.474414 0.265660 3.530751
v -0.451979 0.266128 3.495367
v -0.475373 0.262244 3.484298
v -0.475203 0.265431 3.495898
v -0.452505 0.265976 3.472132
v -0.475729 0.265279 3.472662
v -0.453294 0.265746 3.437279
v -0.476688 0.261863 3.426210
v -0.476518 0.265050 3.437809
v -0.477044 0.264897 3.414574
v -0.477492 0.273347 3.406016
v -0.477914 0.284940 3.402838
v -0.478193 0.296577 3.405879
v -0.478255 0.305133 3.414337
v -0.478087 0.308325 3.425936
v -0.454504 0.305982 3.437042
v -0.477729 0.305286 3.437572
v -0.453544 0.309403 3.483494
v -0.452229 0.309784 3.541583
v -0.451874 0.306746 3.553219
v -0.451424 0.298300 3.561773
v -0.474652 0.297605 3.562303
v -0.474862 0.274111 3.522193
v -0.475625 0.305897 3.530514
v -0.475457 0.309088 3.542113
v -0.451635 0.274806 3.521663
v -0.452056 0.286398 3.518484
v -0.452319 0.286322 3.506866
v -0.452039 0.274688 3.503821
v -0.475266 0.273993 3.504351
v -0.476177 0.273729 3.464105
v -0.476940 0.305515 3.472425
v -0.476772 0.308707 3.484025
v -0.475967 0.297223 3.504214
v -0.475547 0.285627 3.507397
v -0.452950 0.274423 3.463574
v -0.453371 0.286016 3.460396
v -0.453634 0.285940 3.448778
v -0.453354 0.274306 3.445732
v -0.476581 0.273611 3.446263
v -0.477282 0.296841 3.446126
v -0.476862 0.285245 3.449308
v -0.454054 0.297536 3.445595
v -0.453715 0.306211 3.471895
v -0.453189 0.306364 3.495130
v -0.452400 0.306593 3.529984
v -0.452335 0.298035 3.521526
v -0.452739 0.297918 3.503684
v -0.453650 0.297653 3.463437
v -0.675226 0.505168 3.625309
v -0.678850 0.517737 3.567764
v -0.670990 0.525208 3.713663
v -0.673039 0.516413 3.671454
v -0.681195 0.501427 3.513178
v -0.677551 0.491474 3.575229
v -0.718124 0.503881 3.626289
v -0.717269 0.490280 3.576136
v -0.718875 0.515040 3.672500
v -0.719520 0.523752 3.714771
v -0.669079 0.531552 3.751955
v -0.720060 0.530021 3.753119
v -0.676627 0.531612 3.618524
v -0.717889 0.516568 3.568655
v -0.718619 0.530353 3.619483
v -0.717063 0.500352 3.513997
v -0.716139 0.481704 3.455486
v -0.683667 0.482680 3.454744
v -0.716309 0.474237 3.522046
v -0.715630 0.471164 3.424279
v -0.684967 0.472083 3.423579
v -0.680019 0.475327 3.521217
v -0.682621 0.456728 3.463274
v -0.715242 0.455750 3.464018
v -0.685362 0.461529 3.392423
v -0.685758 0.449980 3.359942
v -0.685878 0.447407 3.351370
v -0.683991 0.446204 3.432334
v -0.714654 0.445285 3.433034
v -0.716541 0.446487 3.352070
v -0.716421 0.449061 3.360643
v -0.716025 0.460610 3.393123
v -0.716661 0.444348 3.343944
v -0.685997 0.445267 3.343244
v -0.718480 0.474606 3.303952
v -0.718542 0.475332 3.302275
v -0.718593 0.475733 3.300527
v -0.718637 0.475810 3.298731
v -0.718671 0.475564 3.296914
v -0.718698 0.474999 3.295107
v -0.718711 0.474112 3.293329
v -0.718711 0.472901 3.291609
v -0.718705 0.471370 3.289975
v -0.718682 0.469519 3.288450
v -0.718652 0.467347 3.287060
v -0.718605 0.464855 3.285828
v -0.718543 0.462045 3.284789
v -0.718365 0.455241 3.283540
v -0.718196 0.448951 3.282872
v -0.718025 0.443172 3.282777
v -0.717855 0.437903 3.283254
v -0.717689 0.433144 3.284311
v -0.717522 0.428899 3.285940
v -0.717360 0.425164 3.288143
v -0.717201 0.421940 3.290926
v -0.717043 0.419225 3.294281
v -0.716886 0.417019 3.298208
v -0.716732 0.415327 3.302716
v -0.716582 0.414147 3.307797
v -0.716432 0.413475 3.313449
v -0.716287 0.413315 3.319683
v -0.716141 0.413667 3.326488
v -0.715995 0.414528 3.333867
v -0.715858 0.415902 3.341825
v -0.715717 0.417783 3.350356
v -0.715582 0.420181 3.359460
v -0.715449 0.423088 3.369143
v -0.715048 0.434798 3.402073
v -0.716782 0.442720 3.336567
v -0.716897 0.441580 3.329972
v -0.717009 0.440909 3.324212
v -0.717112 0.440657 3.319346
v -0.717206 0.440759 3.315434
v -0.717281 0.441100 3.312532
v -0.717337 0.441537 3.310666
v -0.717344 0.441628 3.310429
v -0.717361 0.442132 3.310315
v -0.717431 0.444206 3.310127
v -0.717521 0.447294 3.310178
v -0.717633 0.451346 3.310608
v -0.717781 0.457139 3.311671
v -0.717885 0.460461 3.311503
v -0.717985 0.463454 3.311055
v -0.718081 0.466125 3.310353
v -0.718173 0.468473 3.309424
v -0.718260 0.470492 3.308292
v -0.718338 0.472188 3.306986
v -0.718416 0.473559 3.305533
v -0.687820 0.475528 3.303252
v -0.687879 0.476250 3.301574
v -0.687753 0.474478 3.304833
v -0.687678 0.473109 3.306285
v -0.687597 0.471410 3.307592
v -0.687510 0.469393 3.308724
v -0.687421 0.467046 3.309653
v -0.687325 0.464375 3.310354
v -0.687222 0.461380 3.310803
v -0.687118 0.458058 3.310971
v -0.686969 0.452265 3.309908
v -0.686858 0.448214 3.309478
v -0.686768 0.445125 3.309427
v -0.686701 0.443053 3.309615
v -0.686682 0.442547 3.309728
v -0.686674 0.442456 3.309965
v -0.686621 0.442021 3.311832
v -0.686543 0.441678 3.314734
v -0.686449 0.441576 3.318646
v -0.686346 0.441828 3.323512
v -0.686234 0.442499 3.329272
v -0.686118 0.443639 3.335866
v -0.687362 0.444091 3.282077
v -0.687532 0.449870 3.282172
v -0.687706 0.456162 3.282840
v -0.687880 0.462964 3.284089
v -0.687941 0.465774 3.285128
v -0.687988 0.468266 3.286360
v -0.688022 0.470439 3.287750
v -0.688041 0.472288 3.289275
v -0.688051 0.473822 3.290909
v -0.688048 0.475031 3.292628
v -0.688034 0.475918 3.294407
v -0.688011 0.476485 3.296214
v -0.687975 0.476729 3.298031
v -0.687930 0.476652 3.299826
v -0.684384 0.435717 3.401372
v -0.684785 0.424006 3.368443
v -0.684919 0.421099 3.358759
v -0.685058 0.418704 3.349656
v -0.685194 0.416822 3.341125
v -0.685336 0.415449 3.333166
v -0.685478 0.414586 3.325788
v -0.685624 0.414234 3.318982
v -0.685769 0.414394 3.312749
v -0.685918 0.415066 3.307096
v -0.686069 0.416246 3.302016
v -0.686223 0.417938 3.297508
v -0.686380 0.420144 3.293580
v -0.686538 0.422859 3.290225
v -0.686696 0.426082 3.287443
v -0.686859 0.429818 3.285240
v -0.687026 0.434063 3.283611
v -0.687191 0.438822 3.282554
v -0.720492 0.533848 3.787503
v -0.719257 0.541708 3.666510
v -0.674529 0.543050 3.665489
v -0.719797 0.550629 3.709780
v -0.672550 0.552048 3.708701
v -0.720787 0.538224 3.917147
v -0.720992 0.549884 3.896710
v -0.721057 0.557352 3.873323
v -0.721005 0.561421 3.847095
v -0.720849 0.562590 3.817832
v -0.720593 0.561112 3.785343
v -0.720244 0.557106 3.749361
v -0.661362 0.540004 3.915790
v -0.662789 0.551628 3.895381
v -0.720415 0.521744 3.933494
v -0.660003 0.523555 3.932114
v -0.719883 0.501104 3.944105
v -0.658811 0.502936 3.942710
v -0.719245 0.478178 3.948283
v -0.657886 0.480020 3.946882
v -0.718541 0.454277 3.946899
v -0.657218 0.456116 3.945499
v -0.717699 0.433695 3.956740
v -0.656376 0.435534 3.955340
v -0.717267 0.425251 3.964719
v -0.655940 0.427088 3.963318
v -0.719021 0.437710 3.914755
v -0.719643 0.458318 3.919782
v -0.657598 0.460180 3.918365
v -0.657215 0.439562 3.913343
v -0.720161 0.476485 3.920818
v -0.658125 0.478348 3.919401
v -0.720572 0.492207 3.917941
v -0.658786 0.494063 3.916530
v -0.720877 0.505489 3.911148
v -0.659590 0.507326 3.909748
v -0.721077 0.516322 3.900365
v -0.660529 0.518138 3.898982
v -0.661609 0.526501 3.884307
v -0.721170 0.524717 3.885667
v -0.662823 0.532412 3.865723
v -0.664179 0.535875 3.843154
v -0.665675 0.536884 3.816675
v -0.667308 0.535443 3.786289
v -0.720821 0.535230 3.817935
v -0.721045 0.534169 3.844452
v -0.721162 0.530664 3.867055
v -0.670691 0.558591 3.748229
v -0.668940 0.562662 3.784164
v -0.667292 0.564193 3.816609
v -0.665731 0.563079 3.845832
v -0.664238 0.559057 3.872025
v -0.655189 0.417373 3.983501
v -0.655192 0.417372 3.983120
v -0.716515 0.415535 3.984902
v -0.718258 0.415029 3.907907
v -0.718302 0.415016 3.905964
v -0.656971 0.416856 3.904563
v -0.656970 0.416492 3.904413
v -0.655162 0.417017 3.984228
v -0.718292 0.414654 3.905814
v -0.716486 0.415178 3.985628
v -0.675979 0.417486 4.109061
v -0.660146 0.418302 4.166856
v -0.643642 0.419446 4.276119
v -0.622486 0.419998 4.261830
v -0.606210 0.420371 4.242162
v -0.596133 0.420537 4.218669
v -0.794845 0.408504 3.191918
v -0.616161 0.413862 3.187837
v -0.593398 0.420470 4.193323
v -0.593074 0.420478 4.193316
v -0.590307 0.420720 4.220253
v -0.610022 0.414007 3.181413
v -0.587116 0.420657 4.193180
v -0.579493 0.421272 4.258484
v -0.601454 0.420768 4.285032
v -0.601061 0.420543 4.245286
v -0.618431 0.420148 4.266315
v -0.629994 0.420021 4.304294
v -0.641012 0.419554 4.281550
v -0.666972 0.418824 4.289846
v -0.662812 0.419097 4.314769
v -0.629294 0.396791 4.304431
v -0.662113 0.395864 4.314906
v -0.578793 0.398041 4.258621
v -0.565900 0.421494 4.226826
v -0.565200 0.398264 4.226963
v -0.561772 0.421417 4.192601
v -0.585251 0.414601 3.155479
v -0.827184 0.407347 3.161004
v -0.615898 0.413535 3.131059
v -0.592007 0.414205 3.122574
v -0.584551 0.391370 3.155616
v -0.591307 0.390975 3.122711
v -0.561071 0.398186 4.192738
v -0.607533 0.413562 3.092793
v -0.606835 0.390329 3.092931
v -0.630640 0.412720 3.068423
v -0.628168 0.413029 3.107527
v -0.646438 0.412362 3.088256
v -0.659549 0.411750 3.051338
v -0.629940 0.389490 3.068560
v -0.658848 0.388520 3.051475
v -0.692035 0.410722 3.042851
v -0.691335 0.387491 3.042988
v -0.669296 0.411595 3.074747
v -0.649189 0.412300 3.091712
v -0.631764 0.412933 3.110093
v -0.623031 0.413296 3.126844
v -0.797673 0.408086 3.135211
v -0.790743 0.408267 3.130674
v -0.695494 0.410794 3.072428
v -0.720813 0.410033 3.073006
v -0.745001 0.409349 3.080518
v -0.766199 0.408791 3.094384
v -0.782776 0.408406 3.113541
v -0.670990 0.411569 3.078828
v -0.721522 0.409987 3.068645
v -0.694981 0.410783 3.068038
v -0.725607 0.409714 3.043618
v -0.724907 0.386484 3.043755
v -0.757677 0.408808 3.053579
v -0.756976 0.385577 3.053716
v -0.746883 0.409269 3.076519
v -0.769104 0.408684 3.091057
v -0.785782 0.408070 3.071965
v -0.785082 0.384840 3.072102
v -0.807760 0.407559 3.097366
v -0.807060 0.384329 3.097503
v -0.786484 0.408281 3.111143
v -0.821925 0.407313 3.127825
v -0.821227 0.384080 3.127961
v -0.826484 0.384117 3.161141
v -0.803004 0.390934 4.198262
v -0.803704 0.414163 4.198125
v -0.798032 0.414534 4.232127
v -0.797331 0.391304 4.232264
v -0.783020 0.415169 4.263132
v -0.778360 0.414922 4.197547
v -0.801266 0.408273 3.185781
v -0.772403 0.415103 4.197411
v -0.772082 0.415112 4.197403
v -0.768200 0.415380 4.222599
v -0.757072 0.415849 4.245607
v -0.739923 0.416476 4.264512
v -0.718140 0.417212 4.277820
v -0.706598 0.416910 4.167917
v -0.703223 0.417083 4.179471
v -0.693487 0.417993 4.284465
v -0.694528 0.417390 4.187777
v -0.682847 0.417760 4.190638
v -0.671304 0.418087 4.187246
v -0.667967 0.418758 4.283882
v -0.662996 0.418288 4.178552
v -0.694214 0.418007 4.290469
v -0.697242 0.418063 4.315555
v -0.696542 0.394832 4.315692
v -0.730496 0.417010 4.306590
v -0.729797 0.393777 4.306726
v -0.720520 0.417171 4.283366
v -0.743769 0.416389 4.269177
v -0.759884 0.416017 4.288651
v -0.762071 0.415717 4.248962
v -0.773947 0.415215 4.224446
v -0.759183 0.392786 4.288787
v -0.782320 0.391939 4.263269
v -0.665835 0.429807 4.175070
v -0.663331 0.429821 4.164755
v -0.673149 0.429633 4.182712
v -0.683306 0.429344 4.185690
v -0.693588 0.429021 4.183178
v -0.701237 0.428746 4.175879
v -0.701700 0.428611 4.155411
v -0.694389 0.428788 4.147769
v -0.691850 0.428859 4.147025
v -0.685332 0.429155 4.164113
v -0.685261 0.429168 4.166132
v -0.683622 0.429252 4.171740
v -0.681887 0.429302 4.171242
v -0.676521 0.429320 4.146674
v -0.673951 0.429400 4.147302
v -0.666299 0.429672 4.154602
v -0.663521 0.418135 4.155340
v -0.672215 0.417822 4.146996
v -0.675136 0.417730 4.146299
v -0.677263 0.429104 4.113894
v -0.682024 0.429262 4.165182
v -0.681234 0.417710 4.174240
v -0.681390 0.417665 4.167341
v -0.683206 0.417656 4.174781
v -0.685066 0.417563 4.168417
v -0.685149 0.417547 4.166130
v -0.683069 0.417531 4.152621
v -0.684247 0.417481 4.150589
v -0.682764 0.417527 4.150555
v -0.682500 0.417603 4.162180
v -0.683500 0.429142 4.152249
v -0.684540 0.429100 4.150443
v -0.692592 0.428643 4.114245
v -0.683234 0.429138 4.150413
v -0.683003 0.429205 4.160627
v -0.693400 0.416964 4.109458
v -0.692557 0.417208 4.146697
v -0.695439 0.417125 4.147526
v -0.703748 0.416930 4.156259
v -0.704209 0.428598 4.165689
v -0.718703 0.507402 4.040409
v -0.718348 0.501646 4.048448
v -0.656447 0.503505 4.047034
v -0.656804 0.509259 4.038995
v -0.718864 0.489825 4.010285
v -0.716632 0.415682 4.010646
v -0.715734 0.415943 4.050286
v -0.715957 0.426671 4.054721
v -0.716308 0.438284 4.054653
v -0.716784 0.450790 4.050081
v -0.717619 0.465966 4.033563
v -0.717969 0.477583 4.033495
v -0.718173 0.495838 4.048481
v -0.656964 0.491684 4.008872
v -0.654732 0.417541 4.009233
v -0.656273 0.497696 4.047068
v -0.656065 0.479439 4.032081
v -0.655716 0.467822 4.032150
v -0.654886 0.452644 4.048668
v -0.654405 0.440141 4.053239
v -0.654055 0.428524 4.053308
v -0.653835 0.417802 4.048873
v -0.658870 0.045902 3.674225
v -0.656308 0.037740 3.716534
v -0.664553 0.043010 3.570560
v -0.661712 0.056447 3.627952
v -0.704708 0.044525 3.675272
v -0.704841 0.036286 3.717642
v -0.704611 0.055160 3.628932
v -0.703593 0.041841 3.571451
v -0.704557 0.068199 3.578622
v -0.664840 0.069389 3.577715
v -0.703721 0.057429 3.516606
v -0.703902 0.075407 3.457879
v -0.704546 0.083632 3.524347
v -0.704016 0.085593 3.426550
v -0.705037 0.095734 3.395272
v -0.704571 0.101465 3.466105
v -0.706116 0.106860 3.362659
v -0.706386 0.109320 3.354056
v -0.704604 0.111585 3.435000
v -0.706612 0.081637 3.307842
v -0.706620 0.083028 3.309278
v -0.706644 0.084740 3.310564
v -0.706679 0.086776 3.311672
v -0.706728 0.089131 3.312573
v -0.706793 0.091810 3.313244
v -0.706872 0.094810 3.313657
v -0.706968 0.098137 3.313786
v -0.707170 0.103918 3.312654
v -0.707302 0.107962 3.312177
v -0.707397 0.111048 3.312090
v -0.707454 0.113124 3.312253
v -0.707465 0.113631 3.312361
v -0.707462 0.113724 3.312597
v -0.707435 0.114182 3.314458
v -0.707383 0.114563 3.317356
v -0.707296 0.114715 3.321266
v -0.707179 0.114527 3.326135
v -0.707029 0.113931 3.331902
v -0.706849 0.112880 3.338510
v -0.706633 0.111348 3.345906
v -0.705618 0.121666 3.403917
v -0.706711 0.132943 3.370852
v -0.707016 0.135722 3.361135
v -0.707293 0.137995 3.352004
v -0.707541 0.139769 3.343451
v -0.707760 0.141036 3.335478
v -0.707953 0.141802 3.328089
v -0.708117 0.142061 3.321280
v -0.708251 0.141822 3.315049
v -0.708358 0.141076 3.309405
v -0.708434 0.139827 3.304339
v -0.708485 0.138073 3.299851
v -0.708507 0.135821 3.295950
v -0.708501 0.133063 3.292627
v -0.708464 0.129801 3.289883
v -0.708400 0.126036 3.287724
v -0.708311 0.121768 3.286145
v -0.708188 0.116994 3.285144
v -0.708042 0.111721 3.284729
v -0.707865 0.105944 3.284893
v -0.707658 0.099664 3.285635
v -0.707426 0.092879 3.286963
v -0.707318 0.090080 3.288036
v -0.707214 0.087605 3.289297
v -0.707116 0.085453 3.290712
v -0.707025 0.083619 3.292259
v -0.706943 0.082112 3.293911
v -0.706870 0.080923 3.295645
v -0.706802 0.080059 3.297433
v -0.706744 0.079515 3.299248
v -0.706697 0.079295 3.301067
v -0.706656 0.079398 3.302861
v -0.706628 0.079823 3.304604
v -0.706614 0.080570 3.306274
v -0.675949 0.082556 3.307142
v -0.675957 0.083946 3.308578
v -0.677528 0.117915 3.284444
v -0.677648 0.122687 3.285445
v -0.677737 0.126956 3.287024
v -0.677804 0.130721 3.289183
v -0.677837 0.133981 3.291927
v -0.677844 0.136740 3.295250
v -0.677825 0.138994 3.299151
v -0.677771 0.140746 3.303638
v -0.677694 0.141996 3.308705
v -0.677588 0.142740 3.314349
v -0.677454 0.142980 3.320580
v -0.677289 0.142721 3.327389
v -0.677097 0.141955 3.334777
v -0.676878 0.140687 3.342751
v -0.676630 0.138913 3.351304
v -0.676353 0.136641 3.360435
v -0.676048 0.133862 3.370152
v -0.674955 0.122586 3.403217
v -0.673940 0.112504 3.434300
v -0.675722 0.110239 3.353356
v -0.675969 0.112267 3.345206
v -0.676187 0.113799 3.337809
v -0.676366 0.114851 3.331202
v -0.676519 0.115448 3.325435
v -0.676633 0.115634 3.320566
v -0.676720 0.115482 3.316656
v -0.676772 0.115101 3.313757
v -0.676802 0.114645 3.311896
v -0.676805 0.114551 3.311661
v -0.676790 0.114043 3.311553
v -0.676733 0.111966 3.311390
v -0.676639 0.108881 3.311477
v -0.676507 0.104836 3.311954
v -0.676308 0.099057 3.313086
v -0.676213 0.095731 3.312957
v -0.676130 0.092729 3.312544
v -0.676064 0.090050 3.311873
v -0.676016 0.087694 3.310972
v -0.675981 0.085658 3.309864
v -0.675951 0.081488 3.305573
v -0.675968 0.080743 3.303904
v -0.675996 0.080318 3.302161
v -0.676034 0.080214 3.300367
v -0.676081 0.080435 3.298547
v -0.676139 0.080978 3.296733
v -0.676206 0.081842 3.294944
v -0.676279 0.083031 3.293211
v -0.676365 0.084540 3.291559
v -0.676452 0.086371 3.290012
v -0.676551 0.088524 3.288597
v -0.676655 0.090998 3.287336
v -0.676763 0.093798 3.286263
v -0.676995 0.100583 3.284935
v -0.677202 0.106863 3.284193
v -0.677379 0.112640 3.284029
v -0.671953 0.102445 3.465360
v -0.668255 0.084721 3.523518
v -0.671432 0.076379 3.457138
v -0.673357 0.086513 3.425850
v -0.674374 0.096653 3.394572
v -0.675453 0.107779 3.361958
v -0.667857 0.058506 3.515787
v -0.661517 0.029892 3.621479
v -0.703508 0.028632 3.622438
v -0.654036 0.031977 3.754897
v -0.705014 0.030449 3.756061
v -0.705229 0.027010 3.790489
v -0.703476 0.017814 3.669596
v -0.658753 0.019154 3.668575
v -0.652043 0.028601 3.789274
v -0.705485 0.025969 3.820935
v -0.650335 0.027621 3.819675
v -0.705303 0.024152 3.920176
v -0.703498 0.009386 3.712968
v -0.703567 0.003360 3.752622
v -0.703687 -0.000234 3.788650
v -0.703866 -0.001342 3.821154
v -0.704101 0.000160 3.850401
v -0.704408 0.004526 3.876579
v -0.704800 0.012257 3.899877
v -0.656250 0.010800 3.711889
v -0.645882 0.025932 3.918818
v -0.646597 0.014001 3.898548
v -0.647592 0.006228 3.875282
v -0.648827 0.001817 3.849138
v -0.650308 0.000265 3.819931
v -0.652033 0.001316 3.787470
v -0.654013 0.004845 3.751491
v -0.647778 0.032831 3.868666
v -0.646927 0.039025 3.887178
v -0.645519 0.042627 3.934947
v -0.646357 0.047607 3.901754
v -0.646073 0.058586 3.912392
v -0.645574 0.063399 3.945299
v -0.646076 0.071953 3.919016
v -0.646029 0.086378 3.949201
v -0.646360 0.087712 3.921703
v -0.646928 0.105861 3.920452
v -0.646801 0.110262 3.947536
v -0.647784 0.126408 3.915188
v -0.647202 0.130973 3.957134
v -0.647280 0.139522 3.965012
v -0.647125 0.149498 3.984698
v -0.647122 0.149499 3.985079
v -0.648904 0.148983 3.906141
v -0.647115 0.149864 3.985801
v -0.648922 0.149339 3.905987
v -0.710235 0.147143 3.907542
v -0.710191 0.147156 3.909486
v -0.708448 0.147662 3.986480
v -0.635575 0.151572 4.277697
v -0.652077 0.150432 4.168434
v -0.659900 0.150884 4.285460
v -0.658906 0.150951 4.291424
v -0.686147 0.150134 4.292047
v -0.689176 0.150189 4.317133
v -0.654745 0.151224 4.316347
v -0.632943 0.151683 4.283128
v -0.614419 0.152124 4.263409
v -0.610364 0.152274 4.267892
v -0.621927 0.152147 4.305872
v -0.593385 0.152898 4.286611
v -0.592992 0.152673 4.246864
v -0.598142 0.152500 4.243740
v -0.588067 0.152664 4.220247
v -0.582238 0.152849 4.221830
v -0.571425 0.153401 4.260062
v -0.579048 0.152786 4.194757
v -0.601953 0.146137 3.182991
v -0.557831 0.153624 4.228404
v -0.553703 0.153546 4.194179
v -0.577183 0.146730 3.157057
v -0.819116 0.139477 3.162582
v -0.607831 0.145661 3.132637
v -0.789606 0.140213 3.136788
v -0.614964 0.145422 3.128422
v -0.782674 0.140396 3.132252
v -0.662923 0.143696 3.080406
v -0.641122 0.144427 3.093290
v -0.623696 0.145063 3.111670
v -0.774707 0.140536 3.115119
v -0.758130 0.140921 3.095962
v -0.736934 0.141476 3.082097
v -0.712746 0.142160 3.074584
v -0.687427 0.142920 3.074006
v -0.661228 0.143724 3.076325
v -0.686915 0.142909 3.069616
v -0.683969 0.142848 3.044429
v -0.717539 0.141844 3.045196
v -0.718239 0.165074 3.045059
v -0.684667 0.166081 3.044292
v -0.652180 0.167110 3.052779
v -0.651480 0.143880 3.052916
v -0.623271 0.168081 3.069864
v -0.622571 0.144850 3.070001
v -0.600166 0.168919 3.094234
v -0.599466 0.145689 3.094372
v -0.583941 0.146331 3.124152
v -0.577883 0.169960 3.156920
v -0.554403 0.176776 4.194042
v -0.558532 0.176854 4.228267
v -0.572124 0.176631 4.259925
v -0.594085 0.176128 4.286474
v -0.622626 0.175381 4.305736
v -0.655445 0.174453 4.316210
v -0.689873 0.173422 4.316996
v -0.723129 0.172366 4.308031
v -0.722429 0.149136 4.308167
v -0.712454 0.149297 4.284944
v -0.735703 0.148515 4.270755
v -0.731854 0.148606 4.266090
v -0.710074 0.149338 4.279398
v -0.685420 0.150119 4.286042
v -0.663235 0.150217 4.188824
v -0.654928 0.150414 4.180130
v -0.657068 0.138704 4.176785
v -0.657531 0.138569 4.156317
v -0.655454 0.150262 4.156918
v -0.667910 0.149616 4.110639
v -0.685331 0.149094 4.111037
v -0.683825 0.137540 4.115960
v -0.668497 0.138001 4.115610
v -0.684488 0.149339 4.148275
v -0.683083 0.137755 4.148739
v -0.687371 0.149255 4.149105
v -0.695681 0.149057 4.157836
v -0.692933 0.137508 4.157125
v -0.685623 0.137685 4.149484
v -0.698529 0.149040 4.169495
v -0.695442 0.137495 4.167403
v -0.786777 0.140634 3.193496
v -0.710248 0.147502 3.907387
v -0.709592 0.124552 3.916600
v -0.708606 0.137685 3.966413
v -0.708442 0.148027 3.987202
v -0.708529 0.129135 3.958534
v -0.708127 0.108424 3.948936
v -0.708971 0.104002 3.921869
v -0.708395 0.085852 3.923119
v -0.707861 0.070101 3.920427
v -0.707362 0.056746 3.913791
v -0.706908 0.045793 3.903136
v -0.706491 0.037238 3.888539
v -0.705932 0.040812 3.936327
v -0.706646 0.061567 3.946694
v -0.707392 0.084538 3.950603
v -0.706114 0.031081 3.869998
v -0.705777 0.027325 3.847438
v -0.608092 0.145992 3.189415
v -0.585329 0.152600 4.194901
v -0.585005 0.152607 4.194893
v -0.793197 0.140403 3.187358
v -0.764336 0.147229 4.198988
v -0.764014 0.147242 4.198981
v -0.760133 0.147506 4.224177
v -0.765881 0.147341 4.226024
v -0.770292 0.147053 4.199124
v -0.774951 0.147299 4.264710
v -0.754005 0.147844 4.250541
v -0.749005 0.147976 4.247185
v -0.751815 0.148146 4.290228
v -0.752515 0.171376 4.290092
v -0.775651 0.170529 4.264573
v -0.790663 0.169894 4.233568
v -0.789963 0.146664 4.233705
v -0.795636 0.146293 4.199704
v -0.796336 0.169523 4.199567
v -0.819815 0.162707 3.162445
v -0.814559 0.162669 3.129266
v -0.813858 0.139440 3.129402
v -0.800394 0.162915 3.098807
v -0.799694 0.139685 3.098944
v -0.778414 0.163430 3.073407
v -0.777713 0.140199 3.073543
v -0.750308 0.164167 3.055020
v -0.749608 0.140937 3.055157
v -0.738816 0.141395 3.078097
v -0.713456 0.142113 3.070223
v -0.761037 0.140811 3.092635
v -0.778417 0.140408 3.112721
v -0.695156 0.149209 4.181048
v -0.686460 0.149520 4.189355
v -0.674778 0.149890 4.192215
v -0.664382 0.138529 4.184427
v -0.674540 0.138241 4.187404
v -0.665184 0.138296 4.149017
v -0.667755 0.138217 4.148389
v -0.673120 0.138198 4.172957
v -0.674855 0.138149 4.173454
v -0.684821 0.137917 4.184893
v -0.692470 0.137642 4.177593
v -0.676565 0.138051 4.165828
v -0.676492 0.138067 4.167847
v -0.673165 0.149840 4.175818
v -0.673321 0.149795 4.168920
v -0.673257 0.138158 4.166896
v -0.674467 0.138035 4.152127
v -0.667067 0.149860 4.147877
v -0.664147 0.149952 4.148574
v -0.675773 0.137997 4.152157
v -0.675001 0.138107 4.166821
v -0.620101 0.145155 3.109105
v -0.638369 0.144491 3.089833
v -0.643222 0.058346 4.041652
v -0.643218 0.064204 4.049622
v -0.705116 0.062349 4.051035
v -0.705122 0.056488 4.043065
v -0.645768 0.149927 4.050451
v -0.645342 0.139259 4.055012
v -0.644993 0.127642 4.055080
v -0.644719 0.115082 4.050656
v -0.644629 0.099686 4.034318
v -0.644279 0.088072 4.034387
v -0.643392 0.070012 4.049587
v -0.644430 0.075525 4.011323
v -0.646665 0.149667 4.010810
v -0.707668 0.148070 4.051865
v -0.707246 0.137403 4.056426
v -0.705290 0.068157 4.051001
v -0.706182 0.086216 4.035800
v -0.706531 0.097833 4.035732
v -0.706619 0.113223 4.052070
v -0.706895 0.125789 4.056494
v -0.708566 0.147809 4.012224
v -0.706330 0.073667 4.012737
vn -0.0227 -0.0066 -0.9997
vn 0.0226 0.0066 0.9997
vn -0.4736 -0.8806 0.0165
vn 0.9993 0.0299 -0.0228
vn -0.5397 0.8419 0.0067
vn 0.8978 0.4398 -0.0232
vn 0.1079 0.9941 -0.0090
vn -0.5385 0.8426 0.0073
vn -0.6732 0.7393 0.0104
vn -0.5385 0.8426 0.0060
vn -0.8801 0.4745 0.0168
vn -0.9472 0.3201 0.0193
vn -0.9401 -0.3401 0.0235
vn -0.9405 -0.3388 0.0245
vn -0.9406 -0.3388 0.0226
vn -0.0226 -0.0066 -0.9997
vn -0.5399 0.8417 0.0067
vn 0.4234 0.9058 -0.0140
vn 0.2692 0.9630 -0.0124
vn 0.4233 0.9058 -0.0172
vn -0.0643 0.9979 -0.0051
vn -0.3912 0.9203 0.0028
vn -0.6735 0.7392 0.0104
vn -0.9874 0.1569 0.0213
vn -0.9836 -0.1787 0.0234
vn -0.8691 -0.4941 0.0229
vn -0.7737 -0.6332 0.0217
vn -0.5398 0.8418 0.0067
vn -0.8692 -0.4940 0.0229
vn -0.7736 -0.6333 0.0217
vn -0.9836 -0.1786 0.0234
vn -0.9874 0.1568 0.0213
vn -0.8801 0.4744 0.0168
vn -0.6734 0.7392 0.0104
vn 0.5725 0.8197 -0.0183
vn 0.7022 0.7117 -0.0206
vn 0.9993 0.0300 -0.0228
vn -0.0301 0.9995 -0.0059
vn -0.0300 0.9995 -0.0059
vn -0.0301 0.9995 -0.0058
vn -0.3458 0.9383 0.0017
vn -0.6556 -0.7549 0.0198
vn -0.9997 -0.0019 0.0226
vn -0.3545 0.9351 0.0019
vn -0.0000 -0.0000 -0.0000
vn -0.7842 -0.5194 -0.3395
vn -0.3399 0.9405 0.0015
vn -0.3670 0.6859 0.6284
vn -0.9993 -0.0300 0.0228
vn 0.0300 -0.9995 0.0059
vn 0.9962 0.0305 0.0818
vn 0.9822 0.0307 0.1855
vn -0.0127 0.8386 0.5446
vn -0.0302 0.9995 -0.0058
vn -0.0300 0.9995 -0.0058
vn -0.0374 0.7109 -0.7023
vn -0.0374 0.8665 -0.4978
vn -0.7193 0.6946 0.0117
vn -0.5187 0.8549 0.0061
vn -0.0057 0.7201 0.6939
vn -0.0151 0.8729 0.4876
vn -0.0150 0.8729 0.4877
vn 0.6762 0.7364 -0.0201
vn 0.4664 0.8844 -0.0164
vn -0.0301 0.9995 -0.0060
vn -0.0302 0.9995 -0.0059
vn -0.0349 0.9649 -0.2605
vn -0.2839 0.9589 0.0001
vn -0.0233 0.9682 0.2491
vn 0.2256 0.9742 -0.0115
vn 0.6583 0.7525 -0.0198
vn -0.0375 0.7278 -0.6848
vn -0.7022 0.7119 0.0112
vn -0.0066 0.7367 0.6762
vn -0.0303 0.9995 -0.0057
vn -0.0300 0.9995 -0.0060
vn -0.0299 0.9995 -0.0058
vn -0.0376 0.8241 -0.5652
vn -0.5853 0.8108 0.0079
vn -0.0122 0.8315 0.5554
vn 0.5353 0.8445 -0.0177
vn 0.9166 0.3991 -0.0234
vn -0.0322 0.3651 -0.9304
vn -0.9389 0.3436 0.0190
vn 0.0098 0.3773 0.9260
vn -0.0067 0.7368 0.6761
vn 0.6581 0.7527 -0.0198
vn -0.0375 0.7279 -0.6847
vn -0.7021 0.7119 0.0112
vn -0.0835 0.9965 -0.0047
vn -0.3098 0.9508 0.0008
vn -0.0289 0.9985 0.0474
vn -0.0225 0.9611 0.2754
vn 0.0231 0.9997 -0.0071
vn 0.2521 0.9676 -0.0121
vn -0.0313 0.9978 -0.0592
vn -0.0352 0.9574 -0.2867
vn -0.0375 0.7277 -0.6848
vn -0.0374 0.7278 -0.6848
vn -0.0066 0.7367 0.6761
vn -0.0067 0.7367 0.6762
vn 0.9252 0.3787 -0.0234
vn -0.0318 0.3445 -0.9382
vn -0.0317 0.3446 -0.9382
vn -0.9463 0.3227 0.0193
vn 0.0107 0.3569 0.9341
vn 0.0106 0.3568 0.9341
vn 0.0186 0.1330 0.9909
vn -0.9951 0.0964 0.0219
vn -0.0263 0.1199 -0.9924
vn 0.9875 0.1560 -0.0234
vn -0.6658 -0.7355 -0.1256
vn -0.4589 -0.8843 -0.0865
vn -0.3884 -0.9213 -0.0200
vn -0.6776 -0.7335 -0.0532
vn -0.6238 -0.7350 -0.2658
vn -0.4293 -0.8839 -0.1854
vn -0.5536 -0.7336 -0.3942
vn -0.3797 -0.8830 -0.2760
vn -0.4583 -0.7313 -0.5051
vn -0.3123 -0.8815 -0.3542
vn -0.3417 -0.7288 -0.5934
vn -0.2303 -0.8793 -0.4168
vn -0.2097 -0.7248 -0.6563
vn -0.1369 -0.8768 -0.4610
vn -0.1398 -0.7212 -0.6785
vn -0.0879 -0.8742 -0.4775
vn 0.7227 -0.6911 -0.0118
vn 0.5218 -0.8531 -0.0062
vn 0.5218 -0.8530 -0.0062
vn 0.0373 -0.7077 0.7056
vn 0.0374 -0.8646 0.5010
vn 0.0374 -0.8647 0.5009
vn 0.0301 -0.9995 0.0059
vn -0.2448 -0.9590 0.1425
vn 0.0233 -0.9677 -0.2510
vn 0.2858 -0.9582 0.0133
vn 0.2862 -0.9582 -0.0002
vn 0.2804 -0.9584 0.0531
vn 0.2649 -0.9586 0.1043
vn 0.2392 -0.9591 0.1512
vn 0.2044 -0.9599 0.1918
vn 0.1620 -0.9610 0.2243
vn 0.1136 -0.9623 0.2471
vn 0.0882 -0.9627 0.2558
vn -0.2278 -0.9736 0.0116
vn -0.6617 -0.7495 0.0199
vn 0.0065 -0.7336 -0.6796
vn 0.7051 -0.7087 0.0245
vn 0.7057 -0.7084 -0.0113
vn 0.6918 -0.7101 0.1309
vn 0.6921 -0.7099 0.1310
vn 0.6919 -0.7101 0.1308
vn 0.6511 -0.7103 0.2675
vn 0.5826 -0.7117 0.3925
vn 0.5826 -0.7117 0.3926
vn 0.4896 -0.7139 0.5006
vn 0.3761 -0.7170 0.5869
vn 0.2473 -0.7203 0.6480
vn 0.1793 -0.7201 0.6703
vn 0.0300 -0.9995 0.0057
vn 0.0301 -0.9995 0.0060
vn 0.0302 -0.9995 0.0060
vn 0.0304 -0.9995 0.0061
vn 0.0302 -0.9995 0.0059
vn 0.0297 -0.9995 0.0058
vn 0.0300 -0.9995 0.0056
vn 0.0300 -0.9995 0.0062
vn 0.0295 -0.9995 0.0060
vn 0.0301 -0.9995 0.0057
vn 0.0300 -0.9995 0.0058
vn 0.0121 -0.8289 -0.5592
vn 0.5878 -0.8087 0.0216
vn 0.5878 -0.8087 0.0214
vn 0.5886 -0.8084 -0.0080
vn 0.5772 -0.8093 0.1091
vn 0.5772 -0.8093 0.1093
vn 0.5434 -0.8097 0.2217
vn 0.5433 -0.8098 0.2217
vn 0.4868 -0.8109 0.3248
vn 0.4868 -0.8109 0.3247
vn 0.4102 -0.8127 0.4138
vn 0.4102 -0.8127 0.4139
vn 0.3167 -0.8151 0.4850
vn 0.2107 -0.8177 0.5357
vn 0.1546 -0.8181 0.5540
vn -0.5386 -0.8423 0.0177
vn -0.9179 -0.3961 0.0234
vn -0.0099 -0.3749 -0.9270
vn 0.9234 -0.3418 0.1746
vn 0.9234 -0.3418 0.1744
vn 0.9371 -0.3401 0.0782
vn 0.8676 -0.3424 0.3606
vn 0.8677 -0.3424 0.3605
vn 0.7746 -0.3436 0.5310
vn 0.6479 -0.3468 0.6781
vn 0.6479 -0.3469 0.6781
vn 0.4935 -0.3509 0.7958
vn 0.4935 -0.3510 0.7958
vn 0.3180 -0.3553 0.8790
vn 0.2248 -0.3561 0.9070
vn 0.1791 -0.7208 0.6697
vn 0.2472 -0.7207 0.6477
vn 0.2474 -0.7203 0.6480
vn -0.6616 -0.7496 0.0199
vn 0.0065 -0.7335 -0.6796
vn 0.7051 -0.7087 0.0244
vn 0.6920 -0.7099 0.1309
vn 0.6920 -0.7099 0.1308
vn 0.6510 -0.7104 0.2675
vn 0.6510 -0.7104 0.2674
vn 0.4895 -0.7139 0.5006
vn 0.0477 -0.9973 0.0563
vn 0.1221 -0.9546 0.2718
vn 0.1753 -0.9532 0.2465
vn 0.0577 -0.9970 0.0514
vn 0.0424 -0.9974 0.0582
vn 0.0940 -0.9550 0.2814
vn -0.0237 -0.9997 0.0071
vn -0.2543 -0.9671 0.0121
vn 0.0289 -0.9984 -0.0479
vn 0.0225 -0.9604 -0.2777
vn 0.0826 -0.9965 0.0158
vn 0.3058 -0.9503 0.0579
vn 0.3044 -0.9518 0.0363
vn 0.0836 -0.9964 0.0103
vn 0.0793 -0.9965 0.0265
vn 0.2889 -0.9505 0.1144
vn 0.0739 -0.9966 0.0362
vn 0.2606 -0.9510 0.1661
vn 0.0666 -0.9968 0.0447
vn 0.2221 -0.9520 0.2108
vn 0.3761 -0.7171 0.5868
vn 0.4893 -0.7143 0.5004
vn 0.2472 -0.7206 0.6477
vn 0.1792 -0.7208 0.6696
vn -0.6613 -0.7499 0.0199
vn 0.2588 -0.9272 -0.2707
vn 0.4580 -0.8368 -0.3000
vn 0.0066 -0.7339 -0.6793
vn 0.7367 -0.6617 0.1393
vn 0.6139 -0.5571 -0.5592
vn 0.7275 0.0179 -0.6859
vn 0.2296 0.0957 0.9686
vn 0.3305 0.0155 0.9437
vn 0.3992 -0.6689 0.6270
vn 0.5192 0.0207 0.8544
vn 0.1233 0.1755 0.9767
vn 0.2300 0.0127 0.9731
vn 0.1973 0.0584 0.9786
vn 0.2299 0.0952 0.9686
vn -0.0108 -0.3542 -0.9351
vn 0.6499 -0.4714 -0.5962
vn 0.7205 -0.1678 -0.6728
vn -0.0187 -0.1317 -0.9911
vn 0.9306 -0.3210 0.1759
vn 0.6917 -0.7103 0.1308
vn 0.9781 -0.0956 0.1846
vn 0.8743 -0.3217 0.3634
vn 0.9185 -0.0962 0.3834
vn 0.6507 -0.7107 0.2673
vn 0.5823 -0.7121 0.3923
vn 0.7804 -0.3234 0.5352
vn 0.6527 -0.3264 0.6837
vn 0.4970 -0.3304 0.8024
vn 0.3199 -0.3352 0.8861
vn 0.2260 -0.3362 0.9143
vn -0.9263 -0.3762 0.0234
vn -0.9877 -0.1548 0.0234
vn 0.3315 -0.1103 0.9370
vn 0.2319 -0.1125 0.9662
vn 0.5189 -0.1053 0.8483
vn 0.6838 -0.1012 0.7226
vn 0.8190 -0.0981 0.5653
vn 0.8218 0.0281 0.5691
vn 0.6198 -0.6635 0.4190
vn 0.6930 -0.6621 0.2853
vn 0.9221 0.0300 0.3858
vn 0.6855 0.0249 0.7277
vn 0.5205 -0.6658 0.5346
vn -0.7279 0.6856 0.0120
vn 0.3208 0.9470 -0.0135
vn 0.9774 0.2099 -0.0235
vn -0.0203 0.9389 0.3437
vn -0.3772 0.9261 0.0025
vn -0.0361 0.9343 -0.3547
vn -0.0303 0.9995 -0.0059
vn -0.9727 -0.0279 0.2302
vn -0.9915 -0.0291 0.1272
vn -0.9037 -0.0247 0.4275
vn -0.7951 -0.0204 0.6061
vn -0.6518 -0.0152 0.7582
vn -0.0297 0.9995 -0.0059
vn 0.8217 0.0281 0.5692
vn 0.5193 0.0207 0.8544
vn 0.3304 0.0155 0.9437
vn 0.1270 0.0097 0.9919
vn -0.0820 0.0034 0.9966
vn -0.2873 -0.0030 0.9578
vn -0.4801 -0.0093 0.8772
vn 0.6832 -0.7301 -0.0107
vn 0.0341 -0.4621 0.8861
vn 0.0375 -0.7455 0.6655
vn 0.0375 -0.7455 0.6654
vn -0.8689 -0.4945 0.0229
vn -0.6381 -0.7697 0.0195
vn -0.0059 -0.4738 -0.8806
vn 0.0076 -0.7542 -0.6566
vn 0.0301 -0.9995 0.0058
vn 0.6832 -0.7302 -0.0107
vn 0.0376 -0.7456 0.6653
vn 0.0375 -0.7456 0.6653
vn -0.6380 -0.7698 0.0195
vn 0.0077 -0.7543 -0.6565
vn 0.0076 -0.7543 -0.6565
vn 0.8970 -0.4417 -0.0174
vn 0.0341 -0.4622 0.8861
vn -0.8690 -0.4943 0.0229
vn -0.7126 -0.7013 0.0207
vn -0.6228 -0.7821 0.0192
vn 0.0039 -0.6841 -0.7294
vn 0.0084 -0.7670 -0.6415
vn 0.7535 -0.6573 -0.0127
vn 0.6687 -0.7434 -0.0103
vn 0.0371 -0.6744 0.7374
vn 0.0376 -0.7585 0.6505
vn 0.0370 -0.8924 0.4497
vn -0.4172 -0.9087 0.0154
vn 0.0169 -0.8983 -0.4391
vn 0.4712 -0.8820 -0.0049
vn 0.2461 -0.9692 0.0008
vn 0.0343 -0.9743 0.2225
vn -0.1873 -0.9822 0.0107
vn 0.0245 -0.9772 -0.2110
vn 0.0278 -0.9954 -0.0916
vn 0.1274 -0.9918 0.0036
vn 0.0322 -0.9941 0.1033
vn -0.0674 -0.9977 0.0081
vn 0.6325 -0.7745 -0.0092
vn 0.2883 -0.9575 -0.0002
vn 0.0377 -0.7886 0.6138
vn 0.0349 -0.9636 0.2650
vn 0.0350 -0.9636 0.2650
vn -0.5847 -0.8110 0.0186
vn -0.2302 -0.9731 0.0116
vn -0.2301 -0.9731 0.0116
vn 0.0101 -0.7966 -0.6044
vn 0.0232 -0.9670 -0.2536
vn 0.0374 -0.8626 0.5045
vn 0.0374 -0.8626 0.5046
vn -0.4731 -0.8809 0.0165
vn 0.0147 -0.8692 -0.4942
vn 0.0148 -0.8692 -0.4943
vn 0.5252 -0.8509 -0.0063
vn 0.8110 -0.5848 -0.0145
vn 0.0363 -0.6037 0.7964
vn -0.7740 -0.6328 0.0217
vn 0.0004 -0.6141 -0.7892
vn 0.9993 0.0303 -0.0228
vn -0.9993 -0.0301 0.0228
vn -0.8971 0.4416 0.0174
vn -0.6833 0.7300 0.0107
vn 0.0059 0.4738 0.8806
vn -0.0076 0.7542 0.6566
vn 0.8689 0.4945 -0.0229
vn 0.6382 0.7696 -0.0195
vn 0.6382 0.7697 -0.0195
vn -0.0341 0.4622 -0.8861
vn -0.0375 0.7455 -0.6654
vn -0.0376 0.7455 -0.6655
vn -0.0299 0.9995 -0.0059
vn -0.6832 0.7301 0.0107
vn -0.0076 0.7543 0.6565
vn 0.6381 0.7697 -0.0195
vn -0.0376 0.7457 -0.6653
vn -0.8970 0.4416 0.0174
vn 0.0059 0.4737 0.8806
vn 0.8689 0.4944 -0.0229
vn 0.7126 0.7012 -0.0207
vn 0.6228 0.7821 -0.0192
vn -0.0371 0.6744 -0.7374
vn -0.0376 0.7586 -0.6505
vn -0.7535 0.6573 0.0127
vn -0.6687 0.7434 0.0103
vn -0.0039 0.6841 0.7294
vn -0.0084 0.7670 0.6416
vn -0.0084 0.7671 0.6415
vn -0.0169 0.8983 0.4391
vn 0.4173 0.9087 -0.0154
vn -0.0370 0.8924 -0.4496
vn -0.4712 0.8820 0.0049
vn -0.2461 0.9692 -0.0008
vn -0.0245 0.9772 0.2110
vn 0.1873 0.9822 -0.0107
vn -0.0343 0.9743 -0.2225
vn -0.0322 0.9941 -0.1032
vn -0.1273 0.9919 -0.0036
vn -0.0278 0.9954 0.0915
vn 0.0674 0.9977 -0.0081
vn -0.6325 0.7745 0.0092
vn -0.2883 0.9575 0.0002
vn -0.0101 0.7966 0.6044
vn -0.0232 0.9670 0.2537
vn -0.0232 0.9670 0.2536
vn 0.5847 0.8110 -0.0186
vn 0.2301 0.9731 -0.0116
vn -0.0377 0.7886 -0.6137
vn -0.0349 0.9636 -0.2650
vn -0.0148 0.8692 0.4943
vn -0.0147 0.8692 0.4943
vn 0.4731 0.8808 -0.0165
vn -0.0374 0.8626 -0.5045
vn -0.5253 0.8509 0.0063
vn -0.8108 0.5851 0.0145
vn -0.0004 0.6141 0.7892
vn 0.7743 0.6324 -0.0217
vn -0.0363 0.6037 -0.7964
vn -0.3208 -0.9470 0.0135
vn 0.0361 -0.9343 0.3547
vn 0.3772 -0.9261 -0.0025
vn 0.0203 -0.9389 -0.3437
vn -0.3457 0.9383 0.0017
vn -0.3544 0.9351 0.0019
vn -0.0376 0.7455 -0.6654
vn -0.6833 0.7301 0.0107
vn -0.0077 0.7543 0.6565
vn 0.6380 0.7698 -0.0195
vn -0.0375 0.7456 -0.6653
vn 0.0059 0.4737 0.8807
vn -0.0039 0.6844 0.7291
vn -0.4711 0.8820 0.0049
vn -0.0278 0.9954 0.0914
vn 0.0673 0.9977 -0.0081
vn -0.0322 0.9941 -0.1033
vn 0.2302 0.9731 -0.0116
vn -0.0377 0.7885 -0.6138
vn -0.0350 0.9636 -0.2650
vn -0.0373 0.8626 -0.5045
vn -0.0375 0.8626 -0.5045
vn -0.5252 0.8509 0.0063
vn -0.0004 0.6142 0.7891
vn -0.2470 -0.9689 0.0120
vn -0.2270 -0.9168 0.3287
vn -0.2706 0.9627 -0.0002
vn 0.5561 0.8309 -0.0181
vn -0.6382 -0.7696 0.0195
vn -0.6359 -0.7699 0.0541
vn -0.8663 -0.4947 0.0691
vn 0.8971 -0.4416 -0.0174
vn 0.6834 -0.7300 -0.0107
vn 0.6833 -0.7301 -0.0107
vn -0.2393 -0.4728 0.8481
vn -0.1667 -0.7537 0.6357
vn -0.1002 -0.7498 0.6541
vn -0.1500 -0.4679 0.8710
vn -0.4094 -0.4785 0.7768
vn -0.2938 -0.7578 0.5826
vn -0.5611 -0.4834 0.6719
vn -0.4070 -0.7617 0.5042
vn -0.6875 -0.4881 0.5377
vn -0.5014 -0.7651 0.4039
vn -0.7832 -0.4921 0.3800
vn -0.5730 -0.7680 0.2862
vn -0.8442 -0.4949 0.2059
vn -0.6185 -0.7701 0.1561
vn 0.0303 -0.9995 0.0059
vn 0.6637 -0.7333 -0.1472
vn 0.6182 -0.7355 -0.2773
vn 0.6811 -0.7308 -0.0452
vn 0.2119 -0.7498 -0.6269
vn 0.1453 -0.7500 -0.6452
vn 0.3390 -0.7456 -0.5737
vn 0.4523 -0.7417 -0.4953
vn 0.5467 -0.7383 -0.3950
vn 0.8117 -0.4482 -0.3746
vn 0.7159 -0.4519 -0.5322
vn 0.8726 -0.4454 -0.2003
vn 0.8945 -0.4424 -0.0636
vn 0.8970 -0.4416 -0.0174
vn 0.0341 -0.4621 0.8862
vn -0.8689 -0.4944 0.0229
vn 0.2677 -0.4674 -0.8425
vn 0.1781 -0.4683 -0.8654
vn 0.4378 -0.4617 -0.7715
vn 0.5894 -0.4565 -0.6665
vn 0.6024 -0.6663 -0.4395
vn 0.5353 -0.7514 -0.3859
vn 0.4429 -0.7548 -0.4839
vn 0.4976 -0.6701 -0.5508
vn 0.6817 -0.6633 -0.3088
vn 0.6051 -0.7486 -0.2709
vn 0.7323 -0.6609 -0.1644
vn 0.6496 -0.7466 -0.1437
vn 0.7512 -0.6581 -0.0510
vn 0.6666 -0.7442 -0.0440
vn 0.0371 -0.6748 0.7371
vn 0.0376 -0.7586 0.6505
vn -0.7126 -0.7012 0.0207
vn 0.2307 -0.6791 -0.6968
vn 0.2080 -0.7626 -0.6125
vn 0.1429 -0.7629 -0.6305
vn 0.1566 -0.6795 -0.7168
vn 0.3718 -0.6745 -0.6379
vn 0.3323 -0.7585 -0.5606
vn 0.3154 -0.8896 -0.3303
vn 0.2394 -0.8922 -0.3829
vn 0.3788 -0.8873 -0.2629
vn 0.4269 -0.8854 -0.1839
vn 0.4574 -0.8840 -0.0966
vn 0.4695 -0.8825 -0.0280
vn 0.4711 -0.8820 -0.0049
vn 0.0370 -0.8924 0.4496
vn -0.4173 -0.9087 0.0154
vn 0.1541 -0.8950 -0.4186
vn 0.1094 -0.8954 -0.4315
vn 0.1329 -0.9740 -0.1835
vn 0.0913 -0.9754 -0.2008
vn 0.1700 -0.9727 -0.1578
vn 0.2010 -0.9716 -0.1250
vn 0.2243 -0.9707 -0.0864
vn 0.2393 -0.9700 -0.0439
vn 0.2452 -0.9694 -0.0105
vn 0.2461 -0.9693 0.0008
vn 0.0343 -0.9743 0.2226
vn 0.0696 -0.9758 -0.2074
vn 0.0578 -0.9945 -0.0869
vn 0.0480 -0.9948 -0.0898
vn 0.0765 -0.9939 -0.0791
vn 0.0931 -0.9934 -0.0676
vn 0.1070 -0.9929 -0.0528
vn 0.1175 -0.9924 -0.0355
vn 0.1242 -0.9921 -0.0164
vn 0.1268 -0.9919 -0.0014
vn 0.1266 -0.9919 -0.0065
vn 0.0322 -0.9941 0.1034
vn -0.1504 -0.7961 0.5862
vn -0.0451 -0.9665 0.2528
vn -0.0190 -0.9653 0.2606
vn -0.0891 -0.7927 0.6030
vn -0.2674 -0.8000 0.5371
vn -0.0947 -0.9681 0.2320
vn -0.3720 -0.8033 0.4651
vn -0.1391 -0.9696 0.2013
vn -0.4590 -0.8065 0.3728
vn -0.1761 -0.9709 0.1620
vn -0.5247 -0.8092 0.2642
vn -0.2040 -0.9721 0.1160
vn -0.5665 -0.8113 0.1445
vn -0.2219 -0.9729 0.0650
vn -0.5801 -0.8104 0.0822
vn -0.2281 -0.9729 0.0387
vn 0.0374 -0.8626 0.5044
vn 0.0363 -0.6036 0.7964
vn 0.2872 0.0030 -0.9579
vn 0.2873 0.0030 -0.9578
vn 0.1856 -0.0002 -0.9826
vn 0.4800 0.0093 -0.8772
vn 0.6519 0.0151 -0.7582
vn 0.7951 0.0204 -0.6061
vn 0.9037 0.0247 -0.4275
vn 0.9727 0.0279 -0.2302
vn 0.9915 0.0291 -0.1272
vn -0.3745 0.9264 0.0389
vn -0.3760 0.9264 0.0208
vn -0.3664 0.9275 0.0745
vn 0.9434 0.0264 -0.3306
vn -0.3423 0.9286 0.1431
vn -0.3046 0.9301 0.2051
vn 0.7734 0.0196 -0.6336
vn -0.2872 -0.0030 0.9579
vn -0.1855 0.0002 0.9826
vn -0.1281 0.9362 0.3274
vn -0.0930 0.9367 0.3377
vn -0.1951 0.9340 0.2994
vn -0.2548 0.9319 0.2580
vn 0.7577 0.0267 0.6521
vn 0.7577 0.0266 0.6520
vn 0.7577 0.0266 0.6521
vn 0.7274 0.0179 -0.6859
vn 0.1857 -0.0002 -0.9826
vn 0.1857 -0.0001 -0.9826
vn -0.9221 -0.0300 -0.3858
vn 0.1855 -0.0002 -0.9826
vn 0.3132 0.9479 0.0590
vn 0.3197 0.9472 0.0231
vn 0.3252 0.9455 0.0140
vn 0.2923 0.9476 0.1286
vn 0.2574 0.9470 0.1923
vn 0.2101 0.9459 0.2474
vn 0.1523 0.9444 0.2915
vn 0.0866 0.9426 0.3225
vn 0.0521 0.9410 0.3344
vn 0.8967 -0.4416 0.0288
vn 0.6826 -0.7304 0.0240
vn 0.6833 -0.7300 -0.0107
vn 0.8972 -0.4413 -0.0174
vn 0.8809 -0.4430 0.1665
vn 0.6700 -0.7314 0.1267
vn 0.8278 -0.4438 0.3432
vn 0.6304 -0.7319 0.2587
vn 0.7393 -0.4454 0.5050
vn 0.5642 -0.7332 0.3796
vn 0.6191 -0.4481 0.6450
vn 0.4744 -0.7353 0.4840
vn 0.4724 -0.4521 0.7567
vn 0.3649 -0.7381 0.5676
vn 0.3056 -0.4564 0.8356
vn 0.2403 -0.7415 0.6264
vn 0.2172 -0.4566 0.8627
vn 0.1746 -0.7415 0.6478
vn -0.6382 -0.7697 0.0195
vn -0.0060 -0.4739 -0.8805
vn -0.6374 -0.7704 -0.0151
vn -0.6247 -0.7720 -0.1178
vn -0.5851 -0.7715 -0.2498
vn -0.5189 -0.7703 -0.3707
vn -0.4291 -0.7682 -0.4752
vn -0.3196 -0.7653 -0.5587
vn -0.1950 -0.7620 -0.6176
vn -0.1294 -0.7583 -0.6389
vn -0.1891 -0.4791 -0.8572
vn -0.2774 -0.4838 -0.8301
vn -0.8685 -0.4952 -0.0233
vn -0.8690 -0.4944 0.0229
vn -0.8527 -0.4971 -0.1610
vn -0.7997 -0.4963 -0.3378
vn -0.7111 -0.4946 -0.4996
vn -0.5909 -0.4920 -0.6394
vn -0.4441 -0.4882 -0.7513
vn -0.2211 -0.6927 -0.6865
vn -0.1898 -0.7745 -0.6035
vn -0.3115 -0.7778 -0.5459
vn -0.3594 -0.6964 -0.6212
vn -0.1482 -0.6887 -0.7098
vn -0.1256 -0.7710 -0.6244
vn 0.0371 -0.6747 0.7371
vn -0.7120 -0.7020 -0.0176
vn -0.6221 -0.7828 -0.0146
vn -0.6981 -0.7038 -0.1317
vn -0.6096 -0.7843 -0.1150
vn -0.6541 -0.7034 -0.2783
vn -0.5710 -0.7839 -0.2440
vn -0.5809 -0.7017 -0.4125
vn -0.5063 -0.7826 -0.3621
vn -0.4812 -0.6993 -0.5286
vn -0.4185 -0.7806 -0.4643
vn -0.2027 -0.9055 -0.3728
vn -0.2764 -0.9073 -0.3168
vn -0.1192 -0.9032 -0.4124
vn -0.0752 -0.9010 -0.4273
vn -0.4167 -0.9090 -0.0078
vn -0.4076 -0.9099 -0.0768
vn -0.3810 -0.9096 -0.1655
vn -0.3367 -0.9088 -0.2466
vn -0.1185 -0.9814 -0.1512
vn -0.1479 -0.9821 -0.1170
vn -0.0827 -0.9805 -0.1786
vn -0.0419 -0.9793 -0.1979
vn -0.0204 -0.9785 -0.2052
vn -0.1870 -0.9824 -0.0006
vn -0.1825 -0.9826 -0.0342
vn -0.1695 -0.9825 -0.0774
vn -0.0497 -0.9975 -0.0493
vn -0.0593 -0.9977 -0.0315
vn -0.0365 -0.9972 -0.0646
vn -0.0204 -0.9968 -0.0770
vn -0.0021 -0.9963 -0.0856
vn 0.0076 -0.9960 -0.0889
vn 0.1273 -0.9919 0.0036
vn 0.0322 -0.9941 0.1031
vn -0.0673 -0.9977 0.0030
vn -0.0652 -0.9978 -0.0121
vn -0.0671 -0.9977 -0.0021
vn -0.0672 -0.9977 0.0030
vn 0.5837 -0.7760 0.2388
vn 0.2670 -0.9579 0.1052
vn 0.2825 -0.9578 0.0535
vn 0.6200 -0.7758 0.1174
vn 0.5227 -0.7773 0.3501
vn 0.2410 -0.9585 0.1525
vn 0.4402 -0.7790 0.4465
vn 0.2059 -0.9593 0.1934
vn 0.3390 -0.7819 0.5232
vn 0.1631 -0.9604 0.2261
vn 0.2244 -0.7850 0.5775
vn 0.1143 -0.9617 0.2492
vn 0.1639 -0.7852 0.5972
vn 0.0887 -0.9620 0.2581
vn 0.0101 -0.7967 -0.6043
vn 0.0100 -0.7965 -0.6045
vn 0.0271 -0.9926 -0.1188
vn 0.0270 -0.9925 -0.1189
vn 0.0232 -0.9670 -0.2535
vn 0.2875 -0.9574 0.0269
vn 0.6305 -0.7742 0.0545
vn -0.4625 -0.8823 -0.0871
vn -0.0279 -0.9978 0.0603
vn -0.7589 -0.6352 -0.1433
vn -0.4551 -0.7653 0.4552
vn -0.7589 -0.6353 -0.1432
vn -0.9822 -0.0307 -0.1855
vn -0.9962 -0.0305 -0.0818
vn -0.9221 -0.0301 -0.3858
vn -0.8218 -0.0281 -0.5691
vn -0.6855 -0.0249 -0.7277
vn -0.5192 -0.0207 -0.8544
vn -0.3303 -0.0155 -0.9438
vn -0.2299 -0.0126 -0.9731
vn 0.9993 0.0298 -0.0228
vn -0.9289 0.3700 0.0186
vn -0.7529 0.6581 0.0127
vn -0.5192 -0.8545 0.0174
vn -0.5192 -0.8545 0.0173
vn -0.5819 -0.8130 0.0185
vn 0.0341 -0.4624 0.8860
vn -0.0059 -0.4736 -0.8807
vn 0.0039 -0.6844 -0.7291
vn 0.0084 -0.7671 -0.6415
vn 0.0245 -0.9772 -0.2111
vn 0.0278 -0.9954 -0.0914
vn 0.0376 -0.7886 0.6138
vn 0.5253 -0.8509 -0.0063
vn -0.4731 -0.8808 0.0165
vn 0.0147 -0.8692 -0.4943
vn 0.0004 -0.6140 -0.7893
vn -0.7743 -0.6325 0.0217
vn -0.0053 0.7114 0.7027
vn 0.9473 0.3196 -0.0235
vn 0.4663 0.8845 -0.0164
vn -0.0373 0.8664 -0.4979
vn -0.0057 0.7202 0.6937
vn -0.0349 0.9648 -0.2607
vn -0.2839 0.9588 0.0001
vn 0.6580 0.7528 -0.0198
vn -0.5849 0.8111 0.0079
vn -0.0122 0.8315 0.5555
vn 0.5354 0.8444 -0.0177
vn -0.0322 0.3649 -0.9305
vn -0.0312 0.9978 -0.0588
vn -0.0352 0.9574 -0.2868
vn -0.0352 0.9573 -0.2868
vn -0.3099 0.9508 0.0008
vn -0.7022 0.7118 0.0112
vn 0.6581 0.7526 -0.0198
vn -0.0374 0.7278 -0.6847
vn -0.9463 0.3226 0.0193
vn -0.0262 0.1194 -0.9925
vn -0.9951 0.0965 0.0219
vn -0.6762 -0.7365 0.0201
vn -0.4664 -0.8844 0.0164
vn 0.0057 -0.7201 -0.6939
vn 0.0151 -0.8729 -0.4877
vn 0.0150 -0.8729 -0.4877
vn 0.7194 -0.6945 -0.0117
vn 0.5188 -0.8549 -0.0061
vn 0.0374 -0.7109 0.7023
vn 0.0374 -0.8665 0.4978
vn 0.0374 -0.8664 0.4979
vn -0.2255 -0.9742 0.0115
vn 0.0233 -0.9682 -0.2491
vn 0.2839 -0.9588 -0.0001
vn 0.0349 -0.9649 0.2605
vn 0.0375 -0.7278 0.6848
vn -0.6581 -0.7527 0.0198
vn 0.0066 -0.7368 -0.6761
vn 0.7022 -0.7119 -0.0112
vn 0.0299 -0.9995 0.0060
vn 0.0303 -0.9995 0.0057
vn 0.0302 -0.9995 0.0057
vn 0.5851 -0.8110 -0.0079
vn 0.0376 -0.8242 0.5650
vn -0.5354 -0.8444 0.0177
vn 0.0123 -0.8316 -0.5553
vn -0.0098 -0.3773 -0.9260
vn 0.9390 -0.3434 -0.0190
vn 0.0322 -0.3651 0.9304
vn -0.9165 -0.3993 0.0234
vn 0.0067 -0.7368 -0.6761
vn 0.0375 -0.7279 0.6847
vn 0.0313 -0.9978 0.0591
vn 0.0352 -0.9573 0.2868
vn 0.0352 -0.9574 0.2867
vn -0.0231 -0.9997 0.0071
vn -0.2521 -0.9676 0.0121
vn 0.0289 -0.9985 -0.0474
vn 0.0225 -0.9611 -0.2754
vn 0.0833 -0.9965 0.0047
vn 0.3098 -0.9508 -0.0008
vn 0.7022 -0.7118 -0.0112
vn 0.0374 -0.7278 0.6848
vn -0.0106 -0.3568 -0.9341
vn 0.9463 -0.3226 -0.0193
vn 0.0318 -0.3445 0.9382
vn 0.0317 -0.3446 0.9382
vn -0.9252 -0.3788 0.0234
vn -0.9875 -0.1560 0.0234
vn -0.0186 -0.1330 -0.9909
vn 0.9951 -0.0964 -0.0219
vn 0.0263 -0.1199 0.9924
vn -0.0373 0.7109 -0.7023
vn -0.0374 0.8664 -0.4979
vn -0.7194 0.6945 0.0117
vn -0.0058 0.7202 0.6938
vn 0.6762 0.7365 -0.0201
vn 0.4663 0.8844 -0.0164
vn -0.2840 0.9588 0.0001
vn 0.2255 0.9742 -0.0115
vn -0.0067 0.7367 0.6761
vn -0.0376 0.8242 -0.5651
vn -0.5851 0.8109 0.0079
vn -0.0122 0.8316 0.5552
vn 0.9165 0.3993 -0.0234
vn -0.9390 0.3434 0.0190
vn 0.0098 0.3772 0.9261
vn -0.0066 0.7368 0.6761
vn -0.0834 0.9965 -0.0047
vn -0.0289 0.9985 0.0473
vn 0.2520 0.9677 -0.0121
vn -0.7023 0.7118 0.0112
vn 0.9252 0.3788 -0.0234
vn 0.0187 0.1330 0.9909
vn -0.9993 -0.0299 0.0228
vn -0.0262 0.1196 -0.9925
vn 0.9914 0.0291 -0.1272
vn 0.5779 -0.6998 -0.4199
vn 0.4188 -0.8591 -0.2942
vn 0.3481 -0.8616 -0.3694
vn 0.4777 -0.7034 -0.5263
vn 0.6538 -0.6968 -0.2949
vn 0.4725 -0.8569 -0.2060
vn 0.7022 -0.6945 -0.1568
vn 0.5066 -0.8553 -0.1086
vn 0.7204 -0.6918 -0.0485
vn 0.5200 -0.8536 -0.0321
vn -0.6797 -0.7332 0.0202
vn -0.4696 -0.8827 0.0164
vn -0.4695 -0.8828 0.0164
vn 0.2226 -0.7120 -0.6660
vn 0.1680 -0.8676 -0.4680
vn 0.1182 -0.8680 -0.4823
vn 0.1516 -0.7125 -0.6851
vn 0.3573 -0.7078 -0.6094
vn 0.2632 -0.8645 -0.4281
vn -0.0937 -0.9687 0.2301
vn -0.0444 -0.9670 0.2509
vn -0.1376 -0.9702 0.1996
vn -0.1742 -0.9715 0.1606
vn -0.2022 -0.9726 0.1151
vn -0.2196 -0.9735 0.0645
vn -0.2268 -0.9736 0.0250
vn -0.2279 -0.9736 0.0116
vn 0.2861 -0.9582 -0.0002
vn -0.0186 -0.9659 0.2582
vn -0.1739 -0.7329 0.6577
vn -0.1051 -0.7289 0.6766
vn -0.3053 -0.7374 0.6025
vn -0.3054 -0.7374 0.6025
vn -0.4226 -0.7413 0.5215
vn -0.4226 -0.7413 0.5214
vn -0.5204 -0.7448 0.4177
vn -0.5204 -0.7448 0.4178
vn -0.5945 -0.7477 0.2959
vn -0.6416 -0.7499 0.1614
vn -0.6416 -0.7499 0.1613
vn -0.6415 -0.7500 0.1611
vn -0.6595 -0.7497 0.0557
vn 0.0065 -0.7334 -0.6797
vn 0.7056 -0.7086 -0.0113
vn 0.0300 -0.9995 0.0061
vn 0.0302 -0.9995 0.0061
vn 0.5888 -0.8082 -0.0080
vn -0.1365 -0.8283 0.5434
vn -0.0798 -0.8250 0.5594
vn -0.2449 -0.8319 0.4980
vn -0.2449 -0.8319 0.4979
vn -0.3414 -0.8353 0.4309
vn -0.4221 -0.8381 0.3456
vn -0.4222 -0.8381 0.3456
vn -0.4831 -0.8406 0.2451
vn -0.4833 -0.8403 0.2455
vn -0.5219 -0.8424 0.1342
vn -0.5218 -0.8424 0.1344
vn -0.5369 -0.8424 0.0472
vn -0.5366 -0.8425 0.0471
vn -0.5388 -0.8422 0.0177
vn -0.9179 -0.3962 0.0234
vn -0.9153 -0.3962 0.0720
vn -0.9153 -0.3962 0.0719
vn 0.9400 -0.3406 -0.0190
vn -0.2558 -0.3725 0.8921
vn -0.2557 -0.3725 0.8921
vn -0.1615 -0.3680 0.9157
vn -0.4348 -0.3788 0.8170
vn -0.4347 -0.3789 0.8170
vn -0.5945 -0.3839 0.7066
vn -0.5944 -0.3839 0.7066
vn -0.7275 -0.3890 0.5652
vn -0.7276 -0.3886 0.5653
vn -0.8282 -0.3931 0.3993
vn -0.8283 -0.3931 0.3992
vn -0.8924 -0.3961 0.2161
vn -0.8925 -0.3961 0.2159
vn -0.6594 -0.7498 0.0557
vn -0.6594 -0.7498 0.0556
vn -0.6414 -0.7500 0.1613
vn -0.1740 -0.7329 0.6577
vn -0.1050 -0.7290 0.6764
vn -0.5944 -0.7478 0.2959
vn -0.0219 -0.9996 0.0182
vn -0.2455 -0.9668 0.0705
vn -0.2259 -0.9659 0.1262
vn -0.0183 -0.9994 0.0287
vn -0.0232 -0.9997 0.0127
vn -0.2450 -0.9683 0.0488
vn 0.0288 -0.9984 -0.0478
vn 0.0224 -0.9604 -0.2776
vn 0.0836 -0.9965 0.0047
vn 0.3120 -0.9501 -0.0008
vn 0.0147 -0.9983 0.0570
vn -0.0521 -0.9598 0.2757
vn -0.0237 -0.9585 0.2841
vn 0.0201 -0.9981 0.0586
vn 0.0044 -0.9986 0.0527
vn -0.1065 -0.9616 0.2530
vn -0.0047 -0.9989 0.0463
vn -0.1549 -0.9632 0.2195
vn -0.0124 -0.9992 0.0382
vn -0.1953 -0.9647 0.1765
vn -0.5941 -0.7481 0.2957
vn -0.5201 -0.7451 0.4175
vn -0.6411 -0.7503 0.1612
vn -0.4675 -0.8813 0.0684
vn -0.4727 -0.8785 0.0690
vn -0.3605 -0.8735 -0.3271
vn -0.0187 -0.1318 -0.9911
vn -0.6470 -0.5103 -0.5666
vn -0.0108 -0.3543 -0.9351
vn -0.1857 0.0002 0.9826
vn -0.4800 -0.0093 0.8772
vn -0.6519 -0.0152 0.7582
vn -0.7952 -0.0204 0.6061
vn -0.9914 -0.0291 0.1272
vn -0.9007 -0.3760 0.2177
vn -0.9799 -0.1541 0.1269
vn -0.9612 -0.1538 0.2289
vn 0.0065 -0.7338 -0.6793
vn 0.0224 -0.9604 -0.2778
vn -0.0089 -0.8223 -0.5690
vn 0.0148 -0.8702 -0.4925
vn 0.0224 -0.9604 -0.2777
vn 0.7052 -0.7089 -0.0113
vn -0.1739 -0.7333 0.6573
vn -0.1050 -0.7292 0.6762
vn -0.3052 -0.7376 0.6023
vn -0.4224 -0.7415 0.5213
vn -0.7344 -0.3688 0.5698
vn -0.6001 -0.3639 0.7124
vn -0.8360 -0.3729 0.4025
vn -0.8927 -0.1506 0.4248
vn -0.7850 -0.1462 0.6019
vn -0.6429 -0.1410 0.7529
vn -0.4724 -0.1350 0.8710
vn -0.4392 -0.3585 0.8238
vn -0.2812 -0.1287 0.9510
vn -0.2586 -0.3526 0.8993
vn -0.1805 -0.1249 0.9756
vn -0.1635 -0.3479 0.9232
vn 0.9472 -0.3200 -0.0193
vn 0.9952 -0.0954 -0.0219
vn 0.0299 -0.9995 0.0059
vn 0.0304 -0.9995 0.0057
vn 0.0300 -0.9995 0.0060
vn 0.0304 -0.9995 0.0056
vn 0.0303 -0.9995 0.0056
vn 0.0302 -0.9995 0.0056
vn 0.7578 0.0267 0.6519
vn 0.2298 0.0127 0.9732
vn 0.3303 0.0155 0.9438
vn -0.8541 -0.0227 0.5196
vn -0.8541 -0.0226 0.5196
vn 0.7275 0.0182 -0.6858
vn -0.8540 -0.0226 0.5198
vn 0.7275 0.0178 -0.6859
vn 0.7274 0.0179 -0.6860
vn -0.5691 -0.0123 0.8222
vn 0.7274 0.0178 -0.6860
vn -0.5690 -0.0122 0.8222
vn -0.5690 -0.0123 0.8222
vn 0.0373 -0.8626 0.5045
vn 0.0363 -0.6037 0.7963
vn 0.0232 -0.9671 -0.2535
vn 0.0270 -0.9926 -0.1187
vn -0.0999 -0.9950 -0.0049
vn -0.0888 -0.8722 -0.4810
vn -0.1640 -0.6189 -0.7681
vn -0.2431 -0.6233 -0.7432
vn -0.2430 -0.6233 -0.7433
vn -0.1382 -0.8748 -0.4644
vn -0.3925 -0.6276 -0.6724
vn -0.3924 -0.6276 -0.6724
vn -0.2322 -0.8773 -0.4199
vn -0.5240 -0.6308 -0.5723
vn -0.5238 -0.6312 -0.5720
vn -0.3150 -0.8795 -0.3569
vn -0.6320 -0.6332 -0.4469
vn -0.6319 -0.6332 -0.4469
vn -0.3828 -0.8810 -0.2780
vn -0.7112 -0.6350 -0.3017
vn -0.7112 -0.6350 -0.3016
vn -0.4326 -0.8820 -0.1869
vn 0.5101 -0.8531 -0.1094
vn 0.5213 -0.8514 -0.0584
vn 0.8047 -0.5856 -0.0973
vn 0.7883 -0.5889 -0.1784
vn 0.7881 -0.5891 -0.1785
vn 0.4757 -0.8548 -0.2076
vn 0.7336 -0.5915 -0.3347
vn 0.7335 -0.5916 -0.3347
vn 0.6476 -0.5949 -0.4761
vn 0.6477 -0.5948 -0.4761
vn 0.4217 -0.8569 -0.2964
vn 0.5342 -0.5991 -0.5964
vn 0.5343 -0.5988 -0.5966
vn 0.3504 -0.8595 -0.3721
vn 0.3984 -0.6034 -0.6908
vn 0.3983 -0.6035 -0.6908
vn 0.2649 -0.8624 -0.4313
vn 0.2457 -0.6087 -0.7544
vn 0.2458 -0.6084 -0.7546
vn 0.1691 -0.8656 -0.4714
vn 0.1656 -0.6091 -0.7756
vn 0.1188 -0.8660 -0.4857
vn -0.7743 -0.6324 0.0217
vn -0.0376 0.8320 -0.5536
vn -0.0235 0.9699 0.2424
vn -0.0373 0.7021 -0.7111
vn 0.8544 -0.5194 -0.0159
vn -0.7525 -0.0265 -0.6580
vn 0.7525 0.0265 0.6580
vn -0.7525 -0.0266 -0.6580
vn 0.7525 0.0266 0.6580
vn 0.0283 -0.9996 0.0068
vn 0.0310 -0.9995 0.0019
vn -0.9378 -0.0262 0.3462
vn 0.9995 0.0301 -0.0044
vn -0.2301 -0.0127 -0.9731
vn 0.0297 -0.9996 0.0041
vn 0.1711 -0.9492 -0.2639
vn -0.0414 -0.9498 0.3100
vn 0.0975 -0.9507 -0.2943
vn 0.0855 -0.9670 -0.2399
vn 0.2239 0.0010 -0.9746
vn 0.0934 -0.9952 0.0295
vn 0.4674 0.0089 -0.8840
vn -0.4674 -0.0089 0.8840
vn 0.6742 0.0160 -0.7384
vn -0.6742 -0.0160 0.7384
vn -0.7578 -0.0267 -0.6520
vn 0.8325 0.0218 -0.5536
vn -0.2239 -0.0010 0.9746
vn -0.8325 -0.0218 0.5536
vn 0.9378 0.0262 -0.3462
vn -0.9496 -0.0304 -0.3118
vn -0.9497 -0.0299 -0.3117
vn 0.0285 -0.9977 -0.0622
vn 0.0820 -0.9954 -0.0486
vn 0.2231 -0.9748 0.0014
vn 0.0844 -0.9947 0.0579
vn 0.0316 -0.9968 0.0740
vn -0.0220 -0.9979 0.0603
vn -0.1640 -0.9864 0.0102
vn -0.0244 -0.9986 -0.0461
vn 0.7220 0.0177 -0.6917
vn -0.7220 -0.0177 0.6917
vn 0.9346 0.0261 -0.3548
vn -0.2678 -0.0137 -0.9634
vn -0.7069 -0.0254 -0.7069
vn 0.8541 0.0226 -0.5196
vn 0.5069 0.0203 0.8617
vn 0.9434 0.0264 -0.3307
vn 0.2678 0.0137 0.9634
vn 0.7069 0.0255 0.7069
vn -0.8567 -0.0288 -0.5150
vn 0.0297 -0.9995 0.0059
vn 0.0270 -0.9996 0.0024
vn 0.0310 -0.9995 0.0059
vn 0.9525 0.0304 0.3030
vn 0.5734 0.0124 -0.8192
vn -0.9525 -0.0305 -0.3030
vn 0.5690 0.0123 -0.8223
vn 0.8567 0.0288 0.5150
vn -0.1648 -0.0108 -0.9863
vn -0.3036 -0.0148 -0.9527
vn -0.9184 -0.0300 -0.3945
vn -0.9652 -0.0306 -0.2597
vn -0.9923 -0.0306 -0.1196
vn 0.9859 0.0287 -0.1648
vn 0.9524 0.0269 -0.3035
vn 0.1200 -0.0022 -0.9928
vn 0.3945 0.0065 -0.9189
vn 0.8284 0.0217 -0.5597
vn 0.6371 0.0147 -0.7707
vn -0.8529 -0.0288 -0.5213
vn -0.6713 -0.0246 -0.7408
vn -0.4357 -0.0184 -0.8999
vn 0.6371 0.0147 -0.7706
vn 0.9993 0.0297 -0.0228
vn 0.9993 0.0301 -0.0228
vn 0.9993 0.0303 -0.0229
vn 0.9993 0.0296 -0.0229
vn 0.9993 0.0299 -0.0229
vn -0.0226 -0.0065 -0.9997
vn -0.0346 0.4941 -0.8687
vn -0.0346 0.4940 -0.8687
vn -0.0374 0.8623 -0.5050
vn -0.0147 0.8689 0.4947
vn 0.9993 0.0304 -0.0229
vn -0.0053 0.7115 0.7027
vn -0.0141 -0.2651 -0.9641
vn 0.9994 0.0294 -0.0205
vn 0.9993 0.0300 -0.0227
vn 0.9993 0.0297 -0.0234
vn 0.9993 0.0300 -0.0239
vn 0.9993 0.0296 -0.0225
vn 0.0349 -0.9637 0.2647
vn 0.9993 0.0299 -0.0227
vn 0.9993 0.0300 -0.0214
vn -0.0297 0.2525 -0.9671
vn 0.9993 0.0303 -0.0217
vn 0.9979 0.0336 -0.0549
vn 0.9977 0.0391 -0.0551
vn 0.9976 0.0399 -0.0564
vn 0.9979 0.0338 -0.0555
vn 0.9980 0.0338 -0.0537
vn 0.9982 0.0283 -0.0534
vn 0.9975 0.0419 -0.0565
vn 0.9974 0.0446 -0.0564
vn -0.0350 0.9613 -0.2732
vn -0.0347 0.9681 -0.2483
vn -0.0347 0.9679 -0.2488
vn -0.9998 -0.0152 -0.0108
vn -0.9997 -0.0208 -0.0095
vn -0.9997 -0.0199 -0.0108
vn -0.9996 -0.0263 -0.0092
vn -0.9996 -0.0262 -0.0099
vn -0.9996 -0.0263 -0.0082
vn -0.0354 0.9551 -0.2942
vn -0.0356 0.9494 -0.3120
vn -0.9995 -0.0313 -0.0068
vn -0.9995 -0.0316 -0.0078
vn -0.9998 -0.0201 -0.0039
vn -0.9998 0.0166 -0.0075
vn -0.0357 0.9466 -0.3203
vn 0.9982 0.0289 -0.0520
vn 0.9980 0.0398 -0.0496
vn 0.9957 0.0764 -0.0531
vn 0.0353 -0.9580 0.2848
vn 0.0352 -0.9579 0.2851
vn 0.9993 0.0144 -0.0333
vn 0.9975 0.0567 -0.0428
vn 0.9972 0.0663 -0.0346
vn 0.9995 0.0137 -0.0273
vn 0.9996 -0.0146 -0.0235
vn 0.0357 -0.9466 0.3203
vn 0.0357 -0.9466 0.3204
vn -0.9989 -0.0455 0.0123
vn -0.9988 -0.0462 0.0183
vn -0.9970 -0.0746 0.0221
vn -0.9999 0.0069 0.0110
vn -0.0350 0.9621 -0.2705
vn -0.0359 0.9417 -0.3344
vn -0.0358 0.9442 -0.3273
vn -1.0000 -0.0032 0.0028
vn -0.0345 0.9715 -0.2345
vn -0.0214 0.9499 0.3118
vn -0.0155 0.8788 0.4769
vn -0.0093 0.7830 0.6220
vn -0.0032 0.6708 0.7417
vn 0.0025 0.5511 0.8344
vn 0.0077 0.4298 0.9029
vn 0.0123 0.3120 0.9500
vn 0.0163 0.2019 0.9793
vn 0.0197 0.1001 0.9948
vn 0.0213 0.0513 0.9985
vn 0.0278 -0.1798 0.9833
vn 0.0233 -0.0160 0.9996
vn 0.0217 0.0376 0.9991
vn 0.0233 -0.0157 0.9996
vn 0.0211 0.0909 0.9956
vn 0.0188 0.0907 0.9957
vn -0.0204 0.9734 0.2281
vn -0.0256 0.9846 0.1732
vn -0.0276 0.9732 0.2284
vn -0.0282 0.9970 0.0723
vn -0.0303 0.9995 -0.0124
vn -0.0302 0.9995 -0.0121
vn -0.0318 0.9960 -0.0831
vn -0.0329 0.9893 -0.1424
vn -0.0338 0.9808 -0.1923
vn -0.0217 -0.0375 -0.9991
vn -0.0246 0.0607 -0.9979
vn -0.0246 0.0604 -0.9979
vn -0.0269 0.1424 -0.9894
vn -0.0278 0.1797 -0.9833
vn -0.0318 0.3464 -0.9375
vn -0.0328 0.3948 -0.9182
vn -0.0346 0.4911 -0.8704
vn -0.0361 0.5879 -0.8081
vn -0.0361 0.5880 -0.8081
vn -0.0372 0.6839 -0.7287
vn -0.0371 0.6834 -0.7291
vn -0.0376 0.7749 -0.6310
vn -0.0376 0.7752 -0.6306
vn -0.0374 0.8582 -0.5119
vn -0.0374 0.8582 -0.5120
vn -0.0363 0.9270 -0.3732
vn -0.0342 0.9757 -0.2165
vn -0.0310 0.9985 -0.0447
vn -0.0266 0.9905 0.1347
vn -0.0179 -0.1544 -0.9878
vn -0.0132 -0.2888 -0.9573
vn -0.0102 -0.3587 -0.9334
vn -0.0106 -0.3587 -0.9334
vn 0.0293 -0.9992 -0.0264
vn 0.0324 -0.9928 0.1153
vn 0.0345 -0.9715 0.2344
vn 0.0342 -0.9761 0.2147
vn 0.0350 -0.9621 0.2704
vn 0.0358 -0.9442 0.3273
vn 0.0359 -0.9417 0.3345
vn -0.9998 -0.0182 -0.0108
vn -0.9999 -0.0108 -0.0108
vn -0.9990 0.0431 -0.0085
vn -0.0343 0.9753 -0.2184
vn -0.0336 0.9827 -0.1820
vn -0.9996 -0.0290 -0.0065
vn -0.0183 0.9154 0.4022
vn -0.0099 0.7936 0.6084
vn 0.0008 0.5877 0.8091
vn 0.0009 0.5876 0.8092
vn 0.0119 0.3221 0.9466
vn 0.0209 0.0616 0.9979
vn 0.0245 -0.0571 0.9981
vn 0.0076 0.4313 0.9022
vn -0.0039 0.6864 0.7272
vn -0.9992 -0.0264 0.0289
vn -0.9991 -0.0305 0.0299
vn -0.9991 -0.0323 0.0263
vn -0.9988 -0.0358 0.0340
vn -0.9988 -0.0336 0.0352
vn -0.0270 0.1466 -0.9888
vn -0.0307 0.2984 -0.9539
vn -0.0209 -0.0622 -0.9978
vn -0.0120 -0.3221 -0.9466
vn -0.0119 -0.3222 -0.9466
vn -0.0066 -0.4576 -0.8891
vn -0.0065 -0.4576 -0.8891
vn 0.9970 0.0692 -0.0332
vn 0.9979 0.0602 -0.0254
vn 0.9972 0.0698 -0.0272
vn 0.9938 0.1034 -0.0410
vn 0.9951 0.0890 -0.0425
vn 0.9888 0.1419 -0.0464
vn 0.9819 0.1830 -0.0485
vn 0.9777 0.2040 -0.0490
vn 0.9901 0.1298 -0.0527
vn 0.9932 0.1029 -0.0540
vn 0.9972 0.0494 -0.0564
vn 0.0291 -0.9988 -0.0388
vn 0.0279 -0.9988 -0.0397
vn 0.0300 -0.9988 -0.0398
vn 0.0290 -0.9988 -0.0387
vn 0.0217 -0.9528 -0.3027
vn 0.0194 -0.9524 -0.3042
vn 0.0238 -0.9523 -0.3044
vn 0.0216 -0.9528 -0.3028
vn -0.9996 0.0292 0.0030
vn -0.9999 0.0095 0.0124
vn -0.9979 0.0640 0.0029
vn -0.9998 0.0004 0.0202
vn -0.9998 0.0098 0.0184
vn -0.9996 -0.0059 0.0259
vn -0.9994 -0.0136 0.0304
vn -0.9993 -0.0165 0.0323
vn -0.9991 -0.0261 0.0348
vn -0.9991 -0.0252 0.0349
vn -0.9966 0.0824 -0.0011
vn -0.9961 0.0880 -0.0060
vn 0.0323 -0.9933 0.1109
vn 0.0320 -0.9933 0.1109
vn 0.0327 -0.9933 0.1109
vn 0.9982 0.0309 -0.0521
vn -0.0328 0.9901 -0.1366
vn -0.0328 0.9901 -0.1365
vn -0.0317 0.9965 -0.0777
vn -0.0317 0.9964 -0.0780
vn -0.0300 0.9995 -0.0028
vn -0.0276 0.9949 0.0966
vn -0.0276 0.9949 0.0965
vn -0.0240 0.9730 0.2294
vn 0.9983 0.0540 -0.0199
vn 0.9988 0.0463 -0.0152
vn 0.9990 0.0434 -0.0133
vn 0.9994 0.0338 -0.0108
vn 0.9993 0.0348 -0.0108
vn 0.9996 0.0263 -0.0104
vn 0.9996 0.0248 -0.0104
vn 0.9997 0.0212 -0.0108
vn 0.9993 0.0328 -0.0168
vn 0.9993 0.0334 -0.0184
vn 0.9993 0.0347 -0.0167
vn 0.9986 0.0504 -0.0128
vn 0.9992 0.0349 -0.0178
vn 0.9992 0.0351 -0.0178
vn -0.0171 0.9007 0.4342
vn -0.9992 -0.0329 0.0234
vn -0.9988 -0.0411 0.0248
vn -0.0321 0.3602 -0.9323
vn 0.9996 0.0195 -0.0228
vn 0.0602 -0.9982 0.0050
vn 0.0299 -0.9995 0.0056
vn 0.0305 -0.9995 0.0059
vn 0.0279 -0.9996 0.0055
vn 0.0299 -0.9995 0.0058
vn 0.0307 -0.9995 0.0059
vn -0.0302 0.9995 -0.0060
vn 0.9418 0.0264 -0.3352
vn 0.9791 0.0283 -0.2014
vn 0.8136 0.0211 -0.5810
vn 0.3843 0.0061 -0.9232
vn 0.6229 0.0141 -0.7822
vn 0.1162 -0.0023 -0.9932
vn -0.0304 0.9995 -0.0057
vn -0.1610 -0.0107 -0.9869
vn -0.4257 -0.0182 -0.9047
vn -0.6577 -0.0243 -0.7529
vn -0.8391 -0.0285 -0.5433
vn -0.9560 -0.0305 -0.2919
vn -0.9872 -0.0306 -0.1564
vn 0.0303 -0.9995 0.0058
vn 0.0296 -0.9995 0.0059
vn 0.0302 -0.9995 0.0058
vn 0.0238 -0.9997 0.0060
vn 0.0288 -0.9996 0.0062
vn -0.0112 0.8138 0.5810
vn -0.0227 -0.0055 -0.9997
vn -0.0374 0.8632 -0.5034
vn 0.0367 -0.6338 0.7726
vn -0.0065 0.7356 0.6774
vn 0.0110 0.3457 0.9383
vn 0.0326 -0.3835 0.9230
vn -0.9994 -0.0341 -0.0098
vn -0.9994 -0.0339 -0.0092
vn -0.9992 -0.0396 -0.0096
vn -0.9991 -0.0404 -0.0105
vn -0.0241 0.9744 0.2236
vn -0.9996 -0.0287 -0.0077
vn -0.9994 -0.0342 -0.0080
vn -0.9996 -0.0291 -0.0066
vn -0.9992 -0.0402 -0.0038
vn -0.9970 -0.0769 -0.0069
vn -0.9984 -0.0570 0.0031
vn -0.9998 -0.0146 0.0121
vn -0.9977 -0.0663 0.0114
vn -0.9997 -0.0138 0.0181
vn -0.9997 0.0146 0.0215
vn 0.0377 -0.7748 0.6311
vn 0.0370 -0.6612 0.7493
vn 0.0369 -0.6609 0.7496
vn 0.9978 0.0336 -0.0574
vn 0.9986 0.0456 -0.0283
vn -0.0302 0.2758 -0.9607
vn -0.0268 0.1414 -0.9896
vn -0.0236 0.0244 -0.9994
vn -0.0205 -0.0740 -0.9970
vn -0.0206 -0.0735 -0.9971
vn -0.0179 -0.1554 -0.9877
vn -0.0166 -0.1926 -0.9811
vn -0.0105 -0.3590 -0.9333
vn -0.0087 -0.4067 -0.9135
vn -0.0047 -0.5027 -0.8645
vn -0.0047 -0.5026 -0.8645
vn -0.0004 -0.5987 -0.8010
vn -0.0004 -0.5983 -0.8013
vn 0.0043 -0.6933 -0.7206
vn 0.0093 -0.7835 -0.6213
vn 0.0093 -0.7836 -0.6212
vn 0.0145 -0.8647 -0.5020
vn 0.0196 -0.9318 -0.3626
vn 0.0196 -0.9317 -0.3626
vn 0.0246 -0.9785 -0.2049
vn 0.0246 -0.9785 -0.2048
vn 0.0292 -0.9990 -0.0327
vn 0.0292 -0.9991 -0.0322
vn 0.0331 -0.9886 0.1470
vn 0.0331 -0.9886 0.1469
vn 0.0358 -0.9457 0.3231
vn 0.0373 -0.8726 0.4871
vn 0.0373 -0.8727 0.4868
vn -0.0334 0.4229 -0.9056
vn -0.0359 0.5722 -0.8193
vn -0.0367 0.6432 -0.7648
vn -0.0374 0.8655 -0.4996
vn -0.0345 0.9704 -0.2388
vn -0.0215 0.9507 0.3093
vn -0.0218 0.9534 0.3009
vn -0.0220 0.9559 0.2927
vn 0.9982 0.0306 -0.0519
vn 0.9987 0.0205 -0.0476
vn 0.9981 0.0312 -0.0534
vn 0.0230 -0.9656 -0.2588
vn 0.0225 -0.9610 -0.2756
vn 0.0210 -0.9460 -0.3234
vn 0.0212 -0.9485 -0.3162
vn 0.0215 -0.9508 -0.3091
vn 0.0217 -0.9534 -0.3008
vn 0.0223 -0.9589 -0.2829
vn 0.9982 0.0259 -0.0539
vn 0.9982 0.0256 -0.0544
vn 0.9983 0.0203 -0.0547
vn 0.0229 -0.9648 -0.2619
vn 0.0237 -0.9712 -0.2373
vn 0.0237 -0.9712 -0.2369
vn 0.9983 0.0149 -0.0561
vn 0.9984 0.0140 -0.0556
vn 0.9983 0.0149 -0.0563
vn -0.9989 -0.0452 -0.0106
vn -0.9990 -0.0425 -0.0107
vn -0.9987 -0.0499 -0.0106
vn -0.9946 -0.1033 -0.0076
vn 0.0246 -0.9781 -0.2069
vn 0.9984 0.0107 -0.0555
vn 0.9985 0.0145 -0.0519
vn 0.9978 -0.0417 -0.0518
vn 0.9983 0.0176 -0.0564
vn -0.9890 -0.1479 -0.0046
vn -0.9923 -0.1239 0.0040
vn -0.9995 -0.0311 -0.0065
vn 0.0257 -0.9850 -0.1705
vn 0.9982 0.0286 -0.0521
vn 0.9821 -0.1624 -0.0958
vn 0.9957 -0.0753 -0.0545
vn 0.9883 -0.1452 -0.0469
vn 0.9996 0.0109 -0.0250
vn 0.9995 0.0008 -0.0311
vn 0.9982 -0.0343 -0.0487
vn 0.9997 0.0201 -0.0138
vn 0.9995 0.0267 -0.0182
vn 0.9994 0.0319 -0.0150
vn 0.9995 0.0249 -0.0177
vn 0.6930 0.7205 -0.0230
vn 0.2507 0.9680 -0.0092
vn 0.9999 0.0091 -0.0125
vn 0.9989 0.0404 -0.0229
vn -0.0294 0.9996 -0.0059
vn -0.0299 0.9996 -0.0027
vn -0.0666 0.9957 0.0642
vn -0.0302 0.9995 -0.0061
vn 0.0303 -0.9995 0.0061
vn 0.1162 -0.0024 -0.9932
vn 0.6229 0.0142 -0.7822
vn 0.7253 0.0178 -0.6882
vn -0.0304 0.9995 -0.0059
vn -0.0302 0.9995 -0.0107
vn -0.0321 0.9994 -0.0084
vn -0.0124 -0.3109 -0.9504
vn -0.0100 -0.3724 -0.9280
vn -0.9993 -0.0274 0.0263
vn -0.7209 0.6930 0.0115
vn -0.6259 0.7798 0.0102
vn -0.9991 -0.0293 0.0299
vn 0.0370 -0.8949 0.4447
vn 0.0371 -0.6768 0.7353
vn -0.9990 -0.0333 0.0289
vn -0.9991 -0.0241 0.0340
vn -0.9990 -0.0261 0.0352
vn -0.0178 -0.1596 -0.9870
vn -0.0243 0.0491 -0.9985
vn -0.0243 0.0488 -0.9985
vn -0.0310 0.3097 -0.9503
vn -0.0359 0.5769 -0.8160
vn -0.0360 0.5770 -0.8160
vn -0.0377 0.7855 -0.6177
vn -0.0367 0.9100 -0.4130
vn -0.9980 -0.0602 0.0206
vn -0.9974 -0.0698 0.0188
vn -0.9975 -0.0695 0.0128
vn -0.9982 -0.0539 0.0260
vn -0.9985 -0.0461 0.0306
vn -0.9985 -0.0433 0.0325
vn -0.9988 -0.0337 0.0348
vn -0.9988 -0.0345 0.0348
vn 0.0243 -0.0490 0.9985
vn 0.0243 -0.0489 0.9985
vn 0.0206 0.0705 0.9973
vn 0.0310 -0.3096 0.9504
vn 0.0360 -0.5769 0.8160
vn 0.0360 -0.5770 0.8160
vn 0.0377 -0.7856 0.6176
vn 0.0367 -0.9100 0.4130
vn 0.0346 -0.9700 0.2407
vn 0.0346 -0.9700 0.2408
vn 0.0323 -0.9936 0.1083
vn 0.0302 -0.9995 0.0088
vn 0.0302 -0.9995 0.0087
vn 0.0284 -0.9974 -0.0659
vn 0.0284 -0.9974 -0.0664
vn 0.0269 -0.9919 -0.1245
vn 0.0269 -0.9918 -0.1248
vn -0.9960 -0.0891 0.0037
vn -0.0357 0.9487 -0.3140
vn -0.0356 0.9488 -0.3140
vn -0.9898 -0.1421 0.0002
vn 0.0333 -0.4197 0.9070
vn -0.0298 0.9995 -0.0059
vn -0.0291 0.9996 -0.0044
vn -0.9872 -0.0307 -0.1564
vn -0.8390 -0.0285 -0.5433
vn -0.6576 -0.0243 -0.7529
vn 0.0303 -0.9995 0.0060
vn 0.0298 -0.9995 0.0058
vn -0.0302 0.9995 -0.0057
vn -0.0319 0.9994 -0.0096
vn 0.0241 -0.9746 -0.2228
vn 0.0253 -0.9832 -0.1807
vn 0.0267 -0.9911 -0.1307
vn 0.0283 -0.9970 -0.0714
vn 0.0300 -0.9996 -0.0005
vn 0.0318 -0.9960 0.0840
vn 0.0337 -0.9823 0.1841
vn 0.0336 -0.9822 0.1847
vn 0.0322 -0.9707 0.2381
vn 0.0369 -0.9706 0.2380
vn 0.0268 -0.1415 0.9896
vn 0.0284 -0.2088 0.9775
vn 0.0284 -0.2093 0.9774
vn 0.0236 -0.0244 0.9994
vn 0.0206 0.0734 0.9971
vn 0.0205 0.0737 0.9971
vn 0.0179 0.1554 0.9877
vn 0.0166 0.1927 0.9811
vn 0.0254 -0.0870 0.9959
vn 0.0240 -0.0381 0.9990
vn 0.0281 -0.1891 0.9816
vn 0.0281 -0.1890 0.9816
vn 0.0308 -0.2997 0.9535
vn 0.0333 -0.4179 0.9079
vn 0.0354 -0.5402 0.8408
vn 0.0354 -0.5401 0.8408
vn 0.0377 -0.8060 0.5907
vn 0.0091 0.3957 0.9183
vn -0.0018 0.6439 0.7651
vn 0.0374 -0.7266 0.6860
vn 0.0316 -0.3334 0.9422
vn -0.0226 -0.0076 -0.9997
vn 0.0148 -0.8698 -0.4932
vn -0.9647 -0.2619 0.0263
vn -0.8247 -0.3406 -0.4515
vn -0.4734 -0.3872 -0.7912
vn -0.4733 -0.3872 -0.7912
vn -0.0092 -0.3931 -0.9194
vn -0.0092 -0.3934 -0.9193
vn 0.4592 -0.3592 -0.8125
vn 0.4591 -0.3592 -0.8125
vn 0.8221 -0.2913 -0.4891
vn 0.0311 -0.9995 0.0062
vn -0.8395 -0.1703 0.5160
vn -0.8395 -0.1702 0.5160
vn -0.4753 -0.0928 0.8749
vn -0.4754 -0.0928 0.8749
vn -0.2344 -0.0590 0.9703
vn -0.9926 -0.1194 0.0233
vn 0.0304 -0.9995 0.0059
vn 0.0325 -0.3809 0.9240
vn 0.9980 -0.0599 -0.0222
vn 0.2819 -0.0435 0.9585
vn 0.5196 -0.0629 0.8521
vn 0.5195 -0.0629 0.8521
vn 0.8708 -0.1190 0.4770
vn 0.9789 -0.2037 -0.0181
vn 0.9926 0.1195 -0.0233
vn 0.5145 0.1042 0.8511
vn 0.8619 0.1768 0.4753
vn 0.9649 0.2620 -0.0209
vn 0.9648 0.2620 -0.0208
vn -0.4955 0.3487 -0.7956
vn -0.4955 0.3487 -0.7955
vn -0.0325 0.3812 -0.9239
vn -0.0325 0.3807 -0.9241
vn -0.6875 0.3357 -0.6439
vn -0.7088 0.3117 -0.6328
vn -0.0295 0.9995 -0.0059
vn -0.0298 0.9995 -0.0055
vn 0.4370 0.3766 -0.8168
vn 0.4369 0.3766 -0.8169
vn 0.8033 0.3344 -0.4928
vn -0.0303 0.9995 -0.0061
vn -0.0297 0.9995 -0.0057
vn -0.0299 0.9995 -0.0060
vn -0.0305 0.9995 -0.0059
vn -0.0304 0.9995 -0.0064
vn -0.9980 0.0599 0.0222
vn -0.0297 0.9995 -0.0054
vn 0.2783 0.0718 0.9578
vn 0.0298 -0.9995 0.0059
vn 0.0301 -0.9995 0.0061
vn 0.9985 0.0503 -0.0229
vn -0.9593 0.0390 0.2798
vn -0.9875 -0.0418 -0.1522
vn 0.9778 0.0147 -0.2092
vn 0.9989 0.0402 -0.0229
vn -0.8660 -0.0154 0.4998
vn -0.0302 0.9995 -0.0062
vn -0.0301 0.9995 -0.0063
vn -0.0304 0.9995 -0.0056
vn -0.0299 0.9995 -0.0061
vn -0.0316 0.9995 -0.0098
vn -0.0303 0.9995 -0.0058
vn 0.9997 0.0094 -0.0227
vt -0.043533 0.010924
vt -0.036909 0.014602
vt -0.034507 0.008786
vt -0.030316 0.004092
vt -0.024808 0.001049
vt -0.018604 0.000000
vt -0.012401 0.001062
vt -0.006900 0.004117
vt -0.002719 0.008820
vt -0.000329 0.014641
vt 0.000000 0.020925
vt -0.001768 0.026964
vt -0.005435 0.032078
vt -0.001964 0.034005
vt -0.043533 0.058005
vt 0.036909 0.014602
vt 0.043533 0.010924
vt 0.043533 0.058005
vt 0.001964 0.034005
vt 0.005435 0.032078
vt 0.001768 0.026964
vt 0.000329 0.014641
vt 0.002719 0.008820
vt 0.006900 0.004117
vt 0.012401 0.001062
vt 0.018604 0.000000
vt 0.024808 0.001049
vt 0.030316 0.004092
vt 0.034507 0.008786
vt 0.010924 0.000000
vt 0.058005 0.000000
vt 0.058005 0.500000
vt 0.010924 0.500000
vt -0.066703 0.000000
vt -0.018703 0.000000
vt -0.018703 0.500000
vt -0.066703 0.500000
vt -0.014790 0.000000
vt -0.010820 0.000000
vt -0.010820 0.500000
vt -0.014790 0.500000
vt -0.029236 0.000000
vt -0.022944 0.000000
vt -0.022944 0.500000
vt -0.029236 0.500000
vt -0.013419 0.000000
vt -0.007126 0.000000
vt -0.007126 0.500000
vt -0.013419 0.500000
vt 0.004034 0.000000
vt 0.010327 0.000000
vt 0.010327 0.500000
vt 0.004034 0.500000
vt 0.012044 0.000000
vt 0.018336 0.000000
vt 0.018336 0.500000
vt 0.012044 0.500000
vt 0.018343 0.000000
vt 0.024636 0.000000
vt 0.024636 0.500000
vt 0.018343 0.500000
vt 0.023244 0.000000
vt 0.029536 0.000000
vt 0.029536 0.500000
vt 0.023244 0.500000
vt 0.025180 0.000000
vt 0.032757 0.000000
vt 0.032757 0.500000
vt 0.025180 0.500000
vt -0.020896 0.000000
vt -0.014604 0.000000
vt -0.014604 0.500000
vt -0.020896 0.500000
vt -0.004785 0.000000
vt 0.001508 0.000000
vt 0.001508 0.500000
vt -0.004785 0.500000
vt 0.022222 0.000000
vt 0.028515 0.000000
vt 0.028515 0.500000
vt 0.022222 0.500000
vt 0.021293 0.000000
vt 0.027586 0.000000
vt 0.027586 0.500000
vt 0.021293 0.500000
vt -0.026374 0.000000
vt -0.020082 0.000000
vt -0.020082 0.500000
vt -0.026374 0.500000
vt -3.972020 0.024617
vt -3.988320 0.013889
vt -3.886670 0.013889
vt -3.886670 0.016056
vt -3.893070 0.022462
vt -3.941260 0.022462
vt -3.954270 0.019129
vt -3.962630 0.024617
vt 0.061350 5.720000
vt 0.194444 4.108890
vt 0.072756 5.828530
vt 0.061350 3.994120
vt 1.105320 3.994120
vt 1.093910 5.828530
vt 1.105320 5.720000
vt 1.060190 5.932310
vt 1.005630 6.026810
vt 0.972222 5.720000
vt 0.972222 5.553330
vt 0.972222 4.775560
vt 0.972222 4.636670
vt 0.972222 4.108890
vt 0.625000 4.108890
vt 0.541667 4.108890
vt 0.194444 5.720000
vt 0.161040 6.026810
vt 0.234058 6.107910
vt 0.202943 5.800850
vt 0.541667 4.636670
vt 0.194444 4.775560
vt 0.194444 4.636670
vt 0.541667 4.775560
vt 0.844325 6.172050
vt 0.777778 6.056790
vt 0.843551 6.009000
vt 0.744635 6.216440
vt 0.703507 6.089860
vt 0.637895 6.239120
vt 0.625000 6.106540
vt 0.541667 6.106540
vt 0.528771 6.239120
vt 0.463160 6.089860
vt 0.422032 6.216440
vt 0.388889 6.056790
vt 0.323116 6.009000
vt 0.322342 6.172050
vt 0.268716 5.948580
vt 0.228066 5.878180
vt 0.541667 5.692220
vt 0.541667 5.553330
vt 0.194444 5.692220
vt 0.194444 5.553330
vt 0.625000 4.775560
vt 0.625000 4.636670
vt 0.625000 5.553330
vt 0.625000 5.692220
vt 0.972222 5.692220
vt 0.932609 6.107910
vt 0.897951 5.948580
vt 0.938601 5.878180
vt 0.963724 5.800850
vt 0.106478 5.932310
vt 3.886670 0.016056
vt 3.886670 0.013889
vt 3.988320 0.013889
vt 3.972020 0.024617
vt 3.962630 0.024617
vt 3.954270 0.019129
vt 3.941260 0.022462
vt 3.893070 0.022462
vt -0.055556 4.988970
vt -0.055556 5.032800
vt -0.056649 5.032800
vt -0.056649 4.988970
vt -0.055556 5.055810
vt -0.056649 5.055810
vt 6.000000 0.228740
vt 5.600000 0.228740
vt 5.600000 0.000000
vt 6.000000 0.000000
vt 0.200000 20.591999
vt 0.220859 20.591999
vt 0.241520 20.987000
vt 0.220859 14.378800
vt 0.200000 14.358000
vt 4.000000 14.358000
vt -0.200000 -11.966800
vt -0.200000 -11.896500
vt -4.000000 -11.896500
vt -4.000000 -11.966800
vt -14.358000 0.050000
vt -13.992000 -0.178740
vt -13.992000 0.050000
vt -17.499100 -0.102055
vt -17.499100 -0.026685
vt -20.591999 0.050000
vt -17.960300 -0.026685
vt -18.118099 -0.026685
vt -18.200899 -0.026685
vt -18.200899 -0.102055
vt -20.591999 -0.178740
vt 0.200000 13.992000
vt 0.700000 14.792000
vt 4.000000 13.992000
vt 0.200000 -0.178740
vt 4.000000 -0.178740
vt 4.000000 0.050000
vt 4.000000 0.057800
vt 0.200000 0.057800
vt 0.200000 0.050000
vt 20.591999 0.050000
vt 14.358000 0.050000
vt 13.992000 0.050000
vt 13.992000 -0.178740
vt 20.591999 -0.178740
vt 4.000000 20.591999
vt 3.979140 20.591999
vt 3.958480 20.987000
vt 3.938080 20.982700
vt 3.835740 21.364799
vt 3.816680 21.356300
vt 3.637130 21.708799
vt 3.620260 21.696501
vt 3.371350 22.004000
vt 3.357390 21.988501
vt 3.050000 22.237400
vt 3.039570 22.219400
vt 2.687130 22.399000
vt 2.680690 22.379200
vt 2.298600 22.481600
vt 2.296420 22.460800
vt 1.903580 22.460800
vt 1.901400 22.481600
vt 1.519310 22.379200
vt 1.512870 22.399000
vt 1.160430 22.219400
vt 1.150000 22.237400
vt 0.842609 21.988501
vt 0.828652 22.004000
vt 0.579743 21.696501
vt 0.562868 21.708799
vt 0.383319 21.356300
vt 0.364264 21.364799
vt 0.261923 20.982700
vt 3.979140 14.378800
vt 1.950000 10.623100
vt 1.940990 10.635700
vt 0.709012 10.635700
vt 0.700000 10.623100
vt 16.691999 -1.360900
vt 16.683001 -1.348310
vt 14.801000 -1.348310
vt 14.792000 -1.360900
vt -0.700000 -11.913300
vt -0.709012 -11.900700
vt -1.940990 -11.900700
vt -1.950000 -11.913300
vt -14.792000 0.535978
vt -14.801000 0.548568
vt -16.683001 0.548568
vt -16.691999 0.535978
vt -14.801000 0.700586
vt -14.813200 0.713176
vt -16.670799 0.713176
vt -16.683001 0.700586
vt 1.940990 14.327300
vt 1.928810 14.339900
vt 0.721186 14.339900
vt 0.709012 14.327300
vt 16.683001 -1.861930
vt 16.670799 -1.849340
vt 14.813200 -1.849340
vt 14.801000 -1.861930
vt -0.709012 -16.117201
vt -0.721186 -16.104601
vt -1.928810 -16.104601
vt -1.940990 -16.117201
vt 0.721186 16.136200
vt 0.732732 16.124300
vt 1.917270 16.124300
vt 1.928810 16.136200
vt 14.813200 -0.681577
vt 14.824700 -0.693517
vt 16.659300 -0.693517
vt 16.670799 -0.681577
vt -1.928810 -14.308300
vt -1.917270 -14.320300
vt -0.732732 -14.320300
vt -0.721186 -14.308300
vt -16.670799 1.880930
vt -16.659300 1.868990
vt -14.824700 1.868990
vt -14.813200 1.880930
vt -16.659300 1.444700
vt -16.649599 1.431540
vt -16.641899 1.420940
vt -14.842100 1.420940
vt -14.834400 1.431540
vt -14.824700 1.444700
vt 0.732732 12.244500
vt 0.742373 12.231400
vt 0.750138 12.220800
vt 1.899860 12.220800
vt 1.907630 12.231400
vt 1.917270 12.244500
vt 14.824700 -0.496660
vt 14.834400 -0.509820
vt 14.842100 -0.520420
vt 16.641899 -0.520420
vt 16.649599 -0.509820
vt 16.659300 -0.496660
vt -1.907630 -10.833500
vt -1.899860 -10.844000
vt -0.750138 -10.844000
vt -0.742373 -10.833500
vt -0.732732 -10.820300
vt -1.917270 -10.820300
vt 0.758615 14.850600
vt 0.750138 14.842100
vt 1.899860 14.842100
vt 0.750138 16.641899
vt 0.758615 16.633400
vt 1.899860 16.641899
vt 1.891380 16.633400
vt 0.758615 13.798300
vt 0.763447 13.792500
vt 1.886550 13.792500
vt 1.891380 13.798300
vt 14.850600 -0.604236
vt 14.855400 -0.610071
vt 16.628599 -0.610071
vt 16.633400 -0.604236
vt -1.891380 -12.274000
vt -1.886550 -12.279800
vt -0.763447 -12.279800
vt -0.758615 -12.274000
vt -16.633400 1.590270
vt -16.628599 1.584430
vt -14.855400 1.584430
vt -14.850600 1.590270
vt -16.628599 0.737624
vt -16.622801 0.722029
vt -14.861200 0.722029
vt -14.855400 0.737624
vt 0.763447 6.214930
vt 0.769241 6.199340
vt 1.880760 6.199340
vt 1.886550 6.214930
vt 14.855400 -0.246969
vt 14.861200 -0.262564
vt 16.622801 -0.262564
vt 16.628599 -0.246969
vt -1.886550 -5.482770
vt -1.880760 -5.498370
vt -0.769241 -5.498370
vt -0.763447 -5.482770
vt -1.880760 -10.870100
vt -1.868440 -10.886900
vt -0.781563 -10.886900
vt -0.769241 -10.870100
vt -16.622801 1.394860
vt -16.610399 1.378040
vt -14.873600 1.378040
vt -14.861200 1.394860
vt 0.769241 12.194700
vt 0.781563 12.177900
vt 1.868440 12.177900
vt 1.880760 12.194700
vt 14.861200 -0.546496
vt 14.873600 -0.563315
vt 16.610399 -0.563315
vt 16.622801 -0.546496
vt 14.873600 -0.779734
vt 14.887300 -0.793520
vt 16.596701 -0.793520
vt 16.610399 -0.779734
vt -1.868440 -14.851800
vt -1.854670 -14.865600
vt -0.795329 -14.865600
vt -0.781563 -14.851800
vt -16.610399 1.866520
vt -16.596701 1.852730
vt -14.887300 1.852730
vt -14.873600 1.866520
vt 0.781563 16.587700
vt 0.795329 16.573900
vt 1.854670 16.573900
vt 1.868440 16.587700
vt 0.795329 14.435100
vt 0.807313 14.421300
vt 1.842690 14.421300
vt 1.854670 14.435100
vt 14.887300 -0.685089
vt 14.899300 -0.698874
vt 16.584700 -0.698874
vt 16.596701 -0.685089
vt -1.854670 -12.936300
vt -1.842690 -12.950100
vt -0.807313 -12.950100
vt -0.795329 -12.936300
vt -16.596701 1.618760
vt -16.584700 1.604980
vt -14.899300 1.604980
vt -14.887300 1.618760
vt -16.584700 1.030670
vt -16.577000 1.016880
vt -14.907000 1.016880
vt -14.899300 1.030670
vt 0.807313 9.236120
vt 0.814986 9.222340
vt 1.835010 9.222340
vt 1.842690 9.236120
vt 14.899300 -0.444334
vt 14.907000 -0.458120
vt 16.577000 -0.458120
vt 16.584700 -0.444334
vt -1.842690 -8.288000
vt -1.835010 -8.301780
vt -0.814986 -8.301780
vt -0.807313 -8.288000
vt -0.816727 -1.902000
vt -0.814986 -1.888220
vt -1.835010 -1.888220
vt -1.833270 -1.902000
vt 14.907000 -0.108305
vt 14.908700 -0.122090
vt 16.575300 -0.122090
vt 16.577000 -0.108305
vt 14.908700 -0.019085
vt 14.908700 -0.100000
vt 16.575300 -0.100000
vt 16.575300 -0.019085
vt -1.833270 -0.019085
vt -1.833270 -0.100000
vt -0.816727 -0.100000
vt -0.816727 -0.019085
vt -16.575300 -0.019085
vt -16.575300 -0.100000
vt -14.908700 -0.100000
vt -14.908700 -0.019085
vt 0.816727 -0.019085
vt 0.816727 -0.100000
vt 1.833270 -0.100000
vt 1.833270 -0.019085
vt 1.833270 2.074630
vt 1.835010 2.088420
vt 0.814986 2.088420
vt 0.816727 2.074630
vt -14.907000 0.226407
vt -16.577000 0.226407
vt -16.575300 0.212622
vt -14.908700 0.212622
vt 1.891380 14.850600
vt 20.844999 -1.002470
vt 20.844101 -0.989942
vt 20.552799 -0.989942
vt 20.552401 -1.002470
vt 20.379400 -4.067580
vt 20.378500 -4.055050
vt 20.087700 -4.055050
vt 20.086800 -4.067580
vt 19.029499 -6.996740
vt 19.028601 -6.984210
vt 18.737801 -6.984210
vt 18.736900 -6.996740
vt 16.854401 -9.661930
vt 16.853399 -9.649400
vt 16.562599 -9.649400
vt 16.561701 -9.661930
vt 13.948900 -11.946700
vt 13.948000 -11.934100
vt 13.657200 -11.934100
vt 13.656300 -11.946700
vt 10.440300 -13.751100
vt 10.439400 -13.738600
vt 10.148600 -13.738600
vt 10.147600 -13.751100
vt 6.478030 -14.996400
vt 6.467000 -14.983800
vt 6.190030 -14.983800
vt 6.189090 -14.996400
vt -20.492001 -1.354230
vt -20.500900 -1.341700
vt -21.972500 -1.341700
vt -21.983601 -1.354230
vt -0.700000 14.635000
vt -0.708926 14.647500
vt -1.941070 14.647500
vt -1.950000 14.635000
vt 20.591499 0.700209
vt 20.590900 0.712688
vt 20.513000 0.712688
vt 20.500900 0.700209
vt 20.844101 -1.383580
vt 20.842800 -1.371110
vt 20.553499 -1.371110
vt 20.552799 -1.383580
vt 20.378500 -5.541060
vt 20.377199 -5.528580
vt 20.089001 -5.528580
vt 20.087700 -5.541060
vt 19.028601 -9.514130
vt 19.027300 -9.501650
vt 18.739100 -9.501650
vt 18.737801 -9.514130
vt 16.853399 -13.129200
vt 16.852100 -13.116700
vt 16.563900 -13.116700
vt 16.562599 -13.129200
vt 13.948000 -16.228100
vt 13.946700 -16.215700
vt 13.658500 -16.215700
vt 13.657200 -16.228100
vt 10.439400 -18.675699
vt 10.438100 -18.663200
vt 10.149800 -18.663200
vt 10.148600 -18.675699
vt 6.467000 -20.364700
vt 6.452110 -20.352200
vt 6.191290 -20.352200
vt 6.190030 -20.364700
vt -20.500900 -1.860700
vt -20.513000 -1.848220
vt -21.957600 -1.848220
vt -21.972500 -1.860700
vt -0.708926 19.826799
vt -0.720985 19.839300
vt -1.929010 19.839300
vt -1.941070 19.826799
vt 0.720985 -19.807400
vt 0.732422 -19.819300
vt 1.917580 -19.819300
vt 1.929010 -19.807400
vt -20.590900 -0.680806
vt -20.590300 -0.692640
vt -20.524401 -0.692640
vt -20.513000 -0.680806
vt -20.842800 1.402990
vt -20.841600 1.391150
vt -20.554100 1.391150
vt -20.553499 1.402990
vt -20.377199 5.560460
vt -20.375999 5.548630
vt -20.090200 5.548630
vt -20.089001 5.560460
vt -19.027300 9.533530
vt -19.026100 9.521700
vt -18.740299 9.521700
vt -18.739100 9.533530
vt -16.852100 13.148600
vt -16.850901 13.136700
vt -16.565100 13.136700
vt -16.563900 13.148600
vt -13.946700 16.247499
vt -13.945500 16.235701
vt -13.659700 16.235701
vt -13.658500 16.247499
vt -10.438100 18.695101
vt -10.436900 18.683201
vt -10.151000 18.683201
vt -10.149800 18.695101
vt -6.452110 20.384100
vt -6.437990 20.372299
vt -6.192500 20.372299
vt -6.191290 20.384100
vt 20.513000 1.880100
vt 20.524401 1.868270
vt 21.943501 1.868270
vt 21.957600 1.880100
vt 20.534000 1.425810
vt 20.541700 1.415270
vt 21.922199 1.415270
vt 21.931700 1.425810
vt 21.943501 1.438910
vt 20.524401 1.438910
vt 0.732422 -14.929000
vt 0.741971 -14.942100
vt 0.749662 -14.952600
vt 1.900340 -14.952600
vt 1.908030 -14.942100
vt 1.917580 -14.929000
vt -20.590300 -0.493850
vt -20.589800 -0.506943
vt -20.589399 -0.517489
vt -20.541700 -0.517489
vt -20.534000 -0.506943
vt -20.524401 -0.493850
vt -20.840599 1.065730
vt -20.839800 1.055180
vt -20.555000 1.055180
vt -20.554600 1.065730
vt -20.554100 1.078820
vt -20.841600 1.078820
vt -20.375000 4.203430
vt -20.374201 4.192890
vt -20.091999 4.192890
vt -20.091200 4.203430
vt -20.090200 4.216520
vt -20.375999 4.216520
vt -19.026100 7.215060
vt -19.025101 7.201970
vt -19.024300 7.191420
vt -18.742100 7.191420
vt -18.741301 7.201970
vt -18.740299 7.215060
vt -16.849899 9.930280
vt -16.849100 9.919730
vt -16.566900 9.919730
vt -16.566099 9.930280
vt -16.565100 9.943370
vt -16.850901 9.943370
vt -13.945500 12.282200
vt -13.944500 12.269100
vt -13.943700 12.258600
vt -13.661500 12.258600
vt -13.660700 12.269100
vt -13.659700 12.282200
vt -10.436900 14.129400
vt -10.435900 14.116300
vt -10.435100 14.105800
vt -10.152800 14.105800
vt -10.152000 14.116300
vt -10.151000 14.129400
vt -6.437990 15.404200
vt -6.426200 15.391100
vt -6.416700 15.380500
vt -6.194310 15.380500
vt -6.193500 15.391100
vt -6.192500 15.404200
vt -1.685420 21.868000
vt -1.682810 21.875999
vt -1.900340 21.922199
vt -1.429190 21.753901
vt -1.424970 21.761200
vt -1.202280 21.589001
vt -1.196630 21.595301
vt -1.014610 21.380600
vt -1.007780 21.385500
vt -0.874368 21.137699
vt -0.866655 21.141100
vt -0.787696 20.870899
vt -0.779438 20.872700
vt -0.758059 20.589001
vt -0.749662 20.589399
vt -0.749662 20.541700
vt -0.758059 20.550100
vt -1.900340 20.541700
vt -1.891940 20.550100
vt 0.758059 -16.942400
vt 0.762845 -16.948200
vt 1.887150 -16.948200
vt 1.891940 -16.942400
vt -20.589001 -0.601728
vt -20.588699 -0.607525
vt -20.554800 -0.607525
vt -20.550100 -0.601728
vt -20.838900 1.178540
vt -20.838400 1.172750
vt -20.555700 1.172750
vt -20.555401 1.178540
vt -20.373301 4.730450
vt -20.372801 4.724650
vt -20.093399 4.724650
vt -20.092899 4.730450
vt -19.023399 8.124810
vt -19.022900 8.119010
vt -18.743500 8.119010
vt -18.743000 8.124810
vt -16.848301 11.213300
vt -16.847700 11.207500
vt -16.568300 11.207500
vt -16.567801 11.213300
vt -13.942800 13.860900
vt -13.942300 13.855100
vt -13.662900 13.855100
vt -13.662400 13.860900
vt -10.434200 15.951900
vt -10.433700 15.946100
vt -10.154200 15.946100
vt -10.153700 15.951900
vt -6.406330 17.394899
vt -6.400420 17.389099
vt -6.195690 17.389099
vt -6.195190 17.394899
vt 20.550100 1.586160
vt 20.554800 1.580370
vt 21.905899 1.580370
vt 21.911900 1.586160
vt 20.554800 0.732149
vt 20.560600 0.716574
vt 21.898899 0.716574
vt 21.905899 0.732149
vt 0.762845 -7.537710
vt 0.768584 -7.553280
vt 1.881420 -7.553280
vt 1.887150 -7.537710
vt -20.838400 0.550215
vt -20.837799 0.534640
vt -20.556000 0.534640
vt -20.555700 0.550215
vt -20.372801 2.135540
vt -20.372200 2.119960
vt -20.094000 2.119960
vt -20.093399 2.135540
vt -19.022900 3.650540
vt -19.022301 3.634970
vt -18.744101 3.634970
vt -18.743500 3.650540
vt -16.847700 5.029020
vt -16.847099 5.013450
vt -16.568899 5.013450
vt -16.568300 5.029020
vt -13.942300 6.210720
vt -13.941700 6.195150
vt -13.663500 6.195150
vt -13.662900 6.210720
vt -10.433700 7.144000
vt -10.433100 7.128430
vt -10.154800 7.128430
vt -10.154200 7.144000
vt -6.400420 7.788070
vt -6.393330 7.772500
vt -6.196300 7.772500
vt -6.195690 7.788070
vt -6.393330 15.354600
vt -6.378260 15.337800
vt -6.197580 15.337800
vt -6.196300 15.354600
vt 20.560600 1.389320
vt 20.572800 1.372590
vt 21.883801 1.372590
vt 21.898899 1.389320
vt 0.768584 -14.978600
vt 0.780789 -14.995300
vt 1.869210 -14.995300
vt 1.881420 -14.978600
vt -20.588400 -0.543433
vt -20.587799 -0.560167
vt -20.572800 -0.560167
vt -20.560600 -0.543433
vt -20.837799 1.029240
vt -20.836599 1.012500
vt -20.556601 1.012500
vt -20.556000 1.029240
vt -20.372200 4.166940
vt -20.370899 4.150210
vt -20.095200 4.150210
vt -20.094000 4.166940
vt -19.022301 7.165480
vt -19.021000 7.148740
vt -18.745300 7.148740
vt -18.744101 7.165480
vt -16.847099 9.893790
vt -16.845900 9.877060
vt -16.570200 9.877060
vt -16.568899 9.893790
vt -13.941700 12.232600
vt -13.940500 12.215900
vt -13.664800 12.215900
vt -13.663500 12.232600
vt -10.433100 14.079800
vt -10.431800 14.063100
vt -10.156100 14.063100
vt -10.154800 14.079800
vt -10.431800 19.242100
vt -10.430400 19.228399
vt -10.157600 19.228399
vt -10.156100 19.242100
vt -6.378260 20.987400
vt -6.361420 20.973700
vt -6.199010 20.973700
vt -6.197580 20.987400
vt 20.572800 1.867240
vt 20.586399 1.853590
vt 21.866899 1.853590
vt 21.883801 1.867240
vt 0.780789 -20.542400
vt 0.794424 -20.556000
vt 1.855580 -20.556000
vt 1.869210 -20.542400
vt -20.836599 1.374240
vt -20.835100 1.360590
vt -20.557301 1.360590
vt -20.556601 1.374240
vt -20.370899 5.670140
vt -20.369499 5.656490
vt -20.096701 5.656490
vt -20.095200 5.670140
vt -19.021000 9.775500
vt -19.019600 9.761840
vt -18.746799 9.761840
vt -18.745300 9.775500
vt -16.845900 13.510900
vt -16.844400 13.497200
vt -16.571600 13.497200
vt -16.570200 13.510900
vt -13.940500 16.713100
vt -13.939000 16.699400
vt -13.666200 16.699400
vt -13.664800 16.713100
vt -13.939000 14.510800
vt -13.937800 14.497100
vt -13.667400 14.497100
vt -13.666200 14.510800
vt -10.430400 16.707500
vt -10.429100 16.693800
vt -10.158800 16.693800
vt -10.157600 16.707500
vt -6.361420 18.223400
vt -6.346760 18.209700
vt -6.200260 18.209700
vt -6.199010 18.223400
vt 20.586399 1.615810
vt 20.598301 1.602130
vt 21.852301 1.602130
vt 21.866899 1.615810
vt 0.794424 -17.849001
vt 0.795020 -17.849701
vt 0.807542 -17.862700
vt 1.843710 -17.862700
vt 1.855580 -17.849001
vt -20.832899 -0.100000
vt -20.580200 -0.100000
vt -20.580200 -0.019085
vt -20.832899 -0.019085
vt -10.428200 -0.019085
vt -10.428200 -0.100000
vt -10.159800 -0.100000
vt -10.159800 -0.019085
vt -6.210330 -0.100000
vt -6.210330 -0.019085
vt -6.344060 -0.100000
vt -6.335250 -0.019085
vt -6.335250 -0.100000
vt -6.201240 -0.019085
vt 20.607599 -0.019085
vt 20.607599 -0.100000
vt 21.840799 -0.100000
vt 21.840799 -0.019085
vt 1.834380 -0.019085
vt 0.817898 -0.019085
vt 0.817898 -0.100000
vt 1.750100 -0.100000
vt 1.750100 -0.080315
vt 1.834100 -0.080315
vt 1.834100 -0.100000
vt 1.834380 -0.100000
vt 1.836110 -2.583720
vt 0.815983 -2.583720
vt 0.817898 -2.597500
vt 1.834380 -2.597500
vt 1.843710 -11.384600
vt 0.807542 -11.384600
vt 0.815983 -11.398400
vt 1.836110 -11.398400
vt -20.833099 0.737756
vt -20.578300 0.737756
vt -20.569901 0.751501
vt -20.833900 0.751501
vt -20.832899 0.148818
vt -20.580200 0.148818
vt -20.578300 0.162601
vt -20.833099 0.162601
vt -20.098900 0.687127
vt -20.098700 0.700910
vt -20.367500 0.700910
vt -20.367300 0.687127
vt -20.368299 3.130320
vt -20.367500 3.116570
vt -20.098700 3.116570
vt -20.097900 3.130320
vt -19.018400 5.403620
vt -19.017599 5.389870
vt -18.748800 5.389870
vt -18.747999 5.403620
vt -16.843201 7.472060
vt -16.842400 7.458310
vt -16.573601 7.458310
vt -16.572800 7.472060
vt -13.937800 9.245230
vt -13.937000 9.231480
vt -13.668200 9.231480
vt -13.667400 9.245230
vt -10.429100 10.645600
vt -10.428300 10.631900
vt -10.159600 10.631900
vt -10.158800 10.645600
vt -6.346760 11.612100
vt -6.337380 11.598300
vt -6.201060 11.598300
vt -6.200260 11.612100
vt 20.598301 1.024500
vt 20.605900 1.010750
vt 21.842899 1.010750
vt 21.852301 1.024500
vt 20.605900 0.224378
vt 20.607599 0.210595
vt 21.840799 0.210595
vt 21.842899 0.224378
vt -6.201240 2.606490
vt -6.201060 2.620270
vt -6.337380 2.620270
vt -6.335250 2.606490
vt -10.159800 2.387790
vt -10.159600 2.401570
vt -10.428300 2.401570
vt -10.428200 2.387790
vt -13.668400 2.070890
vt -13.668200 2.084670
vt -13.937000 2.084670
vt -13.936800 2.070890
vt -16.573799 1.669630
vt -16.573601 1.683410
vt -16.842400 1.683410
vt -16.842199 1.669630
vt -18.749001 1.201560
vt -18.748800 1.215340
vt -19.017599 1.215340
vt -19.017401 1.201560
vt -19.017401 -0.019085
vt -19.017401 -0.100000
vt -18.749001 -0.100000
vt -18.749001 -0.019085
vt -16.842199 -0.019085
vt -16.842199 -0.100000
vt -16.573799 -0.100000
vt -16.573799 -0.019085
vt -13.936800 -0.019085
vt -13.936800 -0.100000
vt -13.668400 -0.100000
vt -13.668400 -0.019085
vt -20.367300 -0.019085
vt -20.367300 -0.100000
vt -20.098900 -0.100000
vt -20.098900 -0.019085
vt -16.844400 11.729400
vt -16.843201 11.715700
vt -16.572800 11.715700
vt -16.571600 11.729400
vt -19.019600 8.484870
vt -19.018400 8.471180
vt -18.747999 8.471180
vt -18.746799 8.484870
vt -20.369499 4.918980
vt -20.368299 4.905300
vt -20.097900 4.905300
vt -20.096701 4.918980
vt -20.833900 1.173910
vt -20.569901 1.173910
vt -20.557301 1.186910
vt -20.557301 1.187590
vt -20.835100 1.187590
vt -1.891940 21.911900
vt 16.691999 0.050000
vt 14.792000 0.050000
vt 14.792000 -0.131496
vt 16.691999 -0.131496
vt 1.950000 0.050000
vt 0.700000 0.050000
vt 0.700000 -0.131496
vt 1.950000 -0.131496
vt -16.565300 0.728739
vt -16.691999 0.593480
vt -14.792000 0.593480
vt -14.918700 0.728739
vt -1.823260 -15.567800
vt -1.950000 -15.703100
vt -0.700000 -15.703100
vt -0.826740 -15.567800
vt 14.918700 -1.754350
vt 14.792000 -1.889610
vt 16.691999 -1.889610
vt 16.565300 -1.754350
vt 0.826740 13.933200
vt 0.700000 13.797900
vt 1.669690 13.797900
vt 1.950000 13.797900
vt 1.823260 13.933200
vt 1.669690 14.792000
vt 1.950000 14.792000
vt 2.250000 14.792000
vt 2.653690 14.792000
vt 3.500000 14.792000
vt 3.500000 16.691999
vt 3.500000 17.191999
vt 3.500000 19.992001
vt 3.500000 20.591999
vt 0.400000 0.228740
vt -0.000000 0.228740
vt -0.000000 0.000000
vt 0.400000 0.000000
vt 0.800000 0.228740
vt 0.800000 0.000000
vt 1.200000 0.228740
vt 1.200000 0.000000
vt 1.600000 0.228740
vt 1.600000 0.000000
vt 3.378960 21.161400
vt 3.232620 21.414900
vt 3.036780 21.632401
vt 2.800000 21.804399
vt 2.532620 21.923500
vt 2.250000 21.983601
vt 1.950000 21.983601
vt 1.667380 21.923500
vt 1.400000 21.804399
vt 1.163220 21.632401
vt 0.967376 21.414900
vt 0.821036 21.161400
vt 0.730593 20.883101
vt 0.700000 20.591999
vt 5.200000 0.228740
vt 5.200000 0.000000
vt 4.800000 0.228740
vt 4.800000 0.000000
vt 4.400000 0.228740
vt 4.400000 0.000000
vt 4.000000 0.228740
vt 4.000000 0.000000
vt 3.600000 0.228740
vt 3.600000 0.000000
vt 3.200000 0.228740
vt 3.200000 0.000000
vt 2.800000 0.228740
vt 2.800000 0.000000
vt 2.400000 0.228740
vt 2.400000 0.000000
vt 2.000000 0.228740
vt 2.000000 0.000000
vt -16.691999 -0.485713
vt -16.686001 -0.498536
vt -14.798000 -0.498536
vt -14.792000 -0.485713
vt -1.950000 7.658200
vt -1.944000 7.645380
vt -0.706004 7.645380
vt -0.700000 7.658200
vt 14.792000 0.755166
vt 14.798000 0.742343
vt 16.686001 0.742343
vt 16.691999 0.755166
vt 0.700000 -7.084380
vt 0.706004 -7.097200
vt 1.944000 -7.097200
vt 1.950000 -7.084380
vt 1.669690 -7.084380
vt 0.706004 -13.910500
vt 0.718000 -13.923300
vt 1.932000 -13.923300
vt 1.944000 -13.910500
vt -16.686001 -0.727621
vt -16.674000 -0.740444
vt -14.810000 -0.740444
vt -14.798000 -0.727621
vt -1.944000 15.542400
vt -1.932000 15.529600
vt -0.718000 15.529600
vt -0.706004 15.542400
vt 14.798000 1.751420
vt 14.810000 1.738600
vt 16.674000 1.738600
vt 16.686001 1.751420
vt -14.810000 -1.876130
vt -14.822000 -1.863300
vt -16.662001 -1.863300
vt -16.674000 -1.876130
vt -0.718000 13.785800
vt -0.729996 13.798600
vt -1.920000 13.798600
vt -1.932000 13.785800
vt 16.674000 0.602916
vt 16.662001 0.615739
vt 14.822000 0.615739
vt 14.810000 0.602916
vt 1.932000 -15.667100
vt 1.920000 -15.654300
vt 0.729996 -15.654300
vt 0.718000 -15.667100
vt 1.920000 -7.970030
vt 1.914000 -7.957210
vt 0.736000 -7.957210
vt 0.729996 -7.970030
vt -14.822000 -1.067000
vt -14.828000 -1.054180
vt -16.656000 -1.054180
vt -16.662001 -1.067000
vt -0.729996 6.772550
vt -0.736000 6.785370
vt -1.914000 6.785370
vt -1.920000 6.772550
vt 16.662001 0.173880
vt 16.656000 0.186703
vt 14.828000 0.186703
vt 14.822000 0.173880
vt 16.656000 0.369021
vt 16.643600 0.387312
vt 14.840400 0.387312
vt 14.828000 0.369021
vt 1.914000 -11.449700
vt 1.901570 -11.431400
vt 0.748430 -11.431400
vt 0.736000 -11.449700
vt -14.828000 -1.431790
vt -14.840400 -1.413500
vt -16.643600 -1.413500
vt -16.656000 -1.431790
vt -0.736000 9.945260
vt -0.748430 9.963550
vt -1.901570 9.963550
vt -1.914000 9.945260
vt -0.748430 12.309500
vt -0.763713 12.327800
vt -1.886290 12.327800
vt -1.901570 12.309500
vt 16.643600 0.534549
vt 16.628300 0.552840
vt 14.855700 0.552840
vt 14.840400 0.534549
vt 1.901570 -13.997800
vt 1.886290 -13.979500
vt 0.763713 -13.979500
vt 0.748430 -13.997800
vt -14.840400 -1.679730
vt -14.855700 -1.661440
vt -16.628300 -1.661440
vt -16.643600 -1.679730
vt -14.855700 -1.830290
vt -14.873000 -1.812000
vt -16.611000 -1.812000
vt -16.628300 -1.830290
vt -0.763713 13.955700
vt -0.780960 13.974000
vt -1.869040 13.974000
vt -1.886290 13.955700
vt 16.628300 0.668382
vt 16.611000 0.686673
vt 14.873000 0.686673
vt 14.855700 0.668382
vt 1.886290 -15.730500
vt 1.869040 -15.712200
vt 0.780960 -15.712200
vt 0.763713 -15.730500
vt 1.869040 -16.546600
vt 1.850840 -16.528299
vt 0.799164 -16.528299
vt 0.780960 -16.546600
vt -14.873000 -1.874680
vt -14.891200 -1.856390
vt -16.592800 -1.856390
vt -16.611000 -1.874680
vt -0.780960 14.787700
vt -0.799164 14.806000
vt -1.850840 14.806000
vt -1.869040 14.787700
vt 16.611000 0.762719
vt 16.592800 0.781010
vt 14.891200 0.781010
vt 14.873000 0.762719
vt -16.592800 -0.723566
vt -16.583200 -0.735748
vt -14.900800 -0.735748
vt -14.891200 -0.723566
vt -1.850840 13.069200
vt -1.841180 13.057000
vt -0.808825 13.057000
vt -0.799164 13.069200
vt 14.891200 1.378020
vt 14.900800 1.365830
vt 16.583200 1.365830
vt 16.592800 1.378020
vt 0.799164 -11.899200
vt 0.808825 -11.911400
vt 1.841180 -11.911400
vt 1.850840 -11.899200
vt -0.808825 14.754200
vt -0.820903 14.766400
vt -1.829100 14.766400
vt -1.841180 14.754200
vt 16.583200 0.781826
vt 16.571100 0.794008
vt 14.912900 0.794008
vt 14.900800 0.781826
vt 1.841180 -16.462500
vt 1.829100 -16.450300
vt 0.820903 -16.450300
vt 0.808825 -16.462500
vt -14.900800 -1.845670
vt -14.912900 -1.833490
vt -16.571100 -1.833490
vt -16.583200 -1.845670
vt -14.917400 -1.228370
vt -14.918700 -1.226150
vt -16.565300 -1.226150
vt -16.566601 -1.228370
vt -16.571100 -1.235730
vt -14.912900 -1.235730
vt -0.820903 8.962780
vt -0.825387 8.970140
vt -0.826740 8.972360
vt -1.823260 8.972360
vt -1.824610 8.970140
vt -1.829100 8.962780
vt 16.566601 0.385895
vt 16.565300 0.388117
vt 14.918700 0.388117
vt 14.917400 0.385895
vt 14.912900 0.378536
vt 16.571100 0.378536
vt 1.829100 -10.215900
vt 1.824610 -10.208600
vt 1.823260 -10.206300
vt 0.826740 -10.206300
vt 0.825387 -10.208600
vt 0.820903 -10.215900
vt 1.823260 -0.145637
vt 1.823260 -0.131496
vt 0.826740 -0.131496
vt 0.826740 -0.145637
vt -14.918700 -0.145637
vt -14.918700 -0.131496
vt -16.565300 -0.131496
vt -16.565300 -0.145637
vt -0.826740 -0.145637
vt -0.826740 -0.131496
vt -1.823260 -0.131496
vt -1.823260 -0.145637
vt 16.565300 -0.145637
vt 16.565300 -0.131496
vt 14.918700 -0.131496
vt 14.918700 -0.145637
vt 14.792000 -0.178740
vt 16.691999 -0.178740
vt 1.950000 16.691999
vt 1.950000 17.191999
vt 1.950000 19.992001
vt 1.950000 20.492001
vt -16.691999 -0.178740
vt -14.792000 -0.178740
vt -14.792000 -0.131496
vt -16.691999 -0.131496
vt 14.792000 -1.211510
vt 14.798000 -1.224330
vt 16.686001 -1.224330
vt 16.691999 -1.211510
vt -3.500000 -7.084380
vt -3.494000 -7.097200
vt -2.256000 -7.097200
vt -2.250000 -7.084380
vt -2.653690 -7.084380
vt -16.691999 1.480960
vt -16.686001 1.468140
vt -14.798000 1.468140
vt -14.792000 1.480960
vt 2.250000 7.658200
vt 2.256000 7.645380
vt 3.494000 7.645380
vt 3.500000 7.658200
vt 2.256000 15.542400
vt 2.268000 15.529600
vt 3.482000 15.529600
vt 3.494000 15.542400
vt 14.798000 -2.177630
vt 14.810000 -2.190450
vt 16.674000 -2.190450
vt 16.686001 -2.177630
vt -3.494000 -13.910500
vt -3.482000 -13.923300
vt -2.268000 -13.923300
vt -2.256000 -13.910500
vt -16.686001 3.201430
vt -16.674000 3.188600
vt -14.810000 3.188600
vt -14.798000 3.201430
vt 16.674000 -3.326130
vt 16.662001 -3.313310
vt 14.822000 -3.313310
vt 14.810000 -3.326130
vt -2.268000 -15.667100
vt -2.280000 -15.654300
vt -3.470000 -15.654300
vt -3.482000 -15.667100
vt -14.810000 2.052920
vt -14.822000 2.065740
vt -16.662001 2.065740
vt -16.674000 2.052920
vt 3.482000 13.785800
vt 3.470000 13.798600
vt 2.280000 13.798600
vt 2.268000 13.785800
vt 3.470000 6.772550
vt 3.464000 6.785370
vt 2.286000 6.785370
vt 2.280000 6.772550
vt 16.662001 -1.792800
vt 16.656000 -1.779970
vt 14.828000 -1.779970
vt 14.822000 -1.792800
vt -2.280000 -7.970030
vt -2.286000 -7.957210
vt -3.464000 -7.957210
vt -3.470000 -7.970030
vt -14.822000 0.899677
vt -14.828000 0.912500
vt -16.656000 0.912500
vt -16.662001 0.899677
vt -14.828000 1.422330
vt -14.840400 1.440620
vt -16.643600 1.440620
vt -16.656000 1.422330
vt 3.464000 9.945260
vt 3.451570 9.963550
vt 2.298430 9.963550
vt 2.286000 9.945260
vt 16.656000 -2.485090
vt 16.643600 -2.466800
vt 14.840400 -2.466800
vt 14.828000 -2.485090
vt -2.286000 -11.449700
vt -2.298430 -11.431400
vt -3.451570 -11.431400
vt -3.464000 -11.449700
vt -2.298430 -13.997800
vt -2.313710 -13.979500
vt -3.436290 -13.979500
vt -3.451570 -13.997800
vt -14.840400 1.829700
vt -14.855700 1.847990
vt -16.628300 1.847990
vt -16.643600 1.829700
vt 3.451570 12.309500
vt 3.436290 12.327800
vt 2.313710 12.327800
vt 2.298430 12.309500
vt 16.643600 -2.974880
vt 16.628300 -2.956590
vt 14.855700 -2.956590
vt 14.840400 -2.974880
vt 16.628300 -3.291780
vt 16.611000 -3.273490
vt 14.873000 -3.273490
vt 14.855700 -3.291780
vt -2.313710 -15.730500
vt -2.330960 -15.712200
vt -3.419040 -15.712200
vt -3.436290 -15.730500
vt -14.855700 2.129870
vt -14.873000 2.148160
vt -16.611000 2.148160
vt -16.628300 2.129870
vt 3.436290 13.955700
vt 3.419040 13.974000
vt 2.330960 13.974000
vt 2.313710 13.955700
vt 3.419040 14.787700
vt 3.400840 14.806000
vt 2.349160 14.806000
vt 2.330960 14.787700
vt 16.611000 -3.417320
vt 16.592800 -3.399030
vt 14.891200 -3.399030
vt 14.873000 -3.417320
vt -2.330960 -16.546600
vt -2.349160 -16.528299
vt -3.400840 -16.528299
vt -3.419040 -16.546600
vt -14.873000 2.305350
vt -14.891200 2.323640
vt -16.592800 2.323640
vt -16.611000 2.305350
vt 14.891200 -1.952790
vt 14.900800 -1.964970
vt 16.583200 -1.964970
vt 16.592800 -1.952790
vt -3.400840 -11.899200
vt -3.391180 -11.911400
vt -2.358820 -11.911400
vt -2.349160 -11.899200
vt -16.592800 2.607240
vt -16.583200 2.595060
vt -14.900800 2.595060
vt -14.891200 2.607240
vt 2.349160 13.069200
vt 2.358820 13.057000
vt 3.391180 13.057000
vt 3.400840 13.069200
vt -2.358820 -16.462500
vt -2.370900 -16.450300
vt -3.379100 -16.450300
vt -3.391180 -16.462500
vt -14.900800 2.318670
vt -14.912900 2.330850
vt -16.571100 2.330850
vt -16.583200 2.318670
vt 3.391180 14.754200
vt 3.379100 14.766400
vt 2.370900 14.766400
vt 2.358820 14.754200
vt 16.583200 -3.382520
vt 16.571100 -3.370330
vt 14.912900 -3.370330
vt 14.900800 -3.382520
vt 16.571100 -2.179920
vt 16.566601 -2.172560
vt 16.565300 -2.170340
vt 14.918700 -2.170340
vt 14.917400 -2.172560
vt 14.912900 -2.179920
vt -2.370900 -10.215900
vt -2.375390 -10.208600
vt -2.376740 -10.206300
vt -3.373260 -10.206300
vt -3.374610 -10.208600
vt -3.379100 -10.215900
vt -14.912900 1.322730
vt -14.917400 1.330090
vt -14.918700 1.332310
vt -16.565300 1.332310
vt -16.566601 1.330090
vt -16.571100 1.322730
vt 3.379100 8.962780
vt 3.374610 8.970140
vt 3.373260 8.972360
vt 2.376740 8.972360
vt 2.375390 8.970140
vt 2.370900 8.962780
vt 3.373260 -0.145637
vt 3.373260 -0.131496
vt 2.376740 -0.131496
vt 2.376740 -0.145637
vt -2.376740 -0.145637
vt -2.376740 -0.131496
vt -3.373260 -0.131496
vt -3.373260 -0.145637
vt 14.918700 2.181110
vt 14.792000 2.045860
vt 16.691999 2.045860
vt 16.565300 2.181110
vt -3.373260 13.933200
vt -3.500000 13.797900
vt -2.653690 13.797900
vt -2.250000 13.797900
vt -2.376740 13.933200
vt -16.565300 -3.206730
vt -16.691999 -3.341990
vt -14.792000 -3.341990
vt -14.918700 -3.206730
vt 2.376740 -15.567800
vt 2.250000 -15.703100
vt 3.500000 -15.703100
vt 3.373260 -15.567800
vt 2.250000 17.191999
vt 2.250000 16.691999
vt 2.625040 17.191999
vt -3.500000 -8.208190
vt -3.494000 -8.221020
vt -2.256000 -8.221020
vt -2.250000 -8.208190
vt -2.625040 -8.208190
vt -19.992001 1.480960
vt -19.986000 1.468140
vt -17.198000 1.468140
vt -17.191999 1.480960
vt 2.250000 9.203440
vt 2.256000 9.190620
vt 3.494000 9.190620
vt 3.500000 9.203440
vt 17.191999 -1.211510
vt 17.198000 -1.224330
vt 19.986000 -1.224330
vt 19.992001 -1.211510
vt 17.198000 -2.177630
vt 17.209999 -2.190450
vt 19.974001 -2.190450
vt 19.986000 -2.177630
vt -3.494000 -16.155701
vt -3.482000 -16.168501
vt -2.268000 -16.168501
vt -2.256000 -16.155701
vt -19.986000 3.201430
vt -19.974001 3.188600
vt -17.209999 3.188600
vt -17.198000 3.201430
vt 2.256000 18.629499
vt 2.268000 18.616699
vt 3.482000 18.616699
vt 3.494000 18.629499
vt -2.268000 -18.754200
vt -2.280000 -18.741400
vt -3.470000 -18.741400
vt -3.482000 -18.754200
vt -17.209999 2.052920
vt -17.222000 2.065740
vt -19.962000 2.065740
vt -19.974001 2.052920
vt 3.482000 16.031000
vt 3.470000 16.043800
vt 2.280000 16.043800
vt 2.268000 16.031000
vt 19.974001 -3.326130
vt 19.962000 -3.313310
vt 17.222000 -3.313310
vt 17.209999 -3.326130
vt 19.962000 -1.792800
vt 19.955999 -1.779970
vt 17.228001 -1.779970
vt 17.222000 -1.792800
vt -2.280000 -9.515280
vt -2.286000 -9.502450
vt -3.464000 -9.502450
vt -3.470000 -9.515280
vt -17.222000 0.899677
vt -17.228001 0.912500
vt -19.955999 0.912500
vt -19.962000 0.899677
vt 3.470000 7.896360
vt 3.464000 7.909180
vt 2.286000 7.909180
vt 2.280000 7.896360
vt 3.464000 11.576200
vt 3.451570 11.594500
vt 2.298430 11.594500
vt 2.286000 11.576200
vt 19.955999 -2.485090
vt 19.943600 -2.466800
vt 17.240400 -2.466800
vt 17.228001 -2.485090
vt -2.286000 -13.692300
vt -2.298430 -13.674000
vt -3.451570 -13.674000
vt -3.464000 -13.692300
vt -17.228001 1.422330
vt -17.240400 1.440620
vt -19.943600 1.440620
vt -19.955999 1.422330
vt -17.240400 1.829700
vt -17.255699 1.847990
vt -19.928301 1.847990
vt -19.943600 1.829700
vt 3.451570 14.314900
vt 3.436290 14.333200
vt 2.313710 14.333200
vt 2.298430 14.314900
vt 19.943600 -2.974880
vt 19.928301 -2.956590
vt 17.255699 -2.956590
vt 17.240400 -2.974880
vt -2.298430 -16.755199
vt -2.313710 -16.736900
vt -3.436290 -16.736900
vt -3.451570 -16.755199
vt -2.313710 -18.841999
vt -2.330960 -18.823700
vt -3.419040 -18.823700
vt -3.436290 -18.841999
vt -17.255699 2.129870
vt -17.273001 2.148160
vt -19.910999 2.148160
vt -19.928301 2.129870
vt 3.436290 16.218599
vt 3.419040 16.236900
vt 2.330960 16.236900
vt 2.313710 16.218599
vt 19.928301 -3.291780
vt 19.910999 -3.273490
vt 17.273001 -3.273490
vt 17.255699 -3.291780
vt 19.910999 -3.417320
vt 19.892799 -3.399030
vt 17.291201 -3.399030
vt 17.273001 -3.417320
vt -2.330960 -19.830900
vt -2.349160 -19.812599
vt -3.400840 -19.812599
vt -3.419040 -19.830900
vt -17.273001 2.305350
vt -17.291201 2.323640
vt -19.892799 2.323640
vt -19.910999 2.305350
vt 3.419040 17.176300
vt 3.400840 17.194599
vt 2.349160 17.194599
vt 2.330960 17.176300
vt -3.400840 -13.802500
vt -3.391180 -13.814700
vt -2.358820 -13.814700
vt -2.349160 -13.802500
vt -19.892799 2.607240
vt -19.883200 2.595060
vt -17.300800 2.595060
vt -17.291201 2.607240
vt 2.349160 15.686200
vt 2.358820 15.674000
vt 3.391180 15.674000
vt 3.400840 15.686200
vt 17.291201 -1.952790
vt 17.300800 -1.964970
vt 19.883200 -1.964970
vt 19.892799 -1.952790
vt -17.300800 2.318670
vt -17.312901 2.330850
vt -19.871099 2.330850
vt -19.883200 2.318670
vt 3.391180 17.133801
vt 3.379100 17.146000
vt 2.370900 17.146000
vt 2.358820 17.133801
vt 19.883200 -3.382520
vt 19.871099 -3.370330
vt 17.312901 -3.370330
vt 17.300800 -3.382520
vt -2.358820 -19.734501
vt -2.370900 -19.722300
vt -3.379100 -19.722300
vt -3.391180 -19.734501
vt -2.370900 -12.226100
vt -2.375390 -12.218800
vt -2.376740 -12.216600
vt -3.373260 -12.216600
vt -3.374610 -12.218800
vt -3.379100 -12.226100
vt -17.312901 1.322730
vt -17.317400 1.330090
vt -17.318701 1.332310
vt -19.865299 1.332310
vt -19.866600 1.330090
vt -19.871099 1.322730
vt 3.374610 10.432100
vt 3.373260 10.434300
vt 2.376740 10.434300
vt 2.375390 10.432100
vt 2.370900 10.424800
vt 3.379100 10.424800
vt 19.866600 -2.172560
vt 19.865299 -2.170340
vt 17.318701 -2.170340
vt 17.317400 -2.172560
vt 17.312901 -2.179920
vt 19.871099 -2.179920
vt 19.865299 -0.145637
vt 19.865299 -0.131496
vt 17.318701 -0.131496
vt 17.318701 -0.145637
vt -17.318701 -0.145637
vt -17.318701 -0.131496
vt -19.865299 -0.131496
vt -19.865299 -0.145637
vt -3.373260 16.181999
vt -3.500000 16.046801
vt -2.625040 16.046801
vt -2.250000 16.046801
vt -2.376740 16.181999
vt -19.865299 -3.206730
vt -19.992001 -3.341990
vt -17.191999 -3.341990
vt -17.318701 -3.206730
vt 2.376740 -18.660000
vt 2.250000 -18.795300
vt 3.500000 -18.795300
vt 3.373260 -18.660000
vt 17.318701 2.181110
vt 17.191999 2.045860
vt 19.992001 2.045860
vt 19.865299 2.181110
vt -19.992001 -0.178740
vt -17.191999 -0.178740
vt -17.191999 -0.131496
vt -19.992001 -0.131496
vt 2.250000 19.992001
vt 2.250000 20.492001
vt 2.625040 20.492001
vt 3.500000 20.492001
vt 20.492001 1.480960
vt 20.497999 1.468140
vt 20.591700 1.468140
vt 20.591999 1.480960
vt 2.250000 -9.753440
vt 2.256000 -9.766260
vt 3.494000 -9.766260
vt 3.500000 -9.753440
vt 2.625040 -9.753440
vt -21.983601 -1.211510
vt -21.976101 -1.224330
vt -20.497999 -1.224330
vt -20.492001 -1.211510
vt 2.080870 10.130100
vt 2.081500 10.117300
vt 2.362390 10.117300
vt 2.369810 10.130100
vt 6.310740 9.702700
vt 6.311370 9.689880
vt 6.602780 9.689880
vt 6.603420 9.702700
vt 10.258400 8.872840
vt 10.259000 8.860010
vt 10.550400 8.860010
vt 10.551100 8.872840
vt 13.751300 7.676780
vt 13.752000 7.663950
vt 14.043400 7.663950
vt 14.044000 7.676780
vt 16.636900 6.166800
vt 16.637501 6.153970
vt 16.928900 6.153970
vt 16.929501 6.166800
vt 18.788900 4.408890
vt 18.789499 4.396070
vt 19.080900 4.396070
vt 19.081600 4.408890
vt 20.113300 2.479880
vt 20.113701 2.467060
vt 20.405399 2.467060
vt 20.406000 2.479880
vt 20.113701 5.197080
vt 20.114300 5.184260
vt 20.404100 5.184260
vt 20.405399 5.197080
vt 20.497999 3.201430
vt 20.510000 3.188600
vt 20.591101 3.188600
vt 20.591700 3.201430
vt 2.256000 -19.242800
vt 2.268000 -19.255600
vt 3.482000 -19.255600
vt 3.494000 -19.242800
vt -21.976101 -2.177630
vt -21.961300 -2.190450
vt -20.510000 -2.190450
vt -20.497999 -2.177630
vt 2.081500 20.480801
vt 2.082760 20.468000
vt 2.347580 20.468000
vt 2.362390 20.480801
vt 6.311370 19.626900
vt 6.312630 19.614100
vt 6.601520 19.614100
vt 6.602780 19.626900
vt 10.259000 17.969000
vt 10.260300 17.956200
vt 10.549200 17.956200
vt 10.550400 17.969000
vt 13.752000 15.579500
vt 13.753200 15.566700
vt 14.042100 15.566700
vt 14.043400 15.579500
vt 16.637501 12.562800
vt 16.638700 12.550000
vt 16.927601 12.550000
vt 16.928900 12.562800
vt 18.789499 9.050870
vt 18.790800 9.038050
vt 19.079700 9.038050
vt 19.080900 9.050870
vt -18.790800 -9.175570
vt -18.792000 -9.162750
vt -19.078400 -9.162750
vt -19.079700 -9.175570
vt -20.114300 -5.321790
vt -20.114901 -5.308960
vt -20.402901 -5.308960
vt -20.404100 -5.321790
vt -20.510000 -3.326130
vt -20.521999 -3.313310
vt -20.590401 -3.313310
vt -20.591101 -3.326130
vt -2.268000 19.118099
vt -2.280000 19.130899
vt -3.470000 19.130899
vt -3.482000 19.118099
vt 21.961300 2.052920
vt 21.946501 2.065740
vt 20.521999 2.065740
vt 20.510000 2.052920
vt -2.082760 -20.605499
vt -2.084020 -20.592699
vt -2.332760 -20.592699
vt -2.347580 -20.605499
vt -6.312630 -19.751600
vt -6.313890 -19.738800
vt -6.600260 -19.738800
vt -6.601520 -19.751600
vt -10.260300 -18.093700
vt -10.261600 -18.080900
vt -10.547900 -18.080900
vt -10.549200 -18.093700
vt -13.753200 -15.704200
vt -13.754500 -15.691400
vt -14.040900 -15.691400
vt -14.042100 -15.704200
vt -16.638700 -12.687500
vt -16.639999 -12.674700
vt -16.926399 -12.674700
vt -16.927601 -12.687500
vt -16.639999 -6.478630
vt -16.640600 -6.465810
vt -16.925800 -6.465810
vt -16.926399 -6.478630
vt -18.792000 -4.720720
vt -18.792700 -4.707900
vt -19.077801 -4.707900
vt -19.078400 -4.720720
vt -20.114901 -2.791720
vt -20.115200 -2.778890
vt -20.402201 -2.778890
vt -20.402901 -2.791720
vt -20.521999 -1.792800
vt -20.528000 -1.779970
vt -20.590099 -1.779970
vt -20.590401 -1.792800
vt -2.280000 9.441610
vt -2.286000 9.454430
vt -3.464000 9.454430
vt -3.470000 9.441610
vt 21.946501 0.899677
vt 21.939100 0.912500
vt 20.528000 0.912500
vt 20.521999 0.899677
vt -2.084020 -10.441900
vt -2.084650 -10.429100
vt -2.325350 -10.429100
vt -2.332760 -10.441900
vt -6.313890 -10.014500
vt -6.314520 -10.001700
vt -6.599630 -10.001700
vt -6.600260 -10.014500
vt -10.261600 -9.184670
vt -10.262200 -9.171850
vt -10.547300 -9.171850
vt -10.547900 -9.184670
vt -13.754500 -7.988610
vt -13.755100 -7.975790
vt -14.040200 -7.975790
vt -14.040900 -7.988610
vt -13.755100 -11.476700
vt -13.756400 -11.458400
vt -14.038900 -11.458400
vt -14.040200 -11.476700
vt -16.640600 -9.285350
vt -16.641899 -9.267060
vt -16.924400 -9.267060
vt -16.925800 -9.285350
vt -18.792700 -6.734210
vt -18.794001 -6.715920
vt -19.076500 -6.715920
vt -19.077801 -6.734210
vt -20.115200 -3.934770
vt -20.115900 -3.916470
vt -20.400900 -3.916470
vt -20.402201 -3.934770
vt -20.528000 -2.485090
vt -20.540400 -2.466800
vt -20.589500 -2.466800
vt -20.590099 -2.485090
vt -2.286000 13.818700
vt -2.298430 13.837000
vt -3.451570 13.837000
vt -3.464000 13.818700
vt 21.939100 1.422330
vt 21.923700 1.440620
vt 20.540400 1.440620
vt 20.528000 1.422330
vt -2.084650 -15.037100
vt -2.085960 -15.018800
vt -2.310000 -15.018800
vt -2.325350 -15.037100
vt -6.314520 -14.416800
vt -6.315830 -14.398500
vt -6.598330 -14.398500
vt -6.599630 -14.416800
vt -10.262200 -13.212500
vt -10.263500 -13.194200
vt -10.546000 -13.194200
vt -10.547300 -13.212500
vt -10.263500 -16.165300
vt -10.265100 -16.146999
vt -10.544400 -16.146999
vt -10.546000 -16.165300
vt -13.756400 -14.031000
vt -13.758000 -14.012700
vt -14.037300 -14.012700
vt -14.038900 -14.031000
vt -16.641899 -11.336500
vt -16.643600 -11.318200
vt -16.922800 -11.318200
vt -16.924400 -11.336500
vt -18.794001 -8.199610
vt -18.795601 -8.181320
vt -19.074900 -8.181320
vt -19.076500 -8.199610
vt -20.115900 -4.757400
vt -20.116699 -4.739110
vt -20.399300 -4.739110
vt -20.400900 -4.757400
vt -20.540400 -2.974880
vt -20.555700 -2.956590
vt -20.588699 -2.956590
vt -20.589500 -2.974880
vt -2.298430 17.072300
vt -2.313710 17.090599
vt -3.436290 17.090599
vt -3.451570 17.072300
vt 21.923700 1.829700
vt 21.904900 1.847990
vt 20.555700 1.847990
vt 20.540400 1.829700
vt -2.085960 -18.408800
vt -2.087560 -18.390499
vt -2.291130 -18.390499
vt -2.310000 -18.408800
vt -6.315830 -17.646099
vt -6.317430 -17.627800
vt -6.596720 -17.627800
vt -6.598330 -17.646099
vt -6.317430 -19.847300
vt -6.319240 -19.829000
vt -6.594910 -19.829000
vt -6.596720 -19.847300
vt -10.265100 -18.176300
vt -10.266900 -18.158001
vt -10.542600 -18.158001
vt -10.544400 -18.176300
vt -13.758000 -15.767900
vt -13.759800 -15.749600
vt -14.035500 -15.749600
vt -14.037300 -15.767900
vt -16.643600 -12.727300
vt -16.645399 -12.709000
vt -16.921000 -12.709000
vt -16.922800 -12.727300
vt -18.795601 -9.187540
vt -18.797400 -9.169250
vt -19.073099 -9.169250
vt -19.074900 -9.187540
vt -20.116699 -5.303240
vt -20.117599 -5.284950
vt -20.397499 -5.284950
vt -20.399300 -5.303240
vt -20.555700 -3.291780
vt -20.573000 -3.273490
vt -20.587799 -3.273490
vt -20.588699 -3.291780
vt -2.313710 19.330200
vt -2.330960 19.348499
vt -3.419040 19.348499
vt -3.436290 19.330200
vt 21.904900 2.129870
vt 21.883600 2.148160
vt 20.573000 2.148160
vt 20.555700 2.129870
vt -2.087560 -20.708000
vt -2.089380 -20.689699
vt -2.269830 -20.689699
vt -2.291130 -20.708000
vt -2.089380 -21.800501
vt -2.091290 -21.782200
vt -2.247350 -21.782200
vt -2.269830 -21.800501
vt -6.319240 -20.892099
vt -6.321160 -20.873800
vt -6.592990 -20.873800
vt -6.594910 -20.892099
vt -10.266900 -19.128201
vt -10.268800 -19.109900
vt -10.540700 -19.109900
vt -10.542600 -19.128201
vt -13.759800 -16.586100
vt -13.761700 -16.567801
vt -14.033600 -16.567801
vt -14.035500 -16.586100
vt -16.645399 -13.376700
vt -16.647301 -13.358400
vt -16.919100 -13.358400
vt -16.921000 -13.376700
vt -18.797400 -9.640420
vt -18.799299 -9.622130
vt -19.071100 -9.622130
vt -19.073099 -9.640420
vt -20.117599 -5.540450
vt -20.118299 -5.526320
vt -20.118500 -5.522160
vt -20.122900 -5.522160
vt -20.395599 -5.522160
vt -20.397499 -5.540450
vt -20.587799 -3.417320
vt -20.573000 -3.417320
vt -20.587000 -3.403190
vt -2.330960 20.460600
vt -2.349160 20.478901
vt -3.400380 20.478901
vt -3.400840 20.478901
vt -3.404980 20.474800
vt -3.419040 20.460600
vt 21.883600 2.305350
vt 21.861099 2.323640
vt 20.591200 2.323640
vt 20.573000 2.305350
vt -21.861099 -1.952790
vt -21.849199 -1.964970
vt -20.600800 -1.964970
vt -20.591200 -1.952790
vt 2.091290 17.255600
vt 2.092310 17.243401
vt 2.235420 17.243401
vt 2.247350 17.255600
vt 6.321160 16.531799
vt 6.322170 16.519600
vt 6.591980 16.519600
vt 6.592990 16.531799
vt 10.268800 15.126300
vt 10.269800 15.114100
vt 10.539600 15.114100
vt 10.540700 15.126300
vt 13.761700 13.100600
vt 13.762800 13.088400
vt 14.032600 13.088400
vt 14.033600 13.100600
vt 16.647301 10.543300
vt 16.648300 10.531100
vt 16.918100 10.531100
vt 16.919100 10.543300
vt 18.799299 7.566050
vt 18.800301 7.553860
vt 19.070101 7.553860
vt 19.071100 7.566050
vt 20.395599 4.299040
vt 20.122900 4.299040
vt 20.133699 4.286860
vt 20.394600 4.286860
vt 2.358820 -16.431801
vt 3.389650 -16.431801
vt 3.400380 -16.419600
vt 2.349160 -16.419600
vt -2.370900 20.417999
vt -3.376230 20.417999
vt -3.389650 20.405800
vt -2.358820 20.405800
vt -2.376740 12.444600
vt -3.369750 12.444600
vt -3.376230 12.435000
vt -2.370900 12.435000
vt -2.375390 12.442300
vt -3.369750 -0.131496
vt -3.369750 -0.145637
vt 21.827000 -0.145637
vt 21.827000 -0.131496
vt 20.618700 -0.131496
vt 20.618700 -0.145637
vt -2.094190 -0.145637
vt -2.094190 -0.131496
vt -2.213290 -0.131496
vt -2.213290 -0.145637
vt -6.324060 -0.145637
vt -6.324060 -0.131496
vt -6.590090 -0.131496
vt -6.590090 -0.145637
vt -10.271700 -0.145637
vt -10.271700 -0.131496
vt -10.537800 -0.131496
vt -10.537800 -0.145637
vt -13.764600 -0.145637
vt -13.764600 -0.131496
vt -14.030700 -0.131496
vt -14.030700 -0.145637
vt -16.650200 -0.145637
vt -16.650200 -0.131496
vt -16.916201 -0.131496
vt -16.916201 -0.145637
vt -18.802200 -0.145637
vt -18.802200 -0.131496
vt -19.068199 -0.131496
vt -19.068199 -0.145637
vt -20.120001 -0.145637
vt -20.120001 -0.131496
vt -20.153601 -0.131496
vt -20.392700 -0.131496
vt -20.392700 -0.145637
vt -20.153601 -0.145637
vt 20.120001 -5.205640
vt 20.118299 -5.239500
vt 20.113300 -5.340900
vt 20.406000 -5.340900
vt 20.392700 -5.205640
vt 20.153601 -5.205640
vt 3.469410 20.883101
vt -19.081600 -0.178740
vt -18.788900 -0.178740
vt -18.788900 -0.131496
vt -19.081600 -0.131496
vt 18.802200 -9.065730
vt 18.788900 -9.200990
vt 19.081600 -9.200990
vt 19.068199 -9.065730
vt 16.650200 -12.583400
vt 16.636900 -12.718700
vt 16.929501 -12.718700
vt 16.916201 -12.583400
vt -16.929501 -0.178740
vt -16.636900 -0.178740
vt -16.636900 -0.131496
vt -16.929501 -0.131496
vt 3.129520 21.340000
vt 3.262540 21.109600
vt 2.080870 -0.178740
vt 2.369810 -0.178740
vt 2.369810 -0.131496
vt 2.080870 -0.131496
vt 2.094190 -20.514299
vt 2.080870 -20.649599
vt 2.369810 -20.649599
vt 2.213290 -20.514299
vt 6.324060 -19.659100
vt 6.310740 -19.794300
vt 6.603420 -19.794300
vt 6.590090 -19.659100
vt 10.271700 -17.998400
vt 10.258400 -18.133699
vt 10.551100 -18.133699
vt 10.537800 -17.998400
vt 13.764600 -15.605000
vt 13.751300 -15.740300
vt 14.044000 -15.740300
vt 14.030700 -15.605000
vt -14.044000 -0.178740
vt -13.751300 -0.178740
vt -13.751300 -0.131496
vt -14.044000 -0.131496
vt -14.044000 0.050000
vt -13.751300 0.050000
vt 20.086800 0.050000
vt 20.086800 -0.131496
vt 20.379400 -0.131496
vt 20.379400 0.050000
vt -20.844999 -0.178740
vt -20.552401 -0.178740
vt -20.552401 -0.131496
vt -20.844999 -0.131496
vt -20.831699 -1.291730
vt -20.844999 -1.426990
vt -20.552401 -1.426990
vt -20.557301 -1.325590
vt -20.559000 -1.291730
vt -20.592600 -1.291730
vt -20.366100 -5.322880
vt -20.379400 -5.458140
vt -20.086800 -5.458140
vt -20.100100 -5.322880
vt -19.016199 -9.175220
vt -19.029499 -9.310480
vt -18.736900 -9.310480
vt -18.750200 -9.175220
vt -16.841000 -12.680400
vt -16.854401 -12.815700
vt -16.561701 -12.815700
vt -16.575001 -12.680400
vt -13.935600 -15.685200
vt -13.948900 -15.820500
vt -13.656300 -15.820500
vt -13.669600 -15.685200
vt -10.427000 -18.058399
vt -10.440300 -18.193600
vt -10.147600 -18.193600
vt -10.160900 -18.058399
vt -6.321510 -19.696100
vt -6.478030 -19.831400
vt -6.189090 -19.831400
vt -6.202410 -19.696100
vt 20.618700 -1.754350
vt 20.492001 -1.889610
vt 21.983601 -1.889610
vt 21.827000 -1.754350
vt 0.826740 19.274200
vt 0.795020 19.240299
vt 0.700000 19.138901
vt 1.641040 19.138901
vt 1.950000 19.138901
vt 1.823260 19.274200
vt 0.830249 19.274200
vt -20.591999 -0.485713
vt -20.591700 -0.498536
vt -20.497999 -0.498536
vt -20.492001 -0.485713
vt -20.844999 0.523981
vt -20.844400 0.511158
vt -20.552700 0.511158
vt -20.552401 0.523981
vt -20.379400 2.538470
vt -20.378799 2.525650
vt -20.087400 2.525650
vt -20.086800 2.538470
vt -19.029499 4.463600
vt -19.028900 4.450780
vt -18.737499 4.450780
vt -18.736900 4.463600
vt -16.854401 6.215250
vt -16.853701 6.202430
vt -16.562300 6.202430
vt -16.561701 6.215250
vt -13.948900 7.716850
vt -13.948300 7.704030
vt -13.656900 7.704030
vt -13.656300 7.716850
vt -10.440300 8.902780
vt -10.439700 8.889960
vt -10.148300 8.889960
vt -10.147600 8.902780
vt -6.478030 9.721210
vt -6.470610 9.708390
vt -6.189720 9.708390
vt -6.189090 9.721210
vt 20.492001 0.755166
vt 20.497999 0.742343
vt 21.976101 0.742343
vt 21.983601 0.755166
vt 0.700000 -9.753440
vt 0.706004 -9.766260
vt 1.944000 -9.766260
vt 1.950000 -9.753440
vt 1.641040 -9.753440
vt 0.706004 -19.242800
vt 0.718000 -19.255600
vt 1.932000 -19.255600
vt 1.944000 -19.242800
vt -20.591700 -0.727621
vt -20.591101 -0.740444
vt -20.510000 -0.740444
vt -20.497999 -0.727621
vt -20.844400 1.289560
vt -20.843201 1.276730
vt -20.553301 1.276730
vt -20.552700 1.289560
vt -20.378799 5.314120
vt -20.377501 5.301300
vt -20.088600 5.301300
vt -20.087400 5.314120
vt -19.028900 9.160180
vt -19.027599 9.147360
vt -18.738701 9.147360
vt -18.737499 9.160180
vt -16.853701 12.659600
vt -16.852501 12.646800
vt -16.563601 12.646800
vt -16.562300 12.659600
vt -13.948300 15.659600
vt -13.947100 15.646700
vt -13.658200 15.646700
vt -13.656900 15.659600
vt -10.439700 18.028799
vt -10.438400 18.016001
vt -10.149500 18.016001
vt -10.148300 18.028799
vt -6.470610 19.663900
vt -6.455800 19.651100
vt -6.190980 19.651100
vt -6.189720 19.663900
vt 20.497999 1.751420
vt 20.510000 1.738600
vt 21.961300 1.738600
vt 21.976101 1.751420
vt -20.510000 -1.876130
vt -20.521999 -1.863300
vt -21.946501 -1.863300
vt -21.961300 -1.876130
vt -0.718000 19.118099
vt -0.729996 19.130899
vt -1.920000 19.130899
vt -1.932000 19.118099
vt 20.591101 0.602916
vt 20.590401 0.615739
vt 20.521999 0.615739
vt 20.510000 0.602916
vt 20.843201 -1.414260
vt 20.841900 -1.401440
vt 20.553900 -1.401440
vt 20.553301 -1.414260
vt 20.377501 -5.438830
vt 20.376301 -5.426000
vt 20.089899 -5.426000
vt 20.088600 -5.438830
vt 19.027599 -9.284890
vt 19.026400 -9.272060
vt 18.740000 -9.272060
vt 18.738701 -9.284890
vt 16.852501 -12.784300
vt 16.851200 -12.771500
vt 16.564800 -12.771500
vt 16.563601 -12.784300
vt 13.947100 -15.784300
vt 13.945800 -15.771400
vt 13.659400 -15.771400
vt 13.658200 -15.784300
vt 10.438400 -18.153500
vt 10.437200 -18.140699
vt 10.150800 -18.140699
vt 10.149500 -18.153500
vt 6.455800 -19.788601
vt 6.440980 -19.775801
vt 6.192240 -19.775801
vt 6.190980 -19.788601
vt 6.440980 -10.033000
vt 6.433570 -10.020200
vt 6.192870 -10.020200
vt 6.192240 -10.033000
vt -20.521999 -1.067000
vt -20.528000 -1.054180
vt -21.939100 -1.054180
vt -21.946501 -1.067000
vt -0.729996 9.441610
vt -0.736000 9.454430
vt -1.914000 9.454430
vt -1.920000 9.441610
vt 20.590401 0.173880
vt 20.590099 0.186703
vt 20.528000 0.186703
vt 20.521999 0.173880
vt 20.841900 -0.835814
vt 20.841299 -0.822991
vt 20.554300 -0.822991
vt 20.553900 -0.835814
vt 20.376301 -2.850300
vt 20.375601 -2.837480
vt 20.090500 -2.837480
vt 20.089899 -2.850300
vt 19.026400 -4.775440
vt 19.025801 -4.762610
vt 18.740601 -4.762610
vt 18.740000 -4.775440
vt 16.851200 -6.527080
vt 16.850599 -6.514260
vt 16.565500 -6.514260
vt 16.564800 -6.527080
vt 13.945800 -8.028690
vt 13.945200 -8.015860
vt 13.660100 -8.015860
vt 13.659400 -8.028690
vt 10.437200 -9.214620
vt 10.436500 -9.201790
vt 10.151400 -9.201790
vt 10.150800 -9.214620
vt 10.436500 -13.255900
vt 10.435200 -13.237600
vt 10.152700 -13.237600
vt 10.151400 -13.255900
vt 6.433570 -14.443700
vt 6.418220 -14.425400
vt 6.194180 -14.425400
vt 6.192870 -14.443700
vt -20.528000 -1.431790
vt -20.540400 -1.413500
vt -21.923700 -1.413500
vt -21.939100 -1.431790
vt -0.736000 13.818700
vt -0.748430 13.837000
vt -1.901570 13.837000
vt -1.914000 13.818700
vt 20.590099 0.369021
vt 20.589500 0.387312
vt 20.540400 0.387312
vt 20.528000 0.369021
vt 20.841299 -1.096290
vt 20.840000 -1.077990
vt 20.554899 -1.077990
vt 20.554300 -1.096290
vt 20.375601 -4.019790
vt 20.374300 -4.001490
vt 20.091801 -4.001490
vt 20.090500 -4.019790
vt 19.025801 -6.813620
vt 19.024401 -6.795330
vt 18.741899 -6.795330
vt 18.740601 -6.813620
vt 16.850599 -9.355670
vt 16.849300 -9.337380
vt 16.566799 -9.337380
vt 16.565500 -9.355670
vt 13.945200 -11.534900
vt 13.943900 -11.516600
vt 13.661400 -11.516600
vt 13.660100 -11.534900
vt 13.943900 -14.102500
vt 13.942300 -14.084200
vt 13.663000 -14.084200
vt 13.661400 -14.102500
vt 10.435200 -16.218700
vt 10.433600 -16.200399
vt 10.154300 -16.200399
vt 10.152700 -16.218700
vt 6.418220 -17.679199
vt 6.399350 -17.660900
vt 6.195780 -17.660900
vt 6.194180 -17.679199
vt -20.540400 -1.679730
vt -20.555700 -1.661440
vt -21.904900 -1.661440
vt -21.923700 -1.679730
vt -0.748430 17.072300
vt -0.763713 17.090599
vt -1.886290 17.090599
vt -1.901570 17.072300
vt 20.589500 0.534549
vt 20.588699 0.552840
vt 20.555700 0.552840
vt 20.540400 0.534549
vt 20.840000 -1.267200
vt 20.838301 -1.248910
vt 20.555700 -1.248910
vt 20.554899 -1.267200
vt 20.374300 -4.861940
vt 20.372700 -4.843650
vt 20.093399 -4.843650
vt 20.091801 -4.861940
vt 19.024401 -8.297250
vt 19.022800 -8.278950
vt 18.743601 -8.278950
vt 18.741899 -8.297250
vt 16.849300 -11.423000
vt 16.847700 -11.404700
vt 16.568399 -11.404700
vt 16.566799 -11.423000
vt 16.847700 -12.824900
vt 16.845800 -12.806600
vt 16.570200 -12.806600
vt 16.568399 -12.824900
vt 13.942300 -15.848600
vt 13.940400 -15.830300
vt 13.664800 -15.830300
vt 13.663000 -15.848600
vt 10.433600 -18.236601
vt 10.431800 -18.218300
vt 10.156100 -18.218300
vt 10.154300 -18.236601
vt 6.399350 -19.884600
vt 6.378050 -19.866301
vt 6.197600 -19.866301
vt 6.195780 -19.884600
vt -20.555700 -1.830290
vt -20.573000 -1.812000
vt -21.883600 -1.812000
vt -21.904900 -1.830290
vt -0.763713 19.330200
vt -0.780960 19.348499
vt -1.869040 19.348499
vt -1.886290 19.330200
vt 20.588699 0.668382
vt 20.587799 0.686673
vt 20.573000 0.686673
vt 20.555700 0.668382
vt 20.838301 -1.364770
vt 20.836500 -1.346480
vt 20.556601 -1.346480
vt 20.555700 -1.364770
vt 20.372700 -5.421200
vt 20.370899 -5.402910
vt 20.095301 -5.402910
vt 20.093399 -5.421200
vt 19.022800 -9.297720
vt 19.021000 -9.279430
vt 18.745399 -9.279430
vt 18.743601 -9.297720
vt 19.021000 -9.756710
vt 19.019100 -9.738420
vt 18.747299 -9.738420
vt 18.745399 -9.756710
vt 16.845800 -13.479700
vt 16.843901 -13.461400
vt 16.572100 -13.461400
vt 16.570200 -13.479700
vt 13.940400 -16.671301
vt 13.938500 -16.653000
vt 13.666700 -16.653000
vt 13.664800 -16.671301
vt 10.431800 -19.191900
vt 10.429900 -19.173599
vt 10.158000 -19.173599
vt 10.156100 -19.191900
vt 6.378050 -20.931400
vt 6.355570 -20.913099
vt 6.199510 -20.913099
vt 6.197600 -20.931400
vt -20.573000 -1.874680
vt -20.591200 -1.856390
vt -21.861099 -1.856390
vt -21.883600 -1.874680
vt -0.780960 20.460600
vt -0.795020 20.474800
vt -0.799164 20.478901
vt -0.799622 20.478901
vt -0.825990 20.478901
vt -1.850840 20.478901
vt -1.869040 20.460600
vt 20.573000 0.762719
vt 20.587799 0.762719
vt 20.587000 0.776847
vt 20.836500 -1.383320
vt 20.834600 -1.365020
vt 20.561899 -1.365020
vt 20.557600 -1.365020
vt 20.557301 -1.369190
vt 20.556601 -1.383320
vt 20.370899 -5.664970
vt 20.368999 -5.646680
vt 20.097200 -5.646680
vt 20.095301 -5.664970
vt -20.368999 4.398260
vt -20.368000 4.386080
vt -20.098200 4.386080
vt -20.097200 4.398260
vt -19.019100 7.658710
vt -19.018101 7.646530
vt -18.748301 7.646530
vt -18.747299 7.658710
vt -16.843901 10.625300
vt -16.842899 10.613200
vt -16.573099 10.613200
vt -16.572100 10.625300
vt -13.938500 13.168500
vt -13.937500 13.156300
vt -13.667700 13.156300
vt -13.666700 13.168500
vt -10.429900 15.177000
vt -10.428900 15.164800
vt -10.159100 15.164800
vt -10.158000 15.177000
vt -6.355570 16.563101
vt -6.343640 16.550900
vt -6.200530 16.550900
vt -6.199510 16.563101
vt 20.591200 1.378020
vt 20.600800 1.365830
vt 21.849199 1.365830
vt 21.861099 1.378020
vt 1.850840 -16.419600
vt 0.825990 -16.419600
vt 0.822280 -16.429199
vt 0.810352 -16.431801
vt 0.799622 -16.419600
vt 0.799164 -16.419600
vt 0.808825 -16.431801
vt 1.841180 -16.431801
vt -20.833599 0.974293
vt -20.572701 0.974293
vt -20.561899 0.986475
vt -20.834600 0.986475
vt 20.832300 -1.343970
vt 20.586100 -1.343970
vt 20.572701 -1.356150
vt 20.833599 -1.356150
vt 20.831699 -0.925399
vt 20.592600 -0.925399
vt 20.586100 -0.934980
vt 20.832300 -0.934980
vt 20.831900 -0.927621
vt 20.831699 -0.145637
vt 20.831699 -0.131496
vt 20.592600 -0.131496
vt 20.559000 -0.131496
vt 20.559000 -0.145637
vt 20.592600 -0.145637
vt 20.366100 -0.145637
vt 20.366100 -0.131496
vt 20.100100 -0.131496
vt 20.100100 -0.145637
vt 19.016199 -0.145637
vt 19.016199 -0.131496
vt 18.750200 -0.131496
vt 18.750200 -0.145637
vt 16.841000 -0.145637
vt 16.841000 -0.131496
vt 16.575001 -0.131496
vt 16.575001 -0.145637
vt 13.935600 -0.145637
vt 13.935600 -0.131496
vt 13.669600 -0.131496
vt 13.669600 -0.145637
vt 10.427000 -0.145637
vt 10.427000 -0.131496
vt 10.160900 -0.131496
vt 10.160900 -0.145637
vt 6.321510 -0.145637
vt 6.321510 -0.131496
vt 6.202410 -0.131496
vt 6.202410 -0.145637
vt -20.618700 -0.145637
vt -20.618700 -0.131496
vt -21.827000 -0.131496
vt -21.827000 -0.145637
vt -0.830249 -0.131496
vt -0.830249 -0.145637
vt 0.855247 20.856600
vt 0.830249 20.618700
vt 1.823260 20.618700
vt 1.823260 21.827000
vt 1.706760 21.802299
vt 1.463720 21.694099
vt 1.248490 21.537701
vt 1.070480 21.340000
vt 0.937457 21.109600
vt 0.700000 19.992001
vt 0.700000 20.492001
vt 0.700000 17.191999
vt 0.700000 16.691999
vt 1.641040 17.191999
vt 0.700000 -8.208190
vt 0.706004 -8.221020
vt 1.944000 -8.221020
vt 1.950000 -8.208190
vt 1.641040 -8.208190
vt -19.992001 -0.485713
vt -19.986000 -0.498536
vt -17.198000 -0.498536
vt -17.191999 -0.485713
vt -1.950000 9.203440
vt -1.944000 9.190620
vt -0.706004 9.190620
vt -0.700000 9.203440
vt 17.191999 0.755166
vt 17.198000 0.742343
vt 19.986000 0.742343
vt 19.992001 0.755166
vt 17.198000 1.751420
vt 17.209999 1.738600
vt 19.974001 1.738600
vt 19.986000 1.751420
vt 0.706004 -16.155701
vt 0.718000 -16.168501
vt 1.932000 -16.168501
vt 1.944000 -16.155701
vt -19.986000 -0.727621
vt -19.974001 -0.740444
vt -17.209999 -0.740444
vt -17.198000 -0.727621
vt -1.944000 18.629499
vt -1.932000 18.616699
vt -0.718000 18.616699
vt -0.706004 18.629499
vt 1.932000 -18.754200
vt 1.920000 -18.741400
vt 0.729996 -18.741400
vt 0.718000 -18.754200
vt -17.209999 -1.876130
vt -17.222000 -1.863300
vt -19.962000 -1.863300
vt -19.974001 -1.876130
vt -0.718000 16.031000
vt -0.729996 16.043800
vt -1.920000 16.043800
vt -1.932000 16.031000
vt 19.974001 0.602916
vt 19.962000 0.615739
vt 17.222000 0.615739
vt 17.209999 0.602916
vt 19.962000 0.173880
vt 19.955999 0.186703
vt 17.228001 0.186703
vt 17.222000 0.173880
vt 1.920000 -9.515280
vt 1.914000 -9.502450
vt 0.736000 -9.502450
vt 0.729996 -9.515280
vt -17.222000 -1.067000
vt -17.228001 -1.054180
vt -19.955999 -1.054180
vt -19.962000 -1.067000
vt -0.729996 7.896360
vt -0.736000 7.909180
vt -1.914000 7.909180
vt -1.920000 7.896360
vt -0.736000 11.576200
vt -0.748430 11.594500
vt -1.901570 11.594500
vt -1.914000 11.576200
vt 19.955999 0.369021
vt 19.943600 0.387312
vt 17.240400 0.387312
vt 17.228001 0.369021
vt 1.914000 -13.692300
vt 1.901570 -13.674000
vt 0.748430 -13.674000
vt 0.736000 -13.692300
vt -17.228001 -1.431790
vt -17.240400 -1.413500
vt -19.943600 -1.413500
vt -19.955999 -1.431790
vt -17.240400 -1.679730
vt -17.255699 -1.661440
vt -19.928301 -1.661440
vt -19.943600 -1.679730
vt -0.748430 14.314900
vt -0.763713 14.333200
vt -1.886290 14.333200
vt -1.901570 14.314900
vt 19.943600 0.534549
vt 19.928301 0.552840
vt 17.255699 0.552840
vt 17.240400 0.534549
vt 1.901570 -16.755199
vt 1.886290 -16.736900
vt 0.763713 -16.736900
vt 0.748430 -16.755199
vt 1.886290 -18.841999
vt 1.869040 -18.823700
vt 0.780960 -18.823700
vt 0.763713 -18.841999
vt -17.255699 -1.830290
vt -17.273001 -1.812000
vt -19.910999 -1.812000
vt -19.928301 -1.830290
vt -0.763713 16.218599
vt -0.780960 16.236900
vt -1.869040 16.236900
vt -1.886290 16.218599
vt 19.928301 0.668382
vt 19.910999 0.686673
vt 17.273001 0.686673
vt 17.255699 0.668382
vt 19.910999 0.762719
vt 19.892799 0.781010
vt 17.291201 0.781010
vt 17.273001 0.762719
vt 1.869040 -19.830900
vt 1.850840 -19.812599
vt 0.799164 -19.812599
vt 0.780960 -19.830900
vt -17.273001 -1.874680
vt -17.291201 -1.856390
vt -19.892799 -1.856390
vt -19.910999 -1.874680
vt -0.780960 17.176300
vt -0.799164 17.194599
vt -1.850840 17.194599
vt -1.869040 17.176300
vt 0.799164 -13.802500
vt 0.808825 -13.814700
vt 1.841180 -13.814700
vt 1.850840 -13.802500
vt -19.892799 -0.723566
vt -19.883200 -0.735748
vt -17.300800 -0.735748
vt -17.291201 -0.723566
vt -1.850840 15.686200
vt -1.841180 15.674000
vt -0.808825 15.674000
vt -0.799164 15.686200
vt 17.291201 1.378020
vt 17.300800 1.365830
vt 19.883200 1.365830
vt 19.892799 1.378020
vt -17.300800 -1.845670
vt -17.312901 -1.833490
vt -19.871099 -1.833490
vt -19.883200 -1.845670
vt -0.808825 17.133801
vt -0.820903 17.146000
vt -1.829100 17.146000
vt -1.841180 17.133801
vt 19.883200 0.781826
vt 19.871099 0.794008
vt 17.312901 0.794008
vt 17.300800 0.781826
vt 1.841180 -19.734501
vt 1.829100 -19.722300
vt 0.820903 -19.722300
vt 0.808825 -19.734501
vt 1.829100 -12.226100
vt 1.824610 -12.218800
vt 1.823260 -12.216600
vt 0.826740 -12.216600
vt 0.825387 -12.218800
vt 0.820903 -12.226100
vt -17.317400 -1.228370
vt -17.318701 -1.226150
vt -19.865299 -1.226150
vt -19.866600 -1.228370
vt -19.871099 -1.235730
vt -17.312901 -1.235730
vt -0.825387 10.432100
vt -0.826740 10.434300
vt -1.823260 10.434300
vt -1.824610 10.432100
vt -1.829100 10.424800
vt -0.820903 10.424800
vt 19.871099 0.378536
vt 19.866600 0.385895
vt 19.865299 0.388117
vt 17.318701 0.388117
vt 17.317400 0.385895
vt 17.312901 0.378536
vt 0.826740 16.181999
vt 0.700000 16.046801
vt 1.641040 16.046801
vt 1.950000 16.046801
vt 1.823260 16.181999
vt -19.865299 0.728739
vt -19.992001 0.593480
vt -17.191999 0.593480
vt -17.318701 0.728739
vt -1.823260 -18.660000
vt -1.950000 -18.795300
vt -0.700000 -18.795300
vt -0.826740 -18.660000
vt 17.318701 -1.754350
vt 17.191999 -1.889610
vt 19.992001 -1.889610
vt 19.865299 -1.754350
vt 1.641040 20.492001
vt -1.950000 -0.178740
vt -1.641040 -0.178740
vt -0.700000 -0.178740
vt -0.700000 -0.131496
vt -1.950000 -0.131496
vt -1.950000 0.050000
vt -0.700000 0.050000
vt -19.992001 0.050000
vt -17.191999 0.050000
vt -17.191999 0.535978
vt -17.201000 0.548568
vt -19.983000 0.548568
vt -19.992001 0.535978
vt 1.950000 12.341000
vt 1.940990 12.353600
vt 0.709012 12.353600
vt 0.700000 12.341000
vt 19.992001 -1.360900
vt 19.983000 -1.348310
vt 17.201000 -1.348310
vt 17.191999 -1.360900
vt -0.700000 -14.275500
vt -0.709012 -14.262900
vt -1.940990 -14.262900
vt -1.950000 -14.275500
vt -0.709012 -19.308300
vt -0.721186 -19.295700
vt -1.928810 -19.295700
vt -1.940990 -19.308300
vt -17.201000 0.700586
vt -17.213200 0.713176
vt -19.970800 0.713176
vt -19.983000 0.700586
vt 1.940990 16.648100
vt 1.928810 16.660700
vt 0.721186 16.660700
vt 0.709012 16.648100
vt 19.983000 -1.861930
vt 19.970800 -1.849340
vt 17.213200 -1.849340
vt 17.201000 -1.861930
vt -19.970800 1.880930
vt -19.959299 1.868990
vt -17.224701 1.868990
vt -17.213200 1.880930
vt 0.721186 19.327299
vt 0.732732 19.315300
vt 1.917270 19.315300
vt 1.928810 19.327299
vt 17.213200 -0.681577
vt 17.224701 -0.693517
vt 19.959299 -0.693517
vt 19.970800 -0.681577
vt -1.928810 -16.629101
vt -1.917270 -16.641001
vt -0.732732 -16.641001
vt -0.721186 -16.629101
vt -1.917270 -12.578500
vt -1.907630 -12.591700
vt -1.899860 -12.602300
vt -0.750138 -12.602300
vt -0.742373 -12.591700
vt -0.732732 -12.578500
vt -19.959299 1.444700
vt -19.949600 1.431540
vt -19.941900 1.420940
vt -17.242100 1.420940
vt -17.234400 1.431540
vt -17.224701 1.444700
vt 0.742373 14.648900
vt 0.750138 14.638300
vt 1.899860 14.638300
vt 1.907630 14.648900
vt 1.917270 14.662100
vt 0.732732 14.662100
vt 17.224701 -0.496660
vt 17.234400 -0.509820
vt 17.242100 -0.520420
vt 19.941900 -0.520420
vt 19.949600 -0.509820
vt 19.959299 -0.496660
vt 0.750138 17.242100
vt 0.758615 17.250601
vt 0.750138 19.941900
vt 1.899860 17.242100
vt 1.891380 17.250601
vt 1.891380 19.933399
vt 1.899860 19.941900
vt 0.758615 19.933399
vt 17.250601 -0.604236
vt 17.255400 -0.610071
vt 19.928600 -0.610071
vt 19.933399 -0.604236
vt -1.891380 -14.261500
vt -1.886550 -14.267300
vt -0.763447 -14.267300
vt -0.758615 -14.261500
vt -19.933399 1.590270
vt -19.928600 1.584430
vt -17.255400 1.584430
vt -17.250601 1.590270
vt 0.758615 16.531099
vt 0.763447 16.525299
vt 1.886550 16.525299
vt 1.891380 16.531099
vt 0.763447 7.441030
vt 0.769241 7.425440
vt 1.880760 7.425440
vt 1.886550 7.441030
vt 17.255400 -0.246969
vt 17.261200 -0.262564
vt 19.922800 -0.262564
vt 19.928600 -0.246969
vt -1.886550 -6.374480
vt -1.880760 -6.390080
vt -0.769241 -6.390080
vt -0.763447 -6.374480
vt -19.928600 0.737624
vt -19.922800 0.722029
vt -17.261200 0.722029
vt -17.255400 0.737624
vt -19.922800 1.394860
vt -19.910400 1.378040
vt -17.273600 1.378040
vt -17.261200 1.394860
vt 0.769241 14.612200
vt 0.781563 14.595400
vt 1.868440 14.595400
vt 1.880760 14.612200
vt 17.261200 -0.546496
vt 17.273600 -0.563315
vt 19.910400 -0.563315
vt 19.922800 -0.546496
vt -1.880760 -12.628300
vt -1.868440 -12.645200
vt -0.781563 -12.645200
vt -0.769241 -12.628300
vt -1.868440 -17.248400
vt -1.854670 -17.262199
vt -0.795329 -17.262199
vt -0.781563 -17.248400
vt -19.910400 1.866520
vt -19.896700 1.852730
vt -17.287300 1.852730
vt -17.273600 1.866520
vt 0.781563 19.882999
vt 0.795329 19.869200
vt 1.854670 19.869200
vt 1.868440 19.882999
vt 17.273600 -0.779734
vt 17.287300 -0.793520
vt 19.896700 -0.793520
vt 19.910400 -0.779734
vt 17.287300 -0.685089
vt 17.299299 -0.698874
vt 19.884701 -0.698874
vt 19.896700 -0.685089
vt -1.854670 -15.022900
vt -1.842690 -15.036600
vt -0.807313 -15.036600
vt -0.795329 -15.022900
vt -19.896700 1.618760
vt -19.884701 1.604980
vt -17.299299 1.604980
vt -17.287300 1.618760
vt 0.795329 17.304100
vt 0.807313 17.290300
vt 1.842690 17.290300
vt 1.854670 17.304100
vt 0.807313 11.072900
vt 0.814986 11.059100
vt 1.835010 11.059100
vt 1.842690 11.072900
vt 17.299299 -0.444334
vt 17.306999 -0.458120
vt 19.877001 -0.458120
vt 19.884701 -0.444334
vt -1.842690 -9.623850
vt -1.835010 -9.637630
vt -0.814986 -9.637630
vt -0.807313 -9.623850
vt -19.884701 1.030670
vt -19.877001 1.016880
vt -17.306999 1.016880
vt -17.299299 1.030670
vt -17.306999 0.226407
vt -19.877001 0.226407
vt -19.875299 0.212622
vt -17.308701 0.212622
vt 1.833270 2.491450
vt 1.835010 2.505230
vt 0.814986 2.505230
vt 0.816727 2.491450
vt 17.306999 -0.108305
vt 17.308701 -0.122090
vt 19.875299 -0.122090
vt 19.877001 -0.108305
vt -0.816727 -2.205140
vt -0.814986 -2.191350
vt -1.835010 -2.191350
vt -1.833270 -2.205140
vt -1.754530 -0.100000
vt -0.895467 -0.100000
vt -19.875299 -0.019085
vt -19.875299 -0.100000
vt -19.796499 -0.100000
vt -17.387501 -0.100000
vt -17.308701 -0.100000
vt -17.308701 -0.019085
vt 0.895467 -0.100000
vt 1.754530 -0.100000
vt 17.308701 -0.019085
vt 17.308701 -0.100000
vt 17.387501 -0.100000
vt 19.796499 -0.100000
vt 19.875299 -0.100000
vt 19.875299 -0.019085
vt -14.792000 0.050000
vt -16.691999 0.050000
vt 16.691999 1.645480
vt 16.683001 1.658070
vt 14.801000 1.658070
vt 14.792000 1.645480
vt 3.500000 -11.913300
vt 3.490990 -11.900700
vt 2.259010 -11.900700
vt 2.250000 -11.913300
vt -14.792000 -2.470400
vt -14.801000 -2.457810
vt -16.683001 -2.457810
vt -16.691999 -2.470400
vt -2.250000 10.623100
vt -2.259010 10.635700
vt -3.490990 10.635700
vt -3.500000 10.623100
vt -2.259010 14.327300
vt -2.271190 14.339900
vt -3.478810 14.339900
vt -3.490990 14.327300
vt 16.683001 2.199410
vt 16.670799 2.212000
vt 14.813200 2.212000
vt 14.801000 2.199410
vt 3.490990 -16.117201
vt 3.478810 -16.104601
vt 2.271190 -16.104601
vt 2.259010 -16.117201
vt -14.801000 -3.360750
vt -14.813200 -3.348160
vt -16.670799 -3.348160
vt -16.683001 -3.360750
vt 14.813200 3.379760
vt 14.824700 3.367820
vt 16.659300 3.367820
vt 16.670799 3.379760
vt 2.271190 -14.308300
vt 2.282730 -14.320300
vt 3.467270 -14.320300
vt 3.478810 -14.308300
vt -16.670799 -2.180400
vt -16.659300 -2.192340
vt -14.824700 -2.192340
vt -14.813200 -2.180400
vt -3.478810 16.136200
vt -3.467270 16.124300
vt -2.282730 16.124300
vt -2.271190 16.136200
vt -3.457630 12.231400
vt -3.449860 12.220800
vt -2.300140 12.220800
vt -2.292370 12.231400
vt -2.282730 12.244500
vt -3.467270 12.244500
vt 14.834400 2.567050
vt 14.842100 2.556450
vt 16.641899 2.556450
vt 16.649599 2.567050
vt 16.659300 2.580210
vt 14.824700 2.580210
vt 2.282730 -10.820300
vt 2.292370 -10.833500
vt 2.300140 -10.844000
vt 3.449860 -10.844000
vt 3.457630 -10.833500
vt 3.467270 -10.820300
vt -16.659300 -1.632170
vt -16.649599 -1.645330
vt -16.641899 -1.655930
vt -14.842100 -1.655930
vt -14.834400 -1.645330
vt -14.824700 -1.632170
vt -2.300140 16.641899
vt -2.308620 16.633400
vt -2.300140 14.842100
vt -3.449860 16.641899
vt -3.441380 16.633400
vt -3.441380 14.850600
vt -3.449860 14.842100
vt -2.308620 14.850600
vt -16.633400 -1.887810
vt -16.628599 -1.893650
vt -14.855400 -1.893650
vt -14.850600 -1.887810
vt -3.441380 13.798300
vt -3.436550 13.792500
vt -2.313450 13.792500
vt -2.308620 13.798300
vt 14.850600 2.873840
vt 14.855400 2.868010
vt 16.628599 2.868010
vt 16.633400 2.873840
vt 2.308620 -12.274000
vt 2.313450 -12.279800
vt 3.436550 -12.279800
vt 3.441380 -12.274000
vt 2.313450 -5.482770
vt 2.319240 -5.498370
vt 3.430760 -5.498370
vt 3.436550 -5.482770
vt -16.628599 -0.822863
vt -16.622801 -0.838458
vt -14.861200 -0.838458
vt -14.855400 -0.822863
vt -3.436550 6.214930
vt -3.430760 6.199340
vt -2.319240 6.199340
vt -2.313450 6.214930
vt 14.855400 1.313520
vt 14.861200 1.297920
vt 16.622801 1.297920
vt 16.628599 1.313520
vt 14.861200 2.530370
vt 14.873600 2.513550
vt 16.610399 2.513550
vt 16.622801 2.530370
vt 2.319240 -10.870100
vt 2.331560 -10.886900
vt 3.418440 -10.886900
vt 3.430760 -10.870100
vt -16.622801 -1.682010
vt -16.610399 -1.698830
vt -14.873600 -1.698830
vt -14.861200 -1.682010
vt -3.430760 12.194700
vt -3.418440 12.177900
vt -2.331560 12.177900
vt -2.319240 12.194700
vt -3.418440 16.587700
vt -3.404670 16.573900
vt -2.345330 16.573900
vt -2.331560 16.587700
vt 14.873600 3.414320
vt 14.887300 3.400540
vt 16.596701 3.400540
vt 16.610399 3.414320
vt 2.331560 -14.851800
vt 2.345330 -14.865600
vt 3.404670 -14.865600
vt 3.418440 -14.851800
vt -16.610399 -2.327540
vt -16.596701 -2.341330
vt -14.887300 -2.341330
vt -14.873600 -2.327540
vt -16.596701 -2.032620
vt -16.584700 -2.046410
vt -14.899300 -2.046410
vt -14.887300 -2.032620
vt -3.404670 14.435100
vt -3.392690 14.421300
vt -2.357310 14.421300
vt -2.345330 14.435100
vt 14.887300 2.966290
vt 14.899300 2.952510
vt 16.584700 2.952510
vt 16.596701 2.966290
vt 2.345330 -12.936300
vt 2.357310 -12.950100
vt 3.392690 -12.950100
vt 3.404670 -12.936300
vt 2.357310 -8.288000
vt 2.364990 -8.301780
vt 3.385010 -8.301780
vt 3.392690 -8.288000
vt -16.584700 -1.307070
vt -16.577000 -1.320860
vt -14.907000 -1.320860
vt -14.899300 -1.307070
vt -3.392690 9.236120
vt -3.385010 9.222340
vt -2.364990 9.222340
vt -2.357310 9.236120
vt 14.899300 1.893400
vt 14.907000 1.879620
vt 16.577000 1.879620
vt 16.584700 1.893400
vt 14.907000 0.422183
vt 14.908700 0.408397
vt 16.575300 0.408397
vt 16.577000 0.422183
vt 3.383270 -1.902000
vt 3.385010 -1.888220
vt 2.364990 -1.888220
vt 2.366730 -1.902000
vt -14.907000 -0.304081
vt -16.577000 -0.304081
vt -16.575300 -0.317866
vt -14.908700 -0.317866
vt -2.366730 2.074630
vt -2.364990 2.088420
vt -3.385010 2.088420
vt -3.383270 2.074630
vt -3.383270 -0.019085
vt -3.383270 -0.100000
vt -2.366730 -0.100000
vt -2.366730 -0.019085
vt 2.366730 -0.019085
vt 2.366730 -0.100000
vt 3.383270 -0.100000
vt 3.383270 -0.019085
vt 3.500000 0.050000
vt 2.250000 0.050000
vt 2.250000 -0.131496
vt 3.500000 -0.131496
vt -2.250000 0.050000
vt -3.500000 0.050000
vt -3.500000 -0.131496
vt -2.250000 -0.131496
vt 3.500000 12.341000
vt 3.490990 12.353600
vt 2.259010 12.353600
vt 2.250000 12.341000
vt 19.992001 -2.470400
vt 19.983000 -2.457810
vt 17.201000 -2.457810
vt 17.191999 -2.470400
vt -2.250000 -14.275500
vt -2.259010 -14.262900
vt -3.490990 -14.262900
vt -3.500000 -14.275500
vt -17.191999 1.645480
vt -17.201000 1.658070
vt -19.983000 1.658070
vt -19.992001 1.645480
vt -17.201000 2.199410
vt -17.213200 2.212000
vt -19.970800 2.212000
vt -19.983000 2.199410
vt 3.490990 16.648100
vt 3.478810 16.660700
vt 2.271190 16.660700
vt 2.259010 16.648100
vt 19.983000 -3.360750
vt 19.970800 -3.348160
vt 17.213200 -3.348160
vt 17.201000 -3.360750
vt -2.259010 -19.308300
vt -2.271190 -19.295700
vt -3.478810 -19.295700
vt -3.490990 -19.308300
vt 2.271190 19.327299
vt 2.282730 19.315300
vt 3.467270 19.315300
vt 3.478810 19.327299
vt 17.213200 -2.180400
vt 17.224701 -2.192340
vt 19.959299 -2.192340
vt 19.970800 -2.180400
vt -3.478810 -16.629101
vt -3.467270 -16.641001
vt -2.282730 -16.641001
vt -2.271190 -16.629101
vt -19.970800 3.379760
vt -19.959299 3.367820
vt -17.224701 3.367820
vt -17.213200 3.379760
vt -19.959299 2.580210
vt -19.949600 2.567050
vt -19.941900 2.556450
vt -17.242100 2.556450
vt -17.234400 2.567050
vt -17.224701 2.580210
vt 2.282730 14.662100
vt 2.292370 14.648900
vt 2.300140 14.638300
vt 3.449860 14.638300
vt 3.457630 14.648900
vt 3.467270 14.662100
vt 17.234400 -1.645330
vt 17.242100 -1.655930
vt 19.941900 -1.655930
vt 19.949600 -1.645330
vt 19.959299 -1.632170
vt 17.224701 -1.632170
vt -3.467270 -12.578500
vt -3.457630 -12.591700
vt -3.449860 -12.602300
vt -2.300140 -12.602300
vt -2.292370 -12.591700
vt -2.282730 -12.578500
vt 2.308620 17.250601
vt 2.300140 17.242100
vt 3.449860 17.242100
vt 2.300140 19.941900
vt 2.308620 19.933399
vt 3.449860 19.941900
vt 3.441380 19.933399
vt 2.308620 16.531099
vt 2.313450 16.525299
vt 3.436550 16.525299
vt 3.441380 16.531099
vt 17.250601 -1.887810
vt 17.255400 -1.893650
vt 19.928600 -1.893650
vt 19.933399 -1.887810
vt -3.441380 -14.261500
vt -3.436550 -14.267300
vt -2.313450 -14.267300
vt -2.308620 -14.261500
vt -19.933399 2.873840
vt -19.928600 2.868010
vt -17.255400 2.868010
vt -17.250601 2.873840
vt -19.928600 1.313520
vt -19.922800 1.297920
vt -17.261200 1.297920
vt -17.255400 1.313520
vt 2.313450 7.441030
vt 2.319240 7.425440
vt 3.430760 7.425440
vt 3.436550 7.441030
vt 17.255400 -0.822863
vt 17.261200 -0.838458
vt 19.922800 -0.838458
vt 19.928600 -0.822863
vt -3.436550 -6.374480
vt -3.430760 -6.390080
vt -2.319240 -6.390080
vt -2.313450 -6.374480
vt -3.430760 -12.628300
vt -3.418440 -12.645200
vt -2.331560 -12.645200
vt -2.319240 -12.628300
vt -19.922800 2.530370
vt -19.910400 2.513550
vt -17.273600 2.513550
vt -17.261200 2.530370
vt 2.319240 14.612200
vt 2.331560 14.595400
vt 3.418440 14.595400
vt 3.430760 14.612200
vt 17.261200 -1.682010
vt 17.273600 -1.698830
vt 19.910400 -1.698830
vt 19.922800 -1.682010
vt 17.273600 -2.327540
vt 17.287300 -2.341330
vt 19.896700 -2.341330
vt 19.910400 -2.327540
vt -3.418440 -17.248400
vt -3.404670 -17.262199
vt -2.345330 -17.262199
vt -2.331560 -17.248400
vt -19.910400 3.414320
vt -19.896700 3.400540
vt -17.287300 3.400540
vt -17.273600 3.414320
vt 2.331560 19.882999
vt 2.345330 19.869200
vt 3.404670 19.869200
vt 3.418440 19.882999
vt 2.345330 17.304100
vt 2.357310 17.290300
vt 3.392690 17.290300
vt 3.404670 17.304100
vt 17.287300 -2.032620
vt 17.299299 -2.046410
vt 19.884701 -2.046410
vt 19.896700 -2.032620
vt -3.404670 -15.022900
vt -3.392690 -15.036600
vt -2.357310 -15.036600
vt -2.345330 -15.022900
vt -19.896700 2.966290
vt -19.884701 2.952510
vt -17.299299 2.952510
vt -17.287300 2.966290
vt -19.884701 1.893400
vt -19.877001 1.879620
vt -17.306999 1.879620
vt -17.299299 1.893400
vt 2.357310 11.072900
vt 2.364990 11.059100
vt 3.385010 11.059100
vt 3.392690 11.072900
vt 17.299299 -1.307070
vt 17.306999 -1.320860
vt 19.877001 -1.320860
vt 19.884701 -1.307070
vt -3.392690 -9.623850
vt -3.385010 -9.637630
vt -2.364990 -9.637630
vt -2.357310 -9.623850
vt -2.366730 -2.205140
vt -2.364990 -2.191350
vt -3.385010 -2.191350
vt -3.383270 -2.205140
vt 17.306999 -0.304081
vt 17.308701 -0.317866
vt 19.875299 -0.317866
vt 19.877001 -0.304081
vt -3.304530 -0.100000
vt -2.445470 -0.100000
vt 2.445470 -0.100000
vt 3.304530 -0.100000
vt 3.383270 2.491450
vt 3.385010 2.505230
vt 2.364990 2.505230
vt 2.366730 2.491450
vt -17.306999 0.422183
vt -19.877001 0.422183
vt -19.875299 0.408397
vt -17.308701 0.408397
vt 3.441380 17.250601
vt 19.992001 0.050000
vt 17.191999 0.050000
vt 17.191999 -0.131496
vt 19.992001 -0.131496
vt -3.500000 -0.178740
vt -2.250000 -0.178740
vt 17.191999 -0.178740
vt 19.992001 -0.178740
vt 2.250000 -0.178740
vt 2.625040 -0.178740
vt 3.500000 -0.178740
vt -20.406000 0.050000
vt -20.406000 -0.131496
vt -20.113300 -0.131496
vt -20.113300 0.050000
vt -13.751300 -11.885700
vt -13.752300 -11.873200
vt -14.043100 -11.873200
vt -14.044000 -11.885700
vt -16.636900 -9.588200
vt -16.637800 -9.575680
vt -16.928600 -9.575680
vt -16.929501 -9.588200
vt -18.788900 -6.913490
vt -18.789801 -6.900960
vt -19.080601 -6.900960
vt -19.081600 -6.913490
vt -20.113300 -3.978440
vt -20.113800 -3.965910
vt -20.405100 -3.965910
vt -20.406000 -3.978440
vt -20.492001 -2.458550
vt -20.500900 -2.446020
vt -20.591499 -2.446020
vt -20.591999 -2.458550
vt -2.250000 14.635000
vt -2.258930 14.647500
vt -3.491070 14.647500
vt -3.500000 14.635000
vt 21.983601 1.638140
vt 21.972500 1.650670
vt 20.500900 1.650670
vt 20.492001 1.638140
vt -2.080870 -15.618500
vt -2.081810 -15.606000
vt -2.358780 -15.606000
vt -2.369810 -15.618500
vt -6.310740 -14.968200
vt -6.311670 -14.955700
vt -6.602480 -14.955700
vt -6.603420 -14.968200
vt -10.258400 -13.705500
vt -10.259300 -13.693000
vt -10.550100 -13.693000
vt -10.551100 -13.705500
vt -10.259300 -18.613800
vt -10.260600 -18.601400
vt -10.548900 -18.601400
vt -10.550100 -18.613800
vt -13.752300 -16.145399
vt -13.753500 -16.132999
vt -14.041800 -16.132999
vt -14.043100 -16.145399
vt -16.637800 -13.029200
vt -16.639099 -13.016700
vt -16.927299 -13.016700
vt -16.928600 -13.029200
vt -18.789801 -9.401210
vt -18.791100 -9.388730
vt -19.079399 -9.388730
vt -19.080601 -9.401210
vt -20.113800 -5.420150
vt -20.114401 -5.407670
vt -20.403799 -5.407670
vt -20.405100 -5.420150
vt -20.500900 -3.358590
vt -20.513000 -3.346110
vt -20.590900 -3.346110
vt -20.591499 -3.358590
vt -2.258930 19.826799
vt -2.270990 19.839300
vt -3.479010 19.839300
vt -3.491070 19.826799
vt 21.972500 2.198100
vt 21.957600 2.210580
vt 20.513000 2.210580
vt 20.500900 2.198100
vt -2.081810 -21.208599
vt -2.083070 -21.196100
vt -2.343890 -21.196100
vt -2.358780 -21.208599
vt -6.311670 -20.326500
vt -6.312940 -20.313999
vt -6.601210 -20.313999
vt -6.602480 -20.326500
vt 6.312940 20.345900
vt 6.314140 20.334101
vt 6.600010 20.334101
vt 6.601210 20.345900
vt 10.260600 18.633301
vt 10.261800 18.621401
vt 10.547700 18.621401
vt 10.548900 18.633301
vt 13.753500 16.164801
vt 13.754700 16.153000
vt 14.040600 16.153000
vt 14.041800 16.164801
vt 16.639099 13.048600
vt 16.640301 13.036700
vt 16.926100 13.036700
vt 16.927299 13.048600
vt 18.791100 9.420610
vt 18.792299 9.408780
vt 19.078199 9.408780
vt 19.079399 9.420610
vt 20.114401 5.439560
vt 20.115000 5.427720
vt 20.402599 5.427720
vt 20.403799 5.439560
vt 20.513000 3.378000
vt 20.524401 3.366160
vt 20.590300 3.366160
vt 20.590900 3.378000
vt 2.270990 -19.807400
vt 2.282420 -19.819300
vt 3.467580 -19.819300
vt 3.479010 -19.807400
vt -21.957600 -2.178700
vt -21.943501 -2.190530
vt -20.524401 -2.190530
vt -20.513000 -2.178700
vt 2.083070 21.228001
vt 2.084280 21.216200
vt 2.329770 21.216200
vt 2.343890 21.228001
vt 2.084280 16.041000
vt 2.085280 16.027901
vt 2.086090 16.017401
vt 2.308480 16.017401
vt 2.317980 16.027901
vt 2.329770 16.041000
vt 6.315150 15.362200
vt 6.315960 15.351700
vt 6.598200 15.351700
vt 6.599000 15.362200
vt 6.600010 15.375300
vt 6.314140 15.375300
vt 10.262800 14.069700
vt 10.263600 14.059100
vt 10.545900 14.059100
vt 10.546700 14.069700
vt 10.547700 14.082700
vt 10.261800 14.082700
vt 13.754700 12.219800
vt 13.755700 12.206700
vt 13.756500 12.196200
vt 14.038800 12.196200
vt 14.039600 12.206700
vt 14.040600 12.219800
vt 16.640301 9.867900
vt 16.641300 9.854810
vt 16.642099 9.844260
vt 16.924299 9.844260
vt 16.925100 9.854810
vt 16.926100 9.867900
vt 18.792299 7.129840
vt 18.793301 7.116740
vt 18.794100 7.106200
vt 19.076300 7.106200
vt 19.077101 7.116740
vt 19.078199 7.129840
vt 20.115000 4.125270
vt 20.115499 4.112180
vt 20.115900 4.101640
vt 20.400801 4.101640
vt 20.401600 4.112180
vt 20.402599 4.125270
vt 20.524401 2.569390
vt 20.534000 2.556290
vt 20.541700 2.545750
vt 20.589399 2.545750
vt 20.589800 2.556290
vt 20.590300 2.569390
vt 2.282420 -14.929000
vt 2.291970 -14.942100
vt 2.299660 -14.952600
vt 3.450340 -14.952600
vt 3.458030 -14.942100
vt 3.467580 -14.929000
vt -21.931700 -1.637420
vt -21.922199 -1.647970
vt -20.541700 -1.647970
vt -20.534000 -1.637420
vt -20.524401 -1.624330
vt -21.943501 -1.624330
vt -2.308060 20.550100
vt -2.299660 20.541700
vt -2.299660 21.922199
vt -3.450340 20.541700
vt -3.441940 20.550100
vt 2.308060 -16.942400
vt 2.312850 -16.948200
vt 3.437150 -16.948200
vt 3.441940 -16.942400
vt -21.911900 -1.881440
vt -21.905899 -1.887240
vt -20.554800 -1.887240
vt -20.550100 -1.881440
vt 2.086970 18.115900
vt 2.087470 18.110100
vt 2.292200 18.110100
vt 2.298110 18.115900
vt 6.316840 17.362301
vt 6.317340 17.356501
vt 6.596810 17.356501
vt 6.597310 17.362301
vt 10.264500 15.899100
vt 10.265000 15.893300
vt 10.544500 15.893300
vt 10.545000 15.899100
vt 13.757400 13.790200
vt 13.757900 13.784400
vt 14.037400 13.784400
vt 14.037900 13.790200
vt 16.643000 11.127800
vt 16.643499 11.122000
vt 16.922899 11.122000
vt 16.923401 11.127800
vt 18.795000 8.028330
vt 18.795500 8.022540
vt 19.075001 8.022540
vt 19.075500 8.028330
vt 20.116400 4.627150
vt 20.116600 4.621350
vt 20.399401 4.621350
vt 20.399900 4.627150
vt 20.550100 2.865880
vt 20.554800 2.860080
vt 20.588699 2.860080
vt 20.589001 2.865880
vt 20.554800 1.303320
vt 20.560600 1.287750
vt 20.588400 1.287750
vt 20.588699 1.303320
vt 2.312850 -7.537710
vt 2.318580 -7.553280
vt 3.431420 -7.553280
vt 3.437150 -7.537710
vt -21.905899 -0.815548
vt -21.898899 -0.831123
vt -20.560600 -0.831123
vt -20.554800 -0.815548
vt 2.087470 8.109860
vt 2.088080 8.094280
vt 2.285110 8.094280
vt 2.292200 8.109860
vt 6.317340 7.773510
vt 6.317940 7.757930
vt 6.596210 7.757930
vt 6.596810 7.773510
vt 10.265000 7.120430
vt 10.265600 7.104860
vt 10.543900 7.104860
vt 10.544500 7.120430
vt 13.757900 6.179180
vt 13.758500 6.163610
vt 14.036800 6.163610
vt 14.037400 6.179180
vt 16.643499 4.990890
vt 16.644100 4.975310
vt 16.922300 4.975310
vt 16.922899 4.990890
vt 18.795500 3.607480
vt 18.796101 3.591910
vt 19.074400 3.591910
vt 19.075001 3.607480
vt 20.116600 2.089430
vt 20.116899 2.073860
vt 20.398800 2.073860
vt 20.399401 2.089430
vt 20.116899 4.075690
vt 20.117599 4.058960
vt 20.397499 4.058960
vt 20.398800 4.075690
vt 20.560600 2.519800
vt 20.572800 2.503070
vt 20.587799 2.503070
vt 20.588400 2.519800
vt 2.318580 -14.978600
vt 2.330790 -14.995300
vt 3.419210 -14.995300
vt 3.431420 -14.978600
vt -21.898899 -1.673910
vt -21.883801 -1.690650
vt -20.572800 -1.690650
vt -20.560600 -1.673910
vt 2.088080 15.991500
vt 2.089360 15.974700
vt 2.270040 15.974700
vt 2.285110 15.991500
vt 6.317940 15.325700
vt 6.319230 15.309000
vt 6.594920 15.309000
vt 6.596210 15.325700
vt 10.265600 14.033200
vt 10.266900 14.016400
vt 10.542600 14.016400
vt 10.543900 14.033200
vt 13.758500 12.170200
vt 13.759800 12.153500
vt 14.035500 12.153500
vt 14.036800 12.170200
vt 16.644100 9.818320
vt 16.645300 9.801580
vt 16.921000 9.801580
vt 16.922300 9.818320
vt 18.796101 7.080250
vt 18.797400 7.063520
vt 19.073099 7.063520
vt 19.074400 7.080250
vt 18.797400 9.658820
vt 18.798800 9.645160
vt 19.071600 9.645160
vt 19.073099 9.658820
vt 20.117599 5.545210
vt 20.118299 5.531550
vt 20.396099 5.531550
vt 20.397499 5.545210
vt 2.330790 -20.542400
vt 2.344420 -20.556000
vt 3.405580 -20.556000
vt 3.419210 -20.542400
vt -21.883801 -2.326700
vt -21.866899 -2.340350
vt -20.586399 -2.340350
vt -20.572800 -2.326700
vt 2.089360 21.859301
vt 2.090790 21.845699
vt 2.253200 21.845699
vt 2.270040 21.859301
vt 6.319230 20.947901
vt 6.320660 20.934200
vt 6.593490 20.934200
vt 6.594920 20.947901
vt 10.266900 19.178200
vt 10.268300 19.164499
vt 10.541200 19.164499
vt 10.542600 19.178200
vt 13.759800 16.627600
vt 13.761200 16.613899
vt 14.034100 16.613899
vt 14.035500 16.627600
vt 16.645300 13.407600
vt 16.646799 13.393900
vt 16.919600 13.393900
vt 16.921000 13.407600
vt 16.646799 11.639700
vt 16.648001 11.626000
vt 16.918400 11.626000
vt 16.919600 11.639700
vt 18.798800 8.383520
vt 18.800100 8.369830
vt 19.070400 8.369830
vt 19.071600 8.383520
vt 20.118299 4.810470
vt 20.118299 4.809780
vt 20.118900 4.796780
vt 20.130800 4.796780
vt 20.394899 4.796780
vt 20.396099 4.810470
vt 2.365620 -2.597500
vt 3.382100 -2.597500
vt 3.384020 -2.583720
vt 2.363890 -2.583720
vt -21.840799 -0.019085
vt -21.840799 -0.100000
vt -20.728600 -0.100000
vt -20.728600 -0.080315
vt -20.607599 -0.080315
vt -20.607599 -0.019085
vt 2.093020 -0.019085
vt 2.093020 -0.100000
vt 2.227030 -0.100000
vt 2.227030 -0.019085
vt 6.322890 -0.019085
vt 6.322890 -0.100000
vt 6.591260 -0.100000
vt 6.591260 -0.019085
vt 10.270600 -0.019085
vt 10.270600 -0.100000
vt 10.538900 -0.100000
vt 10.538900 -0.019085
vt 13.763500 -0.019085
vt 13.763500 -0.100000
vt 14.031900 -0.100000
vt 14.031900 -0.019085
vt 16.649000 -0.019085
vt 16.649000 -0.100000
vt 16.917400 -0.100000
vt 16.917400 -0.019085
vt 18.801001 -0.019085
vt 18.801001 -0.100000
vt 19.069401 -0.100000
vt 19.069401 -0.019085
vt 20.393900 -0.019085
vt 20.141199 -0.019085
vt 20.141199 -0.100000
vt 20.393900 -0.100000
vt 20.394100 0.685255
vt 20.139299 0.685255
vt 20.141199 0.671472
vt 20.393900 0.671472
vt 20.394899 3.061140
vt 20.130800 3.061140
vt 20.139299 3.047390
vt 20.394100 3.047390
vt 2.363890 -11.398400
vt 3.384020 -11.398400
vt 3.392460 -11.384600
vt 2.356290 -11.384600
vt 2.344420 -17.849001
vt 2.356290 -17.862700
vt 3.392460 -17.862700
vt 3.393710 -17.862700
vt 3.404980 -17.849701
vt 3.405580 -17.849001
vt -21.866899 -2.027020
vt -21.852301 -2.040700
vt -20.598301 -2.040700
vt -20.586399 -2.027020
vt 2.090790 18.980801
vt 2.092040 18.967100
vt 2.238540 18.967100
vt 2.253200 18.980801
vt 6.320660 18.189100
vt 6.321910 18.175400
vt 6.592240 18.175400
vt 6.593490 18.189100
vt 10.268300 16.652000
vt 10.269600 16.638300
vt 10.539900 16.638300
vt 10.541200 16.652000
vt 13.761200 14.436600
vt 13.762500 14.422900
vt 14.032800 14.422900
vt 14.034100 14.436600
vt 13.762500 9.197900
vt 13.763300 9.184160
vt 14.032000 9.184160
vt 14.032800 9.197900
vt 16.648001 7.414840
vt 16.648800 7.401090
vt 16.917601 7.401090
vt 16.918400 7.414840
vt 18.800100 5.339010
vt 18.800900 5.325260
vt 19.069599 5.325260
vt 19.070400 5.339010
vt 18.801001 1.186940
vt 19.069401 1.186940
vt 19.069599 1.200720
vt 18.800900 1.200720
vt 16.649000 1.656680
vt 16.917400 1.656680
vt 16.917601 1.670470
vt 16.648800 1.670470
vt 13.763500 2.060180
vt 14.031900 2.060180
vt 14.032000 2.073960
vt 13.763300 2.073960
vt 10.538900 2.379790
vt 10.539100 2.393570
vt 10.270400 2.393570
vt 10.270600 2.379790
vt 6.591260 2.601540
vt 6.591440 2.615330
vt 6.322710 2.615330
vt 6.322890 2.601540
vt 2.227030 2.715750
vt 2.229160 2.729540
vt 2.092840 2.729540
vt 2.093020 2.715750
vt -20.605900 -0.301155
vt -21.842899 -0.301155
vt -21.840799 -0.314938
vt -20.607599 -0.314938
vt -21.852301 -1.297860
vt -21.842899 -1.311610
vt -20.605900 -1.311610
vt -20.598301 -1.297860
vt 2.092040 12.094900
vt 2.092840 12.081200
vt 2.229160 12.081200
vt 2.238540 12.094900
vt 6.321910 11.590200
vt 6.322710 11.576500
vt 6.591440 11.576500
vt 6.592240 11.590200
vt 10.269600 10.610300
vt 10.270400 10.596500
vt 10.539100 10.596500
vt 10.539900 10.610300
vt -3.441940 20.589001
vt -3.450340 20.589399
vt -3.420560 20.872700
vt -3.412300 20.870899
vt -3.333340 21.141100
vt -3.325630 21.137699
vt -3.192220 21.385500
vt -3.185390 21.380600
vt -3.003370 21.595301
vt -2.997720 21.589001
vt -2.775030 21.761200
vt -2.770810 21.753901
vt -2.517190 21.875999
vt -2.514580 21.868000
vt -2.308060 21.911900
vt 6.310740 -0.178740
vt 6.603420 -0.178740
vt 6.603420 -0.131496
vt 6.310740 -0.131496
vt 10.258400 -0.178740
vt 10.551100 -0.178740
vt 10.551100 -0.131496
vt 10.258400 -0.131496
vt -20.492001 0.050000
vt -21.983601 0.050000
vt -21.983601 -0.131496
vt -20.492001 -0.131496
vt -21.983601 -0.178740
vt -20.492001 -0.178740
vt -21.827000 2.181110
vt -21.983601 2.045860
vt -20.492001 2.045860
vt -20.618700 2.181110
vt 2.376740 19.274200
vt 2.250000 19.138901
vt 2.625040 19.138901
vt 3.500000 19.138901
vt 3.404980 19.240299
vt 3.373260 19.274200
vt 3.369750 19.274200
vt 2.376740 20.618700
vt 3.369750 20.618700
vt 3.344750 20.856600
vt 2.951510 21.537701
vt 2.736280 21.694099
vt 2.493240 21.802299
vt 2.376740 21.827000
vt 2.653690 -0.178740
vt 20.492001 -0.178740
vt 21.983601 -0.178740
vt 21.983601 -0.131496
vt 20.492001 -0.131496
vt -6.478030 -0.178740
vt -6.189090 -0.178740
vt -6.189090 -0.131496
vt -6.478030 -0.131496
vt -10.440300 -0.178740
vt -10.147600 -0.178740
vt -10.147600 -0.131496
vt -10.440300 -0.131496
vt 13.656300 -0.178740
vt 13.948900 -0.178740
vt 13.948900 -0.131496
vt 13.656300 -0.131496
vt -16.854401 -0.178740
vt -16.561701 -0.178740
vt -16.561701 -0.131496
vt -16.854401 -0.131496
vt 18.736900 -0.178740
vt 19.029499 -0.178740
vt 19.029499 -0.131496
vt 18.736900 -0.131496
vt 18.736900 0.050000
vt 19.029499 0.050000
vt 20.086800 -0.178740
vt 20.379400 -0.178740
vt -10.147600 0.050000
vt -10.440300 0.050000
vt -6.189090 0.050000
vt -6.478030 0.050000
vt -1.829100 12.435000
vt -0.823766 12.435000
vt -0.830249 12.444600
vt -1.823260 12.444600
vt -1.824610 12.442300
vt -1.841180 20.405800
vt -0.810352 20.405800
vt -0.823766 20.417999
vt -1.829100 20.417999
vt 20.571899 -1.343970
vt -20.600800 -1.845670
vt -20.612900 -1.833490
vt -21.834200 -1.833490
vt -21.849199 -1.845670
vt -20.612900 -1.235730
vt -20.617399 -1.228370
vt -20.618700 -1.226150
vt -21.827000 -1.226150
vt -21.828699 -1.228370
vt -21.834200 -1.235730
vt 6.328720 -12.899700
vt 6.323190 -12.892300
vt 6.321510 -12.890100
vt 6.202410 -12.890100
vt 6.202270 -12.892300
vt 6.201800 -12.899700
vt 10.427100 -11.827600
vt 10.427000 -11.825400
vt 10.160900 -11.825400
vt 10.160800 -11.827600
vt 10.160300 -11.835000
vt 10.427600 -11.835000
vt 13.935800 -10.284900
vt 13.935600 -10.282600
vt 13.669600 -10.282600
vt 13.669400 -10.284900
vt 13.669000 -10.292200
vt 13.936200 -10.292200
vt 16.841200 -8.331420
vt 16.841000 -8.329200
vt 16.575001 -8.329200
vt 16.574900 -8.331420
vt 16.574400 -8.338780
vt 16.841600 -8.338780
vt 19.016800 -6.060060
vt 19.016399 -6.052700
vt 19.016199 -6.050480
vt 18.750200 -6.050480
vt 18.750000 -6.052700
vt 18.749599 -6.060060
vt 20.366301 -3.548280
vt 20.366100 -3.546060
vt 20.100100 -3.546060
vt 20.099899 -3.548280
vt 20.099501 -3.555640
vt 20.366699 -3.555640
vt 20.368000 -5.621730
vt 20.366699 -5.609550
vt 20.099501 -5.609550
vt 20.098200 -5.621730
vt 19.018101 -9.698110
vt 19.016800 -9.685930
vt 18.749599 -9.685930
vt 18.748301 -9.698110
vt 16.842899 -13.407100
vt 16.841600 -13.395000
vt 16.574400 -13.395000
vt 16.573099 -13.407100
vt 13.937500 -16.586700
vt 13.936200 -16.574499
vt 13.669000 -16.574499
vt 13.667700 -16.586700
vt 10.428900 -19.097900
vt 10.427600 -19.085699
vt 10.160300 -19.085699
vt 10.159100 -19.097900
vt 6.343640 -20.830799
vt 6.328720 -20.818701
vt 6.201800 -20.818701
vt 6.200530 -20.830799
vt -20.393299 -3.479420
vt -20.147100 -3.479420
vt -20.153601 -3.469840
vt -20.392700 -3.469840
vt -20.392799 -3.472060
vt -20.394600 -5.497680
vt -20.133699 -5.497680
vt -20.147100 -5.485500
vt -20.393299 -5.485500
vt -18.800301 -9.582250
vt -18.801600 -9.570070
vt -19.068899 -9.570070
vt -19.070101 -9.582250
vt -18.801600 -5.988880
vt -18.802099 -5.981520
vt -18.802200 -5.979300
vt -19.068199 -5.979300
vt -19.068399 -5.981520
vt -19.068899 -5.988880
vt -16.650000 -8.268390
vt -16.650200 -8.266170
vt -16.916201 -8.266170
vt -16.916401 -8.268390
vt -16.916800 -8.275750
vt -16.649599 -8.275750
vt -13.764500 -10.232700
vt -13.764600 -10.230500
vt -14.030700 -10.230500
vt -14.030800 -10.232700
vt -14.031300 -10.240100
vt -13.764000 -10.240100
vt -10.271600 -11.788700
vt -10.271700 -11.786500
vt -10.537800 -11.786500
vt -10.537900 -11.788700
vt -10.538400 -11.796100
vt -10.271100 -11.796100
vt -6.323910 -12.868300
vt -6.324060 -12.866000
vt -6.590090 -12.866000
vt -6.590240 -12.868300
vt -6.590710 -12.875600
vt -6.323440 -12.875600
vt -2.093580 -13.431600
vt -2.094050 -13.424300
vt -2.094190 -13.422100
vt -2.213290 -13.422100
vt -2.214970 -13.424300
vt -2.220500 -13.431600
vt 21.828699 1.330090
vt 21.827000 1.332310
vt 20.618700 1.332310
vt 20.617399 1.330090
vt 20.612900 1.322730
vt 21.834200 1.322730
vt 21.849199 2.318670
vt 21.834200 2.330850
vt 20.612900 2.330850
vt 20.600800 2.318670
vt -2.092310 -21.696699
vt -2.093580 -21.684500
vt -2.220500 -21.684500
vt -2.235420 -21.696699
vt -6.322170 -20.791599
vt -6.323440 -20.779499
vt -6.590710 -20.779499
vt -6.591980 -20.791599
vt -10.269800 -19.034401
vt -10.271100 -19.022301
vt -10.538400 -19.022301
vt -10.539600 -19.034401
vt -13.762800 -16.501801
vt -13.764000 -16.489700
vt -14.031300 -16.489700
vt -14.032600 -16.501801
vt -16.648300 -13.304500
vt -16.649599 -13.292400
vt -16.916800 -13.292400
vt -16.918100 -13.304500
vt 0.200000 14.299300
vt 0.200000 14.265500
vt 4.000000 14.265500
vt 4.000000 14.299300
vt 0.200000 11.973900
vt 0.200000 11.937900
vt 4.000000 11.937900
vt 4.000000 11.973900
vt -0.200000 -13.772900
vt -0.200000 -13.724500
vt -4.000000 -13.724500
vt -4.000000 -13.772900
vt 0.200000 14.188500
vt 0.200000 14.015100
vt 4.000000 14.015100
vt 4.000000 14.188500
vt 0.200000 9.967320
vt 0.200000 9.934710
vt 4.000000 9.934710
vt 4.000000 9.967320
vt -6.560970 25.438999
vt -6.167270 25.832701
vt -16.332701 25.832701
vt -6.560970 15.735900
vt -6.560970 20.124599
vt 6.560970 0.946014
vt 10.356200 0.946014
vt 10.356200 1.142860
vt 6.560970 1.142860
vt -10.356200 25.438999
vt -11.423400 25.438999
vt -15.438900 25.438999
vt -15.939000 24.819201
vt -15.939000 20.430500
vt -15.939000 19.264099
vt -15.939000 14.875400
vt -15.939000 13.708900
vt -15.939000 9.560970
vt -16.332701 9.167270
vt -12.143800 9.560970
vt -11.076600 9.560970
vt -7.061120 9.560970
vt -6.167270 9.167270
vt -6.560970 10.180800
vt -6.560970 14.569500
vt 15.178000 0.946014
vt 29.070601 0.946014
vt 29.070601 1.142860
vt 15.178000 1.142860
vt -24.819201 0.946014
vt -20.430500 0.946014
vt -20.430500 1.142860
vt -24.819201 1.142860
vt -25.832701 0.946014
vt -11.940100 0.946014
vt -11.940100 1.142860
vt -25.832701 1.142860
vt 11.820400 0.946014
vt 24.972099 0.946014
vt 24.972099 1.142860
vt 11.820400 1.142860
vt -19.264099 0.946014
vt -14.875400 0.946014
vt -14.875400 1.142860
vt -19.264099 1.142860
vt -21.734200 0.946014
vt -14.531000 0.946014
vt -14.531000 1.142860
vt -21.734200 1.142860
vt 15.251500 0.946014
vt 20.873600 0.946014
vt 20.873600 1.142860
vt 15.251500 1.142860
vt -13.708900 0.946014
vt -9.560970 0.946014
vt -9.560970 1.142860
vt -13.708900 1.142860
vt -15.939000 0.946014
vt -12.143800 0.946014
vt -12.143800 1.142860
vt -15.939000 1.142860
vt -11.076600 0.946014
vt -7.061120 0.946014
vt -7.061120 1.142860
vt -11.076600 1.142860
vt -29.190300 0.946014
vt -16.038601 0.946014
vt -16.038601 1.142860
vt -29.190300 1.142860
vt 19.276501 0.946014
vt 26.479700 0.946014
vt 26.479700 1.142860
vt 19.276501 1.142860
vt -6.560970 21.291100
vt -25.759300 0.946014
vt -20.137100 0.946014
vt -20.137100 1.142860
vt -25.759300 1.142860
vt 11.423400 0.946014
vt 15.438900 0.946014
vt 15.438900 1.142860
vt 11.423400 1.142860
vt -12.581300 77.117500
vt -10.672300 75.489304
vt -10.410100 75.540100
vt -12.478800 76.801804
vt -15.609200 67.681801
vt -12.823200 77.011002
vt -15.033000 78.209099
vt -14.863700 77.919502
vt -15.245200 78.053596
vt -16.341000 78.487701
vt -16.144199 78.244698
vt -16.341000 67.365799
vt -16.081400 67.306602
vt -15.953400 67.899597
vt -15.847300 67.134804
vt -15.951700 67.896698
vt -15.661400 66.867203
vt 59.039902 0.946014
vt 68.676201 0.946014
vt 68.676201 1.142860
vt 59.039902 1.142860
vt -78.528999 0.946014
vt -68.182198 0.946014
vt -68.182198 1.142860
vt -78.528999 1.142860
vt 31.140301 0.946014
vt 32.059399 0.946014
vt 32.059399 1.142860
vt 31.140301 1.142860
vt -15.542100 66.529999
vt -15.316700 67.407799
vt -15.501000 66.156197
vt -10.379800 75.215302
vt -8.885640 73.555901
vt -8.614300 73.545700
vt -8.656660 73.230202
vt -7.539960 71.295998
vt -7.272420 71.221497
vt -7.382820 70.932800
vt -6.692480 68.808098
vt -6.443090 68.669098
vt -6.612310 68.422302
vt -6.394820 66.352997
vt -6.178980 66.156197
vt -14.765200 66.352997
vt -10.423200 0.946014
vt -2.011760 0.946014
vt -2.011760 1.142860
vt -10.423200 1.142860
vt -14.934000 66.716400
vt -28.135500 0.946014
vt -19.486900 0.946014
vt -19.486900 1.142860
vt -28.135500 1.142860
vt -15.089100 67.080704
vt 19.529100 0.946014
vt 28.175301 0.946014
vt 28.175301 1.142860
vt 19.529100 1.142860
vt -44.346802 0.946014
vt -35.447800 0.946014
vt -35.447800 1.142860
vt -44.346802 1.142860
vt 35.509399 0.946014
vt 44.406399 0.946014
vt 44.406399 1.142860
vt 35.509399 1.142860
vt 60.608398 0.946014
vt 62.841301 0.946014
vt 62.841301 1.142860
vt 60.608398 1.142860
vt -58.024601 0.946014
vt -48.787201 0.946014
vt -48.787201 1.142860
vt -58.024601 1.142860
vt 1.937610 0.946014
vt 10.440400 0.946014
vt 10.440400 1.142860
vt 1.937610 1.142860
vt 48.862499 0.946014
vt 58.099899 0.946014
vt 58.099899 1.142860
vt 48.862499 1.142860
vt -68.590103 0.946014
vt -58.947899 0.946014
vt -58.947899 1.142860
vt -68.590103 1.142860
vt 67.903900 0.946014
vt 68.261597 0.946014
vt 68.261597 1.142860
vt 67.903900 1.142860
vt -16.341000 66.156197
vt -6.167270 33.167301
vt -6.167270 33.954700
vt -6.954670 33.167301
vt -6.954670 58.832699
vt -15.545300 58.832699
vt -16.332701 58.045300
vt -16.332701 33.954700
vt -15.545300 33.167301
vt -6.167270 58.045300
vt 15.545300 -58.631599
vt 12.234300 -46.755501
vt 10.265700 -46.755501
vt 6.954670 -58.631599
vt -30.608801 -52.372799
vt -29.495300 -52.372799
vt -24.572001 -41.622898
vt -16.332701 58.832699
vt -33.954700 -15.840200
vt -45.015701 -11.662600
vt -46.984299 -11.662600
vt -58.045300 -15.840200
vt -35.558601 12.496500
vt -34.445000 12.496500
vt -40.481899 23.246401
vt -16.332701 33.167301
vt -6.954670 33.154701
vt -10.265700 45.030701
vt -12.234300 45.030701
vt -15.545300 33.154701
vt 18.535101 28.361200
vt 19.648701 28.361200
vt 24.572001 39.111099
vt 45.015701 10.411300
vt 33.954700 6.233720
vt 58.045300 6.233720
vt 46.984299 10.411300
vt 45.405201 -36.508099
vt 46.518700 -36.508099
vt 40.481899 -25.758101
vt -6.167270 58.832699
vt -10.265700 45.015701
vt -10.265700 46.984299
vt -12.234300 46.984299
vt -12.234300 45.015701
vt -21.667299 25.832701
vt -22.061001 24.819201
vt -21.667299 9.167270
vt -22.561100 25.438999
vt -31.832701 25.832701
vt -26.576599 25.438999
vt -27.643801 25.438999
vt -31.438999 25.438999
vt -31.438999 21.291100
vt -31.438999 20.124599
vt -31.438999 15.735900
vt -31.438999 14.569500
vt -31.438999 10.180800
vt -31.832701 9.167270
vt -30.938900 9.560970
vt -26.923401 9.560970
vt -25.856199 9.560970
vt -22.061001 9.560970
vt -3.419140 0.946014
vt 10.473500 0.946014
vt 10.473500 1.142860
vt -3.419140 1.142860
vt -9.612870 0.946014
vt 3.538820 0.946014
vt 3.538820 1.142860
vt -9.612870 1.142860
vt 22.561100 0.946014
vt 26.576599 0.946014
vt 26.576599 1.142860
vt 22.561100 1.142860
vt -0.828216 0.946014
vt 6.374970 0.946014
vt 6.374970 1.142860
vt -0.828216 1.142860
vt -5.514380 0.946014
vt 0.107778 0.946014
vt 0.107778 1.142860
vt -5.514380 1.142860
vt 27.643801 0.946014
vt 31.438999 0.946014
vt 31.438999 1.142860
vt 27.643801 1.142860
vt -20.124599 0.946014
vt -15.735900 0.946014
vt -15.735900 1.142860
vt -20.124599 1.142860
vt -13.711400 0.946014
vt 0.181241 0.946014
vt 0.181241 1.142860
vt -13.711400 1.142860
vt -22.061001 19.264099
vt -22.061001 20.430500
vt 0.679347 0.946014
vt 13.831000 0.946014
vt 13.831000 1.142860
vt 0.679347 1.142860
vt -30.938900 0.946014
vt -26.923401 0.946014
vt -26.923401 1.142860
vt -30.938900 1.142860
vt -11.120400 0.946014
vt -3.917250 0.946014
vt -3.917250 1.142860
vt -11.120400 1.142860
vt -22.061001 13.708900
vt -22.061001 14.875400
vt 4.777840 0.946014
vt 10.400000 0.946014
vt 10.400000 1.142860
vt 4.777840 1.142860
vt -25.856199 0.946014
vt -22.061001 0.946014
vt -22.061001 1.142860
vt -25.856199 1.142860
vt -21.667299 58.832699
vt -22.454700 58.832699
vt -21.667299 58.045300
vt 56.365299 -25.579000
vt 57.478901 -25.579000
vt 51.442001 -14.829100
vt -31.045300 33.167301
vt -22.454700 33.167301
vt -21.667299 33.954700
vt -31.045300 58.832699
vt -31.832701 58.045300
vt -31.832701 33.954700
vt -22.454700 33.154701
vt -25.765699 45.030701
vt -27.734301 45.030701
vt -31.045300 33.154701
vt 13.611800 50.040199
vt 7.574950 39.290298
vt 8.688500 39.290298
vt -21.667299 33.167301
vt 45.015701 25.617800
vt 33.954700 21.440201
vt 58.045300 21.440201
vt 46.984299 25.617800
vt -27.734301 46.984299
vt -27.734301 45.015701
vt -25.765699 45.015701
vt -25.765699 46.984299
vt -33.954700 -31.046700
vt -45.015701 -26.869101
vt -46.984299 -26.869101
vt -58.045300 -31.046700
vt -45.405201 1.567390
vt -51.442001 12.317300
vt -46.518700 1.567390
vt -31.832701 33.167301
vt -18.535101 -63.301899
vt -13.611800 -52.551998
vt -19.648701 -63.301899
vt 31.045300 -58.631599
vt 27.734301 -46.755501
vt 25.765699 -46.755501
vt 22.454700 -58.631599
vt -31.832701 58.832699
vt -31.602400 66.352997
vt -31.556900 68.669098
vt -31.820999 66.156197
vt -31.384899 68.422302
vt -31.304701 68.808098
vt -30.727600 71.221497
vt -30.614401 70.932800
vt -30.457300 71.295998
vt -29.385700 73.545700
vt -29.340599 73.230202
vt -29.111601 73.555901
vt -27.617500 75.215302
vt -27.589899 75.540100
vt -27.324900 75.489304
vt -22.680500 67.407799
vt -22.388000 67.681801
vt -22.455099 66.529999
vt -22.335800 66.867203
vt -55.586800 0.946014
vt -55.229099 0.946014
vt -55.229099 1.142860
vt -55.586800 1.142860
vt -22.496201 66.156197
vt -23.232000 66.352997
vt 38.841301 0.946014
vt 47.252701 0.946014
vt 47.252701 1.142860
vt 38.841301 1.142860
vt -23.063299 66.716400
vt -22.908100 67.080704
vt 62.913300 0.946014
vt 71.812302 0.946014
vt 71.812302 1.142860
vt 62.913300 1.142860
vt -48.748901 0.946014
vt -46.515499 0.946014
vt -46.515499 1.142860
vt -48.748901 1.142860
vt -61.351101 0.946014
vt -52.704800 0.946014
vt -52.704800 1.142860
vt -61.351101 1.142860
vt -58.000702 0.946014
vt -55.766701 0.946014
vt -55.766701 1.142860
vt -58.000702 1.142860
vt -47.269901 0.946014
vt -38.767101 0.946014
vt -38.767101 1.142860
vt -47.269901 1.142860
vt -71.871902 0.946014
vt -62.974800 0.946014
vt -62.974800 1.142860
vt -71.871902 1.142860
vt 69.094704 0.946014
vt 78.332199 0.946014
vt 78.332199 1.142860
vt 69.094704 1.142860
vt -37.416199 0.946014
vt -35.183300 0.946014
vt -35.183300 1.142860
vt -37.416199 1.142860
vt -64.766899 0.946014
vt -62.686199 0.946014
vt -62.686199 1.142860
vt -64.766899 1.142860
vt -21.656200 66.156197
vt -21.656200 67.365799
vt -21.915800 67.306602
vt -22.149900 67.134804
vt -21.656200 78.487701
vt -21.853001 78.244698
vt -22.966999 78.209099
vt -22.752100 78.053596
vt -23.133499 77.919502
vt -25.418699 77.117500
vt -25.174000 77.011002
vt -25.518400 76.801804
vt -22.045500 67.896698
vt -22.043800 67.899597
vt -81.012398 0.946014
vt -71.376099 0.946014
vt -71.376099 1.142860
vt -81.012398 1.142860
vt -22.146400 0.946014
vt -21.856001 0.946014
vt -21.856001 1.142860
vt -22.146400 1.142860
vt 71.283997 0.946014
vt 80.926300 0.946014
vt 80.926300 1.142860
vt 71.283997 1.142860
vt -24.498100 0.946014
vt -22.265200 0.946014
vt -22.265200 1.142860
vt -24.498100 1.142860
vt -78.407402 0.946014
vt -69.169998 0.946014
vt -69.169998 1.142860
vt -78.407402 1.142860
vt 4.730020 0.240000
vt 4.374240 0.240000
vt 4.374240 0.000000
vt 4.730020 0.000000
vt 11.522300 0.240000
vt 11.166500 0.240000
vt 11.166500 0.000000
vt 11.522300 0.000000
vt 12.135200 0.240000
vt 11.779400 0.240000
vt 11.779400 -0.000000
vt 12.135200 0.000000
vt -11.423600 0.240000
vt -11.779400 0.240000
vt -11.779400 0.000000
vt -11.423600 0.000000
vt 1.427890 0.240000
vt 1.072110 0.240000
vt 1.072110 0.000000
vt 1.427890 0.000000
vt -1.975500 0.240000
vt -2.331290 0.240000
vt -2.331290 0.000000
vt -1.975500 0.000000
vt -7.997340 0.240000
vt -8.353130 0.240000
vt -8.353130 0.000000
vt -7.997340 0.000000
vt -5.204440 0.240000
vt -5.560230 0.240000
vt -5.560230 0.000000
vt -5.204440 0.000000
vt -10.127900 0.240000
vt -10.483700 0.240000
vt -10.483700 0.000000
vt -10.127900 0.000000
vt 9.990280 0.000000
vt 9.634490 0.000000
vt 9.634490 0.240000
vt 9.990280 0.240000
vt 7.663370 0.000000
vt 7.307580 0.000000
vt 7.307580 0.240000
vt 7.663370 0.240000
vt -15.583800 -0.215617
vt -15.583800 -0.219554
vt -14.882000 -0.219554
vt -14.882000 -0.215617
vt -15.587800 -0.140247
vt -15.587800 -0.215617
vt -15.583800 -0.140247
vt -15.501000 -0.140247
vt -15.487000 -0.201603
vt -15.357200 -0.201603
vt -15.115500 -0.190231
vt -15.106700 -0.199015
vt -15.094700 -0.202231
vt -15.034700 -0.202231
vt -14.974700 -0.202231
vt -14.962700 -0.199015
vt -14.953900 -0.190231
vt -14.950700 -0.178231
vt -14.953900 -0.166231
vt -14.962700 -0.157446
vt -14.882000 -0.140247
vt -14.974700 -0.154231
vt -15.343200 -0.140247
vt 2.417060 17.385500
vt 2.417060 17.846701
vt 2.413130 17.846701
vt 2.413130 17.385500
vt -15.357200 -0.154262
vt -15.487000 -0.154262
vt -15.118700 -0.178231
vt 2.821000 4.414330
vt 2.821000 4.401910
vt 2.845000 4.401910
vt 2.845000 4.414330
vt 2.821000 12.371000
vt 2.821000 12.358600
vt 2.845000 12.358600
vt 2.845000 12.371000
vt 2.821000 16.984200
vt 2.821000 16.971701
vt 2.845000 16.971701
vt 2.845000 16.984200
vt 2.413130 -17.244801
vt 2.413130 -17.232300
vt 2.389130 -17.232300
vt 2.389130 -17.244801
vt -15.046700 -0.199015
vt -15.082700 -0.199015
vt 2.761000 16.926201
vt 2.761000 16.913799
vt 2.785000 16.913799
vt 2.785000 16.926201
vt 2.353130 -17.186800
vt 2.353130 -17.174400
vt 2.329130 -17.174400
vt 2.329130 -17.186800
vt -14.986700 -0.199015
vt 2.701000 16.868299
vt 2.701000 16.855801
vt 2.725000 16.855801
vt 2.725000 16.868299
vt 2.293130 -17.128901
vt 2.293130 -17.116400
vt 2.269130 -17.116400
vt 2.269130 -17.128901
vt 2.293130 -12.604800
vt 2.293130 -12.592300
vt 2.269130 -12.592300
vt 2.269130 -12.604800
vt -15.034700 -0.154231
vt -14.986700 -0.157446
vt -15.094700 -0.154231
vt -15.106700 -0.157446
vt -15.115500 -0.166231
vt 2.821000 -4.753960
vt 2.821000 -4.766380
vt 2.845000 -4.766380
vt 2.845000 -4.753960
vt -15.073900 -0.190231
vt -15.058700 -0.178231
vt -15.070700 -0.178231
vt -15.055500 -0.190231
vt 2.761000 12.328600
vt 2.761000 12.316200
vt 2.785000 12.316200
vt 2.785000 12.328600
vt -15.022700 -0.199015
vt -14.998700 -0.178231
vt -15.013900 -0.190231
vt -14.995500 -0.190231
vt 2.701000 12.286200
vt 2.701000 12.273800
vt 2.725000 12.273800
vt 2.725000 12.286200
vt -15.022700 -0.157446
vt -14.995500 -0.166231
vt 2.353130 16.913799
vt 2.353130 16.926201
vt 2.329130 16.926201
vt 2.329130 16.913799
vt -15.046700 -0.157446
vt -15.082700 -0.157446
vt 2.413130 16.971701
vt 2.413130 16.984200
vt 2.389130 16.984200
vt 2.389130 16.971701
vt -15.055500 -0.166231
vt 2.761000 -4.738430
vt 2.761000 -4.750850
vt 2.785000 -4.750850
vt 2.785000 -4.738430
vt 2.761000 4.398800
vt 2.761000 4.386380
vt 2.785000 4.386380
vt 2.785000 4.398800
vt -15.073900 -0.166231
vt 2.701000 4.383270
vt 2.701000 4.370850
vt 2.725000 4.370850
vt 2.725000 4.383270
vt -15.013900 -0.166231
vt -15.010700 -0.178231
vt 2.353130 -12.647200
vt 2.353130 -12.634800
vt 2.329130 -12.634800
vt 2.329130 -12.647200
vt 2.413130 -12.689600
vt 2.413130 -12.677200
vt 2.389130 -12.677200
vt 2.389130 -12.689600
vt -17.742800 0.111053
vt -17.683300 0.124488
vt -17.834299 0.131067
vt -17.790600 0.122311
vt -17.681499 0.116466
vt -17.740999 0.103031
vt -17.625000 0.100036
vt -17.740499 0.119902
vt -17.688700 0.106143
vt -17.624599 0.116906
vt -17.875299 0.127206
vt -17.835699 0.120951
vt -17.737400 0.128315
vt -17.736700 0.119731
vt -17.835100 0.112367
vt -17.684099 0.105786
vt -2.144760 17.065500
vt -2.143230 17.119900
vt -2.186620 17.119900
vt -2.185100 17.065500
vt 17.593100 0.187511
vt 17.540501 0.173567
vt 17.691401 0.180147
vt 17.692801 0.148189
vt 17.541901 0.141609
vt 17.601299 0.128175
vt 17.649099 0.139432
vt 17.544901 0.154697
vt 17.488300 0.138267
vt 17.604300 0.141262
vt -2.146400 16.898500
vt -2.144760 16.957399
vt -2.185100 16.957399
vt -2.183460 16.898500
vt -2.148150 16.735399
vt -2.146400 16.798800
vt -2.183460 16.798800
vt -2.181710 16.735399
vt 17.491699 0.125952
vt 17.431200 0.107035
vt 17.555799 0.115188
vt 17.557800 0.084651
vt 17.433201 0.076498
vt 17.501801 0.068390
vt 17.435200 0.094190
vt 17.403000 0.083483
vt 17.503901 0.086082
vt -2.149090 16.610001
vt -2.148150 16.643999
vt -2.181710 16.643999
vt -2.180770 16.610001
vt -17.559900 0.096338
vt -17.628599 0.088230
vt -17.527599 0.085630
vt -17.685801 0.115518
vt -17.629900 0.099257
vt -17.561199 0.107365
vt 2.183680 16.898600
vt 2.185450 16.956800
vt 2.144410 16.956800
vt 2.146180 16.898600
vt -17.608000 0.173509
vt -17.548000 0.154727
vt -17.474800 0.160203
vt -17.463499 0.009365
vt -17.536699 0.003892
vt -17.429899 -0.002353
vt -17.430799 -0.017290
vt -17.537600 -0.011043
vt -17.421900 -0.019892
vt -17.517099 0.259569
vt -17.485100 0.248895
vt -17.401501 0.250693
vt 2.180770 16.609800
vt 2.181780 16.643600
vt 2.148070 16.643600
vt 2.149090 16.609800
vt 17.508801 -0.125807
vt 17.393200 -0.134684
vt 17.476801 -0.136481
vt 17.379601 0.157305
vt 17.370701 0.154703
vt 17.486300 0.163552
vt -2.149090 16.711901
vt -2.149090 16.721100
vt -2.180770 16.721100
vt -2.180770 16.711901
vt -2.149090 16.457600
vt -2.149090 16.493200
vt -2.180770 16.493200
vt -2.180770 16.457600
vt 17.414200 0.150689
vt 17.380600 0.138971
vt 17.487400 0.145216
vt 17.533400 -0.024975
vt 17.400101 -0.038280
vt 17.473301 -0.043757
vt 17.396400 0.336915
vt 17.364201 0.326176
vt 17.497400 0.339526
vt -2.149090 16.576799
vt -2.149090 16.610800
vt -2.180770 16.610800
vt -2.180770 16.576799
vt -17.531601 -0.068767
vt -17.632601 -0.066156
vt -17.499399 -0.079506
vt -2.149090 16.859800
vt -2.149090 16.868401
vt -2.180770 16.868401
vt -2.180770 16.859800
vt 17.347799 0.089171
vt 17.346100 0.089931
vt 17.344299 0.090357
vt 17.342400 0.090450
vt 17.340500 0.090210
vt 17.338699 0.089637
vt 17.336800 0.088732
vt 17.334999 0.087494
vt 17.333300 0.085924
vt 17.331800 0.084021
vt 17.330299 0.081787
vt 17.329000 0.079221
vt 17.327900 0.076323
vt 17.326599 0.069306
vt 17.325899 0.062812
vt 17.325701 0.056841
vt 17.326200 0.051395
vt 17.327299 0.046473
vt 17.328899 0.042075
vt 17.331200 0.038200
vt 17.334000 0.034849
vt 17.337500 0.032022
vt 17.341499 0.029720
vt 17.346201 0.027941
vt 17.351400 0.026685
vt 17.357201 0.025954
vt 17.363701 0.025747
vt 17.370701 0.026063
vt 17.378300 0.026904
vt 17.386600 0.028268
vt 17.395399 0.030156
vt 17.404800 0.032568
vt 17.414801 0.035504
vt 17.448900 0.047379
vt 17.480900 0.058004
vt 17.397301 0.059794
vt 17.388901 0.057642
vt 17.381300 0.056009
vt 17.374500 0.054878
vt 17.368500 0.054223
vt 17.363501 0.053996
vt 17.359400 0.054126
vt 17.356501 0.054501
vt 17.354500 0.054962
vt 17.354300 0.055057
vt 17.354200 0.055580
vt 17.354000 0.057723
vt 17.354099 0.060912
vt 17.354500 0.065096
vt 17.355700 0.071074
vt 17.355499 0.074506
vt 17.355101 0.077604
vt 17.354401 0.080367
vt 17.353399 0.082796
vt 17.352301 0.084891
vt 17.350901 0.086652
vt 17.349400 0.088078
vt 2.149090 -15.843400
vt 2.149090 -15.845300
vt 2.180770 -15.845300
vt 2.180770 -15.843400
vt 2.149090 -14.344300
vt 2.149090 -14.346300
vt 2.180770 -14.346300
vt 2.180770 -14.344300
vt 2.149090 -12.490800
vt 2.149090 -12.492800
vt 2.180770 -12.492800
vt 2.180770 -12.490800
vt 2.149090 -10.432300
vt 2.149090 -10.434600
vt 2.180770 -10.434600
vt 2.180770 -10.432300
vt 2.149090 -8.305830
vt 2.149090 -8.308230
vt 2.180770 -8.308230
vt 2.180770 -8.305830
vt 2.149090 -6.215920
vt 2.149090 -6.218530
vt 2.180770 -6.218530
vt 2.180770 -6.215920
vt 2.149090 -4.231030
vt 2.149090 -4.233880
vt 2.180770 -4.233880
vt 2.180770 -4.231030
vt 2.149090 -2.388700
vt 2.149090 -2.391830
vt 2.180770 -2.391830
vt 2.180770 -2.388700
vt 2.149090 -0.704186
vt 2.149090 -0.707622
vt 2.180770 -0.707622
vt 2.180770 -0.704186
vt 2.149090 3.297270
vt 2.149090 3.291190
vt 2.180770 3.291190
vt 2.180770 3.297270
vt 2.149090 0.450172
vt 2.149090 0.446982
vt 2.180770 0.446982
vt 2.180770 0.450172
vt 2.149090 -1.413050
vt 2.149090 -1.415200
vt 2.180770 -1.415200
vt 2.180770 -1.413050
vt 2.149090 -16.864300
vt 2.149090 -16.866301
vt 2.180770 -16.866301
vt 2.180770 -16.864300
vt 2.149090 -17.215099
vt 2.149090 -17.218100
vt 2.180770 -17.218100
vt 2.180770 -17.215099
vt 2.149090 -17.348700
vt 2.149090 -17.352699
vt 2.180770 -17.352699
vt 2.180770 -17.348700
vt -2.149090 17.348400
vt -2.149090 17.353399
vt -2.180770 17.353399
vt -2.180770 17.348400
vt -2.149090 17.270000
vt -2.149090 17.275999
vt -2.180770 17.275999
vt -2.180770 17.270000
vt -2.149090 17.149300
vt -2.149090 17.156200
vt -2.180770 17.156200
vt -2.180770 17.149300
vt -2.149090 17.008200
vt -2.149090 17.016001
vt -2.180770 17.016001
vt -2.180770 17.008200
vt -17.325701 0.056841
vt -17.325899 0.062812
vt -17.326599 0.069306
vt -17.327900 0.076323
vt -17.329000 0.079221
vt -17.330299 0.081787
vt -17.331800 0.084021
vt -17.333300 0.085924
vt -17.334999 0.087494
vt -17.336800 0.088732
vt -17.338699 0.089637
vt -17.340500 0.090210
vt -17.342400 0.090450
vt -17.344299 0.090357
vt -17.346100 0.089931
vt -17.347799 0.089171
vt -17.349400 0.088078
vt -17.350901 0.086652
vt -17.352301 0.084891
vt -17.353399 0.082796
vt -17.354401 0.080367
vt -17.355101 0.077604
vt -17.355499 0.074506
vt -17.355700 0.071074
vt -17.354500 0.065096
vt -17.354099 0.060912
vt -17.354000 0.057723
vt -17.354200 0.055580
vt -17.354300 0.055057
vt -17.354500 0.054962
vt -17.356501 0.054501
vt -17.359400 0.054126
vt -17.363501 0.053996
vt -17.368500 0.054223
vt -17.374500 0.054878
vt -17.381300 0.056009
vt -17.388901 0.057642
vt -17.397301 0.059794
vt -17.480900 0.058004
vt -17.448900 0.047379
vt -17.414801 0.035504
vt -17.404800 0.032568
vt -17.395399 0.030156
vt -17.386600 0.028268
vt -17.378300 0.026904
vt -17.370701 0.026063
vt -17.363701 0.025747
vt -17.357201 0.025954
vt -17.351400 0.026685
vt -17.346201 0.027941
vt -17.341499 0.029720
vt -17.337500 0.032022
vt -17.334000 0.034849
vt -17.331200 0.038200
vt -17.328899 0.042075
vt -17.327299 0.046473
vt -17.326200 0.051395
vt -2.149090 0.445467
vt -2.149090 0.451438
vt -2.180770 0.451438
vt -2.180770 0.445467
vt -2.149090 2.000680
vt -2.149090 2.007210
vt -2.180770 2.007210
vt -2.180770 2.000680
vt -2.149090 3.290130
vt -2.149090 3.297270
vt -2.180770 3.297270
vt -2.180770 3.290130
vt -2.149090 6.186820
vt -2.149090 6.189920
vt -2.180770 6.189920
vt -2.180770 6.186820
vt -2.149090 7.828200
vt -2.149090 7.831070
vt -2.180770 7.831070
vt -2.180770 7.828200
vt -2.149090 9.500400
vt -2.149090 9.503070
vt -2.180770 9.503070
vt -2.180770 9.500400
vt -2.149090 11.169200
vt -2.149090 11.171600
vt -2.180770 11.171600
vt -2.180770 11.169200
vt -2.149090 12.787000
vt -2.149090 12.789300
vt -2.180770 12.789300
vt -2.180770 12.787000
vt -2.149090 14.290100
vt -2.149090 14.292200
vt -2.180770 14.292200
vt -2.180770 14.290100
vt -2.149090 15.596200
vt -2.149090 15.598200
vt -2.180770 15.598200
vt -2.180770 15.596200
vt -2.149090 16.606001
vt -2.149090 16.608000
vt -2.180770 16.608000
vt -2.180770 16.606001
vt -2.149090 17.211800
vt -2.149090 17.213699
vt -2.180770 17.213699
vt -2.180770 17.211800
vt 2.149090 -17.316099
vt 2.149090 -17.317900
vt 2.180770 -17.317900
vt 2.180770 -17.316099
vt 2.149090 -16.858900
vt 2.149090 -16.860800
vt 2.180770 -16.860800
vt 2.180770 -16.858900
vt -2.149090 -1.417000
vt -2.149090 -1.411530
vt -2.180770 -1.411530
vt -2.180770 -1.417000
vt -2.149090 -3.603270
vt -2.149090 -3.598240
vt -2.180770 -3.598240
vt -2.180770 -3.603270
vt -2.149090 -6.071080
vt -2.149090 -6.066380
vt -2.180770 -6.066380
vt -2.180770 -6.071080
vt -2.149090 -17.353800
vt -2.149090 -17.347401
vt -2.180770 -17.347401
vt -2.180770 -17.353800
vt 2.149090 17.276800
vt 2.149090 17.269100
vt 2.180770 17.269100
vt 2.180770 17.276800
vt 2.149090 17.016500
vt 2.149090 17.007500
vt 2.180770 17.007500
vt 2.180770 17.016500
vt 2.149090 16.868900
vt 2.149090 16.859200
vt 2.180770 16.859200
vt 2.180770 16.868900
vt 2.149090 16.721800
vt 2.149090 16.711399
vt 2.180770 16.711399
vt 2.180770 16.721800
vt 2.149090 16.493000
vt 2.149090 16.456900
vt 2.180770 16.456900
vt 2.180770 16.493000
vt 2.149090 16.610800
vt 2.149090 16.577000
vt 2.180770 16.577000
vt 2.180770 16.610800
vt -17.622999 0.107316
vt -17.687099 0.096552
vt -17.562401 0.088399
vt 17.605000 0.113316
vt 17.489100 0.110321
vt 17.553200 0.099557
vt 17.730000 0.171980
vt 17.591999 0.173089
vt 17.690300 0.165725
vt 17.765600 0.185868
vt 17.592100 0.183223
vt 17.730000 0.182114
vt 17.640499 0.209320
vt 17.591801 0.197863
vt 17.765400 0.200508
vt -2.143230 17.235901
vt -2.141820 17.285801
vt -2.188040 17.285801
vt -2.186620 17.235901
vt -2.141820 17.407700
vt -2.140520 17.453300
vt -2.189340 17.453300
vt -2.188040 17.407700
vt 17.910900 0.154142
vt 17.889900 0.166310
vt 17.865700 0.174162
vt 17.838699 0.178518
vt 17.808500 0.179897
vt 17.774900 0.178561
vt 17.737700 0.174636
vt 17.696800 0.168179
vt 17.652100 0.159217
vt 2.134860 -15.460800
vt 2.134230 -15.485100
vt 2.195630 -15.485100
vt 2.195000 -15.460800
vt 2.133710 -12.505800
vt 2.196140 -12.505800
vt 2.195630 -12.481800
vt 2.134230 -12.481800
vt 2.133370 -8.026180
vt 2.196480 -8.026180
vt 2.196140 -8.002220
vt 2.133710 -8.002220
vt 2.133220 -3.049610
vt 2.196630 -3.049610
vt 2.196480 -3.025530
vt 2.133370 -3.025530
vt 2.133240 1.219190
vt 2.196610 1.219190
vt 2.196630 1.243920
vt 2.133220 1.243920
vt 2.133240 -7.630730
vt 2.196610 -7.630730
vt 2.196610 -7.607160
vt 2.133240 -7.607160
vt 2.133240 -12.257400
vt 2.133240 -12.269400
vt 2.196610 -12.269400
vt 2.196610 -12.257400
vt 18.034599 0.054891
vt 17.991301 0.059332
vt 18.042801 0.046113
vt 18.023899 0.070022
vt 17.990601 0.053132
vt 18.034000 0.048691
vt 18.007500 0.051930
vt 18.002199 0.030668
vt 18.035500 0.047559
vt -2.132870 4.406020
vt -2.196980 4.406020
vt -2.196860 4.384110
vt -2.132990 4.384110
vt -2.132880 1.240810
vt -2.196980 1.240810
vt -2.196980 1.222010
vt -2.132870 1.222010
vt -2.133010 -3.029070
vt -2.196850 -3.029070
vt -2.196980 -3.045580
vt -2.132880 -3.045580
vt -2.133260 -8.005800
vt -2.196590 -8.005800
vt -2.196850 -8.021220
vt -2.133010 -8.021220
vt -17.960501 0.035743
vt -18.009899 0.032357
vt -17.975599 0.026979
vt -17.996799 0.104294
vt -18.013599 0.087170
vt -17.964199 0.090553
vt -17.965401 0.054911
vt -18.017200 0.062404
vt -17.984600 0.048651
vt -17.948601 0.017744
vt -18.023600 0.021487
vt -17.971901 0.013983
vt -17.928600 -0.119768
vt -18.031000 -0.117254
vt -17.955999 -0.121032
vt -18.032000 -0.153185
vt -17.929501 -0.155708
vt -17.773199 -0.148031
vt -17.941799 0.108306
vt -17.910299 0.107054
vt -17.785400 0.115868
vt -2.193420 -17.853399
vt -2.194310 -17.880800
vt -2.135550 -17.880800
vt -2.136440 -17.853399
vt -2.195070 -17.003500
vt -2.195700 -17.023701
vt -2.134150 -17.023701
vt -2.134790 -17.003500
vt 17.888901 0.259203
vt 17.908100 0.252943
vt 17.940701 0.266696
vt 17.965099 0.202558
vt 17.932501 0.188818
vt 17.981899 0.185435
vt 17.936501 0.245483
vt 17.951599 0.236718
vt 17.985800 0.242096
vt 17.957600 0.196714
vt 17.968599 0.185453
vt 17.991800 0.202089
vt 18.010300 0.172428
vt 17.987101 0.155798
vt 18.021099 0.151042
vt 17.987900 0.161451
vt 17.994900 0.147691
vt 18.021900 0.156695
vt 18.030899 0.128603
vt 18.003799 0.119601
vt 18.035101 0.104895
vt 18.005501 0.123009
vt 18.008301 0.106750
vt 18.036699 0.108303
vt 18.009501 0.086284
vt 18.008301 0.067524
vt 18.037901 0.087838
vt 18.039200 0.085920
vt 18.009600 0.065607
vt 18.037600 0.061235
vt 17.856899 0.326216
vt 17.880199 0.322456
vt 17.931999 0.329960
vt 17.818899 0.543718
vt 17.846300 0.542454
vt 17.921400 0.546232
vt 17.920000 0.602584
vt 17.661200 0.607738
vt 17.817499 0.600061
vt 17.797899 0.217516
vt 17.641600 0.225077
vt 17.766500 0.216263
vt 2.191270 17.728300
vt 2.192410 17.764000
vt 2.137450 17.764000
vt 2.138590 17.728300
vt -17.910801 0.125040
vt -17.875299 0.121286
vt -17.737301 0.122395
vt -17.786100 0.125351
vt -17.910999 0.116539
vt -17.737400 0.113894
vt -17.823799 0.163352
vt -17.864700 0.169809
vt -17.901899 0.173734
vt -17.935400 0.175070
vt -17.965599 0.173691
vt -17.992701 0.169335
vt -18.016800 0.161483
vt -18.037800 0.149315
vt -17.778999 0.154390
vt -2.140520 17.575600
vt -2.139330 17.616899
vt -2.190530 17.616899
vt -2.189340 17.575600
vt -2.139330 17.727600
vt -2.138240 17.764999
vt -2.191620 17.764999
vt -2.190530 17.727600
vt -2.138240 17.838200
vt -2.137260 17.871700
vt -2.192600 17.871700
vt -2.191620 17.838200
vt 2.137260 -17.852100
vt 2.136370 -17.882299
vt 2.193490 -17.882299
vt 2.192600 -17.852100
vt 2.136370 -17.653000
vt 2.135570 -17.680401
vt 2.194280 -17.680401
vt 2.193490 -17.653000
vt 2.135570 -17.001400
vt 2.134860 -17.026800
vt 2.195000 -17.026800
vt 2.194280 -17.001400
vt -17.969900 0.061754
vt -18.004101 0.067128
vt -17.980900 0.050493
vt -17.984600 0.090408
vt -17.995399 0.069023
vt -17.961399 0.073778
vt -17.960501 0.067003
vt -17.994499 0.062248
vt -17.967400 0.053243
vt -17.983900 0.093003
vt -17.988100 0.069295
vt -17.956800 0.084001
vt -17.954700 0.079439
vt -17.986000 0.064734
vt -17.957600 0.063180
vt -17.956200 0.088840
vt -17.984600 0.090394
vt -17.955000 0.070081
vt -17.982901 0.092865
vt -17.981300 0.068181
vt -17.953300 0.072552
vt -17.955999 0.089655
vt -17.983999 0.085283
vt -17.950701 0.068393
vt -17.997801 0.057745
vt -18.007900 0.036414
vt -17.964500 0.040855
vt -18.006399 -0.015237
vt -18.027201 -0.025412
vt -18.026800 -0.025412
vt -17.954901 -0.002015
vt 2.133240 -16.181400
vt 2.133240 -16.204500
vt 2.196610 -16.204500
vt 2.196610 -16.181400
vt 18.029600 0.034173
vt 17.970900 0.024000
vt 18.050400 0.024000
vt 17.982201 0.023832
vt 17.973000 0.000438
vt 17.975000 0.000438
vt 18.033701 0.010612
vt -2.196860 6.637330
vt -2.196620 6.612180
vt -2.133240 6.612180
vt -2.132990 6.637330
vt -17.978100 0.070372
vt -18.049999 0.046979
vt -17.968901 0.046979
vt 2.196610 18.050400
vt 2.172210 18.179600
vt 2.133240 18.050400
vt 2.187210 18.239599
vt 2.201700 18.352800
vt 2.196620 18.049999
vt 2.196620 17.968901
vt 2.223880 18.338499
vt 2.241150 18.318600
vt 2.252110 18.294600
vt 2.070880 17.229900
vt 2.255530 17.229900
vt 2.255530 18.268499
vt 2.255860 18.268499
vt -2.262020 18.268499
vt -2.268360 18.336100
vt -2.262020 17.223400
vt -2.258090 18.296301
vt -2.245060 18.363001
vt -2.246400 18.322001
vt -2.227960 18.343201
vt -2.215130 18.382200
vt -2.204290 18.358400
vt -2.180990 18.392200
vt -2.177280 18.366400
vt -2.283140 18.303699
vt -2.288210 18.268499
vt -2.288210 17.197201
vt -2.038210 17.197201
vt -2.257120 17.171301
vt -2.282000 17.163099
vt 0.034801 0.024000
vt 0.000000 0.024000
vt 0.034801 0.000000
vt -18.268499 -0.000000
vt -17.197201 0.000000
vt -17.197201 0.024000
vt -18.268499 0.024000
vt 0.069603 0.024000
vt 0.069603 0.000000
vt -2.266660 17.132000
vt -2.243360 17.106300
vt -2.245000 17.146700
vt -2.226580 17.126400
vt -2.213910 17.087999
vt 0.139206 0.024000
vt 0.104404 0.024000
vt 0.104404 0.000000
vt 0.139206 0.000000
vt 0.174007 0.024000
vt 0.174007 0.000000
vt -2.203290 17.111900
vt -2.180550 17.078400
vt -2.176290 17.108900
vt -2.150120 17.108900
vt -2.124970 17.116100
vt -2.102750 17.129900
vt -2.085180 17.149300
vt -2.076550 17.166800
vt -2.249860 17.166800
vt -2.241230 17.149300
vt -2.223660 17.129900
vt -2.201440 17.116100
vt -2.176920 17.104401
vt -2.145860 17.078400
vt 0.208808 0.024000
vt 0.208808 0.000000
vt 0.243610 0.024000
vt 0.243610 0.000000
vt -2.123120 17.111900
vt -2.112500 17.087999
vt -2.149490 17.104401
vt -2.099830 17.126400
vt -2.083050 17.106300
vt 0.278411 0.024000
vt 0.278411 0.000000
vt 0.313212 0.024000
vt 0.313212 0.000000
vt -2.081410 17.146700
vt -2.059750 17.132000
vt -2.069290 17.171301
vt -2.044410 17.163099
vt 0.348014 0.024000
vt 0.348014 0.000000
vt 0.382815 0.024000
vt 0.382815 -0.000000
vt 17.197201 0.000000
vt 18.268499 0.000000
vt 18.268499 0.024000
vt 17.197201 0.024000
vt -2.043270 18.303699
vt -2.038210 18.268499
vt -2.058050 18.336100
vt -2.064390 18.268499
vt -2.064390 17.223400
vt 2.074300 18.294600
vt 2.070880 18.268499
vt 2.085260 18.318600
vt 2.102530 18.338499
vt 2.124710 18.352800
vt 2.133240 17.968901
vt 2.133240 17.970900
vt 2.139210 18.239599
vt 2.142420 18.251600
vt 2.150020 18.360201
vt 2.151210 18.260401
vt 2.163210 18.263599
vt 2.175210 18.260401
vt 2.176390 18.360201
vt 2.183990 18.251600
vt -2.145420 18.392200
vt -2.149130 18.366400
vt -2.122130 18.358400
vt -2.111280 18.382200
vt -2.098450 18.343201
vt -2.081350 18.363001
vt -2.080010 18.322001
vt -2.068320 18.296301
vt 2.070550 18.268499
vt 2.183990 18.227600
vt 2.175210 18.218800
vt 2.172210 18.218000
vt 2.142420 18.227600
vt 2.151210 18.218800
vt 2.154210 18.179600
vt 2.154210 18.218000
vt 2.196610 17.968700
vt 2.196610 18.051201
vt 2.133240 18.051201
vt 2.133240 17.968700
vt 2.132520 -14.603800
vt 2.132520 -14.614000
vt 2.196480 -14.614000
vt 2.196480 -14.603800
vt 18.077101 0.100598
vt 18.077000 0.024000
vt 18.117901 0.024000
vt 18.122601 0.035051
vt 18.122601 0.047051
vt 18.117901 0.060000
vt 18.101000 0.075791
vt 18.101000 0.087791
vt 18.116600 0.106550
vt 18.116600 0.112550
vt 18.108299 0.118550
vt -2.132520 0.046952
vt -2.132520 0.123550
vt -2.196480 0.123550
vt -2.196480 0.046952
vt -2.132520 15.719300
vt -2.132520 15.755300
vt -2.196480 15.755300
vt -2.196480 15.719300
vt -18.077000 0.024000
vt -18.077101 0.100598
vt -18.108299 0.118550
vt -18.116600 0.112550
vt -18.116600 0.106550
vt -18.101000 0.087791
vt -18.101000 0.075791
vt -18.117901 0.060000
vt -18.122601 0.047051
vt -18.122601 0.035051
vt -18.117901 0.024000
vt 2.132520 0.112550
vt 2.132520 0.106550
vt 2.196480 0.106550
vt 2.196480 0.112550
vt 2.132520 11.665100
vt 2.132520 11.640700
vt 2.196480 11.640700
vt 2.196480 11.665100
vt 2.132520 0.087791
vt 2.132520 0.075791
vt 2.196480 0.075791
vt 2.196480 0.087791
vt 2.132520 -13.188600
vt 2.132520 -13.211700
vt 2.196480 -13.211700
vt 2.196480 -13.188600
vt 2.132520 -6.098890
vt 2.132520 -6.112660
vt 2.196480 -6.112660
vt 2.196480 -6.098890
vt 2.132520 0.047051
vt 2.132520 0.035051
vt 2.196480 0.035051
vt 2.196480 0.047051
vt 2.132520 7.096360
vt 2.132520 7.084360
vt 2.196480 7.084360
vt 2.196480 7.096360
vt 2.142760 17.236200
vt 2.141250 17.285200
vt 2.188610 17.285200
vt 2.187090 17.236200
vt -2.180770 -8.683460
vt -2.180770 -8.678970
vt -2.149090 -8.678970
vt -2.149090 -8.683460
vt -2.180770 -11.208000
vt -2.180770 -11.203600
vt -2.149090 -11.203600
vt -2.149090 -11.208000
vt -2.180770 -15.056400
vt -2.180770 -15.051800
vt -2.149090 -15.051800
vt -2.149090 -15.056400
vt -2.180770 -16.867901
vt -2.180770 -16.862499
vt -2.149090 -16.862499
vt -2.149090 -16.867901
vt 2.148070 16.735500
vt 2.146180 16.798300
vt 2.183680 16.798300
vt 2.181780 16.735500
vt -2.133260 -12.500800
vt -2.196590 -12.500800
vt -2.196210 -12.485000
vt -2.133640 -12.485000
vt -2.134150 -15.463500
vt -2.133640 -15.481000
vt -2.196210 -15.481000
vt -2.195700 -15.463500
vt 2.180770 -3.600040
vt 2.180770 -3.600570
vt 2.149090 -3.600570
vt 2.149090 -3.600040
vt 2.180770 2.006150
vt 2.180770 2.001940
vt 2.149090 2.001940
vt 2.149090 2.006150
vt -15.495100 -0.154262
vt -15.495100 -0.201603
vt -15.487000 -0.209666
vt -15.357200 -0.209666
vt 17.151400 -1.710500
vt 17.163799 -1.710500
vt 17.160999 -1.698040
vt 17.150000 -1.698040
vt 11.633000 -4.771130
vt 11.645500 -4.771130
vt 11.643200 -4.758380
vt 11.632300 -4.758380
vt 3.008390 -6.785700
vt 3.007080 -6.772750
vt 2.996150 -6.772750
vt 2.995960 -6.785700
vt -6.433120 -6.439320
vt -6.433310 -6.426370
vt -6.444240 -6.426370
vt -6.445550 -6.439320
vt -14.148400 -3.907670
vt -14.159400 -3.907670
vt -14.161600 -3.920420
vt -14.149200 -3.920420
vt 1.760910 18.226900
vt 1.768650 18.255699
vt 1.760910 18.247999
vt 1.768650 18.219101
vt 1.771290 18.218399
vt 1.777620 18.236200
vt 1.779210 18.244200
vt 1.777640 18.238300
vt 1.779210 18.258600
vt 1.781010 18.243700
vt 1.787130 18.218399
vt 1.789770 18.255699
vt 1.789770 18.219101
vt 1.797500 18.226900
vt 1.797500 18.247999
vt 1.800330 18.237400
vt 18.072399 0.566027
vt 18.084801 0.566027
vt 18.082001 0.578232
vt 18.070999 0.578232
vt 14.149200 1.229970
vt 14.161600 1.229970
vt 14.159400 1.242030
vt 14.148400 1.242030
vt 6.445550 1.011870
vt 6.444240 1.023890
vt 6.441510 1.023890
vt 6.442440 1.011870
vt 18.179600 -0.136387
vt 18.218000 -0.136387
vt 18.218399 -0.124339
vt 18.184601 -0.124339
vt 1.787130 18.184601
vt 1.781010 18.237400
vt 1.778750 18.222099
vt 1.779780 18.224001
vt 1.771290 18.184601
vt 1.780110 18.222099
vt 1.788210 7.064840
vt 1.787130 7.077850
vt 1.771290 7.077850
vt 1.770210 7.064840
vt -18.184601 0.194629
vt -18.218399 0.194629
vt -18.218000 0.182580
vt -18.179600 0.182580
vt -3.005280 1.064970
vt -3.004350 1.076990
vt -3.007080 1.076990
vt -3.008390 1.064970
vt -11.632300 1.503290
vt -11.643200 1.503290
vt -11.645500 1.491220
vt -11.633000 1.491220
vt -17.150000 1.204090
vt -17.160999 1.204090
vt -17.163799 1.191880
vt -17.151400 1.191880
vt 1.758090 18.237400
vt -18.070999 -0.775998
vt -18.082001 -0.775998
vt -18.084801 -0.788454
vt -18.072399 -0.788454
vt 1.779210 18.237301
vt 1.812610 18.050400
vt 1.749240 18.050400
vt 1.749240 17.970900
vt 1.749240 17.968901
vt 1.812620 17.968901
vt 1.812620 18.049999
vt 1.871530 17.229900
vt 1.871860 18.268499
vt 1.871530 18.268499
vt 1.874090 18.296301
vt 1.878020 17.223400
vt 1.878020 18.268499
vt 1.868110 18.294600
vt 1.862400 18.322001
vt 1.857150 18.318600
vt 1.843960 18.343201
vt 1.839880 18.338499
vt 1.820290 18.358400
vt 1.817700 18.352800
vt 1.793280 18.366400
vt 1.680390 17.223400
vt 1.686880 17.229900
vt 1.686550 18.268499
vt 1.686880 18.268499
vt 1.792390 18.360201
vt 1.765130 18.366400
vt 1.740710 18.352800
vt 1.738130 18.358400
vt 1.766020 18.360201
vt 1.718530 18.338499
vt 1.714450 18.343201
vt 1.701260 18.318600
vt 1.696010 18.322001
vt 1.690300 18.294600
vt 1.684320 18.296301
vt 1.680390 18.268499
vt -18.237400 -0.000468
vt -18.243700 -0.000468
vt -18.246700 -0.012471
vt -18.239599 -0.012471
vt 18.079100 -0.175151
vt 18.086000 -0.175151
vt 18.083000 -0.163125
vt 18.077000 -0.163125
vt 17.632500 -0.032027
vt 17.646601 -0.032027
vt 17.644600 -0.020026
vt 17.632200 -0.020026
vt -18.244101 0.013490
vt -18.248899 0.013490
vt -18.251101 0.001489
vt -18.245600 0.001489
vt -18.222099 0.017774
vt -18.232700 0.017774
vt -18.234200 0.005773
vt -18.222200 0.005773
vt 16.839300 -0.030349
vt 16.841700 -0.030349
vt 16.841400 -0.018348
vt 16.839199 -0.018348
s 1
g off
g PuertaIzq_madera
usemtl madera
f 2/1/1 1/2/1 5/3/1 6/4/1 7/5/1 8/6/1 9/7/1 10/8/1 11/9/1 12/10/1 13/11/1 14/12/1 15/13/1 16/14/1 17/15/1
s 2
f 4/16/2 3/17/2 19/18/2 20/19/2 21/20/2 22/21/2 23/11/2 24/22/2 25/23/2 26/24/2 27/25/2 28/26/2 29/27/2 30/28/2 18/29/2
s 3
f 2/30/3 17/31/3 19/32/3 3/33/3
s 4
f 17/34/4 16/35/4 20/36/4 19/37/4
s 5
f 16/38/5 15/39/5 21/40/5 20/41/5
s 6
f 15/42/6 14/43/6 22/44/6 21/45/6
s 7
f 12/46/7 11/47/7 25/48/7 24/49/7
s 8
f 10/50/8 9/51/9 27/52/9 26/53/10
f 9/54/9 8/55/11 28/56/11 27/57/9
f 8/58/11 7/59/12 29/60/12 28/61/11
s 9
f 6/62/13 5/63/14 18/64/15 30/65/13
s 10
f 31/30/3 32/31/3 33/32/3 34/33/3
s 11
f 31/1/16 35/2/16 36/3/16 37/4/16 38/5/16 39/6/16 40/7/16 41/8/16 42/9/16 43/10/16 44/11/16 45/12/16 46/13/16 47/14/16 32/15/16
s 12
f 35/66/17 31/67/17 34/68/17 48/69/17
s 13
f 48/16/2 34/17/2 33/18/2 49/19/2 50/20/2 51/21/2 52/11/2 53/22/2 54/23/2 55/24/2 56/25/2 57/26/2 58/27/2 59/28/2 60/29/2
s 14
f 32/34/4 47/35/4 49/36/4 33/37/4
s 15
f 44/70/18 43/71/19 53/72/19 52/73/20
f 43/46/19 42/47/21 54/48/21 53/49/19
f 42/74/21 41/75/22 55/76/22 54/77/21
f 41/50/22 40/51/23 56/52/23 55/53/22
f 40/54/23 39/55/11 57/56/11 56/57/23
f 39/58/11 38/59/24 58/60/24 57/61/11
f 38/78/24 37/79/25 59/80/25 58/81/24
f 37/62/25 36/63/26 60/64/26 59/65/25
f 36/82/26 35/83/27 48/84/27 60/85/26
s 16
f 61/16/2 62/17/2 63/18/2 64/19/2 65/20/2 66/21/2 67/11/2 68/22/2 69/23/2 70/24/2 71/25/2 72/26/2 73/27/2 74/28/2 75/29/2
s 17
f 76/66/28 77/67/28 62/68/28 61/69/28
s 18
f 77/1/16 76/2/16 78/3/16 79/4/16 80/5/16 81/6/16 82/7/16 83/8/16 84/9/16 85/10/16 86/11/16 87/12/16 88/13/16 89/14/16 90/15/16
s 19
f 78/82/29 76/83/30 61/84/30 75/85/29
f 79/62/31 78/63/29 75/64/29 74/65/31
f 80/78/32 79/79/31 74/80/31 73/81/32
f 81/58/33 80/59/32 73/60/32 72/61/33
f 82/54/34 81/55/33 72/56/33 71/57/34
f 83/50/22 82/51/34 71/52/34 70/53/22
f 84/74/21 83/75/22 70/76/22 69/77/21
f 85/46/19 84/47/21 69/48/21 68/49/19
f 86/70/35 85/71/19 68/72/19 67/73/35
f 87/86/36 86/87/35 67/88/35 66/89/36
s 20
f 90/34/4 89/35/4 64/36/4 63/37/4
s 21
f 77/30/3 90/31/3 63/32/3 62/33/3
s 22
f 99/90/37 97/91/37 101/92/37 102/93/37 103/94/37 104/95/37 105/96/37 106/97/37
s 23
f 95/98/38 148/99/38 147/100/38
f 96/101/38 148/99/38 95/98/38
f 148/99/38 96/101/38 149/102/38
f 122/103/38 149/102/38 120/104/38
f 124/105/38 149/102/38 122/103/38
f 126/106/38 149/102/38 124/105/38
f 150/107/38 149/102/38 126/106/38
f 151/108/38 149/102/38 150/107/38
f 152/109/38 149/102/38 151/108/38
f 153/110/38 149/102/38 152/109/38
f 154/111/38 149/102/38 153/110/38
f 155/112/38 149/102/38 154/111/38
f 156/113/38 149/102/38 155/112/38
f 148/99/38 149/102/38 156/113/38
f 251/114/38 143/115/39 148/99/38
f 143/115/39 251/114/38 141/116/40
f 141/116/40 251/114/38 252/117/38
f 159/118/38 456/119/41 161/120/42
f 456/119/41 159/118/38 457/121/38
f 159/118/38 155/112/38 457/121/38
f 156/113/38 155/112/38 159/118/38
f 130/122/40 800/123/38 798/124/38
f 132/125/38 800/123/38 130/122/40
f 132/125/38 801/126/38 800/123/38
f 134/127/38 801/126/38 132/125/38
f 134/127/38 802/128/38 801/126/38
f 134/127/38 265/129/38 802/128/38
f 135/130/38 265/129/38 134/127/38
f 135/130/38 263/131/38 265/129/38
f 137/132/38 263/131/38 135/130/38
f 137/132/38 261/133/38 263/131/38
f 137/132/38 259/134/38 261/133/38
f 139/135/38 259/134/38 137/132/38
f 139/135/38 257/136/38 259/134/38
f 141/116/40 257/136/38 139/135/38
f 141/116/40 255/137/38 257/136/38
f 141/116/40 252/117/38 255/137/38
f 267/138/38 155/112/38 265/129/38
f 995/139/38 155/112/38 267/138/38
f 457/121/38 155/112/38 995/139/38
f 995/139/38 269/140/38 455/141/38
f 269/140/38 995/139/38 267/138/38
f 802/128/38 265/129/38 155/112/38
f 153/110/38 1158/142/43 1064/143/44
f 1158/142/43 153/110/38 152/109/38
f 802/128/45 1158/142/43 1162/144/46
f 802/128/45 1064/143/44 1158/142/43
s 24
f 151/108/38 1230/145/47 1162/144/48
f 1230/145/47 151/108/38 1231/146/38
s 23
f 128/147/38 799/148/38 1233/149/38
f 130/122/40 799/148/38 128/147/38
f 130/122/40 798/124/38 799/148/38
f 126/106/38 1232/150/38 150/107/38
f 126/106/38 1233/149/38 1232/150/38
f 128/147/38 1233/149/38 126/106/38
f 145/151/38 148/99/38 143/115/39
f 147/100/38 148/99/38 145/151/38
s 22
f 117/152/49 116/153/49 98/154/49 100/155/49 1456/156/49 1457/157/49 1458/158/49 1459/159/49
s 25
f 110/160/50 111/161/50 1463/162/50 1478/163/50
f 111/161/50 112/164/50 1462/165/50 1463/162/50
s 22
f 91/166/51 92/167/52 93/168/52 94/169/51
s 23
f 91/170/39 95/171/38 92/172/38
f 95/171/38 91/170/39 96/173/38
f 97/174/38 96/173/38 91/170/39
f 96/173/38 97/174/38 98/175/38
s 26
f 97/176/53 99/177/53 100/178/53 98/179/53
s 22
f 97/180/37 107/181/37 101/182/37
f 107/181/37 97/180/37 108/183/4
f 108/183/4 97/180/37 109/184/37
f 91/185/37 109/184/37 97/180/37
f 109/184/37 91/185/37 110/186/4
f 110/186/4 91/185/37 111/187/4
f 111/187/4 91/185/37 112/188/4
f 112/188/4 91/185/37 113/189/37
f 94/190/37 113/189/37 91/185/37
f 94/190/37 108/183/37 113/189/37
f 107/181/37 108/183/37 94/190/37
f 107/191/38 114/192/38 94/170/38
f 114/192/38 107/191/38 115/193/38
f 107/194/16 115/195/16 116/196/16 117/197/16 102/198/16 101/199/16
f 118/200/49 98/201/49 116/202/49 115/203/49 119/204/49
s 23
f 118/205/38 120/206/38 98/175/38
f 121/207/38 120/206/38 118/205/38
f 121/207/38 122/208/38 120/206/38
f 123/209/38 122/208/38 121/207/38
f 123/209/38 124/210/38 122/208/38
f 125/211/38 124/210/38 123/209/38
f 125/211/38 126/212/38 124/210/38
f 127/213/39 126/212/38 125/211/38
f 127/213/39 128/214/38 126/212/38
f 129/215/54 128/214/38 127/213/39
f 129/215/54 130/216/40 128/214/38
f 131/217/38 130/216/40 129/215/54
f 131/217/38 132/218/38 130/216/40
f 133/219/40 132/218/38 131/217/38
f 133/219/40 134/220/38 132/218/38
f 133/219/40 135/221/38 134/220/38
f 136/222/40 135/221/38 133/219/40
f 136/222/40 137/223/38 135/221/38
f 138/224/38 137/223/38 136/222/40
f 138/224/38 139/225/38 137/223/38
f 140/226/40 139/225/38 138/224/38
f 140/226/40 141/227/40 139/225/38
f 142/228/55 141/227/40 140/226/40
f 142/228/55 143/229/39 141/227/40
f 144/230/55 143/229/39 142/228/55
f 144/230/55 145/231/38 143/229/39
f 146/232/38 145/231/38 144/230/55
f 146/232/38 147/233/38 145/231/38
f 92/172/38 147/233/38 146/232/38
f 92/172/38 95/171/38 147/233/38
f 96/173/38 98/175/38 149/234/38
f 149/234/38 98/175/38 120/206/38
s 27
f 156/235/56 157/236/57 158/237/57 148/238/56
s 28
f 159/239/58 160/240/59 157/241/59 156/242/58
s 29
f 161/243/60 162/244/61 160/245/62 159/246/60
s 30
f 148/247/63 158/248/64 162/249/64 161/250/63
f 158/251/64 163/252/38 164/253/38 162/254/64
s 27
f 157/255/57 165/256/65 163/257/38 158/258/57
s 28
f 160/259/59 166/260/66 165/261/66 157/262/59
s 29
f 162/263/61 164/264/40 166/265/40 160/266/62
f 164/267/40 167/268/67 168/269/67 166/270/40
s 30
f 163/271/38 169/272/68 167/273/68 164/274/38
s 27
f 165/275/65 170/276/69 169/277/69 163/278/38
s 28
f 166/279/66 168/280/70 170/281/70 165/282/66
s 31
f 168/283/71 171/284/71 172/285/71 173/286/71 174/287/71 170/288/71
s 32
f 167/289/72 175/290/72 176/291/72 172/292/72 171/293/72 168/294/72
s 33
f 169/295/73 177/296/73 178/297/73 176/298/73 175/299/73 167/300/73
s 34
f 174/301/74 173/302/74 178/303/74 177/304/74 169/305/74 170/306/74
s 35
f 179/307/75 178/308/76 173/309/55
f 178/308/76 179/307/75 176/310/77
f 180/311/77 176/310/77 179/307/75
f 176/310/77 180/311/77 172/312/38
f 172/312/38 180/311/77 181/313/38
s 36
f 180/314/78 182/315/78 183/316/78 181/317/78
s 37
f 179/318/79 184/319/79 182/320/79 180/321/79
s 38
f 185/322/80 186/323/80 184/324/80 179/325/80
s 39
f 181/326/81 183/327/81 186/328/81 185/329/81
s 40
f 183/330/82 187/331/82 188/332/82 186/333/82
s 41
f 182/334/83 189/335/83 187/336/83 183/337/83
s 42
f 184/338/84 190/339/84 189/340/84 182/341/84
s 43
f 186/342/85 188/343/85 190/344/85 184/345/85
s 44
f 188/346/86 191/347/86 192/348/86 190/349/86
s 45
f 187/350/87 193/351/87 191/352/87 188/353/87
s 46
f 189/354/88 194/355/88 193/356/88 187/357/88
s 47
f 190/358/89 192/359/89 194/360/89 189/361/89
s 48
f 192/362/90 195/363/91 196/364/91 194/365/90
s 49
f 191/366/92 197/367/93 195/368/93 192/369/92
s 50
f 193/370/94 198/371/95 197/372/95 191/373/94
s 51
f 194/374/96 196/375/97 198/376/97 193/377/96
f 196/378/97 199/379/98 200/380/99 198/381/97
s 48
f 195/382/91 201/383/73 199/384/73 196/385/91
s 49
f 197/386/93 202/387/100 201/388/101 195/389/93
s 50
f 198/390/95 200/391/87 202/392/87 197/393/95
f 200/394/87 203/395/102 204/396/102 202/397/87
s 51
f 199/398/98 205/399/103 203/400/104 200/401/99
s 48
f 201/402/73 206/403/105 205/404/105 199/405/73
s 49
f 202/406/100 204/407/106 206/408/107 201/409/101
f 207/410/108 206/411/107 204/412/106 208/413/108
s 48
f 206/414/105 207/415/109 209/416/109 205/417/105
s 52
f 207/418/49 210/419/49 211/420/49 209/421/49
f 208/422/2 212/423/2 210/424/2 207/425/2
f 213/426/4 214/427/4 212/428/4 208/429/4
f 209/430/16 211/431/16 214/432/16 213/433/16
s 51
f 213/434/110 203/435/104 205/436/103 209/437/110
s 50
f 204/438/102 203/439/102 213/440/111 208/441/111
s 35
f 185/442/55 173/309/55 181/313/38
f 179/307/75 173/309/55 185/442/55
f 172/312/38 181/313/38 173/309/55
s 23
f 252/443/112 253/444/113 254/445/114 251/446/115
f 255/447/116 256/448/117 253/449/113 252/450/112
f 257/451/118 258/452/119 256/453/117 255/454/116
f 259/455/120 260/456/121 258/457/119 257/458/118
f 261/459/122 262/460/123 260/461/121 259/462/120
f 263/463/124 264/464/125 262/465/123 261/466/122
f 265/467/126 266/468/127 264/469/125 263/470/124
f 267/471/128 268/472/129 266/473/130 265/474/128
s 53
f 269/475/131 270/476/132 268/477/133 267/478/131
s 23
f 254/479/114 271/480/134 272/481/134 270/482/135
f 253/483/113 273/484/134 271/485/134 254/486/114
f 256/487/117 274/488/134 273/489/134 253/490/113
f 258/491/119 275/492/134 274/493/134 256/494/117
f 260/495/121 276/496/134 275/497/134 258/498/119
f 262/499/123 277/500/134 276/501/134 260/502/121
f 264/503/125 278/504/134 277/505/134 262/506/123
f 266/507/127 279/508/134 278/509/134 264/510/125
f 268/511/129 280/512/134 279/513/134 266/514/130
s 53
f 270/515/132 272/516/134 280/517/134 268/518/133
f 272/519/134 281/520/136 282/521/136 280/522/134
s 23
f 271/523/134 283/524/137 281/525/138 272/526/134
f 273/527/134 284/528/139 283/529/137 271/530/134
f 274/531/134 285/532/140 284/533/139 273/534/134
f 275/535/134 286/536/141 285/537/140 274/538/134
f 276/539/134 287/540/142 286/541/141 275/542/134
f 277/543/134 288/544/143 287/545/142 276/546/134
f 278/547/134 289/548/144 288/549/143 277/550/134
f 279/551/134 290/552/145 289/553/144 278/554/134
f 280/555/134 282/556/146 290/557/146 279/558/134
s 54
f 291/559/147 292/560/147 293/561/147 294/562/147 290/563/147 282/564/147
s 55
f 281/565/148 295/566/148 296/567/148 292/568/148 291/569/148 282/570/148
s 56
f 283/571/149 297/572/149 298/573/149 296/574/150 295/575/150 281/576/150
f 299/577/151 300/578/152 298/579/149 297/580/149 283/581/149 284/582/153
f 301/583/154 302/584/154 300/585/152 299/586/151 284/587/153 285/588/154
f 286/589/155 303/590/156 304/591/155 302/592/154 301/593/154 285/594/154
f 305/595/157 306/596/157 304/597/155 303/598/156 286/599/155 287/600/157
f 288/601/158 307/602/158 308/603/158 306/604/157 305/605/157 287/606/157
f 289/607/159 309/608/159 310/609/159 308/610/158 307/611/158 288/612/158
f 290/613/160 294/614/160 293/615/160 310/616/159 309/617/159 289/618/159
s 57
f 311/619/161 310/620/161 293/621/162
f 312/622/162 310/620/161 311/619/161
f 312/622/162 308/623/162 310/620/161
f 313/624/163 308/623/162 312/622/162
f 313/624/163 306/625/163 308/623/162
f 314/626/164 306/625/163 313/624/163
f 314/626/164 304/627/164 306/625/163
f 315/628/134 304/627/164 314/626/164
f 315/628/134 302/629/134 304/627/164
f 316/630/165 302/629/134 315/628/134
f 316/630/165 300/631/166 302/629/134
f 317/632/167 300/631/166 316/630/165
f 300/631/166 317/632/167 298/633/168
f 296/634/169 318/635/170 292/636/171
f 292/636/171 318/635/170 319/637/171
s 58
f 318/638/172 320/639/172 321/640/172 319/641/172
s 59
f 317/642/173 322/643/174 320/644/175 318/645/175
f 316/646/176 323/647/177 322/648/174 317/649/173
f 315/650/178 324/651/179 323/652/177 316/653/176
f 314/654/180 325/655/181 324/656/179 315/657/178
f 313/658/182 326/659/183 325/660/181 314/661/180
f 312/662/184 327/663/184 326/664/183 313/665/182
f 311/666/185 328/667/185 327/668/184 312/669/184
f 329/670/186 330/671/186 328/672/185 311/673/185
s 60
f 319/674/187 321/675/187 330/676/187 329/677/187
s 61
f 321/678/188 331/679/188 332/680/188 330/681/188
s 62
f 320/682/189 333/683/189 331/684/189 321/685/189
s 63
f 323/686/190 335/687/191 334/688/192 322/689/192
f 324/690/193 336/691/194 335/692/191 323/693/190
f 325/694/195 337/695/195 336/696/194 324/697/193
f 326/698/196 338/699/197 337/700/195 325/701/195
f 327/702/198 339/703/199 338/704/197 326/705/196
f 328/706/200 340/707/200 339/708/199 327/709/198
f 330/710/201 332/711/201 340/712/200 328/713/200
s 64
f 332/714/202 341/715/202 342/716/203 340/717/204
s 65
f 331/718/205 343/719/205 341/720/205 332/721/205
s 66
f 333/722/206 344/723/206 343/724/206 331/725/206
s 64
f 334/726/149 345/727/207 344/728/150 333/729/150
f 335/730/208 346/731/209 345/732/207 334/733/149
f 336/734/210 347/735/211 346/736/209 335/737/208
f 337/738/155 348/739/155 347/740/211 336/741/210
f 338/742/212 349/743/157 348/744/155 337/745/155
f 339/746/158 350/747/158 349/748/157 338/749/212
f 340/750/204 342/751/203 350/752/158 339/753/158
s 67
f 342/754/213 351/755/214 352/756/215 350/757/216
f 341/758/217 353/759/218 351/760/214 342/761/213
s 68
f 343/762/219 354/763/220 353/764/220 341/765/219
s 67
f 344/766/221 355/767/222 354/768/222 343/769/221
f 346/770/223 357/771/224 356/772/225 345/773/226
f 347/774/227 358/775/228 357/776/224 346/777/223
f 348/778/229 359/779/230 358/780/228 347/781/227
f 349/782/231 360/783/232 359/784/230 348/785/229
f 350/786/216 352/787/215 360/788/232 349/789/231
f 352/790/215 361/791/233 362/792/234 360/793/232
f 351/794/214 363/795/235 361/796/233 352/797/215
f 353/798/218 364/799/236 363/800/235 351/801/214
s 68
f 354/802/220 365/803/237 364/804/237 353/805/220
s 67
f 355/806/222 366/807/238 367/808/239 365/809/240 354/810/222
s 69
f 371/811/241 370/812/242 369/813/243 372/814/52
f 378/815/244 373/816/245 374/817/246 379/818/247
f 373/819/245 378/820/244 380/821/248
s 70
f 382/822/249 381/823/250 378/824/251
s 71
f 383/825/49 384/826/49 381/827/49 382/828/49
s 69
f 383/829/16 369/830/243 370/831/242 385/832/16 386/833/16 387/834/16 388/835/16 384/836/16
s 67
f 389/837/252 368/838/253 369/839/254 383/840/255
f 365/841/240 367/842/239 368/843/253 389/844/252
f 390/845/256 368/846/253 367/847/239 391/848/257
f 372/849/258 369/850/254 368/851/253 390/852/256
f 372/853/258 390/854/256 392/855/259 393/856/260
f 394/857/261 392/858/259 390/859/256 391/860/257
f 395/861/262 396/862/263 392/863/259 394/864/261
f 362/865/234 397/866/264 396/867/263 395/868/262
f 361/869/233 398/870/265 397/871/264 362/872/234
f 363/873/235 399/874/266 398/875/265 361/876/233
f 364/877/236 400/878/267 399/879/266 363/880/235
s 68
f 365/881/237 389/882/268 400/883/268 364/884/237
f 389/885/268 383/886/269 382/887/269 400/888/268
s 67
f 378/889/270 399/890/266 400/891/267 382/892/271
f 379/893/272 398/894/265 399/895/266 378/896/270
f 401/897/273 397/898/264 398/899/265 379/900/272
f 402/901/274 396/902/263 397/903/264 401/904/273
f 393/905/260 392/906/259 396/907/263 402/908/274
s 69
f 402/909/275 376/910/276 377/911/277 393/912/278
f 401/913/279 375/914/280 376/915/276 402/916/275
f 379/917/247 374/918/246 375/919/280 401/920/279
f 393/921/278 377/922/277 371/923/241 372/924/52
s 67
f 360/925/232 362/926/234 395/927/262 359/928/230
f 359/929/230 395/930/262 394/931/261 358/932/228
f 358/933/228 394/934/261 391/935/257 357/936/224
f 391/937/257 367/938/239 366/939/238 356/940/225 357/941/224
s 57
f 329/942/162 293/621/162 319/637/171
f 311/619/161 293/621/162 329/942/162
f 292/636/171 319/637/171 293/621/162
s 72
f 159/943/49 156/944/49 458/945/49 459/946/49
s 30
f 156/947/16 148/948/16 460/949/16 458/950/16
f 148/944/49 460/945/281 461/946/281 161/943/49
s 73
f 463/951/282 462/952/283 114/953/283 464/954/282
s 74
f 465/955/284 466/956/284 462/957/284 463/958/284
s 75
f 467/959/285 468/960/285 466/961/285 465/962/285
s 76
f 464/963/286 114/964/286 469/965/286 468/966/286 467/967/286
s 22
f 114/192/38 115/193/38 469/968/38
f 469/968/38 115/193/38 468/969/38
f 468/969/38 115/193/38 470/970/38
f 470/970/38 115/193/38 471/971/38
f 471/971/38 115/193/38 472/972/38
f 472/972/38 115/193/38 473/973/38
f 473/973/38 115/193/38 474/974/38
f 474/974/38 115/193/38 475/975/38
f 475/975/38 115/193/38 476/976/38
f 476/976/38 115/193/38 477/211/38
f 477/211/38 115/193/38 478/209/38
f 478/209/38 115/193/38 479/207/66
f 479/207/66 115/193/38 119/205/287
f 121/977/288 118/978/289 119/979/289 479/980/288
f 123/981/290 121/977/288 479/980/288 478/982/290
f 125/983/291 123/981/290 478/982/290 477/984/291
f 127/985/292 125/983/291 477/984/291 480/986/292
f 480/213/38 481/987/38 477/211/38
f 480/213/38 482/988/38 481/987/38
f 483/215/38 482/988/38 480/213/38
f 483/215/38 484/989/38 482/988/38
f 483/215/38 485/990/38 484/989/38
f 486/217/38 485/990/38 483/215/38
f 486/217/38 487/991/38 485/990/38
f 488/219/38 487/991/38 486/217/38
f 488/219/38 489/992/38 487/991/38
f 488/219/38 490/993/38 489/992/38
f 491/222/38 490/993/38 488/219/38
f 491/222/38 492/994/38 490/993/38
f 493/224/38 492/994/38 491/222/38
f 493/224/38 494/995/38 492/994/38
f 493/224/38 495/996/38 494/995/38
f 496/226/38 495/996/38 493/224/38
f 496/226/38 497/997/38 495/996/38
f 498/228/38 497/997/38 496/226/38
f 498/228/38 499/998/38 497/997/38
f 498/228/38 500/999/293 499/998/38
f 498/228/38 501/1000/38 500/999/293
f 502/230/38 501/1000/38 498/228/38
f 501/1000/38 502/230/38 114/192/38
f 503/232/38 114/192/38 502/230/38
f 93/172/38 114/192/38 503/232/38
f 94/170/38 114/192/38 93/172/38
f 92/167/52 146/1001/278 503/1002/278 93/168/52
f 146/1001/278 144/1003/294 502/1004/294 503/1002/278
f 144/1003/294 142/1005/279 498/1006/279 502/1004/294
f 142/1005/279 140/1007/295 496/1008/295 498/1006/279
f 140/1007/295 138/1009/296 493/1010/296 496/1008/295
f 138/1009/296 136/1011/297 491/1012/297 493/1010/296
f 136/1011/297 133/1013/298 488/1014/298 491/1012/297
f 133/1013/298 131/1015/299 486/1016/299 488/1014/298
f 131/1015/299 129/1017/300 483/1018/300 486/1016/299
f 129/1017/300 127/985/292 480/986/292 483/1018/300
s 73
f 462/1019/283 504/1020/301 505/1021/301 114/1022/283
s 77
f 466/1023/302 506/1024/303 504/1025/304 462/1026/302
s 78
f 468/1027/305 507/1028/306 506/1029/306 466/1030/305
s 79
f 114/1031/307 505/1032/308 507/1033/308 468/1034/307 469/1035/307
f 505/1036/308 508/1037/309 509/1038/309 507/1039/308
s 73
f 504/1040/301 510/1041/165 508/1042/165 505/1043/301
s 77
f 506/1044/303 511/1045/162 510/1046/134 504/1047/304
s 78
f 507/1048/306 509/1049/134 511/1050/134 506/1051/306
f 509/1052/134 512/1053/310 513/1054/301 511/1055/134
s 79
f 508/1056/309 514/1057/311 512/1058/312 509/1059/309
s 73
f 510/1060/165 515/1061/313 514/1062/313 508/1063/165
s 77
f 511/1064/162 513/1065/314 515/1066/315 510/1067/134
f 513/1068/314 516/1069/307 517/1070/307 515/1071/315
s 78
f 512/1072/310 518/1073/316 516/1074/316 513/1075/301
s 79
f 514/1076/311 519/1077/317 518/1078/317 512/1079/312
s 73
f 515/1080/313 517/1081/318 519/1082/318 514/1083/313
s 80
f 517/1084/319 520/1085/320 521/1086/320 519/1087/319
s 81
f 516/1088/321 522/1089/322 520/1090/322 517/1091/321
s 82
f 518/1092/323 523/1093/324 522/1094/324 516/1095/323
s 83
f 519/1096/325 521/1097/326 523/1098/326 518/1099/325
f 521/1100/326 524/1101/327 525/1102/327 523/1103/326
s 80
f 520/1104/320 526/1105/328 524/1106/328 521/1107/320
s 81
f 522/1108/322 527/1109/329 526/1110/329 520/1111/322
s 82
f 523/1112/324 525/1113/330 527/1114/330 522/1115/324
f 525/1116/330 528/1117/331 529/1118/331 527/1119/330
s 83
f 524/1120/327 530/1121/332 528/1122/332 525/1123/327
s 80
f 526/1124/328 531/1125/333 530/1126/333 524/1127/328
s 81
f 527/1128/329 529/1129/334 531/1130/334 526/1131/329
f 529/1132/334 532/1133/335 533/1134/335 531/1135/334
s 82
f 528/1136/331 534/1137/336 532/1138/336 529/1139/331
s 83
f 530/1140/332 535/1141/337 534/1142/337 528/1143/332
s 80
f 531/1144/333 533/1145/338 535/1146/338 530/1147/333
s 84
f 533/1148/339 536/1149/340 537/1150/340 535/1151/339
s 85
f 532/1152/341 538/1153/342 536/1154/343 533/1155/341
s 86
f 534/1156/344 539/1157/345 538/1158/346 532/1159/344
s 87
f 535/1160/347 537/1161/348 539/1162/348 534/1163/347
f 537/1164/348 540/1165/349 541/1166/350 539/1167/348
s 84
f 536/1168/340 542/1169/351 540/1170/351 537/1171/340
s 85
f 538/1172/342 543/1173/352 542/1174/353 536/1175/343
s 86
f 539/1176/345 541/1177/354 543/1178/354 538/1179/346
f 544/1180/355 545/1181/355 546/1182/355 547/1183/355 543/1184/354 541/1185/354
s 87
f 540/1186/349 548/1187/356 549/1188/356 545/1189/356 544/1190/356 541/1191/350
s 84
f 550/1192/357 551/1193/357 549/1194/357 548/1195/357 540/1196/351 542/1197/351
s 85
f 543/1198/352 547/1199/358 546/1200/358 551/1201/358 550/1202/358 542/1203/353
s 88
f 546/1204/16 465/1205/16 463/1206/16 551/1207/16
s 89
f 545/1208/359 467/1209/359 465/1210/359 546/1211/359
s 90
f 549/1212/2 464/1213/2 467/1214/2 545/1215/2
s 91
f 551/1216/360 463/1217/360 464/1218/360 549/1219/360
s 92
f 468/1220/49 466/1221/49 459/946/49 458/945/49
s 22
f 468/969/38 470/970/38 466/1222/38
f 466/1222/38 470/970/38 552/1223/38
f 552/1223/38 470/970/38 553/1224/38
f 553/1224/38 470/970/38 554/1225/38
f 554/1225/38 470/970/38 490/993/38
f 489/992/38 490/993/38 470/970/38
s 93
f 555/1226/37 470/1227/37 556/1228/37 557/1229/37
s 94
f 470/1230/361 558/1231/362 559/1232/362 555/1233/361
s 95
f 472/1234/363 560/1235/364 558/1236/364 470/1237/363 471/1238/363
s 96
f 473/1239/365 561/1240/366 560/1241/367 472/1242/365
s 97
f 555/1243/368 559/1244/369 561/1245/370 473/1246/368
f 559/1247/369 562/1248/38 563/1249/38 561/1250/370
s 94
f 558/1251/362 564/1252/66 562/1253/66 559/1254/362
s 95
f 560/1255/364 565/1256/38 564/1257/38 558/1258/364
s 96
f 561/1259/366 563/1260/371 565/1261/371 560/1262/367
f 563/1263/371 566/1264/372 567/1265/372 565/1266/371
s 97
f 562/1267/38 568/1268/373 566/1269/373 563/1270/38
s 94
f 564/1271/66 569/1272/374 568/1273/374 562/1274/66
s 95
f 565/1275/38 567/1276/375 569/1277/375 564/1278/38
f 567/1279/375 570/1280/368 571/1281/368 569/1282/375
s 96
f 566/1283/372 572/1284/376 570/1285/376 567/1286/372
s 97
f 568/1287/373 573/1288/377 572/1289/377 566/1290/373
s 94
f 569/1291/374 571/1292/378 573/1293/378 568/1294/374
s 98
f 571/1295/379 574/1296/380 575/1297/380 573/1298/379
s 99
f 570/1299/381 576/1300/382 574/1301/382 571/1302/381
s 100
f 572/1303/383 577/1304/384 576/1305/384 570/1306/383
s 101
f 573/1307/385 575/1308/386 577/1309/387 572/1310/385
f 575/1311/386 578/1312/388 579/1313/388 577/1314/387
s 98
f 574/1315/380 580/1316/389 578/1317/389 575/1318/380
s 99
f 576/1319/382 581/1320/390 580/1321/390 574/1322/382
s 100
f 577/1323/384 579/1324/391 581/1325/391 576/1326/384
f 579/1327/391 582/1328/392 583/1329/392 581/1330/391
s 101
f 578/1331/388 584/1332/393 582/1333/393 579/1334/388
s 98
f 580/1335/389 585/1336/394 584/1337/394 578/1338/389
s 99
f 581/1339/390 583/1340/395 585/1341/395 580/1342/390
f 583/1343/395 586/1344/396 587/1345/396 585/1346/395
s 100
f 582/1347/392 588/1348/397 586/1349/397 583/1350/392
s 101
f 584/1351/393 589/1352/398 588/1353/398 582/1354/393
s 98
f 585/1355/394 587/1356/399 589/1357/399 584/1358/394
s 102
f 587/1359/400 590/1360/401 591/1361/401 589/1362/400
s 103
f 586/1363/402 592/1364/403 590/1365/404 587/1366/402
s 104
f 588/1367/405 593/1368/406 592/1369/406 586/1370/405
s 105
f 589/1371/407 591/1372/408 593/1373/408 588/1374/407
f 591/1375/408 594/1376/409 595/1377/410 593/1378/408
s 102
f 590/1379/401 596/1380/411 594/1381/411 591/1382/401
s 103
f 592/1383/403 597/1384/412 596/1385/412 590/1386/404
s 104
f 593/1387/406 595/1388/413 597/1389/413 592/1390/406
f 595/1391/413 598/1392/414 599/1393/414 600/1394/414 601/1395/414 597/1396/413
s 105
f 594/1397/409 602/1398/415 603/1399/415 599/1400/415 598/1401/415 595/1402/410
s 102
f 596/1403/411 604/1404/416 605/1405/416 603/1406/416 602/1407/416 594/1408/411
s 103
f 597/1409/412 601/1410/417 600/1411/417 605/1412/417 604/1413/417 596/1414/412
s 106
f 600/1415/16 606/1416/16 607/1417/16 605/1418/16
s 107
f 599/1216/360 608/1217/360 606/1218/360 600/1219/360
s 108
f 603/1419/2 609/1420/2 608/1421/2 599/1422/2
s 109
f 605/1208/37 607/1209/37 609/1210/37 603/1211/37
s 110
f 607/1423/418 470/1424/418 555/1425/418 609/1426/418
s 111
f 606/1427/419 472/1428/419 471/1429/419 470/1430/419 607/1431/419
s 112
f 608/1432/420 473/1433/420 472/1434/420 606/1435/420
s 113
f 609/1436/421 555/1437/421 473/1438/421 608/1439/421
s 22
f 473/973/38 611/1440/422 555/1441/423
f 611/1440/422 473/973/38 612/1442/38
f 612/1442/38 473/973/38 474/974/38
s 114
f 474/1443/363 613/1444/364 614/1445/364 611/1446/363 612/1447/363
s 115
f 475/1448/365 615/1449/374 613/1450/366 474/1451/365
s 116
f 616/1452/368 617/1453/424 615/1454/424 475/1455/368
s 117
f 611/1456/361 614/1457/425 617/1458/425 616/1459/361
f 614/1460/425 618/1461/66 619/1462/66 617/1463/425
s 114
f 613/1464/364 620/1465/38 618/1466/38 614/1467/364
s 115
f 615/1468/374 621/1469/38 620/1470/39 613/1471/366
s 116
f 617/1472/424 619/1473/65 621/1474/65 615/1475/424
f 619/1476/65 622/1477/426 623/1478/373 621/1479/65
s 117
f 618/1480/66 624/1481/374 622/1482/427 619/1483/66
s 114
f 620/1484/38 625/1485/428 624/1486/375 618/1487/38
s 115
f 621/1488/38 623/1489/372 625/1490/372 620/1491/39
f 623/1492/372 626/1493/376 627/1494/376 625/1495/372
s 116
f 622/1496/426 628/1497/429 626/1498/429 623/1499/373
s 117
f 624/1500/374 629/1501/365 628/1502/365 622/1503/427
s 114
f 625/1504/428 627/1505/368 629/1506/368 624/1507/375
s 118
f 627/1508/381 630/1509/382 631/1510/382 629/1511/381
s 119
f 626/1512/383 632/1513/384 630/1514/384 627/1515/383
s 120
f 628/1516/430 633/1517/387 632/1518/386 626/1519/430
s 121
f 629/1520/379 631/1521/380 633/1522/380 628/1523/379
f 631/1524/380 634/1525/389 635/1526/389 633/1527/380
s 118
f 630/1528/382 636/1529/390 634/1530/390 631/1531/382
s 119
f 632/1532/384 637/1533/431 636/1534/431 630/1535/384
s 120
f 633/1536/387 635/1537/388 637/1538/388 632/1539/386
f 635/1540/388 638/1541/393 639/1542/393 637/1543/388
s 121
f 634/1544/389 640/1545/394 638/1546/394 635/1547/389
s 118
f 636/1548/390 641/1549/395 640/1550/395 634/1551/390
s 119
f 637/1552/431 639/1553/392 641/1554/392 636/1555/431
f 639/1556/392 642/1557/397 643/1558/397 641/1559/392
s 120
f 638/1560/393 644/1561/432 642/1562/432 639/1563/393
s 121
f 640/1564/394 645/1565/433 644/1566/433 638/1567/394
s 118
f 641/1568/395 643/1569/434 645/1570/434 640/1571/395
s 122
f 643/1572/402 646/1573/403 647/1574/404 645/1575/402
s 123
f 642/1576/405 648/1577/406 646/1578/435 643/1579/405
s 124
f 644/1580/436 649/1581/437 648/1582/408 642/1583/436
s 125
f 645/1584/400 647/1585/401 649/1586/401 644/1587/400
f 647/1588/401 650/1589/411 651/1590/411 649/1591/401
s 122
f 646/1592/403 652/1593/438 650/1594/439 647/1595/404
s 123
f 648/1596/406 653/1597/440 652/1598/440 646/1599/435
s 124
f 649/1600/437 651/1601/410 653/1602/410 648/1603/408
f 651/1604/410 654/1605/441 655/1606/441 656/1607/441 657/1608/441 653/1609/410
s 125
f 650/1610/411 658/1611/416 659/1612/416 655/1613/416 654/1614/416 651/1615/411
s 122
f 660/1616/417 661/1617/417 659/1618/417 658/1619/417 650/1620/439 652/1621/438
s 123
f 657/1622/414 656/1623/414 661/1624/414 660/1625/414 652/1626/440 653/1627/440
s 126
f 656/1628/360 662/1629/360 663/1630/360 661/1631/360
s 127
f 655/1419/2 664/1420/2 662/1421/2 656/1422/2
s 128
f 659/1632/37 665/1633/37 664/1634/37 655/1635/37
s 129
f 661/1415/16 663/1416/16 665/1417/16 659/1418/16
s 130
f 663/1636/419 474/1637/419 612/1638/419 611/1639/419 665/1640/419
s 131
f 662/1641/420 475/1642/420 474/1643/420 663/1644/420
s 132
f 664/1645/421 616/1646/421 475/1647/421 662/1648/421
s 133
f 665/1649/418 611/1650/418 616/1651/418 664/1652/418
s 134
f 616/1653/37 611/1654/37 666/1655/37 667/1656/37
s 135
f 489/992/442 611/1440/443 616/1657/444
s 136
f 475/975/38 668/1658/38 616/1657/38
f 668/1658/38 475/975/38 669/1659/38
f 669/1659/38 475/975/38 670/1660/445
s 137
f 670/1661/305 674/1662/446 675/1663/447 476/1664/448
s 138
f 668/1665/307 676/1666/308 674/1667/308 670/1668/307 669/1669/307
s 139
f 489/1670/449 677/1671/450 676/1672/451 668/1673/449
s 137
f 487/1674/452 678/1675/453 677/1676/454 489/1677/455
f 485/1678/456 679/1679/457 678/1680/453 487/1681/452
f 484/1682/458 680/1683/459 679/1684/457 485/1685/456
f 482/1686/460 681/1687/461 680/1688/459 484/1689/458
f 481/1690/462 682/1691/463 681/1692/461 482/1693/460
f 683/1694/464 684/1695/465 682/1696/463 481/1697/462
f 476/1698/448 675/1699/447 684/1700/465 683/1701/464
f 675/1702/447 685/1703/134 686/1704/134 684/1705/465
f 674/1706/446 687/1707/50 685/1708/134 675/1709/447
s 138
f 676/1710/308 688/1711/309 687/1712/309 674/1713/308
s 139
f 677/1714/450 689/1715/466 688/1716/134 676/1717/451
s 137
f 678/1718/453 690/1719/134 689/1720/162 677/1721/454
f 679/1722/457 691/1723/134 690/1724/134 678/1725/453
f 680/1726/459 692/1727/134 691/1728/134 679/1729/457
f 681/1730/461 693/1731/134 692/1732/134 680/1733/459
f 682/1734/463 694/1735/134 693/1736/134 681/1737/461
f 684/1738/465 686/1739/134 694/1740/134 682/1741/463
f 686/1742/134 695/1743/467 696/1744/468 694/1745/134
f 685/1746/134 697/1747/469 695/1748/467 686/1749/134
f 687/1750/50 698/1751/301 697/1752/469 685/1753/134
s 138
f 688/1754/309 699/1755/312 698/1756/312 687/1757/309
s 139
f 689/1758/466 700/1759/313 699/1760/306 688/1761/134
s 137
f 690/1762/134 701/1763/470 700/1764/471 689/1765/162
f 691/1766/134 702/1767/472 701/1768/470 690/1769/134
f 692/1770/134 703/1771/473 702/1772/472 691/1773/134
f 693/1774/134 704/1775/474 703/1776/473 692/1777/134
f 694/1778/134 696/1779/468 704/1780/474 693/1781/134
f 696/1782/468 705/1783/475 706/1784/476 704/1785/474
f 695/1786/467 707/1787/477 705/1788/475 696/1789/468
f 697/1790/469 708/1791/478 707/1792/477 695/1793/467
f 698/1794/301 709/1795/479 708/1796/478 697/1797/469
s 138
f 699/1798/312 710/1799/480 709/1800/480 698/1801/312
s 139
f 700/1802/313 711/1803/481 710/1804/481 699/1805/306
s 137
f 701/1806/470 712/1807/482 711/1808/483 700/1809/471
f 702/1810/472 713/1811/484 712/1812/482 701/1813/470
f 703/1814/473 714/1815/485 713/1816/484 702/1817/472
f 704/1818/474 706/1819/476 714/1820/485 703/1821/473
s 140
f 706/1822/486 715/1823/487 716/1824/488 714/1825/489
f 705/1826/490 717/1827/491 715/1828/487 706/1829/486
f 707/1830/492 718/1831/493 717/1832/491 705/1833/490
f 708/1834/494 719/1835/495 718/1836/493 707/1837/492
f 709/1838/323 720/1839/324 719/1840/495 708/1841/494
s 141
f 710/1842/496 721/1843/497 720/1844/497 709/1845/496
s 142
f 711/1846/498 722/1847/320 721/1848/320 710/1849/498
s 140
f 712/1850/499 723/1851/500 722/1852/501 711/1853/502
f 713/1854/503 724/1855/504 723/1856/500 712/1857/499
f 714/1858/489 716/1859/488 724/1860/504 713/1861/503
f 716/1862/488 725/1863/505 726/1864/506 724/1865/504
f 715/1866/487 727/1867/507 725/1868/505 716/1869/488
f 717/1870/491 728/1871/508 727/1872/507 715/1873/487
f 718/1874/493 729/1875/509 728/1876/508 717/1877/491
f 719/1878/495 730/1879/510 729/1880/509 718/1881/493
f 720/1882/324 731/1883/511 730/1884/510 719/1885/495
s 141
f 721/1886/497 732/1887/512 731/1888/512 720/1889/497
s 142
f 722/1890/320 733/1891/513 732/1892/328 721/1893/320
s 140
f 723/1894/500 734/1895/514 733/1896/515 722/1897/501
f 724/1898/504 726/1899/506 734/1900/514 723/1901/500
f 726/1902/506 735/1903/516 736/1904/517 734/1905/514
f 725/1906/505 737/1907/518 735/1908/516 726/1909/506
f 727/1910/507 738/1911/519 737/1912/518 725/1913/505
f 728/1914/508 739/1915/520 738/1916/519 727/1917/507
f 729/1918/509 740/1919/521 739/1920/520 728/1921/508
f 730/1922/510 741/1923/522 740/1924/521 729/1925/509
f 731/1926/511 742/1927/523 741/1928/522 730/1929/510
s 141
f 732/1930/512 743/1931/332 742/1932/524 731/1933/512
s 142
f 733/1934/513 744/1935/333 743/1936/333 732/1937/328
s 140
f 734/1938/514 736/1939/517 744/1940/525 733/1941/515
f 736/1942/517 745/1943/526 746/1944/527 744/1945/525
f 735/1946/516 747/1947/528 745/1948/526 736/1949/517
f 737/1950/518 748/1951/529 747/1952/528 735/1953/516
f 738/1954/519 749/1955/530 748/1956/529 737/1957/518
f 739/1958/520 750/1959/531 749/1960/530 738/1961/519
f 740/1962/521 751/1963/532 750/1964/531 739/1965/520
f 741/1966/522 752/1967/533 753/1968/534 754/1969/534 751/1970/532 740/1971/521
f 741/1972/522 742/1973/523 752/1974/533
s 141
f 743/1975/332 755/1976/535 754/1977/535 756/1978/535 752/1979/535 742/1980/524
s 142
f 744/1981/333 746/1982/338 755/1983/338 743/1984/333
s 143
f 746/1985/339 757/1986/340 758/1987/340 755/1988/339
s 144
f 745/1989/536 759/1990/537 757/1991/538 746/1992/539
f 747/1993/540 760/1994/541 759/1995/537 745/1996/536
f 748/1997/542 761/1998/543 760/1999/541 747/2000/540
f 749/2001/544 762/2002/545 761/2003/543 748/2004/542
f 750/2005/546 763/2006/547 762/2007/545 749/2008/544
f 751/2009/548 764/2010/549 763/2011/547 750/2012/546
f 751/2013/548 754/2014/550 765/2015/551 764/2016/549
s 145
f 758/2017/348 765/2018/348 754/2019/347 755/2020/347
f 766/2021/552 767/2022/552 765/2023/348 758/2024/348
f 768/2025/553 769/2026/553 767/2027/552 766/2028/552 770/2029/553
s 146
f 768/1419/2 771/1420/2 772/2030/2 773/1421/2 774/1422/2 769/2031/2
s 147
f 775/2032/49 776/2033/49 771/2034/49 768/2035/49
s 148
f 777/2036/554 778/2037/555 776/2038/556 775/2039/556
f 779/2040/557 780/2041/557 778/2042/555 777/2043/554
f 781/2044/558 782/2045/558 780/2046/557 779/2047/557
f 783/2048/559 784/2049/559 782/2050/558 781/2051/558
f 785/2052/560 786/2053/560 784/2054/559 783/2055/559
f 787/2056/561 788/2057/561 786/2058/560 785/2059/560
f 789/2060/562 790/2061/562 772/2062/562 788/2063/561 787/2064/561 769/2065/562
s 149
f 790/2066/563 673/2067/564 476/2068/564 683/2069/565 788/2070/565 772/2071/563
s 22
f 477/211/38 683/2072/38 476/976/38
f 477/211/38 481/987/38 683/2072/38
s 150
f 481/2073/560 683/2074/566 791/2075/566 792/2076/560
s 149
f 788/2077/565 683/2078/565 481/2079/567 786/2080/567
f 786/2081/567 481/2082/567 482/2083/568 784/2084/568
s 150
f 482/2085/559 481/2086/560 792/2087/560 793/2088/569
s 151
f 793/988/38 784/2089/38 786/2090/38
s 150
f 487/2091/570 489/2092/571 797/2093/571 796/2094/570
s 149
f 778/2095/572 487/2096/572 489/2097/573 776/2098/573
f 780/2099/574 485/2100/574 487/2101/572 778/2102/572
f 782/2103/575 484/2104/575 485/2105/574 780/2106/574
f 784/2107/568 482/2108/568 484/2109/575 782/2110/575
s 150
f 484/2111/576 482/2112/559 793/2113/569 794/2114/577
f 798/2115/578 794/2114/577 793/2113/569 799/2116/579
s 152
f 252/2117/580 803/2118/581 804/2119/582 255/2120/582
f 500/2121/583 501/2122/51 805/2123/51 803/2124/583
s 153
f 806/2125/584 500/2126/584 501/2127/585 807/2128/586 808/2129/585 809/2130/585
f 810/2131/587 499/2132/587 500/2133/584 806/2134/584
f 811/2135/588 497/2136/588 499/2137/587 810/2138/587
f 812/2139/589 495/2140/589 497/2141/588 811/2142/588
f 813/2143/590 494/2144/590 495/2145/589 812/2146/589
f 814/2147/591 492/2148/591 494/2149/590 813/2150/590
f 815/2151/592 490/2152/592 492/2153/591 814/2154/591
s 154
f 816/2155/285 554/2156/285 490/2157/285 815/2158/285
s 155
f 817/2159/286 807/2160/286 818/2161/286 819/2162/286 554/2163/286 816/2164/286 809/2165/286
s 156
f 501/2166/593 820/2167/594 821/2168/595 818/2169/596
f 500/2170/597 822/2171/598 820/2172/594 501/2173/593
f 499/2174/599 823/2175/600 822/2176/598 500/2177/597
f 497/2178/601 824/2179/602 823/2180/600 499/2181/599
f 495/2182/603 825/2183/604 824/2184/602 497/2185/601
f 494/2186/605 826/2187/606 825/2188/604 495/2189/603
f 492/2190/607 827/2191/608 826/2192/606 494/2193/605
f 490/2194/609 828/2195/610 827/2196/608 492/2197/607
s 157
f 554/2198/305 829/2199/306 828/2200/611 490/2201/305
s 158
f 818/2202/612 821/2203/308 829/2204/308 554/2205/612 819/2206/612
f 821/2207/308 830/2208/309 831/2209/309 829/2210/308
s 156
f 820/2211/594 832/2212/134 830/2213/165 821/2214/595
f 822/2215/598 833/2216/134 832/2217/134 820/2218/594
f 823/2219/600 834/2220/134 833/2221/134 822/2222/598
f 824/2223/602 835/2224/134 834/2225/134 823/2226/600
f 825/2227/604 836/2228/134 835/2229/134 824/2230/602
f 826/2231/606 837/2232/134 836/2233/134 825/2234/604
f 827/2235/608 838/2236/134 837/2237/134 826/2238/606
f 828/2239/610 839/2240/134 838/2241/134 827/2242/608
s 157
f 829/2243/306 831/2244/50 839/2245/50 828/2246/611
f 831/2247/50 840/2248/301 841/2249/301 839/2250/50
s 158
f 830/2251/309 842/2252/311 840/2253/312 831/2254/309
s 156
f 832/2255/134 843/2256/613 842/2257/306 830/2258/165
f 833/2259/134 844/2260/614 843/2261/613 832/2262/134
f 834/2263/134 845/2264/615 844/2265/614 833/2266/134
f 835/2267/134 846/2268/616 845/2269/615 834/2270/134
f 836/2271/134 847/2272/617 846/2273/616 835/2274/134
f 837/2275/134 848/2276/618 847/2277/617 836/2278/134
f 838/2279/134 849/2280/619 848/2281/618 837/2282/134
f 839/2283/134 841/2284/620 849/2285/619 838/2286/134
f 841/2287/620 850/2288/621 851/2289/622 849/2290/619
s 157
f 840/2291/301 852/2292/479 850/2293/479 841/2294/301
s 158
f 842/2295/311 853/2296/480 852/2297/480 840/2298/312
s 156
f 843/2299/613 854/2300/623 853/2301/624 842/2302/306
f 844/2303/614 855/2304/625 854/2305/623 843/2306/613
f 845/2307/615 856/2308/626 855/2309/625 844/2310/614
f 846/2311/616 857/2312/627 856/2313/626 845/2314/615
f 847/2315/617 858/2316/628 857/2317/627 846/2318/616
f 848/2319/618 859/2320/629 858/2321/628 847/2322/617
f 849/2323/619 851/2324/622 859/2325/629 848/2326/618
s 159
f 851/2327/630 860/2328/631 861/2329/632 859/2330/633
f 850/2331/634 862/2332/635 860/2333/631 851/2334/630
s 160
f 852/2335/323 863/2336/324 862/2337/324 850/2338/323
s 161
f 853/2339/636 864/2340/497 863/2341/497 852/2342/636
s 159
f 854/2343/637 865/2344/638 864/2345/320 853/2346/319
f 855/2347/639 866/2348/640 865/2349/638 854/2350/637
f 856/2351/641 867/2352/642 866/2353/640 855/2354/639
f 857/2355/643 868/2356/644 867/2357/642 856/2358/641
f 858/2359/645 869/2360/646 868/2361/644 857/2362/643
f 859/2363/633 861/2364/632 869/2365/646 858/2366/645
f 861/2367/632 870/2368/647 871/2369/648 869/2370/646
f 860/2371/631 872/2372/649 870/2373/647 861/2374/632
f 862/2375/635 873/2376/650 872/2377/649 860/2378/631
s 160
f 863/2379/324 874/2380/511 873/2381/511 862/2382/324
s 161
f 864/2383/497 875/2384/327 874/2385/327 863/2386/497
s 159
f 865/2387/638 876/2388/651 875/2389/328 864/2390/320
f 866/2391/640 877/2392/652 876/2393/651 865/2394/638
f 867/2395/642 878/2396/653 877/2397/652 866/2398/640
f 868/2399/644 879/2400/654 878/2401/653 867/2402/642
f 869/2403/646 871/2404/648 879/2405/654 868/2406/644
f 871/2407/648 880/2408/655 881/2409/656 879/2410/654
f 870/2411/647 882/2412/657 880/2413/655 871/2414/648
f 872/2415/649 883/2416/658 882/2417/657 870/2418/647
f 873/2419/650 884/2420/659 883/2421/658 872/2422/649
s 160
f 874/2423/511 885/2424/523 884/2425/331 873/2426/511
s 161
f 875/2427/327 886/2428/332 885/2429/524 874/2430/327
s 159
f 876/2431/651 887/2432/660 886/2433/333 875/2434/328
f 877/2435/652 888/2436/661 887/2437/660 876/2438/651
f 878/2439/653 889/2440/662 888/2441/661 877/2442/652
f 879/2443/654 881/2444/656 889/2445/662 878/2446/653
f 881/2447/656 890/2448/663 891/2449/664 889/2450/662
f 880/2451/655 892/2452/665 890/2453/663 881/2454/656
f 882/2455/657 893/2456/666 892/2457/665 880/2458/655
f 883/2459/658 894/2460/667 893/2461/666 882/2462/657
f 884/2463/659 895/2464/668 894/2465/667 883/2466/658
s 160
f 885/2467/523 896/2468/669 895/2469/669 884/2470/331
s 161
f 886/2471/332 897/2472/670 898/2473/670 899/2474/670 900/2475/670 896/2476/670 885/2477/524
s 159
f 886/2478/333 887/2479/660 897/2480/671
f 888/2481/661 901/2482/672 899/2483/673 902/2484/673 897/2485/674 887/2486/660
f 889/2487/662 891/2488/664 901/2489/672 888/2490/661
s 162
f 891/2491/675 903/2492/676 904/2493/677 901/2494/678
f 890/2495/679 905/2496/680 903/2497/676 891/2498/675
f 892/2499/681 906/2500/682 905/2501/680 890/2502/679
f 893/2503/683 907/2504/684 906/2505/682 892/2506/681
f 894/2507/685 908/2508/686 907/2509/684 893/2510/683
f 895/2511/687 909/2512/688 908/2513/686 894/2514/685
s 163
f 896/2515/344 910/2516/346 909/2517/346 895/2518/344
s 164
f 896/2519/689 900/2520/690 911/2521/347 912/2522/691 899/2523/689 898/2524/689 913/2525/348 914/2522/692 910/2526/693
f 900/2520/690 899/2523/689 912/2522/689 911/2521/347
s 162
f 904/2527/677 912/2528/694 899/2529/695 901/2530/678
f 915/2531/696 916/2532/697 912/2533/694 904/2534/677
f 917/2535/698 918/2536/699 916/2537/697 915/2538/696 919/2539/700
s 165
f 917/2540/701 806/2541/701 809/2542/702 808/2543/702 920/2544/702 918/2545/702
f 921/2546/703 810/2547/703 806/2548/701 917/2549/701
f 922/2550/704 811/2551/704 810/2552/703 921/2553/703
f 923/2554/705 812/2555/705 811/2556/704 922/2557/704
f 924/2558/706 813/2559/706 812/2560/705 923/2561/705
f 925/2562/707 814/2563/707 813/2564/706 924/2565/706
f 926/2566/708 815/2567/708 814/2568/707 925/2569/707
s 166
f 927/2570/709 816/2571/709 815/2572/709 926/2573/709
s 167
f 928/1212/2 817/1213/2 809/2574/2 816/1214/2 927/1215/2 918/2575/2
s 168
f 806/2576/38 809/2577/38 816/2578/38 815/2579/38 814/2580/38 813/2581/38 812/2582/38 811/2583/38 810/2584/38
s 169
f 806/2576/38 804/998/38 809/2577/38
s 170
f 929/997/38 806/2576/66 810/2584/38
f 929/997/38 810/2584/38 811/2583/38
s 171
f 930/996/38 811/2583/38 812/2582/38
s 172
f 931/995/38 812/2582/38 813/2581/38
s 173
f 933/993/710 815/2579/38 934/1225/711
f 816/2578/38 934/1225/711 815/2579/38
f 809/2577/38 934/1225/711 816/2578/38
s 0
f 501/1000/712 936/2585/713 818/2586/713
s 22
f 466/1222/38 937/2587/714 462/2588/42
f 937/2587/714 466/1222/38 938/2589/38
f 938/2589/38 466/1222/38 552/1223/38
s 175
f 937/2590/307 941/2591/308 942/2592/308 552/2593/307 938/2594/307
s 176
f 936/2595/479 943/2596/450 941/2597/451 937/2598/479
s 177
f 553/2599/715 944/2600/312 943/2601/304 936/2602/715
s 178
f 552/2603/305 942/2604/611 944/2605/306 553/2606/305
f 942/2607/611 945/2608/134 946/2609/134 944/2610/306
s 175
f 941/2611/308 947/2612/309 945/2613/309 942/2614/308
s 176
f 943/2615/450 948/2616/134 947/2617/165 941/2618/451
s 177
f 944/2619/312 946/2620/134 948/2621/134 943/2622/304
f 946/2623/134 949/2624/315 950/2625/315 948/2626/134
s 178
f 945/2627/134 951/2628/310 949/2629/301 946/2630/134
s 175
f 947/2631/309 952/2632/311 951/2633/312 945/2634/309
s 176
f 948/2635/134 950/2636/313 952/2637/306 947/2638/165
f 950/2639/313 953/2640/624 954/2641/624 952/2642/306
s 177
f 949/2643/315 955/2644/716 953/2645/716 950/2646/315
s 178
f 951/2647/310 956/2648/479 955/2649/479 949/2650/301
s 175
f 952/2651/311 954/2652/317 956/2653/317 951/2654/312
s 179
f 954/2655/325 957/2656/326 958/2657/326 956/2658/325
s 180
f 953/2659/319 959/2660/320 957/2661/320 954/2662/319
s 181
f 955/2663/717 960/2664/718 959/2665/718 953/2666/717
s 182
f 956/2667/323 958/2668/324 960/2669/324 955/2670/323
f 958/2671/324 961/2672/330 962/2673/330 960/2674/324
s 179
f 957/2675/326 963/2676/512 961/2677/512 958/2678/326
s 180
f 959/2679/320 964/2680/328 963/2681/328 957/2682/320
s 181
f 960/2683/718 962/2684/329 964/2685/329 959/2686/718
f 962/2687/329 965/2688/719 966/2689/719 964/2690/329
s 182
f 961/2691/330 967/2692/331 965/2693/331 962/2694/330
s 179
f 963/2695/512 968/2696/332 967/2697/332 961/2698/512
s 180
f 964/2699/328 966/2700/333 968/2701/333 963/2702/328
f 966/2703/333 969/2704/338 970/2705/338 968/2706/333
s 181
f 965/2707/719 971/2708/720 969/2709/720 966/2710/719
s 182
f 967/2711/331 972/2712/669 971/2713/669 965/2714/331
s 179
f 968/2715/332 970/2716/337 972/2717/337 967/2718/332
s 183
f 970/2719/347 973/2720/348 974/2721/348 972/2722/347
s 184
f 969/2723/339 975/2724/340 973/2725/340 970/2726/339
s 185
f 971/2727/721 976/2728/342 975/2729/342 969/2730/721
s 186
f 972/2731/344 974/2732/346 976/2733/346 971/2734/344
f 974/2735/346 977/2736/354 978/2737/722 976/2738/346
s 183
f 973/2739/348 979/2740/552 977/2741/349 974/2742/348
s 184
f 975/2743/340 980/2744/723 979/2745/351 973/2746/340
s 185
f 976/2747/342 978/2748/724 980/2749/353 975/2750/342
f 978/2751/724 981/2752/725 982/2753/725 983/2754/725 984/2755/725 980/2756/353
s 186
f 985/2757/355 986/2758/355 982/2759/355 981/2760/355 978/2761/722 977/2762/354
s 183
f 987/2763/356 988/2764/356 986/2765/356 985/2766/356 977/2767/349 979/2768/552
s 184
f 980/2769/723 984/2770/726 983/2771/726 988/2772/726 987/2773/726 979/2774/351
s 187
f 983/1628/360 989/1629/360 990/1630/360 988/1631/360
s 188
f 982/1204/16 991/1205/16 989/1206/16 983/1207/16
s 189
f 986/1632/709 992/1633/709 991/1634/709 982/1635/709
s 190
f 988/1212/2 990/1213/2 992/1214/2 986/1215/2
s 191
f 990/2775/286 937/2776/286 938/2777/286 552/2778/286 992/2779/286
s 192
f 989/2780/282 936/2781/282 937/2782/282 990/2783/282
s 193
f 991/2784/284 553/2785/284 936/2786/284 989/2787/284
s 194
f 992/2788/285 552/2789/285 553/2790/285 991/2791/285
s 195
f 553/1653/37 552/1654/37 940/1655/37 993/1656/37
s 196
f 993/1224/38 994/2585/38 939/2587/727 940/1223/727
s 22
f 553/1224/38 818/2586/38 936/2585/38
f 818/2586/38 553/1224/38 819/2792/38
f 819/2792/38 553/1224/38 554/1225/38
s 173
f 554/2793/2 819/2794/2 818/2795/2 935/2796/2 934/2797/2
f 267/2798/2 934/2797/2 935/2796/2 269/2799/2
s 196
f 995/2800/37 993/1656/37 940/1655/37 457/2801/37
f 994/2796/2 455/2799/2 995/2798/2 993/2797/2
f 456/2801/728 455/2800/728 994/1656/37 939/1655/37
f 456/2802/728 996/2803/64 997/2804/729 455/2805/728
s 197
f 457/2806/56 998/2807/730 996/2808/57 456/2809/56
s 198
f 995/2810/58 999/2811/59 998/2812/59 457/2813/58
s 199
f 455/2814/731 997/2815/61 999/2816/62 995/2817/731
f 997/2818/61 1000/2819/40 1001/2820/38 999/2821/62
s 196
f 996/2822/64 1002/2823/38 1000/2824/39 997/2825/729
s 197
f 998/2826/730 1003/2827/38 1002/2828/65 996/2829/57
s 198
f 999/2830/59 1001/2831/38 1003/2832/66 998/2833/59
f 1001/2834/38 1004/2835/70 1005/2836/70 1003/2837/66
s 199
f 1000/2838/40 1006/2839/732 1004/2840/732 1001/2841/38
s 196
f 1002/2842/38 1007/2843/733 1006/2844/733 1000/2845/39
s 197
f 1003/2846/38 1005/2847/69 1007/2848/69 1002/2849/65
s 200
f 1005/2850/100 1008/2851/100 1009/2852/100 1010/2853/100 1011/2854/100 1007/2855/100
s 201
f 1004/2856/734 1012/2857/734 1013/2858/734 1009/2859/734 1008/2860/734 1005/2861/734
s 202
f 1014/2862/98 1015/2863/98 1013/2864/98 1012/2865/98 1004/2866/98 1006/2867/98
s 203
f 1007/2868/73 1011/2869/73 1010/2870/73 1015/2871/73 1014/2872/73 1006/2873/73
s 204
f 1010/2874/76 1016/2875/54 1015/2876/77
f 1016/2875/54 1010/2874/76 1009/2877/38
f 1016/2875/54 1009/2877/38 1017/2878/38
f 1017/2878/38 1009/2877/38 1018/2879/38
f 1013/2880/38 1018/2879/38 1009/2877/38
f 1013/2880/38 1019/2881/77 1018/2879/38
f 1015/2876/77 1019/2881/77 1013/2880/38
f 1019/2881/77 1015/2876/77 1016/2875/54
s 205
f 1016/2882/735 1020/2883/735 1021/2884/735 1019/2885/735
s 206
f 1017/2886/736 1022/2887/736 1020/2888/736 1016/2889/736
s 207
f 1018/2890/737 1023/2891/737 1022/2892/737 1017/2893/737
s 208
f 1019/2894/78 1021/2895/78 1023/2896/78 1018/2897/78
s 209
f 1021/2898/738 1024/2899/738 1025/2900/738 1023/2901/738
s 210
f 1020/2902/84 1026/2903/84 1024/2904/84 1021/2905/84
s 211
f 1022/2906/85 1027/2907/85 1026/2908/85 1020/2909/85
s 212
f 1023/2910/82 1025/2911/82 1027/2912/82 1022/2913/82
s 213
f 1025/2914/87 1028/2915/87 1029/2916/87 1027/2917/87
s 214
f 1024/2918/88 1030/2919/88 1028/2920/88 1025/2921/88
s 215
f 1026/2922/89 1031/2923/89 1030/2924/89 1024/2925/89
s 216
f 1027/2926/86 1029/2927/86 1031/2928/86 1026/2929/86
s 217
f 1029/2930/92 1032/2931/93 1033/2932/93 1031/2933/92
s 218
f 1028/2934/94 1034/2935/95 1032/2936/95 1029/2937/94
s 219
f 1030/2938/739 1035/2939/740 1034/2940/741 1028/2941/739
s 220
f 1031/2942/90 1033/2943/91 1035/2944/742 1030/2945/90
f 1033/2946/91 1036/2947/73 1037/2948/743 1035/2949/742
s 217
f 1032/2950/93 1038/2951/100 1036/2952/101 1033/2953/93
s 218
f 1034/2954/95 1039/2955/744 1038/2956/87 1032/2957/95
s 219
f 1035/2958/740 1037/2959/99 1039/2960/745 1034/2961/741
f 1037/2962/99 1040/2963/104 1041/2964/103 1039/2965/745
s 220
f 1036/2966/73 1042/2967/746 1040/2968/746 1037/2969/743
s 217
f 1038/2970/100 1043/2971/106 1042/2972/107 1036/2973/101
s 218
f 1039/2974/744 1041/2975/102 1043/2976/102 1038/2977/87
f 1043/2978/102 1041/2979/102 1044/2980/111 1045/2981/111
s 219
f 1044/2982/747 1041/2983/103 1040/2984/104 1046/2985/747
s 220
f 1042/2986/746 1047/2987/748 1046/2988/748 1040/2989/746
s 217
f 1047/2990/108 1042/2991/107 1043/2992/106 1045/2993/108
s 221
f 1045/422/2 1048/423/2 1049/2994/2 1050/2995/2 1051/424/2 1047/425/2
f 1044/2996/4 1052/2997/4 1053/2998/4 1054/2999/4 1048/3000/4 1045/3001/4
f 1046/430/16 1055/431/16 1056/3002/16 1057/3003/16 1052/432/16 1044/433/16
f 1047/3004/49 1051/3005/49 1058/3006/49 1059/3007/49 1055/3008/49 1046/3009/49
s 196
f 457/2798/2 940/2797/727 939/2796/727 456/2799/2
s 222
f 936/1653/37 937/1654/37 939/1655/37 994/1656/37
s 223
f 155/3010/37 1064/3011/37 557/1229/37 556/1228/37
f 1064/3012/749 1065/3013/750 1066/3014/750 155/3015/749
s 224
f 153/3016/751 1067/3017/752 1065/3018/753 1064/3019/751
s 225
f 154/3020/754 1068/3021/755 1067/3022/755 153/3023/754
s 226
f 155/3024/756 1066/3025/757 1068/3026/758 154/3027/756
f 1066/3028/757 1069/3029/134 1070/3030/134 1068/3031/758
s 223
f 1065/3032/750 1071/3033/134 1069/3034/134 1066/3035/750
s 224
f 1067/3036/752 1072/3037/134 1071/3038/134 1065/3039/753
s 225
f 1068/3040/755 1070/3041/165 1072/3042/165 1067/3043/755
f 1070/3044/165 1073/3045/759 1074/3046/759 1072/3047/165
s 226
f 1069/3048/134 1075/3049/760 1073/3050/760 1070/3051/134
s 223
f 1071/3052/134 1076/3053/761 1075/3054/761 1069/3055/134
s 224
f 1072/3056/134 1074/3057/762 1076/3058/762 1071/3059/134
s 227
f 1077/3060/763 1078/3061/763 1079/3062/763 1080/3063/763 1076/3064/763 1074/3065/763
s 228
f 1081/3066/764 1082/3067/764 1078/3068/764 1077/3069/764 1074/3070/764 1073/3071/764
s 229
f 1075/3072/765 1083/3073/765 1084/3074/765 1082/3075/765 1081/3076/765 1073/3077/765
s 230
f 1076/3078/766 1080/3079/766 1079/3080/766 1084/3081/766 1083/3082/766 1075/3083/766
s 231
f 1079/3084/171 1085/3085/171 1084/3086/767
f 1085/3085/171 1079/3084/171 1078/3087/768
f 1085/3085/171 1078/3087/768 1086/3088/769
f 1086/3088/769 1078/3087/768 1087/3089/171
f 1082/3090/171 1087/3089/171 1078/3087/768
f 1082/3090/171 1088/3091/767 1087/3089/171
f 1084/3086/767 1088/3091/767 1082/3090/171
f 1088/3091/767 1084/3086/767 1085/3085/171
s 232
f 1085/3092/770 1089/3093/770 1090/3094/770 1088/3095/770
s 233
f 1086/3096/771 1091/3097/771 1089/3098/771 1085/3099/771
s 234
f 1087/3100/772 1092/3101/772 1091/3102/772 1086/3103/772
s 235
f 1088/3104/773 1090/3105/773 1092/3106/773 1087/3107/773
s 236
f 1090/3108/774 1093/3109/774 1094/3110/774 1092/3111/774
s 237
f 1089/3112/775 1095/3113/775 1093/3114/775 1090/3115/775
s 238
f 1091/3116/776 1096/3117/776 1095/3118/776 1089/3119/776
s 239
f 1092/3120/777 1094/3121/777 1096/3122/777 1091/3123/777
s 240
f 1094/3124/764 1097/3125/764 1098/3126/764 1096/3127/764
s 241
f 1093/3128/778 1099/3129/778 1097/3130/778 1094/3131/778
s 242
f 1095/3132/766 1100/3133/766 1099/3134/766 1093/3135/766
s 243
f 1096/3136/779 1098/3137/779 1100/3138/779 1095/3139/779
s 244
f 1098/3140/780 1101/3141/781 1102/3142/782 1100/3143/780
s 245
f 1097/3144/783 1103/3145/784 1101/3146/784 1098/3147/783
s 246
f 1099/3148/785 1104/3149/786 1103/3150/786 1097/3151/785
s 247
f 1100/3152/787 1102/3153/788 1104/3154/788 1099/3155/787
f 1102/3156/788 1105/3157/789 1106/3158/789 1104/3159/788
s 244
f 1101/3160/781 1107/3161/790 1105/3162/790 1102/3163/782
s 245
f 1103/3164/784 1108/3165/764 1107/3166/764 1101/3167/784
s 246
f 1104/3168/786 1106/3169/765 1108/3170/765 1103/3171/786
f 1106/3172/765 1109/3173/791 1110/3174/791 1108/3175/765
s 247
f 1105/3176/789 1111/3177/792 1109/3178/792 1106/3179/789
s 244
f 1107/3180/790 1112/3181/793 1111/3182/794 1105/3183/790
s 245
f 1108/3184/764 1110/3185/795 1112/3186/795 1107/3187/764
f 1110/3188/795 1113/3189/796 1114/3190/796 1112/3191/795
s 246
f 1113/3192/797 1110/3193/791 1109/3194/791 1115/3195/797
s 247
f 1109/3196/792 1111/3197/792 1116/3198/798 1115/3199/798
s 244
f 1116/3200/799 1111/3201/794 1112/3202/793 1114/3203/799
s 248
f 1114/3204/2 1117/3205/2 1118/3206/2 1116/3207/2
s 249
f 1113/418/49 1119/419/49 1117/420/49 1114/421/49
s 250
f 1115/3208/16 1120/3209/16 1119/3210/16 1113/3211/16
s 251
f 1116/426/4 1118/427/4 1120/428/4 1115/429/4
s 252
f 154/3212/16 155/3213/16 556/3214/16 1157/3215/16
f 610/973/38 557/1441/38 556/970/38 1157/972/38
f 1064/3216/2 153/3217/2 610/3218/2 557/3219/2
s 253
f 152/3220/800 1159/3221/801 1160/3222/57 1158/3223/800
s 254
f 151/3224/802 1161/3225/59 1159/3226/59 152/3227/802
s 255
f 1162/3228/803 1163/3229/62 1161/3230/61 151/3231/803
s 256
f 1158/3232/804 1160/3233/805 1163/3234/64 1162/3235/804
f 1160/3236/805 1164/3237/38 1165/3238/38 1163/3239/64
s 253
f 1159/3240/801 1166/3241/38 1164/3242/38 1160/3243/57
s 254
f 1161/3244/59 1167/3245/66 1166/3246/66 1159/3247/59
s 255
f 1163/3248/62 1165/3249/38 1167/3250/38 1161/3251/61
f 1165/3252/38 1168/3253/732 1169/3254/732 1167/3255/38
s 256
f 1164/3256/38 1170/3257/806 1168/3258/806 1165/3259/38
s 253
f 1166/3260/38 1171/3261/69 1170/3262/69 1164/3263/38
s 254
f 1167/3264/66 1169/3265/807 1171/3266/807 1166/3267/66
s 257
f 1169/3268/87 1172/3269/87 1173/3270/87 1174/3271/87 1175/3272/87 1171/3273/87
s 258
f 1168/3274/72 1176/3275/72 1177/3276/72 1173/3277/72 1172/3278/72 1169/3279/72
s 259
f 1178/3280/73 1179/3281/73 1177/3282/73 1176/3283/73 1168/3284/73 1170/3285/73
s 260
f 1171/3286/808 1175/3287/808 1174/3288/808 1179/3289/808 1178/3290/808 1170/3291/808
s 261
f 1180/3292/76 1179/3293/76 1174/3294/55
f 1179/3293/76 1180/3292/76 1177/3295/55
f 1181/3296/55 1177/3295/55 1180/3292/76
f 1177/3295/55 1181/3296/55 1173/3297/76
f 1173/3297/76 1181/3296/55 1182/3298/76
s 262
f 1181/3299/809 1183/3300/809 1184/3301/809 1182/3302/809
s 263
f 1180/3303/810 1185/3304/810 1183/3305/810 1181/3306/810
s 264
f 1186/3307/811 1187/3308/811 1185/3309/811 1180/3310/811
s 265
f 1182/3311/737 1184/3312/737 1187/3313/737 1186/3314/737
s 266
f 1184/3315/812 1188/3316/812 1189/3317/812 1187/3318/812
s 267
f 1183/3319/738 1190/3320/738 1188/3321/738 1184/3322/738
s 268
f 1185/3323/813 1191/3324/813 1190/3325/813 1183/3326/813
s 269
f 1187/3327/814 1189/3328/814 1191/3329/814 1185/3330/814
s 270
f 1189/3331/815 1192/3332/815 1193/3333/815 1191/3334/815
s 271
f 1188/3335/87 1194/3336/87 1192/3337/87 1189/3338/87
s 272
f 1190/3339/88 1195/3340/88 1194/3341/88 1188/3342/88
s 273
f 1191/3343/89 1193/3344/89 1195/3345/89 1190/3346/89
s 274
f 1193/3347/816 1196/3348/91 1197/3349/91 1195/3350/816
s 275
f 1192/3351/817 1198/3352/93 1196/3353/93 1193/3354/817
s 276
f 1194/3355/94 1199/3356/95 1198/3357/818 1192/3358/94
s 277
f 1195/3359/96 1197/3360/97 1199/3361/97 1194/3362/96
f 1197/3363/97 1200/3364/99 1201/3365/72 1199/3366/97
s 274
f 1196/3367/91 1202/3368/819 1200/3369/73 1197/3370/91
s 275
f 1198/3371/93 1203/3372/815 1202/3373/101 1196/3374/93
s 276
f 1199/3375/95 1201/3376/744 1203/3377/87 1198/3378/818
f 1201/3379/744 1204/3380/820 1205/3381/102 1203/3382/87
s 277
f 1200/3383/99 1206/3384/104 1204/3385/103 1201/3386/72
s 274
f 1202/3387/819 1207/3388/746 1206/3389/746 1200/3390/73
s 275
f 1203/3391/815 1205/3392/106 1207/3393/107 1202/3394/101
f 1208/3395/821 1207/3396/107 1205/3397/106 1209/3398/821
s 274
f 1207/3399/746 1208/3400/109 1210/3401/109 1206/3402/746
s 278
f 1208/3004/822 1211/3005/822 1212/3006/822 1213/3007/822 1214/3008/822 1210/3009/822
f 1209/3204/2 1215/3205/2 1216/3403/2 1217/3404/2 1211/3206/2 1208/3207/2
f 1218/2996/4 1219/2997/4 1220/2998/4 1221/2999/4 1215/3000/4 1209/3001/4
f 1210/3208/16 1214/3209/16 1222/3405/16 1223/3406/16 1219/3210/16 1218/3211/16
s 277
f 1218/3407/823 1204/3408/103 1206/3409/104 1210/3410/823
s 276
f 1205/3411/102 1204/3412/820 1218/3413/111 1209/3414/111
s 261
f 1186/3415/55 1174/3294/55 1182/3298/76
f 1180/3292/76 1174/3294/55 1186/3415/55
f 1173/3297/76 1182/3298/76 1174/3294/55
s 279
f 1158/2801/37 1162/2800/37 667/1656/37 666/1655/37
s 280
f 151/3217/2 1228/3218/2 667/3219/2 1162/3216/2
s 281
f 151/3416/49 152/3417/49 1229/3418/49 1228/3419/49
s 282
f 152/3212/16 1158/3213/16 666/3214/16 1229/3215/16
s 283
f 1228/975/38 667/1657/38 666/1440/38 1229/974/38
s 284
f 475/3420/2 616/3421/2 667/3219/2 1228/3218/2
s 285
f 474/3422/49 475/3423/49 1228/3419/49 1229/3418/49
s 286
f 611/3424/16 612/3425/16 474/3426/16 1229/3215/16 666/3214/16
s 287
f 1232/3427/824 791/3428/824 672/3429/824 150/3430/824
s 23
f 799/3431/825 1234/3432/826 1235/3433/827 798/3434/828
f 1233/3435/829 1236/3436/830 1234/3437/826 799/3438/825
f 1232/3439/831 1237/3440/832 1236/3441/830 1233/3442/829
f 150/3443/833 1238/3444/834 1237/3445/832 1232/3446/831
f 1231/3447/128 1239/3448/130 1238/3449/834 150/3450/833
s 288
f 1230/3451/131 1240/3452/132 1239/3453/133 1231/3454/131
s 289
f 802/3455/835 1241/3456/836 1240/3457/837 1230/3458/835
s 23
f 801/3459/838 1242/3460/839 1241/3461/840 802/3462/841
f 800/3463/842 1243/3464/843 1242/3465/839 801/3466/838
f 798/3467/828 1235/3468/827 1243/3469/843 800/3470/842
f 1235/3471/827 1244/3472/134 1245/3473/134 1243/3474/843
f 1234/3475/826 1246/3476/134 1244/3477/134 1235/3478/827
f 1236/3479/830 1247/3480/134 1246/3481/134 1234/3482/826
f 1237/3483/832 1248/3484/134 1247/3485/134 1236/3486/830
f 1238/3487/834 1249/3488/134 1248/3489/134 1237/3490/832
f 1239/3491/130 1250/3492/134 1249/3493/134 1238/3494/834
s 288
f 1240/3495/132 1251/3496/134 1250/3497/134 1239/3498/133
s 289
f 1241/3499/836 1252/3500/134 1251/3501/134 1240/3502/837
s 23
f 1242/3503/839 1253/3504/134 1252/3505/134 1241/3506/840
f 1243/3507/843 1245/3508/134 1253/3509/134 1242/3510/839
f 1245/3511/134 1254/3512/844 1255/3513/845 1253/3514/134
f 1244/3515/134 1256/3516/846 1254/3517/844 1245/3518/134
f 1246/3519/134 1257/3520/847 1256/3521/846 1244/3522/134
f 1247/3523/134 1258/3524/848 1257/3525/847 1246/3526/134
f 1248/3527/134 1259/3528/849 1258/3529/848 1247/3530/134
f 1249/3531/134 1260/3532/850 1259/3533/849 1248/3534/134
f 1250/3535/134 1261/3536/851 1260/3537/850 1249/3538/134
s 288
f 1251/3539/134 1262/3540/136 1261/3541/136 1250/3542/134
s 289
f 1252/3543/134 1263/3544/852 1262/3545/852 1251/3546/134
s 23
f 1253/3547/134 1255/3548/845 1263/3549/853 1252/3550/134
s 290
f 1255/3551/854 1264/3552/854 1265/3553/854 1266/3554/855 1267/3555/855 1263/3556/855
f 1268/3557/856 1269/3558/857 1265/3559/854 1264/3560/854 1255/3561/854 1254/3562/856
f 1270/3563/858 1271/3564/858 1269/3565/857 1268/3566/856 1254/3567/856 1256/3568/859
f 1257/3569/860 1272/3570/861 1273/3571/860 1271/3572/858 1270/3573/858 1256/3574/859
f 1258/3575/862 1274/3576/862 1275/3577/862 1273/3578/860 1272/3579/861 1257/3580/860
f 1259/3581/863 1276/3582/864 1277/3583/865 1275/3584/862 1274/3585/862 1258/3586/862
f 1260/3587/866 1278/3588/866 1279/3589/866 1277/3590/865 1276/3591/864 1259/3592/863
f 1261/3593/147 1280/3594/147 1281/3595/147 1279/3596/866 1278/3597/866 1260/3598/866
s 291
f 1262/3599/867 1282/3600/867 1283/3601/867 1281/3602/867 1280/3603/867 1261/3604/867
s 292
f 1267/3605/868 1266/3606/868 1283/3607/868 1282/3608/868 1262/3609/868 1263/3610/868
s 293
f 1284/3611/869 1283/3612/768 1266/3613/870
f 1283/3612/768 1284/3611/869 1281/3614/171
f 1281/3614/171 1284/3611/869 1285/3615/171
s 294
f 1284/3616/172 1286/3617/172 1287/3618/172 1285/3619/172
s 295
f 1288/3620/871 1289/3621/871 1286/3622/871 1284/3623/871
s 296
f 1290/3624/872 1291/3625/872 1289/3626/873 1288/3627/873
f 1292/3628/874 1293/3629/875 1291/3630/872 1290/3631/872
f 1294/3632/876 1295/3633/876 1293/3634/875 1292/3635/874
f 1296/3636/877 1297/3637/878 1295/3638/876 1294/3639/876
f 1298/3640/879 1299/3641/880 1297/3642/878 1296/3643/877
f 1300/3644/881 1301/3645/882 1299/3646/880 1298/3647/879
f 1302/3648/883 1303/3649/884 1301/3650/882 1300/3651/881
f 1285/3652/885 1287/3653/885 1303/3654/884 1302/3655/883
s 297
f 1287/3656/886 1304/3657/886 1305/3658/887 1303/3659/888
s 298
f 1286/3660/189 1306/3661/189 1304/3662/189 1287/3663/189
s 299
f 1289/3664/889 1307/3665/889 1306/3666/889 1286/3667/889
s 297
f 1291/3668/890 1308/3669/891 1307/3670/892 1289/3671/892
f 1293/3672/893 1309/3673/894 1308/3674/891 1291/3675/890
f 1295/3676/895 1310/3677/896 1309/3678/894 1293/3679/893
f 1297/3680/897 1311/3681/898 1310/3682/896 1295/3683/895
f 1299/3684/899 1312/3685/900 1311/3686/898 1297/3687/897
f 1301/3688/901 1313/3689/902 1312/3690/900 1299/3691/899
f 1303/3692/888 1305/3693/887 1313/3694/902 1301/3695/901
s 300
f 1305/3696/903 1314/3697/904 1315/3698/905 1313/3699/905
f 1304/3700/205 1316/3701/205 1314/3702/904 1305/3703/903
s 301
f 1306/3704/206 1317/3705/206 1316/3706/206 1304/3707/206
s 302
f 1307/3708/150 1318/3709/150 1317/3710/150 1306/3711/150
s 300
f 1308/3712/854 1319/3713/906 1318/3714/907 1307/3715/907
f 1309/3716/856 1320/3717/856 1319/3718/906 1308/3719/854
f 1310/3720/858 1321/3721/859 1320/3722/856 1309/3723/856
f 1311/3724/860 1322/3725/861 1321/3726/859 1310/3727/858
f 1312/3728/908 1323/3729/908 1322/3730/861 1311/3731/860
f 1313/3732/905 1315/3733/905 1323/3734/908 1312/3735/908
s 303
f 1315/3736/909 1324/3737/910 1325/3738/911 1323/3739/912
f 1314/3740/913 1326/3741/914 1324/3742/910 1315/3743/909
s 304
f 1317/3744/915 1328/3745/916 1327/3746/222 1316/3747/915
s 305
f 1318/3748/917 1329/3749/918 1328/3750/918 1317/3751/917
s 303
f 1319/3752/919 1330/3753/920 1329/3754/921 1318/3755/922
f 1320/3756/923 1331/3757/924 1330/3758/920 1319/3759/919
f 1321/3760/925 1332/3761/926 1331/3762/924 1320/3763/923
f 1322/3764/927 1333/3765/928 1332/3766/926 1321/3767/925
f 1323/3768/912 1325/3769/911 1333/3770/928 1322/3771/927
f 1325/3772/911 1334/3773/929 1335/3774/930 1333/3775/928
f 1324/3776/910 1336/3777/931 1334/3778/929 1325/3779/911
f 1326/3780/914 1337/3781/932 1338/3782/933 1339/3783/934 1336/3784/931 1324/3785/910
f 1342/3786/935 1341/3787/935 1340/3788/936 1343/3789/937
s 306
f 1348/3790/37 1349/3791/37 1350/3792/37 1351/3793/37 1344/3794/37 1342/3795/37
s 307
f 1352/3796/299 1353/3797/299 1349/3798/938 1348/3799/938
f 1354/3800/939 1355/3801/939 1353/3802/299 1352/3803/299
f 1356/3804/940 1357/3805/940 1355/3806/939 1354/3807/939
f 1358/3808/941 1359/3809/941 1357/3810/940 1356/3811/940
f 1360/3812/290 1361/3813/290 1359/3814/941 1358/3815/941
f 1362/3816/288 1363/3817/288 1361/3818/290 1360/3819/290
f 1362/3820/288 1341/3821/942 1347/3822/942 1363/3823/288
s 303
f 1364/3824/943 1340/3825/936 1341/3826/944 1362/3827/945
f 1336/3828/931 1339/3829/934 1340/3830/936 1364/3831/943
f 1343/3832/937 1340/3833/936 1339/3834/934 1365/3835/946
f 1328/3836/947 1365/3837/946 1339/3838/934 1366/3839/948 1337/3840/949 1327/3841/950
s 305
f 1329/3842/918 1367/3843/951 1365/3844/951 1328/3845/918
s 303
f 1330/3846/920 1368/3847/952 1367/3848/953 1329/3849/921
f 1331/3850/924 1369/3851/954 1368/3852/952 1330/3853/920
f 1332/3854/926 1370/3855/955 1369/3856/954 1331/3857/924
f 1333/3858/928 1335/3859/930 1370/3860/955 1332/3861/926
f 1335/3862/930 1371/3863/956 1372/3864/957 1370/3865/955
f 1334/3866/929 1373/3867/958 1371/3868/956 1335/3869/930
f 1336/3870/931 1364/3871/943 1373/3872/958 1334/3873/929
f 1362/3874/945 1360/3875/959 1373/3876/958 1364/3877/943
f 1360/3878/959 1358/3879/960 1371/3880/956 1373/3881/958
f 1358/3882/960 1356/3883/961 1372/3884/957 1371/3885/956
f 1354/3886/962 1374/3887/963 1372/3888/957 1356/3889/961
f 1352/3890/964 1375/3891/965 1374/3892/963 1354/3893/962
f 1348/3894/966 1376/3895/967 1375/3896/965 1352/3897/964
s 305
f 1343/3898/968 1376/3899/968 1348/3900/969 1342/3901/969
f 1367/3902/951 1376/3903/968 1343/3904/968 1365/3905/951
s 303
f 1368/3906/952 1375/3907/965 1376/3908/967 1367/3909/953
f 1369/3910/954 1374/3911/963 1375/3912/965 1368/3913/952
f 1370/3914/955 1372/3915/957 1374/3916/963 1369/3917/954
s 293
f 1281/3614/171 1285/3615/171 1302/3918/970
f 1302/3918/970 1279/3919/970 1281/3614/171
f 1302/3918/970 1277/3920/50 1279/3919/970
f 1300/3921/50 1277/3920/50 1302/3918/970
f 1300/3921/50 1275/3922/971 1277/3920/50
f 1298/3923/971 1275/3922/971 1300/3921/50
f 1298/3923/971 1273/3924/971 1275/3922/971
f 1296/3925/972 1273/3924/971 1298/3923/971
f 1296/3925/972 1271/3926/973 1273/3924/971
f 1294/3927/974 1271/3926/973 1296/3925/972
f 1294/3927/974 1269/3928/972 1271/3926/973
f 1292/3929/972 1269/3928/972 1294/3927/974
f 1292/3929/972 1265/3930/975 1269/3928/972
f 1290/3931/975 1265/3930/975 1292/3929/972
f 1288/3932/870 1265/3930/975 1290/3931/975
f 1288/3932/870 1266/3613/870 1265/3930/975
f 1266/3613/870 1288/3932/870 1284/3611/869
s 150
f 485/3933/300 487/3934/570 796/3935/570 795/3936/300
f 484/3937/976 485/3938/300 795/3939/300 794/3940/976
s 289
f 1230/3941/37 802/3942/37 797/3943/37 1427/3944/37
f 489/3945/37 668/3946/37 1427/3944/37 797/3943/37
s 308
f 776/3947/282 489/3948/282 668/3949/282 771/3950/282
s 309
f 771/3951/286 668/3952/286 669/3953/286 670/3954/286 673/3955/286 773/3956/286 772/3957/286
s 310
f 771/3958/38 671/1660/38 772/3959/38
s 311
f 792/987/38 788/3960/38 772/3959/66
f 792/987/38 786/2090/38 788/3960/38
s 312
f 771/3958/38 772/3959/38 788/3960/38 786/2090/38 784/2089/38 782/3961/38 780/3962/38 778/3963/38 776/3964/38
s 313
f 797/992/38 771/3958/38 776/3964/38
s 289
f 1231/3217/2 671/3218/2 1427/3219/2 1230/3216/2
s 252
f 153/3011/37 610/1229/37 1157/1228/37 154/3010/37
s 314
f 473/1226/37 472/1227/37 1157/1228/37 610/1229/37
f 471/3965/16 472/3426/16 1157/3215/16 556/3214/16 470/3424/16
s 173
f 554/3966/49 490/3967/49 933/3968/710 934/3969/711
s 152
f 490/3970/977 492/3971/978 932/3972/978 933/3973/977
f 492/3974/978 494/3975/979 931/3976/980 932/3977/978
f 495/3978/981 494/3979/982 931/3980/979 930/3981/983
f 495/3982/984 497/3983/985 929/3984/985 930/3985/986
f 499/3986/582 497/3987/987 929/3988/987 804/3989/582
f 255/3990/582 804/3989/582 929/3988/987 257/3991/988
f 500/3992/581 499/3993/582 804/2119/582 803/2118/581
f 261/3994/979 263/3995/978 932/3977/978 931/3976/980
f 263/3996/978 265/3997/977 933/3973/977 932/3972/978
s 315
f 466/2793/2 462/2795/2 461/2796/2 459/2797/2
s 30
f 459/1222/38 461/2588/281 460/192/281 458/969/38
f 161/2799/2 159/2798/2 459/2797/2 461/2796/2
s 162
f 1428/3998/989 916/3999/697 918/4000/699 927/4001/990 1429/4002/990
f 910/4003/991 912/4004/992 916/4005/697 1428/4006/989
s 316
f 911/4007/993 912/2533/993 916/2532/993
s 163
f 910/4008/346 1428/4009/722 1430/4010/354 909/4011/346
f 1428/4012/722 1429/4013/355 927/4014/355 926/4015/355 1431/4016/355 1430/4017/354
s 162
f 1430/4018/994 1431/4019/995 926/4020/995 925/4021/996 1432/4022/997 1433/4023/998
f 1432/4024/997 925/4025/996 924/4026/999 1434/4027/1000 1435/4028/1001 1433/4029/998
f 1434/4030/1000 924/4031/999 923/4032/1002 1436/4033/1003 1437/4034/1004 1435/4035/1001
f 1436/4036/1003 923/4037/1002 922/4038/1005 1438/4039/1006 1439/4040/1007 1437/4041/1004
f 1439/4042/1007 1438/4043/1006 922/4044/1005 921/4045/1008 1440/4046/1009 1441/4047/1010
f 1440/4048/1009 921/4049/1008 917/4050/698 919/4051/700 915/4052/696 1441/4053/1010
f 903/4054/676 1441/4055/1010 915/4056/696 904/4057/677
f 905/4058/680 1439/4059/1007 1441/4060/1010 903/4061/676
f 906/4062/682 1437/4063/1004 1439/4064/1007 905/4065/680
f 907/4066/684 1435/4067/1001 1437/4068/1004 906/4069/682
f 908/4070/686 1433/4071/998 1435/4072/1001 907/4073/684
f 909/4074/688 1430/4075/994 1433/4076/998 908/4077/686
s 144
f 1442/4078/1011 767/4079/1012 769/4080/1013 787/4081/1014 1443/4082/1015
f 764/4083/549 765/4084/551 767/4085/1012 1442/4086/1011
f 764/4087/549 1442/4088/1011 1444/4089/1016 763/4090/547
f 1442/4091/1011 1443/4092/1015 787/4093/1014 785/4094/1017 1445/4095/1018 1444/4096/1016
f 1445/4097/1018 785/4098/1017 783/4099/1019 1446/4100/1020 1447/4101/1021 1444/4102/1016
f 1446/4103/1020 783/4104/1019 781/4105/1022 1448/4106/1023 1449/4107/1024 1447/4108/1021
f 1448/4109/1023 781/4110/1022 779/4111/1025 1450/4112/1026 1451/4113/1027 1449/4114/1024
f 1450/4115/1026 779/4116/1025 777/4117/1028 1452/4118/1029 1453/4119/1030 1451/4120/1027
f 1453/4121/1030 1452/4122/1029 777/4123/1028 775/4124/1031 1454/4125/1031 1455/4126/1032
s 143
f 1454/4127/1033 775/4128/1033 768/4129/1033 770/4130/1033 766/4131/351 1455/4132/351
f 757/4133/340 1455/4134/351 766/4135/351 758/4136/340
s 144
f 759/4137/537 1453/4138/1030 1455/4139/1032 757/4140/538
f 760/4141/541 1451/4142/1027 1453/4143/1030 759/4144/537
f 761/4145/543 1449/4146/1024 1451/4147/1027 760/4148/541
f 762/4149/545 1447/4150/1021 1449/4151/1024 761/4152/543
f 763/4153/547 1444/4154/1016 1447/4155/1021 762/4156/545
s 317
f 99/4157/38 106/4158/38 1456/4159/38 100/4160/38
s 318
f 106/4161/1034 105/4162/1034 1457/4163/1034 1456/4164/1034
s 319
f 105/4165/1035 104/4166/1035 1458/4167/1035 1457/4168/1035
s 320
f 104/4169/38 103/4170/38 1459/4171/38 1458/4172/38
s 321
f 103/4173/1036 102/4174/1036 117/4175/1036 1459/4176/1036
s 52
f 215/4177/134 211/4178/134 214/4179/134
f 211/4178/134 215/4177/134 216/4180/134
f 215/4177/134 217/4181/1037 216/4180/134
s 322
f 215/4182/16 221/4183/16 222/4184/16 219/4185/16
s 52
f 215/4177/134 214/4179/134 221/4186/134
f 221/4186/134 214/4179/134 223/4187/309
f 223/4187/309 214/4179/134 224/4188/134
f 224/4188/134 214/4179/134 225/4189/134
f 225/4189/134 214/4179/134 226/4190/134
f 226/4190/134 214/4179/134 227/4191/134
f 227/4191/134 214/4179/134 228/4192/134
f 228/4192/134 214/4179/134 229/4193/134
f 229/4193/134 214/4179/134 230/4194/134
f 212/4195/134 230/4194/134 214/4179/134
f 212/4195/134 231/4196/309 230/4194/134
f 212/4195/134 232/4197/162 231/4196/309
f 212/4195/134 233/4198/134 232/4197/162
f 210/4199/134 233/4198/134 212/4195/134
f 233/4198/134 210/4199/134 234/4200/134
f 234/4200/134 210/4199/134 211/4178/134
f 234/4200/134 211/4178/134 216/4180/134
f 224/4188/134 235/4201/134 216/4180/134
f 235/4201/134 224/4188/134 225/4189/134
s 323
f 235/4202/1038 225/4203/1038 236/4204/1038 237/4205/1038
s 324
f 225/4206/37 226/4207/37 238/4208/37 236/4209/37
s 325
f 226/4210/1039 234/4211/1039 239/4212/1039 238/4213/1039
s 52
f 226/4190/134 233/4198/134 234/4200/134
f 233/4198/134 226/4190/134 227/4191/134
s 326
f 233/4214/1040 227/4215/1040 240/4216/1040 241/4217/1040
s 327
f 227/4218/37 228/4219/37 242/4220/37 240/4221/37
s 328
f 228/4222/1039 232/4223/1039 243/4224/1039 242/4225/1039
s 52
f 228/4192/134 231/4196/309 232/4197/162
f 231/4196/309 228/4192/134 229/4193/134
s 329
f 231/4226/1040 229/4227/1040 244/4228/1040 245/4229/1040
s 330
f 229/4230/37 230/4231/37 246/4232/37 244/4233/37
s 331
f 230/4234/2 231/4235/2 245/4236/2 246/4237/2
s 332
f 245/4196/134 244/4193/134 246/4194/134
s 333
f 232/4238/2 233/4239/2 241/4240/2 243/4241/2
s 334
f 243/4197/134 241/4198/134 240/4191/134 242/4192/134
s 335
f 238/4190/134 239/4200/134 237/4201/134 236/4189/134
s 336
f 224/4242/1041 216/4243/1041 247/4244/1041 248/4245/1041
s 337
f 217/4246/1040 223/4247/1040 250/4248/1040 249/4249/1040
s 52
f 217/4181/134 221/4186/134 223/4187/309
f 217/4181/134 218/4250/134 221/4186/134
s 338
f 221/4251/1039 218/4252/1039 220/4253/1039 222/4254/1039
s 339
f 220/4250/134 219/4177/134 222/4186/134
s 340
f 223/4255/16 224/4256/16 248/4257/16 250/4258/16
s 341
f 247/4180/134 249/4181/134 250/4187/134 248/4188/134
s 69
f 374/4259/246 403/4260/165 375/4261/280
f 403/4260/165 374/4259/246 404/4262/134
f 404/4262/134 374/4259/246 405/4263/50
f 405/4263/50 374/4259/246 406/4264/134
f 373/4265/134 406/4264/134 374/4259/246
f 406/4264/134 373/4265/134 407/4266/134
f 407/4266/134 373/4265/134 408/4267/134
f 408/4267/134 373/4265/134 380/4268/134
f 408/4267/134 380/4268/134 409/4269/134
f 410/4270/134 409/4269/134 380/4268/134
s 342
f 411/4271/134 409/4269/134 410/4270/134
f 411/4271/134 412/4272/1042 409/4269/134
s 69
f 414/4273/134 413/4274/1043 411/4271/134
f 415/4275/50 413/4274/1043 414/4273/134
f 405/4263/50 413/4274/1043 415/4275/50
f 405/4263/50 406/4264/134 413/4274/1043
s 343
f 413/4276/1044 406/4277/1044 416/4278/1044 417/4279/1044
s 69
f 409/4269/134 412/4272/134 413/4274/134 406/4264/134 407/4266/134 408/4267/134
s 344
f 409/4280/1045 412/4281/1045 418/4282/1045 419/4283/1045
s 345
f 420/4267/134 419/4269/134 418/4272/134 417/4274/134 416/4264/134 421/4266/134
s 346
f 408/4284/1046 409/4285/1046 419/4286/1046 420/4287/1046
s 69
f 422/4288/1047 405/4263/50 415/4275/50
f 423/4289/134 405/4263/165 385/4290/134
f 423/4289/134 403/4260/165 405/4263/165
f 423/4289/134 375/4261/280 403/4260/165
f 424/4291/134 375/4261/280 423/4289/134
f 425/4292/134 375/4261/280 424/4291/134
f 425/4292/134 376/4293/276 375/4261/280
f 426/4294/134 376/4293/276 425/4292/134
f 427/4295/134 376/4293/276 426/4294/134
f 427/4295/134 377/4296/277 376/4293/276
f 428/4297/1048 377/4296/277 427/4295/134
f 429/4298/1049 377/4296/277 428/4297/1048
f 429/4298/1049 371/4299/241 377/4296/277
f 430/4300/1050 371/4299/241 429/4298/1049
f 431/4301/134 371/4299/241 430/4300/1050
f 371/4299/241 431/4301/134 370/4302/242
f 431/4301/134 385/4290/134 370/4302/242
f 385/4290/134 431/4301/134 432/4303/1051
f 430/4304/1050 432/4305/1051 434/4306/1052 435/4307/1052
f 429/4298/1049 432/4303/1051 430/4300/1050
f 432/4303/1051 429/4298/1049 436/4308/1053
f 428/4309/1048 436/4310/1053 439/4311/1054 437/4312/1054
f 427/4295/134 436/4308/1053 428/4297/1048
f 436/4308/1053 427/4295/134 440/4313/134
s 347
f 440/4314/1055 427/4315/1055 441/4316/1055 442/4317/1055
s 69
f 440/4313/134 427/4295/134 426/4294/134
s 348
f 426/4318/1056 440/4319/1056 442/4320/1056 443/4321/1056
s 69
f 425/4292/134 440/4313/134 426/4294/134
f 440/4313/134 425/4292/134 423/4289/134
s 349
f 423/4322/1057 425/4323/1057 444/4324/1057 445/4325/1057
s 350
f 425/4292/134 424/4291/134 423/4289/134
s 351
f 425/4326/1058 424/4327/1058 446/4328/1058 444/4329/1058
s 352
f 424/4330/1059 423/4331/1059 445/4332/1059 446/4333/1059
s 353
f 446/4291/134 445/4289/134 444/4292/134
s 69
f 385/4290/134 440/4313/134 423/4289/134
f 385/4290/134 436/4308/1053 440/4313/134
f 385/4290/134 432/4303/1051 436/4308/1053
s 354
f 442/4313/134 441/4295/134 443/4294/134
s 69
f 436/4334/1053 429/4335/1049 438/4336/1060 439/4337/1060
s 355
f 437/4297/134 439/4308/134 438/4298/134
s 356
f 433/4301/134 435/4300/134 434/4303/134
s 357
f 405/4338/1061 403/4339/1061 447/4340/1061 448/4341/1061
s 69
f 404/4262/134 405/4263/134 403/4260/165
s 358
f 404/4342/1062 405/4343/1062 448/4344/1062 449/4345/1062
s 359
f 448/4263/134 447/4260/134 449/4262/134
s 360
f 422/4346/1063 415/4347/1064 451/4348/1063 450/4349/1063
s 361
f 454/4270/134 387/4350/134 386/4290/134 450/4288/134 451/4275/134 452/4273/134 453/4271/134
s 221
f 1051/4351/134 1058/4352/134 1050/4353/134
s 362
f 1056/4354/134 1057/4355/134 1053/4356/134 1054/4357/134 1049/4358/134 1050/4353/134 1058/4352/134 1059/4359/134
s 363
f 1057/4360/1065 1060/4361/1065 1061/4362/1065 1056/4363/1065
s 364
f 1057/4364/1066 1053/4365/1066 1060/4366/1066
s 221
f 1052/4367/134 1053/4356/134 1057/4355/134
s 365
f 1054/4368/1067 1062/4369/1067 1060/4370/1067 1053/4371/1067
s 366
f 1054/4372/1068 1049/4373/1068 1062/4374/1068
s 221
f 1048/4375/134 1049/4358/134 1054/4357/134
s 367
f 1050/4376/1069 1063/4377/1069 1062/4378/1069 1049/4379/1069
s 368
f 1050/4380/1070 1058/4381/1070 1063/4382/1070
s 369
f 1063/4383/1071 1058/4384/1071 1059/4385/1071 1061/4386/1071
s 370
f 1059/4387/1072 1056/4388/1072 1061/4389/1072
s 221
f 1055/4390/134 1056/4354/134 1059/4359/134
s 371
f 1063/4391/134 1061/4392/134 1060/4393/134 1062/4394/134
s 372
f 1118/4395/134 1121/4396/134 1120/4397/134
f 1121/4396/134 1118/4395/134 1122/4398/134
f 1122/4398/134 1118/4395/134 1117/4399/134
f 1122/4398/134 1117/4399/134 1123/4400/309
f 1123/4400/309 1117/4399/134 1124/4401/134
f 1124/4401/134 1117/4399/134 1125/4402/134
f 1125/4402/134 1117/4399/134 1126/4403/134
f 1126/4403/134 1117/4399/134 1127/4404/134
f 1127/4404/134 1117/4399/134 1128/4405/134
f 1128/4405/134 1117/4399/134 1129/4406/134
f 1129/4406/134 1117/4399/134 1130/4407/134
f 1119/4408/134 1130/4407/134 1117/4399/134
f 1119/4408/134 1131/4409/134 1130/4407/134
f 1119/4408/134 1132/4410/162 1131/4409/134
f 1119/4408/134 1133/4411/309 1132/4410/162
f 1119/4408/134 1134/4412/134 1133/4411/309
f 1120/4397/134 1134/4412/134 1119/4408/134
f 1134/4412/134 1120/4397/134 1121/4396/134
s 373
f 1121/4413/1073 1129/4414/1073 1138/4415/1073 1136/4416/1073
s 372
f 1122/4398/134 1129/4406/134 1121/4396/134
f 1129/4406/134 1122/4398/134 1128/4405/134
s 374
f 1128/4417/1074 1122/4418/1074 1139/4419/1074 1140/4420/1074
s 375
f 1122/4421/16 1123/4422/16 1141/4423/16 1139/4424/16
s 376
f 1123/4425/1073 1127/4426/1073 1142/4427/1073 1141/4428/1073
s 372
f 1124/4401/134 1127/4404/134 1123/4400/309
f 1127/4404/134 1124/4401/134 1126/4403/134
s 377
f 1126/4429/1074 1124/4430/1074 1143/4431/1074 1144/4432/1074
s 378
f 1124/4433/16 1125/4434/16 1145/4435/16 1143/4436/16
s 379
f 1145/4402/134 1144/4403/134 1143/4401/134
s 380
f 1127/4437/37 1128/4438/37 1140/4439/37 1142/4440/37
s 381
f 1142/4404/134 1140/4405/134 1139/4398/134 1141/4400/134
s 382
f 1130/4441/1074 1135/4442/1074 1137/4443/1074 1146/4444/1074
s 372
f 1130/4407/134 1147/4445/134 1135/4446/134
f 1147/4445/134 1130/4407/134 1131/4409/134
s 383
f 1147/4447/1073 1131/4448/1073 1148/4449/1073 1149/4450/1073
s 384
f 1131/4451/2 1132/4452/2 1150/4453/2 1148/4454/2
s 385
f 1132/4455/1074 1151/4456/1074 1152/4457/1074 1150/4458/1074
s 372
f 1132/4410/162 1153/4459/134 1151/4460/134
f 1153/4459/134 1132/4410/162 1133/4411/309
s 386
f 1153/4461/1073 1133/4462/1073 1154/4463/1073 1155/4464/1073
s 387
f 1133/4465/2 1134/4466/2 1156/4467/2 1154/4468/2
s 388
f 1148/4409/134 1150/4410/134 1152/4460/134 1149/4445/134
s 389
f 1155/4459/134 1154/4411/134 1156/4412/134
s 390
f 1146/4407/134 1137/4446/134 1136/4396/134 1138/4406/134
s 278
f 1214/4469/134 1222/4470/134 1213/4471/134
s 391
f 1213/4472/1072 1222/4473/1072 1224/4474/1072
s 392
f 1216/4475/134 1217/4476/134 1212/4477/134 1213/4471/134 1222/4470/134 1223/4478/134 1220/4479/134 1221/4480/134
s 393
f 1217/4481/1069 1225/4482/1069 1226/4483/1069 1216/4484/1069
s 394
f 1225/4485/1070 1217/4486/1070 1212/4487/1070
s 278
f 1211/4488/134 1212/4477/134 1217/4476/134
s 395
f 1225/4489/1071 1212/4490/1071 1213/4491/1071 1224/4492/1071
s 396
f 1227/4493/134 1226/4494/134 1225/4495/134 1224/4496/134
s 397
f 1221/4497/1067 1226/4498/1067 1227/4499/1067 1220/4500/1067
s 398
f 1216/4501/1068 1226/4502/1068 1221/4503/1068
s 278
f 1215/4504/134 1216/4475/134 1221/4480/134
s 399
f 1220/4505/1066 1227/4506/1066 1223/4507/1066
s 400
f 1223/4508/1065 1227/4509/1065 1224/4510/1065 1222/4511/1065
s 278
f 1219/4512/134 1220/4479/134 1223/4478/134
s 401
f 1377/4513/309 1363/4514/50 1347/4515/309
f 1378/4516/50 1363/4514/50 1377/4513/309
f 1379/4517/50 1363/4514/50 1378/4516/50
f 1379/4517/50 1361/4518/134 1363/4514/50
f 1380/4519/134 1361/4518/134 1379/4517/50
f 1381/4520/134 1361/4518/134 1380/4519/134
f 1381/4520/134 1359/4521/165 1361/4518/134
f 1382/4522/134 1359/4521/165 1381/4520/134
f 1383/4523/165 1359/4521/165 1382/4522/134
f 1384/4524/134 1359/4521/165 1383/4523/165
f 1384/4524/134 1357/4525/134 1359/4521/165
f 1384/4524/134 1385/4526/134 1357/4525/134
f 1386/4527/134 1385/4526/134 1384/4524/134
f 1386/4527/134 1387/4528/171 1385/4526/134
f 1388/4529/134 1387/4528/171 1386/4527/134
f 1387/4528/171 1388/4529/134 1389/4530/970
s 402
f 1389/4531/1075 1388/4532/1075 1390/4533/1075 1391/4534/1075
s 401
f 1388/4529/134 1386/4527/134 1346/4535/134
f 1392/4536/309 1346/4535/134 1386/4527/134
f 1346/4535/134 1392/4536/309 1347/4515/309
f 1347/4515/309 1392/4536/309 1377/4513/309
s 403
f 1392/4537/1076 1378/4538/1076 1395/4539/1076 1393/4540/1076
s 401
f 1392/4536/309 1379/4517/50 1378/4516/50
f 1379/4517/50 1392/4536/309 1396/4541/767
f 1392/4536/309 1386/4527/134 1396/4541/767
f 1396/4541/767 1386/4527/134 1397/4542/972
f 1383/4523/165 1397/4542/972 1386/4527/134
f 1397/4542/972 1383/4523/165 1382/4522/134
s 404
f 1397/4543/1077 1382/4544/1077 1398/4545/1077 1399/4546/1077
s 405
f 1382/4547/1078 1381/4548/1078 1400/4549/1078 1398/4550/1078
s 406
f 1381/4551/1079 1397/4552/1079 1399/4553/1079 1400/4554/1079
s 401
f 1381/4520/134 1396/4541/767 1397/4542/972
f 1396/4541/767 1381/4520/134 1380/4519/134
s 407
f 1380/4555/1080 1379/4556/1080 1403/4557/1080 1401/4558/1080
s 408
f 1379/4559/1081 1396/4560/1081 1402/4561/1081 1403/4562/1081
s 409
f 1402/4541/134 1401/4519/134 1403/4517/134
s 410
f 1400/4520/134 1399/4542/134 1398/4522/134
s 411
f 1383/4563/1082 1386/4564/1082 1404/4565/1082 1405/4566/1082
s 412
f 1386/4567/1083 1384/4568/1083 1406/4569/1083 1404/4570/1083
s 413
f 1384/4571/243 1383/4572/243 1405/4573/243 1406/4574/243
s 414
f 1404/4527/134 1406/4524/134 1405/4523/134
s 415
f 1378/4575/824 1377/4576/824 1394/4577/824 1395/4578/824
s 416
f 1395/4516/134 1394/4513/134 1393/4536/134
s 417
f 1344/4579/134 1351/4580/134 1407/4581/134 1408/4582/134 1391/4530/134 1390/4529/134 1345/4535/134
s 401
f 1349/4583/134 1409/4581/134 1350/4580/1084
f 1409/4581/134 1349/4583/134 1410/4584/134
f 1353/4585/134 1410/4584/134 1349/4583/134
f 1410/4584/134 1353/4585/134 1411/4586/162
f 1411/4586/162 1353/4585/134 1412/4587/134
f 1412/4587/134 1353/4585/134 1355/4588/972
f 1412/4587/134 1355/4588/972 1413/4589/972
f 1414/4590/134 1413/4589/972 1355/4588/972
f 1387/4528/171 1413/4589/972 1414/4590/134
f 1415/4582/134 1413/4589/972 1387/4528/171
f 1415/4582/134 1416/4591/1085 1413/4589/972
f 1409/4581/134 1417/4592/1086 1415/4582/134
f 1409/4581/134 1410/4584/134 1417/4592/1086
s 418
f 1413/4593/1087 1416/4594/1087 1423/4595/1087 1422/4596/1087
s 419
f 1418/4584/134 1420/4586/134 1421/4587/134 1422/4589/134 1423/4591/134 1419/4592/134
s 420
f 1409/4597/1088 1415/4598/1088 1408/4599/1088 1407/4600/1088
s 401
f 1415/4582/134 1387/4528/171 1389/4530/970
s 421
f 1387/4601/1089 1414/4602/1089 1424/4603/1089 1425/4604/1089
s 422
f 1414/4605/1090 1385/4606/1090 1426/4607/1090 1424/4608/1090
s 401
f 1414/4590/134 1357/4525/134 1385/4526/134
f 1414/4590/134 1355/4588/972 1357/4525/134
s 423
f 1385/4609/1091 1387/4610/1091 1425/4611/1091 1426/4612/1091
s 424
f 1426/4526/134 1425/4528/134 1424/4590/134
s 425
f 1764/4613/1092 1761/4614/1093 1765/4615/1093 1766/4616/1092
f 1757/4617/1094 1768/4618/1095 1769/4619/1095 1767/4620/1094
f 1768/4621/1095 1770/4622/1096 1777/4623/1096 1769/4624/1095
f 1817/4625/1097 1818/4626/1098 1819/4627/1098 1816/4628/1097
f 1838/4629/1099 1764/4630/1092 1766/4631/1092 1839/4632/1099
f 1840/4633/1100 1838/4634/1099 1839/4635/1099 1841/4636/1100
f 1820/4637/1101 1844/4638/1102 1847/4639/1102 1848/4640/1101
f 1844/4641/1102 1840/4642/1100 1841/4643/1100 1847/4644/1102
f 1818/4645/1098 1820/4646/1101 1848/4647/1101 1819/4648/1098
s 426
f 2147/4624/1095 2146/4623/1096 2117/4622/1096 2116/4621/1095
f 2148/4620/1103 2147/4619/1095 2116/4618/1095 2113/4617/1103
f 2149/4649/1104 2148/4650/1103 2113/4651/1103 2108/4652/1104
f 2150/4653/1105 2149/4654/1104 2108/4655/1104 2107/4656/1105
f 2151/4616/1092 2150/4615/1105 2107/4614/1105 2103/4613/1092
f 2152/4632/1099 2151/4631/1092 2103/4630/1092 2102/4629/1099
f 2153/4636/1100 2152/4635/1099 2102/4634/1099 2154/4633/1100
f 2208/4644/1106 2153/4643/1100 2154/4642/1100 2207/4641/1106
f 2209/4640/1101 2208/4639/1106 2207/4638/1106 2204/4637/1101
f 2210/4648/1098 2209/4647/1101 2204/4646/1101 2211/4645/1098
f 2213/4628/1097 2210/4627/1098 2211/4626/1098 2212/4625/1097
s 427
f 1460/4657/287 113/4658/287 108/4659/287 1461/4660/287
s 428
f 112/4661/1 113/4662/1 1460/4657/1 1462/4663/1
s 429
f 1460/4657/4 1463/4664/37 1462/4663/4
f 1460/4657/4 1464/4665/37 1463/4664/37
f 1460/4657/4 1465/4666/37 1464/4665/37
f 1460/4657/4 1466/4667/709 1465/4666/37
f 1460/4657/4 1467/4668/37 1466/4667/709
f 1460/4657/4 1468/4669/4 1467/4668/37
f 1460/4657/4 1469/4670/1107 1468/4669/4
f 1460/4657/4 1470/4671/1108 1469/4670/1107
f 1461/4660/37 1470/4671/1108 1460/4657/4
f 1470/4671/1108 1461/4660/37 1471/4672/1109
f 1471/4672/1109 1461/4660/37 1472/4673/709
f 1472/4673/709 1461/4660/37 1473/4674/37
f 1461/4660/37 1474/4675/37 1473/4674/37
f 1461/4660/37 1475/4676/1110 1474/4675/37
f 1476/4677/4 1475/4676/1110 1461/4660/37
f 1475/4676/1110 1476/4677/4 1477/4678/4
f 1477/4678/4 1476/4677/4 1478/4679/4
s 25
f 109/4680/50 110/4681/50 1478/4682/50 1476/4683/50
s 429
f 1463/4664/37 1479/4684/1111 1478/4679/4
f 1479/4684/1111 1463/4664/37 1480/4685/37
f 1480/4685/37 1463/4664/37 1464/4665/37
f 1465/4666/37 1478/4679/4 1479/4684/1111
f 1465/4666/37 1485/4686/37 1478/4679/4
f 1465/4666/37 1466/4667/709 1485/4686/37
s 430
f 1485/4687/1112 1466/4688/1113 1486/4689/1114 1487/4690/1112
f 1466/4691/1113 1467/4692/1115 1488/4693/1115 1486/4694/1114
f 1467/4695/1115 1468/4696/38 1489/4697/38 1488/4698/1115
f 1468/4699/38 1490/4700/1116 1491/4701/1116 1489/4702/38
s 429
f 1468/4669/4 1492/4703/4 1490/4704/37
f 1468/4669/4 1469/4670/1107 1492/4703/4
s 431
f 1492/4705/1115 1469/4706/38 1493/4707/38 1494/4708/1115
f 1469/4709/38 1495/4710/1116 1496/4711/1116 1493/4712/38
s 429
f 1469/4670/1107 1470/4671/1108 1497/4713/1117
s 432
f 1497/4714/1115 1470/4715/38 1498/4716/38 1499/4717/1115
f 1470/4718/38 1471/4719/1116 1500/4720/1116 1498/4721/38
f 1471/4722/1116 1472/4723/1118 1501/4724/1118 1500/4725/1116
s 429
f 1477/4678/4 1508/4726/37 1506/4727/4
f 1477/4678/4 1478/4679/4 1508/4726/37
f 1508/4726/37 1478/4679/4 1509/4728/4
f 1509/4728/4 1478/4679/4 1510/4729/4
f 1510/4729/4 1478/4679/4 1511/4730/1108
f 1511/4730/1108 1478/4679/4 1485/4686/37
s 430
f 1511/4731/1119 1485/4732/1112 1487/4733/1112 1512/4734/1119
s 433
f 1516/4735/1120 1518/4736/37 1517/4737/37
s 429
f 1490/4704/37 1519/4738/1107 1518/4736/1121
f 1490/4704/37 1492/4703/4 1519/4738/1107
s 431
f 1519/4739/1113 1492/4740/1115 1494/4741/1115 1520/4742/1114
s 434
f 1495/4743/1122 1528/4744/4 1526/4745/1123
f 1495/4743/1122 1529/4746/1107 1528/4744/4
f 1495/4743/1122 1497/4713/1124 1529/4746/1107
s 432
f 1529/4747/1113 1497/4748/1115 1499/4749/1115 1530/4750/1114
s 429
f 1506/4727/4 1534/4751/37 1533/4752/1108
f 1506/4727/4 1508/4726/37 1534/4751/37
s 435
f 1534/4753/1125 1508/4754/1125 1523/4755/1125 1522/4756/1125
s 429
f 1508/4726/37 1509/4728/4 1535/4757/4
f 1535/4757/4 1509/4728/4 1536/4758/709
s 436
f 1536/4759/1125 1509/4760/1125 1515/4761/1125 1514/4762/1125
s 429
f 1538/4763/1108 1536/4758/709 1518/4736/1126
f 1535/4757/4 1536/4758/709 1538/4763/1108
s 431
f 1538/4764/1119 1518/4765/1112 1525/4766/1112 1524/4767/1119
f 1518/4768/1112 1519/4769/1113 1520/4770/1114 1525/4771/1112
s 433
f 1518/4736/37 1537/4772/1127 1517/4737/37
s 429
f 1533/4752/1108 1534/4751/37 1528/4744/1126
s 432
f 1528/4773/1128 1529/4774/1113 1530/4775/1114 1532/4776/1128
s 437
f 1528/4744/37 1539/4777/1129 1527/4778/37
s 431
f 1495/4779/1116 1526/4780/1118 1521/4781/1118 1496/4782/1116
s 430
f 1490/4783/1116 1516/4784/1118 1513/4785/1118 1491/4786/1116
s 438
f 1540/4787/1130 1541/4788/1131 1542/4789/1132 1543/4790/1133
f 1541/4791/1131 1540/4792/1130 1544/4793/1134
f 1540/4794/1130 1545/4795/1135 1544/4796/1134
f 1550/4797/1136 1542/4798/1132 1552/4799/1137
f 1552/4800/1137 1542/4801/1132 1541/4802/1131
s 439
f 1553/4803/1138 1554/4804/1139 1552/4805/1140 1541/4806/1138
s 440
f 1554/4807/1141 1553/4808/1142 1549/4809/1143
f 1549/4810/1143 1553/4811/1142 1546/4812/1144 1548/4813/1145
f 1553/4814/1142 1555/4815/1146 1546/4816/1144
s 439
f 1555/4817/1147 1553/4818/1138 1541/4819/1138 1544/4820/1147
f 1556/4821/1148 1555/4822/1147 1544/4823/1147 1557/4824/1148
s 440
f 1555/4825/1146 1556/4826/1149 1547/4827/1150
f 1547/4828/1150 1556/4829/1149 1558/4830/1151
f 1556/4831/1149 1559/4832/1152 1558/4833/1151
s 439
f 1559/4834/1153 1556/4835/1148 1557/4836/1148 1560/4837/1153
s 438
f 1557/4838/1154 1561/4839/1155 1560/4840/1156
f 1545/4841/1135 1561/4842/1155 1557/4843/1154
s 441
f 1561/4844/1157 1545/4845/1157 1547/4846/1157 1558/4847/1158
s 438
f 1561/4848/1155 1562/4849/1159 1564/4850/1160
f 1564/4851/1160 1562/4852/1159 1565/4853/1161
f 1565/4854/1161 1562/4855/1159 1566/4856/1162
f 1562/4857/1159 1567/4858/1163 1566/4859/1162
s 442
f 1567/4860/1164 1562/4861/1165 1563/4862/1165 1568/4863/1164
s 440
f 1563/4864/1166 1569/4865/1167 1568/4866/1168
f 1570/4867/1169 1569/4868/1167 1563/4869/1166
s 443
f 1569/4870/1170 1570/4871/741 1565/4872/741 1566/4873/1170
s 439
f 1570/4874/1171 1571/4875/1172 1564/4876/1172 1565/4877/1171
s 440
f 1571/4878/1173 1570/4879/1169 1563/4880/1166
f 1558/4881/1151 1571/4882/1173 1563/4883/1166
f 1559/4884/1152 1571/4885/1173 1558/4886/1151
s 439
f 1571/4887/1172 1559/4888/1153 1560/4889/1153 1564/4890/1172
s 438
f 1560/4891/1156 1561/4892/1155 1564/4893/1160
s 443
f 1572/4894/1174 1569/4895/1170 1566/4896/1170 1573/4897/1174
s 440
f 1574/4898/49 1575/4899/49 1576/4900/49 1577/4901/49 1578/4902/49 1579/4903/49 1580/4904/49 1581/4905/49 1582/4906/49 1583/4907/49 1584/4908/49 1585/4909/49 1586/4910/49 1587/4911/49 1588/4912/49 1589/4913/49 1590/4914/49 1591/4915/49 1592/4916/49 1593/4917/49 1594/4918/49 1595/4919/49 1596/4920/49 1597/4921/49 1598/4922/49 1599/4923/49 1600/4924/49 1601/4925/49 1602/4926/49 1603/4927/49 1604/4928/49 1605/4929/49 1606/4930/49 1607/4931/49 1568/4932/1168 1569/4933/1167 1572/4934/49 1608/4935/49 1609/4936/49 1610/4937/49 1611/4938/49 1612/4939/49 1613/4940/49 1614/4941/49 1615/4942/49 1616/4943/49 1617/4944/49 1618/4945/49 1619/4946/49 1620/4947/49 1621/4948/49 1622/4949/49 1623/4950/49 1624/4951/49 1625/4952/49 1626/4953/49 1627/4954/49
s 444
f 1575/4955/1175 1574/4956/1176 1628/4957/1176 1629/4958/1175
f 1574/4959/1176 1627/4960/1177 1630/4961/1177 1628/4962/1176
f 1627/4963/1177 1626/4964/1178 1631/4965/1178 1630/4966/1177
f 1626/4967/1178 1625/4968/1179 1632/4969/1179 1631/4970/1178
f 1625/4971/1179 1624/4972/1180 1633/4973/1180 1632/4974/1179
f 1624/4975/1180 1623/4976/1181 1634/4977/1181 1633/4978/1180
f 1623/4979/1181 1622/4980/1182 1635/4981/1182 1634/4982/1181
f 1622/4983/1182 1621/4984/1183 1636/4985/1183 1635/4986/1182
f 1621/4987/1183 1620/4988/1184 1637/4989/1184 1636/4990/1183
s 445
f 1620/4991/1185 1619/4992/1185 1638/4993/1185 1637/4994/1185
s 446
f 1618/4995/1186 1617/4996/1187 1640/4997/1187 1639/4998/1188
f 1617/4999/1187 1616/5000/1189 1641/5001/1190 1640/5002/1187
s 443
f 1614/5003/1191 1613/5004/1192 1644/5005/1192 1643/5006/1193
f 1613/5007/1192 1612/5008/1194 1645/5009/1194 1644/5010/1192
f 1612/5011/1194 1611/5012/1195 1646/5013/1196 1645/5014/1194
f 1611/5015/1195 1610/5016/1197 1647/5017/1197 1646/5018/1196
f 1610/5019/1197 1609/5020/1198 1648/5021/1198 1647/5022/1197
f 1609/5023/1198 1608/5024/1199 1649/5025/1199 1648/5026/1198
f 1608/5027/1199 1572/5028/1174 1573/5029/1174 1649/5030/1199
s 438
f 1650/5031/37 1651/5032/37 1652/5033/37 1653/5034/37 1654/5035/37 1655/5036/37 1656/5037/37 1657/5038/37 1658/5039/37 1659/5040/37 1660/5041/37 1661/5042/37 1662/5043/37 1663/5044/37 1629/5045/37 1628/5046/37 1630/5047/37 1631/5048/37 1632/5049/37 1633/5050/37 1634/5051/37 1635/5052/37 1636/5053/37 1637/5054/37 1638/5055/37 1639/5056/37 1640/5057/37 1641/5058/37 1642/5059/37 1643/5060/37 1644/5061/37 1645/5062/37 1646/5063/37 1647/5064/37 1648/5065/37 1649/5066/37 1573/5067/37 1566/5068/1162 1567/5069/1163 1664/5070/37 1665/5071/37 1666/5072/37 1667/5073/37 1668/5074/37 1669/5075/37 1670/5076/37 1671/5077/37 1672/5078/37 1673/5079/37 1674/5080/37 1675/5081/37 1676/5082/37 1677/5083/37 1678/5084/37 1679/5085/37 1680/5086/37 1681/5087/37
s 447
f 1589/5088/1200 1588/5089/1201 1651/5090/1202 1650/5091/1200
f 1588/5092/1201 1587/5093/1203 1652/5094/1203 1651/5095/1202
f 1587/5096/1203 1586/5097/1204 1653/5098/1204 1652/5099/1203
s 444
f 1586/5100/1205 1585/5101/1206 1654/5102/1206 1653/5103/1205
f 1585/5104/1206 1584/5105/1207 1655/5106/1207 1654/5107/1206
f 1584/5108/1207 1583/5109/1208 1656/5110/1209 1655/5111/1207
f 1583/5112/1208 1582/5113/1210 1657/5114/1211 1656/5115/1209
f 1582/5116/1210 1581/5117/1212 1658/5118/1213 1657/5119/1211
f 1581/5120/1212 1580/5121/1214 1659/5122/1215 1658/5123/1213
f 1580/5124/1214 1579/5125/1216 1660/5126/1216 1659/5127/1215
f 1579/5128/1216 1578/5129/1217 1661/5130/1217 1660/5131/1216
f 1578/5132/1217 1577/5133/1218 1662/5134/1218 1661/5135/1217
f 1577/5136/1218 1576/5137/1219 1663/5138/1219 1662/5139/1218
f 1576/5140/1219 1575/5141/1175 1629/5142/1175 1663/5143/1219
s 447
f 1590/5144/1220 1589/5145/1200 1650/5146/1200 1681/5147/1220
f 1591/5148/1221 1590/5149/1220 1681/5150/1220 1680/5151/1221
f 1592/5152/1222 1591/5153/1221 1680/5154/1221 1679/5155/1223
s 448
f 1600/5156/1224 1599/5157/1224 1672/5158/1224 1671/5159/1224
s 449
f 1602/5160/1225 1601/5161/1225 1670/5162/1225 1669/5163/1225
s 450
f 1604/5164/1226 1603/5165/1227 1668/5166/1227 1667/5167/1226
f 1605/5168/1228 1604/5169/1226 1667/5170/1226 1666/5171/1228
f 1606/5172/781 1605/5173/1228 1666/5174/1228 1665/5175/781
s 442
f 1607/5176/1229 1606/5177/1230 1665/5178/1230 1664/5179/1229
f 1568/5180/1164 1607/5181/1229 1664/5182/1229 1567/5183/1164
s 438
f 1544/5184/1134 1545/5185/1135 1557/5186/1154
s 440
f 1546/5187/1144 1555/5188/1146 1547/5189/1150
f 1551/5190/1231 1554/5191/1141 1549/5192/1143
f 1682/5193/1232 1554/5194/1141 1551/5195/1231
f 1683/5196/1233 1554/5197/1141 1682/5198/1232
s 439
f 1554/5199/1139 1683/5200/1234 1684/5201/1234 1552/5202/1140
f 1683/5203/1234 1685/5204/1235 1686/5205/1235 1684/5206/1234
s 451
f 1687/5207/1236 1688/5208/1236 1689/5209/1236 1690/5210/1236 1691/5211/1236 1692/5212/1236 1693/5213/1236 1685/5214/1236 1683/5215/1236
s 439
f 1688/5216/1237 1687/5217/1238 1694/5218/1238 1695/5219/1237
f 1696/5220/1239 1697/5221/1240 1694/5222/1238 1687/5223/1238
f 1698/5224/1241 1699/5225/1241 1697/5226/1240 1696/5227/1239
f 1700/5228/1242 1701/5229/1242 1699/5230/1241 1698/5231/1241
f 1702/5232/1243 1703/5233/1243 1701/5234/1242 1700/5235/1242
s 452
f 1704/5236/1244 1705/5237/1244 1703/5238/1244 1702/5239/1244
s 453
f 1704/5240/1245 1706/5241/1245 1707/5242/1245 1705/5243/1245
s 440
f 1704/5244/1246 1708/5245/1247 1706/5246/1248
f 1702/5247/1249 1708/5248/1247 1704/5249/1246
f 1709/5250/1250 1708/5251/1247 1702/5252/1249
s 454
f 1709/5253/1251 1710/5254/1251 1711/5255/1252 1708/5256/1252
f 1712/5257/1253 1713/5258/1253 1710/5259/1251 1709/5260/1251
f 1714/5261/1254 1715/5262/1255 1713/5263/1253 1712/5264/1253
f 1716/5265/1256 1717/5266/1257 1715/5267/1255 1714/5268/1254
s 455
f 1720/5269/1258 1697/5270/1259 1719/5271/1260
f 1694/5272/1261 1697/5273/1259 1720/5274/1258
f 1722/5275/1262 1694/5276/1261 1720/5277/1258
f 1723/5278/1263 1694/5279/1261 1722/5280/1262
f 1724/5281/1264 1694/5282/1261 1723/5283/1263
s 438
f 1694/5284/1265 1724/5285/1266 1684/5286/1267
f 1724/5287/1266 1725/5288/1268 1684/5289/1267
s 456
f 1724/5290/1269 1723/5291/1270 1727/5292/1271 1726/5293/1272
s 457
f 1722/5294/1273 1720/5295/1274 1721/5296/1275 1728/5297/1276
s 440
f 1728/5298/1277 1721/5299/1278 1687/5300/1279
f 1687/5301/1279 1721/5302/1278 1696/5303/1280
f 1721/5304/1278 1718/5305/1281 1696/5306/1280
f 1718/5307/1281 1716/5308/1282 1696/5309/1280
f 1696/5310/1280 1716/5311/1282 1698/5312/1283
f 1716/5313/1282 1714/5314/1284 1698/5315/1283
f 1698/5316/1283 1714/5317/1284 1700/5318/1285
f 1714/5319/1284 1712/5320/1286 1700/5321/1285
f 1712/5322/1286 1709/5323/1250 1700/5324/1285
f 1700/5325/1285 1709/5326/1250 1702/5327/1249
f 1727/5328/1287 1728/5329/1277 1687/5330/1279
f 1726/5331/1288 1727/5332/1287 1687/5333/1279
f 1687/5334/1279 1683/5335/1233 1726/5336/1288
f 1726/5337/1288 1683/5338/1233 1682/5339/1232
s 458
f 1550/5340/1289 1725/5341/1290 1682/5342/1291 1551/5343/1289
s 438
f 1725/5344/1268 1550/5345/1136 1552/5346/1137
f 1684/5347/1267 1725/5348/1268 1552/5349/1137
s 459
f 1686/5350/1292 1729/5351/1292 1730/5352/1292 1731/5353/1292 1732/5354/1292 1733/5355/1292 1695/5356/1292 1694/5357/1292 1684/5358/1292
s 439
f 1685/5359/1235 1693/5360/1293 1729/5361/1294 1686/5362/1235
f 1693/5363/1293 1692/5364/1295 1730/5365/1296 1729/5366/1294
f 1692/5367/1295 1691/5368/1297 1731/5369/1297 1730/5370/1296
f 1691/5371/1297 1690/5372/1298 1732/5373/1299 1731/5374/1297
f 1690/5375/1298 1689/5376/1300 1733/5377/1300 1732/5378/1299
f 1689/5379/1300 1688/5380/1237 1695/5381/1237 1733/5382/1300
s 455
f 1719/5383/1260 1697/5384/1259 1717/5385/1301
f 1697/5386/1259 1699/5387/1302 1717/5388/1301
f 1717/5389/1301 1699/5390/1302 1715/5391/1303
f 1699/5392/1302 1701/5393/1304 1715/5394/1303
f 1715/5395/1303 1701/5396/1304 1713/5397/1305
f 1713/5398/1305 1701/5399/1304 1710/5400/1306
f 1701/5401/1304 1703/5402/1307 1710/5403/1306
f 1710/5404/1306 1703/5405/1307 1711/5406/1308
s 460
f 1703/5407/1309 1705/5408/1310 1711/5409/1311
s 461
f 1707/5410/1312 1734/5411/1312 1735/5412/1313 1711/5413/1314
s 462
f 1706/5414/1315 1736/5415/1315 1734/5416/1315 1707/5417/1315
s 440
f 1706/5418/1248 1737/5419/1316 1736/5420/822
f 1708/5421/1247 1738/5422/1317 1737/5423/1316 1706/5424/1248
s 454
f 1711/5425/1252 1739/5426/1318 1738/5427/1318 1708/5428/1252
s 461
f 1711/5429/1314 1735/5430/1313 1739/5431/1319
s 425
f 1734/5432/1320 1744/5433/134 1736/5434/165
f 1744/5433/134 1734/5432/1320 1745/5435/165
f 1734/5432/1320 1746/5436/1321 1745/5435/165
f 1746/5436/1321 1734/5432/1320 1735/5437/1322
f 1739/5438/1323 1746/5436/1321 1735/5437/1322
f 1739/5438/1323 1747/5439/163 1746/5436/1321
f 1739/5438/1323 1748/5440/50 1747/5439/163
f 1739/5438/1323 1749/5441/1324 1748/5440/50
f 1750/5442/162 1749/5441/1324 1739/5438/1323
f 1751/5443/972 1749/5441/1324 1750/5442/162
f 1752/5444/1325 1749/5441/1324 1751/5443/972
f 1749/5441/1324 1752/5444/1325 1753/5445/1322
f 1756/5446/38 1757/5447/38 1755/5448/38
f 1754/5449/66 1757/5447/38 1756/5446/38
f 1757/5447/38 1754/5449/66 1758/5450/38
f 1758/5450/38 1754/5449/66 1759/5451/1326
f 1758/5450/38 1759/5451/1326 1760/5452/39
f 1758/5450/38 1760/5452/39 1761/5453/38
f 1761/5453/38 1760/5452/39 1762/5454/38
f 1764/5455/38 1762/5454/38 1763/5456/38
f 1761/5453/38 1762/5454/38 1764/5455/38
f 1768/5457/38 1755/5448/38 1757/5447/38
f 1770/5458/39 1755/5448/38 1768/5457/38
f 1771/5459/38 1755/5448/38 1770/5458/38
f 1755/5448/38 1771/5459/38 1772/5460/38
f 1771/5459/38 1773/5461/38 1772/5460/38
f 1773/5461/38 1771/5459/38 1774/5462/38
s 463
f 1774/5463/1327 1771/5464/1328 1775/979/1328 1776/5465/1327
s 425
f 1777/5466/37 1775/5467/37 1771/5468/37 1770/5469/37
s 463
f 1778/5470/1329 1774/5463/1327 1776/5465/1327 1779/5471/1329
s 425
f 1773/5461/38 1774/5462/38 1778/5472/66
f 1780/5473/38 1773/5461/38 1778/5472/66
f 1773/5461/38 1780/5473/38 1781/5474/40
f 1781/5474/40 1780/5473/38 1782/5475/65
f 1782/5475/65 1780/5473/38 1783/5476/38
s 463
f 1783/5477/1330 1780/5478/1331 1784/5479/1331 1785/5480/1330
f 1780/5478/1331 1778/5470/1329 1779/5471/1329 1784/5479/1331
f 1786/5481/1332 1783/5477/1330 1785/5480/1330 1787/5482/1332
s 425
f 1788/5483/76 1783/5476/38 1786/5484/38
f 1782/5475/65 1783/5476/38 1788/5483/76
f 1794/5485/65 1795/5486/40 1796/5487/66 1797/5488/55 1798/5489/55 1793/5490/76 1791/5491/40 1790/5492/1333 1789/5493/76 1799/5494/76
f 1788/5483/76 1786/5484/38 1801/5495/65
f 1801/5495/65 1786/5484/38 1802/5496/38
s 463
f 1802/5497/1334 1786/5481/1332 1787/5482/1332 1803/5498/1334
f 1804/5499/1335 1802/5497/1334 1803/5498/1334 1805/5500/1335
s 425
f 1806/5501/1326 1802/5496/38 1804/5502/38
f 1800/5503/38 1802/5496/38 1806/5501/1326
f 1801/5495/65 1802/5496/38 1800/5503/38
f 1806/5501/1326 1804/5502/38 1807/5504/39
f 1807/5504/39 1804/5502/38 1808/5505/38
s 463
f 1808/5506/1336 1804/5499/1335 1805/5500/1335 1809/5507/1336
f 1810/5508/1337 1808/5506/1336 1809/5507/1336 1811/5509/1337
s 425
f 1812/5510/55 1808/5505/38 1810/5511/38
f 1807/5504/39 1808/5505/38 1812/5510/55
f 1812/5510/55 1810/5511/38 1792/5512/38
f 1772/5460/38 1792/5512/38 1810/5511/38
f 1772/5460/38 1773/5461/38 1792/5512/38
f 1772/5460/38 1810/5511/38 1813/5513/287
s 463
f 1813/5514/1338 1810/5508/1337 1811/5509/1337 1814/5515/1338
f 1772/5516/1339 1813/5514/1338 1814/5515/1338 1815/5517/1339
s 425
f 1815/5518/49 1816/5519/49 1817/5520/49 1772/5521/49
f 1818/5522/38 1772/5460/38 1817/5523/39
f 1820/5524/38 1772/5460/38 1818/5522/38
f 1821/5525/38 1772/5460/38 1820/5524/38
f 1822/5526/38 1772/5460/38 1821/5525/38
f 1755/5448/38 1772/5460/38 1822/5526/38
f 1750/5442/162 1825/5527/1340 1824/5528/1341
f 1750/5442/162 1826/5529/1342 1825/5527/1340
f 1750/5442/162 1827/5530/50 1826/5529/1342
f 1750/5442/162 1828/5531/1342 1827/5530/50
f 1750/5442/162 1738/5532/134 1828/5531/1342
f 1750/5442/162 1739/5438/1323 1738/5532/134
f 1737/5533/1343 1828/5531/1342 1738/5532/134
f 1736/5434/165 1828/5531/1342 1737/5533/1343
f 1829/5534/50 1828/5531/1342 1736/5434/165
f 1830/5535/970 1828/5531/1342 1829/5534/50
f 1830/5535/970 1831/5536/162 1828/5531/1342
f 1832/5537/466 1831/5536/162 1830/5535/970
f 1833/5538/134 1831/5536/162 1832/5537/466
f 1834/5539/165 1831/5536/162 1833/5538/134
f 1834/5539/165 1835/5540/163 1831/5536/162
f 1836/5541/50 1835/5540/163 1834/5539/165
f 1745/5435/165 1835/5540/163 1836/5541/50
f 1745/5435/165 1746/5436/1321 1835/5540/163
f 1838/5542/38 1763/5456/38 1837/5543/66
f 1764/5455/38 1763/5456/38 1838/5542/38
f 1838/5542/38 1842/5544/38 1840/5545/38
f 1838/5542/38 1837/5543/66 1842/5544/38
f 1840/5545/38 1842/5544/38 1843/5546/66
f 1840/5545/38 1843/5546/66 1844/5547/66
f 1844/5547/66 1843/5546/66 1845/5548/38
f 1820/5524/38 1845/5548/38 1846/5549/38
f 1844/5547/66 1845/5548/38 1820/5524/38
f 1820/5524/38 1846/5549/38 1821/5525/38
f 1823/5550/50 1824/5528/1341 1825/5527/1340
f 1744/5433/134 1745/5435/165 1865/5551/1344
f 1744/5433/134 1865/5551/1344 1866/5552/466
f 1744/5433/134 1866/5552/466 1867/5553/134
f 1736/5434/165 1887/5554/165 1829/5534/50
f 1736/5434/165 1886/5555/134 1887/5554/165
f 1736/5434/165 1884/5556/165 1886/5555/134
f 1736/5434/165 1744/5433/134 1884/5556/165
f 1886/5555/134 1884/5556/165 1885/5557/970
s 464
f 1740/5558/134 1741/5559/134 1743/5560/134 1742/5561/134
s 465
f 1889/5562/1345 1890/5563/1345 1891/5564/1345 1892/5565/1345
s 466
f 1893/5566/49 1894/5567/49 1895/5568/49 1896/5569/49 1897/5570/49 1898/5571/49 1899/5572/49 1900/5573/49 1901/5574/49 1890/5575/49 1889/5576/49
s 467
f 1894/5577/1346 1893/5578/1346 1902/5579/1346 1903/5580/1346
s 468
f 1893/5581/1347 1889/5582/1347 1892/5583/1347 1902/5584/1347
s 469
f 1903/5585/37 1902/5586/37 1892/5587/37 1891/5588/37 1904/5589/37 1905/5590/37 1906/5591/37 1907/5592/37 1908/5593/37 1909/5594/37 1910/5595/37
s 470
f 1890/5596/2 1901/5597/2 1904/5598/2 1891/5599/2
s 471
f 1901/5600/1348 1900/5601/1348 1905/5602/1348 1904/5603/1348
s 472
f 1900/5604/2 1899/5605/2 1906/5606/2 1905/5607/2
s 473
f 1899/5608/1349 1898/5609/1349 1907/5610/1349 1906/5611/1349
s 474
f 1898/5612/1350 1897/5613/1350 1908/5614/1350 1907/5615/1350
s 475
f 1897/5616/2 1896/5617/2 1909/5618/2 1908/5619/2
s 476
f 1896/5620/1351 1895/5621/1351 1910/5622/1351 1909/5623/1351
s 477
f 1915/4813/1352 1917/4812/1353 1918/4811/1354 1916/4810/1355
s 478
f 1917/5624/1356 1915/5625/1356 1911/5626/1356 1914/5627/1356
s 477
f 1919/5189/1357 1921/5188/1358 1917/5187/1353
f 1919/4827/1357 1922/4826/1359 1921/4825/1358
f 1923/4830/1360 1922/4829/1359 1919/4828/1357
f 1923/4833/1360 1924/4832/1361 1922/4831/1359
f 1923/4886/1360 1925/4885/1362 1924/4884/1361
f 1926/4883/1363 1925/4882/1362 1923/4881/1360
f 1926/4880/1363 1927/4879/1364 1925/4878/1362
f 1926/4869/1363 1928/4868/1365 1927/4867/1364
f 1929/4866/1366 1928/4865/1365 1926/4864/1363
f 1930/4954/49 1931/4953/49 1932/4952/49 1933/4951/49 1934/4950/49 1935/4949/49 1936/4948/49 1937/4947/49 1938/4946/49 1939/4945/49 1940/4944/49 1941/4943/49 1942/4942/49 1943/4941/49 1944/4940/49 1945/4939/49 1946/4938/49 1947/4937/49 1948/4936/49 1949/4935/49 1950/4934/49 1928/4933/1365 1929/4932/1366 1951/4931/49 1952/4930/49 1953/4929/49 1954/4928/49 1955/4927/49 1956/4926/49 1957/4925/49 1958/4924/49 1959/4923/49 1960/4922/49 1961/4921/49 1962/4920/49 1963/4919/49 1964/4918/49 1965/4917/49 1966/4916/49 1967/4915/49 1968/4914/49 1969/4913/49 1970/4912/49 1971/4911/49 1972/4910/49 1973/4909/49 1974/4908/49 1975/4907/49 1976/4906/49 1977/4905/49 1978/4904/49 1979/4903/49 1980/4902/49 1981/4901/49 1982/4900/49 1983/4899/49 1984/4898/49
s 479
f 1985/4966/1367 1986/4965/1368 1931/4964/1369 1930/4963/1367
s 480
f 1987/5087/37 1988/5086/37 1989/5085/37 1990/5084/37 1991/5083/37 1992/5082/37 1993/5081/37 1994/5080/37 1995/5079/37 1996/5078/37 1997/5077/37 1998/5076/37 1999/5075/37 2000/5074/37 2001/5073/37 2002/5072/37 2003/5071/37 2004/5070/37 2005/5069/1370 2006/5068/1371 2007/5067/37 2008/5066/37 2009/5065/37 2010/5064/37 2011/5063/37 2012/5062/37 2013/5061/37 2014/5060/37 2015/5059/37 2016/5058/37 2017/5057/37 2018/5056/37 2019/5055/37 2020/5054/37 2021/5053/37 2022/5052/37 2023/5051/37 2024/5050/37 2025/5049/37 1986/5048/37 1985/5047/37 2026/5046/37 2027/5045/37 2028/5044/37 2029/5043/37 2030/5042/37 2031/5041/37 2032/5040/37 2033/5039/37 2034/5038/37 2035/5037/37 2036/5036/37 2037/5035/37 2038/5034/37 2039/5033/37 2040/5032/37 2041/5031/37
s 481
f 1988/5151/1372 1987/5150/1373 1968/5149/1373 1967/5148/1372
f 1987/5147/1373 2041/5146/1374 1969/5145/1374 1968/5144/1373
f 2041/5091/1374 2040/5090/1375 1970/5089/1376 1969/5088/1374
f 2040/5095/1375 2039/5094/1377 1971/5093/1377 1970/5092/1376
f 2039/5099/1377 2038/5098/1378 1972/5097/1378 1971/5096/1377
s 479
f 2038/5103/1379 2037/5102/1380 1973/5101/1380 1972/5100/1379
f 2037/5107/1380 2036/5106/1381 1974/5105/1382 1973/5104/1380
f 2036/5111/1381 2035/5110/1383 1975/5109/1384 1974/5108/1382
f 2035/5115/1383 2034/5114/1385 1976/5113/1385 1975/5112/1384
f 2034/5119/1385 2033/5118/1386 1977/5117/1387 1976/5116/1385
f 2033/5123/1386 2032/5122/1388 1978/5121/1388 1977/5120/1387
f 2032/5127/1388 2031/5126/1389 1979/5125/1390 1978/5124/1388
f 2031/5131/1389 2030/5130/1391 1980/5129/1392 1979/5128/1390
f 2030/5135/1391 2029/5134/1393 1981/5133/1394 1980/5132/1392
f 2029/5139/1393 2028/5138/1395 1982/5137/1396 1981/5136/1394
f 2028/5143/1395 2027/5142/1397 1983/5141/1397 1982/5140/1396
f 2027/4958/1397 2026/4957/1398 1984/4956/1399 1983/4955/1397
f 2026/4962/1398 1985/4961/1367 1930/4960/1367 1984/4959/1399
s 481
f 1989/5155/1400 1988/5154/1372 1967/5153/1372 1966/5152/1400
f 1990/5628/1401 1989/5629/1400 1966/5630/1400 1965/5631/1401
f 1991/5632/1402 1990/5633/1401 1965/5634/1401 1964/5635/1402
s 482
f 1993/5636/1403 1992/5637/1403 1963/5638/1403 1962/5639/1403
s 483
f 1995/5640/1404 1994/5641/1404 1961/5642/1404 1960/5643/1404
s 484
f 1929/4863/1405 1926/4862/1406 2042/4861/1406 2005/4860/1405
f 1926/5644/1406 1923/5645/1407 2043/5646/1407 2042/5647/1406
s 485
f 2044/4843/1408 2043/4842/1409 1920/4841/1410
s 486
f 2006/4873/1411 2047/4872/1412 1927/4871/1412 1928/4870/1411
s 487
f 2047/4877/1413 2046/4876/1414 1925/4875/1414 1927/4874/1413
f 2046/4890/1414 2045/4889/1415 1924/4888/1415 1925/4887/1414
f 2045/4837/1415 2044/4836/1416 1922/4835/1416 1924/4834/1415
f 2044/4824/1416 2048/4823/1417 1921/4822/1417 1922/4821/1416
s 485
f 2044/5186/1408 1920/5185/1410 2048/5184/1418
f 2048/4796/1418 1920/4795/1410 1914/4794/1419
f 2048/4793/1418 1914/4792/1419 1913/4791/1420
s 487
f 2048/4820/1417 1913/4819/1421 1918/4818/1421 1921/4817/1417
f 1913/4806/1421 2049/4805/1422 2050/4804/1423 1918/4803/1421
s 488
f 1913/4802/1424 1912/4801/1425 2049/4800/1426
s 477
f 1916/5192/1355 2050/5191/1427 2052/5190/1428
f 1916/4809/1355 1918/4808/1354 2050/4807/1427
f 2052/5195/1428 2050/5194/1427 2053/5193/1429
f 2053/5198/1429 2050/5197/1427 2054/5196/1430
s 487
f 2049/5202/1422 2055/5201/1431 2054/5200/1431 2050/5199/1423
s 489
f 2049/5349/1432 2056/5348/1433 2055/5347/1434
f 2049/5346/1432 2051/5345/1435 2056/5344/1433
s 477
f 2053/5339/1429 2054/5338/1430 2057/5337/1436
f 2057/5336/1436 2054/5335/1430 2059/5334/1437
s 490
f 2054/5215/1438 2060/5214/1438 2061/5213/1438 2062/5212/1438 2063/5211/1438 2064/5210/1438 2065/5209/1438 2066/5208/1438 2059/5207/1438
s 487
f 2055/5206/1431 2067/5205/1439 2060/5204/1439 2054/5203/1431
s 491
f 2055/5358/1440 2068/5357/1440 2069/5356/1440 2070/5355/1440 2071/5354/1440 2072/5353/1440 2073/5352/1440 2074/5351/1440 2067/5350/1440
s 492
f 2055/5286/1441 2058/5285/1442 2068/5284/1443
s 493
f 2076/5274/1444 2077/5273/1445 2068/5272/1446
s 494
f 2086/5409/1447 2087/5408/1448 2085/5407/1449
s 477
f 2086/5413/1450 2089/5412/1451 2090/5411/1452 2088/5410/1453
f 2091/5431/1454 2089/5430/1451 2086/5429/1450
s 426
f 2089/5437/1455 2097/5436/38 2091/5438/1456
f 2098/5435/39 2097/5436/38 2090/5432/1457
f 2099/5540/1458 2097/5436/38 2098/5435/39
f 2101/5543/1342 2100/5456/134 2102/5542/134
f 2102/5542/134 2100/5456/134 2103/5455/134
f 2100/5456/134 2104/5454/171 2103/5455/134
f 2104/5454/171 2106/5452/165 2107/5453/309
f 2107/5453/309 2106/5452/165 2108/5450/165
f 2106/5452/165 2109/5451/163 2108/5450/165
f 2109/5451/163 2112/5449/165 2108/5450/165
f 2108/5450/165 2112/5449/165 2113/5447/134
f 2114/5446/165 2113/5447/134 2112/5449/165
f 2115/5448/134 2113/5447/134 2114/5446/165
f 2113/5447/134 2115/5448/134 2116/5457/134
f 2116/5457/134 2115/5448/134 2117/5458/50
f 2117/5458/50 2115/5448/134 2118/5459/134
f 2119/5460/134 2118/5459/134 2115/5448/134
f 2119/5460/134 2120/5461/134 2118/5459/134
f 2121/5512/134 2120/5461/134 2119/5460/134
f 2124/5494/769 2125/5493/768 2126/5492/50 2122/5491/309 2123/5490/1342 2127/5489/1459 2128/5488/1459 2129/5487/134 2130/5486/309 2131/5485/162
f 2133/5495/162 2134/5484/134 2132/5483/769
f 2135/5496/309 2134/5484/134 2133/5495/162
s 495
f 2136/5498/1334 2137/5482/1460 2134/5481/1460 2135/5497/1334
f 2137/5482/1460 2138/5480/1330 2139/5477/1330 2134/5481/1460
f 2138/5480/1330 2140/5479/1461 2141/5478/1461 2139/5477/1330
f 2140/5479/1461 2142/5471/1462 2143/5470/1462 2141/5478/1461
s 426
f 2117/5469/37 2118/5468/37 2145/5467/37 2146/5466/37
f 2103/5455/134 2104/5454/171 2107/5453/309
f 2154/5545/50 2155/5544/134 2102/5542/134
f 2156/5546/134 2155/5544/134 2154/5545/50
f 2155/5544/134 2101/5543/1342 2102/5542/134
f 2159/5536/39 2099/5540/1458 2160/5539/39
f 2160/5539/39 2099/5540/1458 2161/5541/38
f 2161/5541/38 2099/5540/1458 2098/5435/39
f 2098/5435/39 2090/5432/1457 2165/5433/39
f 2096/5434/66 2165/5433/39 2090/5432/1457
f 2166/5556/287 2165/5433/39 2096/5434/66
f 2169/5557/287 2166/5556/287 2171/5555/1463
f 2171/5555/1463 2166/5556/287 2096/5434/66
f 2172/5554/38 2171/5555/1463 2096/5434/66
f 2175/5534/66 2172/5554/38 2096/5434/66
f 2096/5434/66 2158/5531/40 2175/5534/66
f 2095/5533/1464 2158/5531/40 2096/5434/66
f 2158/5531/40 2094/5532/38 2177/5442/66
f 2094/5532/38 2091/5438/1465 2177/5442/66
s 496
f 2179/5428/1466 2094/5427/1467 2091/5426/1467 2086/5425/1466
s 477
f 2180/5424/1468 2095/5423/1469 2094/5422/1470 2179/5421/1471
f 2096/5420/360 2095/5419/1469 2180/5418/1468
s 497
f 2088/5417/1472 2090/5416/1472 2096/5415/1472 2180/5414/1472
s 498
f 2087/5243/1473 2088/5242/1473 2180/5241/1473 2182/5240/1473
s 477
f 2180/5246/1468 2179/5245/1471 2182/5244/1474
f 2182/5249/1474 2179/5248/1471 2183/5247/1475
f 2183/5252/1475 2179/5251/1471 2184/5250/1476
s 496
f 2179/5256/1466 2086/5255/1466 2084/5254/1477 2184/5253/1477
f 2184/5260/1477 2084/5259/1477 2083/5258/1478 2185/5257/1479
f 2185/5264/1479 2083/5263/1478 2081/5262/1480 2186/5261/1480
f 2186/5268/1480 2081/5267/1480 2079/5266/1481 2187/5265/1482
f 2187/5648/1482 2079/5649/1481 2078/5650/1483 2188/5651/1483
f 2189/5652/1484 2188/5653/1483 2078/5654/1483 2076/5655/1484
s 477
f 2190/5306/1485 2188/5305/1486 2189/5304/1487
f 2190/5309/1485 2187/5308/1488 2188/5307/1486
f 2191/5312/1489 2187/5311/1488 2190/5310/1485
f 2191/5315/1489 2186/5314/1490 2187/5313/1488
f 2192/5318/1491 2186/5317/1490 2191/5316/1489
f 2192/5321/1491 2185/5320/1492 2186/5319/1490
f 2192/5324/1491 2184/5323/1476 2185/5322/1492
f 2183/5327/1475 2184/5326/1476 2192/5325/1491
s 487
f 2192/5235/1493 2082/5234/1494 2085/5233/1495 2183/5232/1495
f 2191/5231/1496 2080/5230/1496 2082/5229/1494 2192/5228/1493
f 2190/5227/1497 2077/5226/1498 2080/5225/1496 2191/5224/1496
f 2059/5223/1499 2068/5222/1499 2077/5221/1498 2190/5220/1497
f 2069/5219/1500 2068/5218/1499 2059/5217/1499 2066/5216/1500
f 2070/5382/1501 2069/5381/1500 2066/5380/1500 2065/5379/1502
f 2071/5378/1503 2070/5377/1501 2065/5376/1502 2064/5375/1503
f 2072/5374/1504 2071/5373/1503 2064/5372/1503 2063/5371/1505
f 2073/5370/1506 2072/5369/1504 2063/5368/1505 2062/5367/1507
f 2074/5366/1508 2073/5365/1506 2062/5364/1507 2061/5363/1509
f 2067/5362/1439 2074/5361/1508 2061/5360/1509 2060/5359/1439
s 477
f 2190/5303/1485 2189/5302/1487 2059/5301/1437
f 2059/5300/1437 2189/5299/1487 2193/5298/1510
s 496
f 2193/5297/1511 2189/5296/1484 2076/5295/1484 2075/5294/1512
s 477
f 2059/5330/1437 2193/5329/1510 2194/5328/1513
f 2059/5333/1437 2194/5332/1513 2057/5331/1436
s 499
f 2183/5239/1514 2085/5238/1514 2087/5237/1514 2182/5236/1514
s 500
f 2178/5561/38 2181/5560/38 2092/5559/38 2093/5558/38
s 426
f 2110/5440/38 2111/5441/39 2091/5438/1456
f 2105/5439/1326 2110/5440/38 2091/5438/1456
f 2097/5436/38 2105/5439/1326 2091/5438/1456
f 2177/5442/66 2111/5441/66 2195/5443/76
f 2195/5443/76 2111/5441/66 2196/5444/1515
f 2197/5445/293 2196/5444/1515 2111/5441/66
f 2200/5528/1516 2201/5527/287 2177/5442/66
f 2203/5525/134 2202/5549/466 2204/5524/50
f 2202/5549/466 2205/5548/134 2204/5524/50
f 2205/5548/134 2156/5546/134 2207/5547/134
f 2207/5547/134 2156/5546/134 2154/5545/50
f 2204/5524/50 2205/5548/134 2207/5547/134
f 2211/5522/134 2119/5460/134 2204/5524/50
f 2212/5523/50 2119/5460/134 2211/5522/134
f 2119/5521/49 2212/5520/49 2213/5519/49 2214/5518/49
s 495
f 2214/5517/1517 2215/5515/1338 2216/5514/1338 2119/5516/1517
f 2215/5515/1338 2217/5509/1518 2218/5508/1518 2216/5514/1338
f 2217/5509/1518 2219/5507/1519 2220/5506/1519 2218/5508/1518
f 2219/5507/1519 2221/5500/1335 2222/5499/1335 2220/5506/1519
f 2221/5500/1335 2136/5498/1334 2135/5497/1334 2222/5499/1335
s 426
f 2222/5502/309 2135/5496/309 2223/5501/134
f 2223/5501/134 2135/5496/309 2224/5503/309
f 2224/5503/309 2135/5496/309 2133/5495/162
f 2225/5504/163 2222/5502/309 2223/5501/134
f 2220/5505/171 2222/5502/309 2225/5504/163
f 2226/5510/1520 2220/5505/171 2225/5504/163
f 2218/5511/134 2220/5505/171 2226/5510/1520
f 2121/5512/134 2218/5511/134 2226/5510/1520
f 2218/5511/134 2121/5512/134 2119/5460/134
f 2216/5513/1521 2218/5511/134 2119/5460/134
f 2204/5524/50 2119/5460/134 2203/5525/134
f 2203/5525/134 2119/5460/134 2198/5526/134
f 2198/5526/134 2119/5460/134 2115/5448/134
f 2206/5529/54 2157/5530/1522 2177/5442/66
f 2157/5530/1522 2158/5531/40 2177/5442/66
f 2201/5527/287 2206/5529/54 2177/5442/66
f 2175/5534/66 2158/5531/40 2227/5535/38
f 2158/5531/40 2159/5536/39 2227/5535/38
f 2227/5535/38 2159/5536/39 2228/5537/38
f 2228/5537/38 2159/5536/39 2229/5538/38
f 2229/5538/38 2159/5536/39 2160/5539/39
s 501
f 2245/5552/371 2164/5551/1523 2165/5433/371
s 426
f 2144/5462/134 2118/5459/134 2120/5461/134
f 2143/5472/134 2144/5462/134 2120/5461/134
f 2143/5472/134 2120/5461/134 2141/5473/134
f 2248/5474/165 2141/5473/134 2120/5461/134
f 2249/5475/768 2141/5473/134 2248/5474/165
f 2139/5476/134 2141/5473/134 2249/5475/768
f 2132/5483/769 2139/5476/134 2249/5475/768
f 2134/5484/134 2139/5476/134 2132/5483/769
s 477
f 1917/4816/1353 1921/4815/1358 1918/4814/1354
s 486
f 2007/4897/1524 2006/4896/1411 1928/4895/1411 1950/4894/1524
f 2008/5030/1525 2007/5029/1524 1950/5028/1524 1949/5027/1525
f 2009/5026/1526 2008/5025/1525 1949/5024/1525 1948/5023/1526
f 2010/5022/1527 2009/5021/1526 1948/5020/1526 1947/5019/1527
f 2011/5018/1528 2010/5017/1527 1947/5016/1527 1946/5015/1528
f 2012/5014/1529 2011/5013/1528 1946/5012/1528 1945/5011/1529
f 2013/5010/1530 2012/5009/1529 1945/5008/1529 1944/5007/1531
f 2014/5006/1532 2013/5005/1530 1944/5004/1531 1943/5003/1533
s 502
f 2016/5656/1534 2015/5657/1535 1942/5658/1536 1941/5659/1534
f 2017/5002/1537 2016/5001/1534 1941/5000/1534 1940/4999/1537
f 2018/4998/1538 2017/4997/1537 1940/4996/1537 1939/4995/1539
f 2019/5660/1540 2018/5661/1538 1939/5662/1539 1938/5663/1540
f 2020/4994/1541 2019/4993/1540 1938/4992/1540 1937/4991/1541
s 479
f 2021/4990/1542 2020/4989/1543 1937/4988/1543 1936/4987/1542
f 2022/4986/1544 2021/4985/1542 1936/4984/1542 1935/4983/1545
f 2023/4982/1546 2022/4981/1544 1935/4980/1545 1934/4979/1546
f 2024/4978/1547 2023/4977/1546 1934/4976/1546 1933/4975/1547
f 2025/4974/1548 2024/4973/1547 1933/4972/1547 1932/4971/1549
f 1986/4970/1368 2025/4969/1548 1932/4968/1549 1931/4967/1369
s 503
f 2250/5565/1550 2251/5564/1550 2252/5563/1550 2253/5562/1550
s 504
f 2254/5595/37 2255/5594/37 2256/5593/37 2257/5592/37 2258/5591/37 2259/5590/37 2260/5589/37 2251/5588/37 2250/5587/37 2261/5586/37 2262/5585/37
s 505
f 2255/5623/1551 2254/5622/1551 2263/5621/1551 2264/5620/1551
s 506
f 2253/5576/49 2252/5575/49 2265/5574/49 2266/5573/49 2267/5572/49 2268/5571/49 2269/5570/49 2264/5569/49 2263/5568/49 2270/5567/49 2271/5566/49
s 507
f 2251/5599/2 2260/5598/2 2265/5597/2 2252/5596/2
s 508
f 2260/5603/1552 2259/5602/1552 2266/5601/1552 2265/5600/1552
s 509
f 2259/5607/2 2258/5606/2 2267/5605/2 2266/5604/2
s 510
f 2258/5611/1553 2257/5610/1553 2268/5609/1553 2267/5608/1553
s 511
f 2257/5615/1554 2256/5614/1554 2269/5613/1554 2268/5612/1554
s 512
f 2256/5619/2 2255/5618/2 2264/5617/2 2269/5616/2
s 513
f 2262/5580/1555 2261/5579/1555 2271/5578/1555 2270/5577/1555
s 514
f 2261/5584/1556 2250/5583/1556 2253/5582/1556 2271/5581/1556
s 515
f 1481/4685/16 1480/5664/16 1464/5665/16 1482/4665/16
s 516
f 1482/4665/371 1464/5666/371 1465/5667/371 1484/4666/371
s 517
f 1483/4684/4 1481/4685/4 1482/4665/4 1484/4666/4
s 518
f 1501/4673/37 1502/4674/37 1503/4675/37 1504/4676/37 1505/4678/37 1507/4727/37 1531/4752/37 1532/4744/37 1530/4746/37 1499/4713/37 1498/4671/37 1500/4672/37
s 425
f 1789/5493/76 1782/5475/65 1788/5483/76
f 1790/5492/1333 1782/5475/65 1789/5493/76
f 1790/5492/1333 1781/5474/40 1782/5475/65
f 1791/5491/40 1781/5474/40 1790/5492/1333
f 1781/5474/40 1791/5491/40 1773/5461/38
f 1791/5491/40 1792/5512/38 1773/5461/38
f 1792/5512/38 1791/5491/40 1793/5490/76
f 1794/5485/65 1800/5503/38 1795/5486/40
f 1794/5485/65 1801/5495/65 1800/5503/38
f 1799/5494/76 1801/5495/65 1794/5485/65
f 1799/5494/76 1788/5483/76 1801/5495/65
f 1789/5493/76 1788/5483/76 1799/5494/76
f 1796/5487/66 1800/5503/38 1806/5501/1326
f 1795/5486/40 1800/5503/38 1796/5487/66
f 1796/5487/66 1806/5501/1326 1797/5488/55
f 1797/5488/55 1806/5501/1326 1807/5504/39
f 1798/5489/55 1807/5504/39 1812/5510/55
f 1797/5488/55 1807/5504/39 1798/5489/55
f 1798/5489/55 1812/5510/55 1793/5490/76
f 1793/5490/76 1812/5510/55 1792/5512/38
s 519
f 1745/5668/1557 1836/5669/1558 1849/5670/1558 1850/5671/1557
f 1836/5672/1558 1834/5673/1559 1851/5674/1560 1849/5675/1558
f 1833/5676/1561 1852/5677/1562 1851/5678/1560 1834/5679/1559
f 1832/5680/1563 1853/5681/1564 1852/5682/1562 1833/5683/1561
f 1854/5684/1565 1853/5685/1564 1832/5686/1563 1830/5687/1565
s 520
f 1855/5688/165 1853/5689/134 1854/5690/165
f 1856/5691/466 1853/5689/134 1855/5688/165
f 1857/5692/970 1853/5689/134 1856/5691/466
f 1858/5693/50 1853/5689/134 1857/5692/970
f 1860/5694/870 1853/5689/162 1859/5695/1566
f 1860/5694/870 1852/5696/134 1853/5689/162
f 1861/5697/970 1852/5696/134 1860/5694/870
f 1862/5698/134 1852/5696/134 1861/5697/970
f 1862/5698/134 1851/5699/134 1852/5696/134
f 1863/5700/466 1851/5699/134 1862/5698/134
f 1864/5701/50 1851/5699/134 1863/5700/466
f 1864/5701/50 1849/5702/970 1851/5699/134
f 1849/5702/970 1864/5701/50 1850/5703/1322
s 519
f 1865/5704/1567 1745/5705/1557 1850/5706/1557 1864/5707/1568
f 1866/5708/1569 1865/5709/1567 1864/5710/1568 1863/5711/1570
f 1866/5712/1569 1863/5713/1570 1862/5714/1571 1867/5715/1571
s 521
f 1744/5716/1572 1867/5717/1572 1862/5718/1572 1868/5719/1572
s 520
f 1862/5698/134 1861/5697/970 1868/5720/165
f 1868/5720/165 1861/5697/970 1869/5721/1573
f 1858/5693/50 1880/5722/970 1879/5723/171
f 1881/5724/165 1880/5722/970 1858/5693/50
f 1881/5724/165 1882/5725/767 1880/5722/970
f 1868/5720/165 1882/5725/767 1881/5724/165
f 1882/5725/767 1868/5720/165 1869/5721/1573
s 522
f 1744/5726/1574 1868/5727/1574 1881/5728/1574 1884/5729/1574
s 523
f 1881/5730/1575 1857/5731/1575 1885/5732/1575 1884/5733/1575
s 520
f 1881/5724/165 1858/5693/50 1857/5692/970
s 519
f 1885/5734/1576 1857/5735/1576 1856/5736/1577 1886/5737/1578
f 1856/5738/1577 1855/5739/1579 1887/5740/1579 1886/5741/1578
f 1855/5742/1579 1888/5743/1580 1829/5744/1580 1887/5745/1579
s 520
f 1855/5688/165 1854/5690/165 1888/5746/50
s 519
f 1888/5747/1580 1854/5748/1565 1830/5749/1565 1829/5750/1580
s 426
f 2120/5461/134 2121/5512/134 2122/5491/309
f 2123/5490/1342 2122/5491/309 2121/5512/134
f 2124/5494/769 2132/5483/769 2125/5493/768
f 2133/5495/162 2132/5483/769 2124/5494/769
s 524
f 2166/5733/1581 2169/5732/1581 2170/5731/1581 2167/5730/1581
s 525
f 2171/5741/1582 2172/5740/1583 2173/5739/1583 2174/5738/1582
f 2172/5745/1583 2175/5744/1584 2176/5743/1585 2173/5742/1583
s 426
f 2224/5503/309 2133/5495/162 2131/5485/162
f 2131/5485/162 2133/5495/162 2124/5494/769
f 2130/5486/309 2224/5503/309 2131/5485/162
f 2129/5487/134 2224/5503/309 2130/5486/309
f 2223/5501/134 2224/5503/309 2129/5487/134
f 2128/5488/1459 2223/5501/134 2129/5487/134
f 2225/5504/163 2223/5501/134 2128/5488/1459
f 2121/5512/134 2226/5510/1520 2123/5490/1342
f 2123/5490/1342 2226/5510/1520 2127/5489/1459
f 2226/5510/1520 2225/5504/163 2127/5489/1459
f 2127/5489/1459 2225/5504/163 2128/5488/1459
s 525
f 2160/5679/1586 2230/5678/1587 2231/5677/1588 2229/5676/1589
f 2162/5675/1590 2230/5674/1587 2160/5673/1586 2161/5672/1591
s 526
f 2230/5699/39 2162/5702/39 2163/5701/39
f 2232/5700/371 2230/5699/39 2163/5701/39
f 2233/5698/1592 2230/5699/39 2232/5700/371
f 2231/5696/40 2230/5699/39 2233/5698/1592
s 527
f 2235/5694/1515 2231/5696/39 2234/5697/1593
f 2236/5689/38 2231/5696/39 2235/5694/1515
s 525
f 2229/5683/1589 2231/5682/1588 2236/5681/1594 2228/5680/1595
f 2227/5687/1596 2228/5686/1595 2236/5685/1594 2237/5684/1596
s 527
f 2237/5690/66 2236/5689/38 2173/5688/66
f 2173/5688/66 2236/5689/38 2174/5691/287
f 2174/5691/287 2236/5689/38 2170/5692/371
f 2170/5692/371 2236/5689/38 2238/5693/1597
f 2238/5693/1597 2236/5689/38 2239/5695/1598
f 2239/5695/1598 2236/5689/38 2235/5694/1515
f 2242/5721/287 2168/5720/66 2243/5725/1599
s 528
f 2168/5720/1600 2234/5697/1601 2233/5698/1600
s 529
f 2168/5719/1602 2233/5718/1602 2244/5717/1602 2165/5716/1602
s 527
f 2167/5724/66 2243/5725/1599 2168/5720/66
f 2246/5722/38 2243/5725/1599 2167/5724/66
f 2238/5693/1597 2246/5722/38 2167/5724/66
f 2170/5692/371 2238/5693/1597 2167/5724/66
f 2239/5695/1598 2247/5751/1603 2238/5693/1597
s 525
f 2171/5737/1582 2174/5736/1582 2170/5735/1604 2169/5734/1604
s 527
f 2176/5746/39 2237/5690/66 2173/5688/66
s 525
f 2175/5750/1584 2227/5749/1596 2237/5748/1596 2176/5747/1585
s 426
f 2132/5483/769 2249/5475/768 2125/5493/768
f 2125/5493/768 2249/5475/768 2126/5492/50
f 2249/5475/768 2248/5474/165 2126/5492/50
f 2126/5492/50 2248/5474/165 2122/5491/309
f 2120/5461/134 2122/5491/309 2248/5474/165
s 530
f 1734/5752/134 1736/5753/134 1737/5754/134 1738/5755/134 1739/5756/134 1735/5757/134
s 425
f 1751/5758/972 1753/5759/1322 1752/5760/1325
f 1751/5758/972 1754/5761/134 1753/5759/1322
f 1755/5762/767 1754/5761/134 1751/5758/972
f 1754/5761/134 1755/5762/767 1756/5763/1605
f 1749/5764/1324 1754/5761/134 1759/5765/1521
f 1754/5761/134 1749/5764/1324 1753/5759/1322
f 1749/5764/1324 1759/5765/1521 1748/5766/50
f 1748/5766/50 1759/5765/1521 1760/5767/1459
f 1747/5768/163 1760/5767/1459 1762/5769/161
f 1748/5766/50 1760/5767/1459 1747/5768/163
f 1747/5768/163 1762/5769/161 1746/5770/1321
f 1746/5770/1321 1762/5769/161 1763/5771/870
f 1755/5762/767 1751/5758/972 1822/5772/162
f 1822/5772/162 1751/5758/972 1750/5773/162
f 1822/5772/162 1750/5773/162 1823/5774/50
f 1823/5774/50 1750/5773/162 1824/5775/1341
f 1746/5770/1321 1763/5771/870 1835/5776/163
f 1835/5776/163 1763/5771/870 1837/5777/162
f 1828/5778/1342 1837/5777/162 1842/5779/1606
f 1831/5780/162 1837/5777/162 1828/5778/1342
f 1835/5776/163 1837/5777/162 1831/5780/162
f 1828/5778/1342 1842/5779/1606 1827/5781/50
f 1827/5781/50 1842/5779/1606 1843/5782/767
f 1826/5783/1342 1843/5782/767 1845/5784/971
f 1827/5781/50 1843/5782/767 1826/5783/1342
f 1826/5783/1342 1845/5784/971 1825/5785/1340
f 1825/5785/1340 1845/5784/971 1846/5786/970
f 1822/5772/162 1846/5786/970 1821/5787/165
f 1822/5772/162 1823/5774/50 1846/5786/970
f 1825/5785/1340 1846/5786/970 1823/5774/50
s 531
f 1869/5788/1607 1861/5789/1607 1870/5790/1607 1871/5791/1607
s 532
f 1873/5792/1608 1872/5793/1608 1860/5794/1608 1859/5795/1608
s 533
f 1875/5796/1609 1874/5797/1609 1858/5798/1609 1879/5799/1609
s 534
f 1883/5800/1610 1869/5801/1610 1871/5802/1610 1878/5803/1610
s 535
f 1882/5804/1611 1883/5805/1611 1878/5806/1611 1877/5807/1611
s 536
f 1876/5808/1612 1875/5809/1612 1879/5810/1612 1880/5811/1612
s 477
f 2089/5757/1451 2091/5756/38 2094/5755/1470 2095/5754/1469 2096/5753/38 2090/5752/1452
s 426
f 2099/5776/1458 2100/5771/1613 2097/5770/38
f 2101/5777/1614 2100/5771/1613 2099/5776/1458
f 2100/5771/1613 2104/5769/38 2097/5770/38
f 2097/5770/38 2104/5769/38 2105/5768/1326
f 2104/5769/38 2106/5767/1597 2105/5768/1326
f 2106/5767/1597 2109/5765/77 2110/5766/38
f 2109/5765/66 2112/5761/66 2111/5764/66
f 2156/5782/1615 2155/5779/1522 2157/5781/1522
f 2157/5781/1522 2155/5779/1522 2158/5778/40
f 2155/5779/1522 2101/5777/76 2158/5778/40
f 2158/5778/40 2101/5777/76 2159/5780/39
f 2105/5768/1326 2106/5767/1597 2110/5766/38
f 2196/5760/1515 2197/5759/293 2195/5758/76
f 2197/5759/293 2112/5761/66 2195/5758/76
f 2197/5759/293 2111/5764/66 2112/5761/66
f 2195/5758/76 2112/5761/66 2115/5762/1616
f 2114/5763/287 2115/5762/1616 2112/5761/66
f 2198/5772/1326 2195/5758/76 2115/5762/1616
f 2177/5773/66 2195/5758/76 2198/5772/1326
f 2199/5774/1617 2177/5773/66 2198/5772/1326
f 2200/5775/1516 2177/5773/66 2199/5774/1617
f 2199/5774/1617 2202/5786/1515 2201/5785/287
f 2202/5786/1515 2199/5774/1617 2198/5772/1326
f 2203/5787/1463 2202/5786/1515 2198/5772/1326
f 2202/5786/1515 2205/5784/1618 2201/5785/287
f 2201/5785/287 2205/5784/1618 2206/5783/54
f 2205/5784/1618 2156/5782/1615 2206/5783/54
f 2206/5783/54 2156/5782/1615 2157/5781/1522
s 537
f 2241/5791/1619 2240/5790/1619 2234/5789/1619 2242/5788/1619
